"  ""Date""","   ""Open""","   ""High""","    ""Low""","  ""Close""","    ""Vol""",OpenInt," ""TotVol""","  ""TotOI"""
31-Dec-98,1170,1214,1167,1205,49891,483327,0,0
30-Dec-98,1160,1178,1143,1175,76312,482319,0,0
29-Dec-98,1146,1174,1145,1172,71890,478686,0,0
28-Dec-98,1127,1156,1125,1146,44988,477528,0,0
24-Dec-98,1126,1140,1115,1123,28807,476271,0,0
23-Dec-98,1130,1147,1125,1133,64898,476415,0,0
22-Dec-98,1116,1125,1105,1112,66616,479229,0,0
21-Dec-98,1107,1144,1075,1102,156541,488949,0,0
18-Dec-98,1120,1155,1105,1126,156719,505368,0,0
17-Dec-98,1215,1220,1100,1103,203736,517230,0,0
16-Dec-98,1200,1260,1200,1238,218057,528464,0,0
15-Dec-98,1127,1170,1118,1155,137481,525277,0,0
14-Dec-98,1088,1134,1084,1129,127655,528838,0,0
11-Dec-98,1081,1102,1065,1079,120859,532938,0,0
10-Dec-98,1100,1125,1068,1072,175241,525861,0,0
09-Dec-98,1143,1146,1112,1116,111078,510305,0,0
08-Dec-98,1165,1183,1126,1130,153452,508741,0,0
07-Dec-98,1112,1155,1083,1147,146619,508132,0,0
04-Dec-98,1120,1135,1113,1117,78918,504188,0,0
03-Dec-98,1135,1165,1115,1119,157028,497227,0,0
02-Dec-98,1118,1132,1095,1124,91928,499807,0,0
01-Dec-98,1117,1143,1085,1113,131961,498006,0,0
30-Nov-98,1168,1170,1082,1122,174959,495720,0,0
25-Nov-98,1230,1230,1163,1186,128195,488337,0,0
24-Nov-98,1243,1253,1211,1212,118454,484472,0,0
23-Nov-98,1295,1295,1240,1245,97938,482834,0,0
20-Nov-98,1277,1295,1258,1289,137270,492975,0,0
19-Nov-98,1293,1298,1268,1274,158828,498191,0,0
18-Nov-98,1277,1305,1238,1276,229620,503731,0,0
17-Nov-98,1317,1320,1275,1278,166415,506677,0,0
16-Nov-98,1323,1344,1278,1282,180277,493225,0,0
13-Nov-98,1400,1422,1345,1357,194009,474999,0,0
12-Nov-98,1384,1394,1366,1384,109023,477972,0,0
11-Nov-98,1374,1390,1353,1355,102968,480470,0,0
10-Nov-98,1343,1364,1323,1352,115570,477201,0,0
09-Nov-98,1378,1380,1334,1338,115150,481710,0,0
06-Nov-98,1388,1424,1375,1387,133520,481016,0,0
05-Nov-98,1395,1420,1384,1397,103002,479453,0,0
04-Nov-98,1410,1430,1392,1414,101516,470967,0,0
03-Nov-98,1423,1434,1410,1420,92780,472802,0,0
02-Nov-98,1450,1474,1430,1436,87956,471589,0,0
30-Oct-98,1417,1445,1386,1442,121004,474587,0,0
29-Oct-98,1422,1430,1405,1424,70793,474538,0,0
28-Oct-98,1402,1430,1392,1429,83046,477014,0,0
27-Oct-98,1452,1458,1390,1413,113217,478151,0,0
26-Oct-98,1425,1449,1416,1423,93441,477595,0,0
23-Oct-98,1412,1432,1400,1405,63448,475465,0,0
22-Oct-98,1408,1418,1383,1397,83114,474916,0,0
21-Oct-98,1362,1440,1357,1408,142051,473027,0,0
20-Oct-98,1350,1370,1328,1352,175727,485938,0,0
19-Oct-98,1447,1450,1350,1353,215457,482068,0,0
16-Oct-98,1423,1431,1410,1415,113321,470873,0,0
15-Oct-98,1399,1418,1388,1405,129409,475051,0,0
14-Oct-98,1417,1428,1400,1405,121598,476255,0,0
13-Oct-98,1458,1458,1405,1423,120109,470251,0,0
12-Oct-98,1463,1469,1441,1444,56477,464965,0,0
09-Oct-98,1453,1461,1414,1458,133152,468050,0,0
08-Oct-98,1495,1495,1437,1442,196588,472060,0,0
07-Oct-98,1535,1540,1502,1506,110632,478013,0,0
06-Oct-98,1528,1556,1517,1550,75804,478984,0,0
05-Oct-98,1550,1552,1511,1539,97792,477407,0,0
02-Oct-98,1548,1567,1523,1564,91872,479076,0,0
01-Oct-98,1625,1636,1525,1543,181273,486401,0,0
30-Sep-98,1580,1618,1578,1614,103990,484128,0,0
29-Sep-98,1557,1600,1543,1598,126274,479446,0,0
28-Sep-98,1582,1583,1552,1564,84570,472366,0,0
25-Sep-98,1599,1607,1566,1575,97993,468657,0,0
24-Sep-98,1570,1620,1562,1598,147400,474167,0,0
23-Sep-98,1602,1604,1570,1581,132963,471676,0,0
22-Sep-98,1550,1590,1550,1584,134902,484050,0,0
21-Sep-98,1552,1578,1546,1567,151761,484301,0,0
18-Sep-98,1510,1567,1501,1562,189254,478269,0,0
17-Sep-98,1478,1492,1465,1486,113511,485740,0,0
16-Sep-98,1473,1478,1441,1453,135388,491175,0,0
15-Sep-98,1442,1475,1432,1457,117236,486568,0,0
14-Sep-98,1450,1468,1436,1442,88616,476967,0,0
11-Sep-98,1490,1494,1428,1434,137377,484108,0,0
10-Sep-98,1446,1489,1438,1467,141137,486883,0,0
09-Sep-98,1419,1449,1410,1412,103741,478379,0,0
08-Sep-98,1430,1458,1421,1429,77582,475735,0,0
04-Sep-98,1455,1497,1448,1459,115067,477139,0,0
03-Sep-98,1400,1476,1395,1467,178987,477850,0,0
02-Sep-98,1373,1378,1355,1367,101905,483247,0,0
01-Sep-98,1325,1378,1320,1373,133933,483889,0,0
31-Aug-98,1347,1353,1318,1334,58086,477718,0,0
28-Aug-98,1315,1352,1310,1350,77021,478056,0,0
27-Aug-98,1340,1342,1300,1323,116504,481298,0,0
26-Aug-98,1365,1369,1336,1358,80738,472331,0,0
25-Aug-98,1366,1385,1355,1377,79518,473057,0,0
24-Aug-98,1332,1367,1329,1364,48480,474942,0,0
21-Aug-98,1365,1377,1320,1337,74153,475433,0,0
20-Aug-98,1333,1389,1330,1380,155418,478153,0,0
19-Aug-98,1338,1348,1324,1336,141819,486176,0,0
18-Aug-98,1317,1325,1290,1292,98277,479984,0,0
17-Aug-98,1330,1340,1309,1320,83027,485033,0,0
14-Aug-98,1310,1340,1299,1335,118321,483115,0,0
13-Aug-98,1310,1350,1310,1321,116723,490767,0,0
12-Aug-98,1288,1297,1269,1271,88102,498633,0,0
11-Aug-98,1290,1310,1256,1276,145665,487576,0,0
10-Aug-98,1383,1385,1302,1305,133022,484133,0,0
07-Aug-98,1388,1391,1376,1380,64273,473656,0,0
06-Aug-98,1376,1392,1370,1376,75076,473972,0,0
05-Aug-98,1368,1415,1366,1368,131878,476544,0,0
04-Aug-98,1385,1388,1368,1375,69529,481679,0,0
03-Aug-98,1410,1425,1364,1370,107354,483898,0,0
31-Jul-98,1425,1435,1411,1421,64579,474675,0,0
30-Jul-98,1422,1448,1397,1421,104334,473895,0,0
29-Jul-98,1402,1418,1396,1409,73787,469482,0,0
28-Jul-98,1429,1445,1410,1427,96246,465783,0,0
27-Jul-98,1401,1424,1392,1422,56869,461908,0,0
24-Jul-98,1390,1396,1371,1387,90697,461143,0,0
23-Jul-98,1412,1424,1375,1388,114902,456996,0,0
22-Jul-98,1365,1420,1362,1416,105827,457600,0,0
21-Jul-98,1383,1408,1368,1404,142865,467662,0,0
20-Jul-98,1430,1430,1355,1363,161861,470507,0,0
17-Jul-98,1450,1453,1392,1398,138001,471623,0,0
16-Jul-98,1470,1487,1452,1452,112928,470633,0,0
15-Jul-98,1468,1500,1463,1487,164285,479717,0,0
14-Jul-98,1405,1474,1400,1455,179658,480650,0,0
13-Jul-98,1368,1405,1355,1391,100453,485458,0,0
10-Jul-98,1393,1408,1385,1387,80643,484778,0,0
09-Jul-98,1388,1414,1375,1388,110180,483833,0,0
08-Jul-98,1385,1416,1377,1385,120831,479290,0,0
07-Jul-98,1390,1390,1360,1362,120364,471551,0,0
06-Jul-98,1424,1431,1388,1392,75302,467960,0,0
02-Jul-98,1457,1467,1441,1450,68801,463313,0,0
01-Jul-98,1420,1440,1420,1437,82551,468912,0,0
30-Jun-98,1435,1455,1413,1418,97603,473375,0,0
29-Jun-98,1410,1414,1387,1407,49873,472824,0,0
26-Jun-98,1412,1430,1393,1413,91262,471802,0,0
25-Jun-98,1440,1444,1375,1403,124326,466279,0,0
24-Jun-98,1470,1475,1412,1460,135291,464455,0,0
23-Jun-98,1395,1483,1395,1452,169821,451473,0,0
22-Jun-98,1330,1399,1328,1365,170607,463586,0,0
19-Jun-98,1335,1340,1304,1317,138885,460072,0,0
18-Jun-98,1350,1355,1310,1313,131165,467835,0,0
17-Jun-98,1350,1408,1345,1369,190912,474463,0,0
16-Jun-98,1315,1360,1310,1323,182192,490563,0,0
15-Jun-98,1230,1235,1142,1156,182912,484393,0,0
12-Jun-98,1275,1295,1250,1259,140234,475512,0,0
11-Jun-98,1344,1349,1270,1275,182492,473444,0,0
10-Jun-98,1390,1394,1312,1348,196039,466535,0,0
09-Jun-98,1450,1455,1381,1385,184388,465221,0,0
08-Jun-98,1480,1490,1453,1455,118059,463262,0,0
05-Jun-98,1532,1540,1502,1507,111574,457084,0,0
04-Jun-98,1540,1556,1508,1512,173078,451050,0,0
03-Jun-98,1458,1495,1447,1481,127467,440955,0,0
02-Jun-98,1495,1510,1478,1484,68308,437192,0,0
01-Jun-98,1503,1514,1474,1496,102710,436396,0,0
29-May-98,1486,1525,1470,1520,95419,430481,0,0
28-May-98,1478,1494,1466,1485,92361,434150,0,0
27-May-98,1478,1507,1476,1499,90084,428684,0,0
26-May-98,1467,1485,1431,1482,77682,438603,0,0
22-May-98,1465,1489,1445,1478,98791,468462,0,0
21-May-98,1430,1467,1418,1463,159699,438182,0,0
20-May-98,1478,1508,1413,1418,166209,0,0,0
19-May-98,1495,1542,1490,1501,189618,437961,0,0
18-May-98,1535,1535,1498,1511,175872,450671,0,0
15-May-98,1575,1585,1525,1532,155335,457023,0,0
14-May-98,1483,1530,1477,1508,128848,447565,0,0
13-May-98,1520,1534,1490,1495,128886,456789,0,0
12-May-98,1527,1539,1511,1524,95274,449104,0,0
11-May-98,1508,1549,1490,1517,119774,455761,0,0
08-May-98,1532,1537,1510,1513,105012,456374,0,0
07-May-98,1530,1568,1520,1524,164139,461322,0,0
06-May-98,1533,1554,1516,1537,130639,458860,0,0
05-May-98,1583,1583,1523,1547,162661,458202,0,0
04-May-98,1580,1604,1575,1595,86487,456011,0,0
01-May-98,1550,1630,1550,1613,177301,457877,0,0
30-Apr-98,1520,1549,1506,1539,105208,450923,0,0
29-Apr-98,1572,1574,1525,1532,95808,449901,0,0
28-Apr-98,1550,1580,1537,1574,88083,451774,0,0
27-Apr-98,1512,1545,1495,1532,90835,456083,0,0
24-Apr-98,1520,1534,1504,1509,105588,454340,0,0
23-Apr-98,1562,1568,1503,1519,176687,450897,0,0
22-Apr-98,1586,1598,1550,1554,91129,446398,0,0
21-Apr-98,1593,1622,1576,1598,160551,454845,0,0
20-Apr-98,1595,1607,1586,1591,115147,461868,0,0
17-Apr-98,1605,1620,1538,1546,170339,473879,0,0
16-Apr-98,1575,1600,1567,1590,159332,478636,0,0
15-Apr-98,1508,1560,1502,1546,138642,477601,0,0
14-Apr-98,1525,1535,1510,1512,111385,474045,0,0
13-Apr-98,1550,1558,1530,1532,51473,469907,0,0
09-Apr-98,1565,1580,1552,1556,124030,467971,0,0
08-Apr-98,1530,1568,1516,1555,121631,466693,0,0
07-Apr-98,1525,1540,1517,1522,101881,462572,0,0
06-Apr-98,1575,1580,1534,1545,107583,459232,0,0
03-Apr-98,1600,1608,1580,1599,101828,456776,0,0
02-Apr-98,1567,1580,1548,1574,98182,452730,0,0
01-Apr-98,1577,1578,1530,1554,126246,456388,0,0
31-Mar-98,1580,1589,1556,1561,116473,457835,0,0
30-Mar-98,1680,1683,1607,1621,77896,454927,0,0
27-Mar-98,1695,1704,1668,1676,95643,455651,0,0
26-Mar-98,1675,1720,1660,1683,182040,457985,0,0
25-Mar-98,1594,1650,1577,1648,118776,454018,0,0
24-Mar-98,1625,1635,1587,1592,119962,454108,0,0
23-Mar-98,1700,1750,1617,1651,192340,463017,0,0
20-Mar-98,1462,1482,1434,1461,163439,486816,0,0
19-Mar-98,1450,1499,1445,1460,190365,489179,0,0
18-Mar-98,1381,1475,1373,1461,202097,487695,0,0
17-Mar-98,1335,1337,1280,1321,195443,488816,0,0
16-Mar-98,1390,1395,1326,1328,177198,487732,0,0
13-Mar-98,1428,1437,1401,1406,84631,474555,0,0
12-Mar-98,1400,1436,1397,1420,118930,471449,0,0
11-Mar-98,1442,1456,1415,1418,123212,470443,0,0
10-Mar-98,1450,1452,1422,1426,102324,461915,0,0
09-Mar-98,1465,1469,1415,1433,154411,465005,0,0
06-Mar-98,1528,1533,1488,1491,130287,458980,0,0
05-Mar-98,1545,1555,1526,1533,78318,449344,0,0
04-Mar-98,1545,1547,1507,1532,107476,453958,0,0
03-Mar-98,1525,1560,1516,1527,99381,448475,0,0
02-Mar-98,1559,1562,1531,1534,59886,452011,0,0
27-Feb-98,1550,1558,1521,1544,116981,449453,0,0
26-Feb-98,1575,1580,1530,1535,110802,450959,0,0
25-Feb-98,1536,1568,1533,1545,95267,446977,0,0
24-Feb-98,1553,1553,1520,1531,108013,443419,0,0
23-Feb-98,1568,1603,1535,1537,138591,440315,0,0
20-Feb-98,1640,1653,1615,1624,121373,449857,0,0
19-Feb-98,1635,1684,1627,1632,147525,453562,0,0
18-Feb-98,1570,1660,1568,1645,160007,464764,0,0
17-Feb-98,1570,1582,1552,1566,123455,462823,0,0
13-Feb-98,1614,1623,1592,1602,96283,458048,0,0
12-Feb-98,1615,1618,1592,1596,125458,458564,0,0
11-Feb-98,1645,1666,1605,1615,159967,449633,0,0
10-Feb-98,1662,1673,1640,1643,89589,444008,0,0
09-Feb-98,1664,1678,1655,1663,60590,433555,0,0
06-Feb-98,1660,1700,1654,1670,114235,430439,0,0
05-Feb-98,1640,1688,1632,1658,128516,426622,0,0
04-Feb-98,1635,1666,1625,1637,99801,412568,0,0
03-Feb-98,1700,1705,1645,1650,105722,416148,0,0
02-Feb-98,1678,1720,1670,1705,93469,416781,0,0
30-Jan-98,1770,1775,1690,1721,109126,413745,0,0
29-Jan-98,1755,1806,1748,1782,175641,412373,0,0
28-Jan-98,1710,1749,1702,1731,110504,409083,0,0
27-Jan-98,1690,1740,1683,1698,145405,413048,0,0
26-Jan-98,1594,1732,1593,1682,159837,420297,0,0
23-Jan-98,1598,1625,1570,1574,122070,431582,0,0
22-Jan-98,1600,1617,1592,1604,116175,420812,0,0
21-Jan-98,1648,1664,1630,1636,89278,414038,0,0
20-Jan-98,1690,1698,1652,1656,142143,427986,0,0
16-Jan-98,1650,1660,1632,1651,136811,437424,0,0
15-Jan-98,1668,1674,1632,1634,128980,441430,0,0
14-Jan-98,1640,1670,1638,1645,163259,442579,0,0
13-Jan-98,1668,1685,1640,1643,107372,435192,0,0
12-Jan-98,1640,1670,1634,1647,201056,437142,0,0
09-Jan-98,1707,1707,1660,1663,128545,434266,0,0
08-Jan-98,1699,1713,1690,1697,115085,418199,0,0
07-Jan-98,1675,1708,1668,1682,120659,419410,0,0
06-Jan-98,1678,1732,1678,1691,114093,414031,0,0
05-Jan-98,1701,1720,1685,1689,104632,418808,0,0
02-Jan-98,1768,1768,1740,1743,36168,414449,0,0
31-Dec-97,1760,1784,1752,1764,49390,412942,0,0
30-Dec-97,1764,1771,1750,1760,71508,411511,0,0
29-Dec-97,1812,1812,1758,1762,76826,407540,0,0
26-Dec-97,1835,1835,1816,1820,21004,401815,0,0
24-Dec-97,1833,1842,1830,1835,18737,401850,0,0
23-Dec-97,1831,1845,1822,1833,52308,402831,0,0
22-Dec-97,1842,1855,1830,1832,40350,403288,0,0
19-Dec-97,1885,1888,1838,1854,125047,427610,0,0
18-Dec-97,1849,1886,1843,1874,120284,425739,0,0
17-Dec-97,1808,1840,1805,1819,111658,431653,0,0
16-Dec-97,1808,1825,1797,1817,102040,430770,0,0
15-Dec-97,1825,1833,1813,1817,81552,438367,0,0
12-Dec-97,1828,1843,1818,1821,74399,446812,0,0
11-Dec-97,1800,1833,1798,1815,132499,447834,0,0
10-Dec-97,1867,1868,1805,1814,152236,449856,0,0
09-Dec-97,1876,1880,1862,1867,79066,434275,0,0
08-Dec-97,1890,1900,1875,1884,46128,431657,0,0
05-Dec-97,1882,1900,1850,1871,90841,435173,0,0
04-Dec-97,1882,1893,1855,1860,83475,431582,0,0
03-Dec-97,1853,1891,1847,1880,104197,423617,0,0
02-Dec-97,1870,1888,1868,1876,84875,421312,0,0
01-Dec-97,1870,1884,1856,1866,120238,414386,0,0
26-Nov-97,1947,1950,1896,1915,127704,405389,0,0
25-Nov-97,1980,1987,1970,1973,56560,395475,0,0
24-Nov-97,1976,1985,1963,1983,39519,394364,0,0
21-Nov-97,1972,1980,1935,1976,91828,395940,0,0
20-Nov-97,1982,2004,1943,1959,174458,414954,0,0
19-Nov-97,2025,2032,2005,2014,125245,417156,0,0
18-Nov-97,2053,2056,2015,2029,107359,418109,0,0
17-Nov-97,2058,2058,2010,2026,140678,413404,0,0
14-Nov-97,2080,2115,2072,2100,120684,414128,0,0
13-Nov-97,2070,2079,2045,2070,100538,403746,0,0
12-Nov-97,2052,2060,2040,2049,58686,401517,0,0
11-Nov-97,2055,2063,2036,2051,75704,399223,0,0
10-Nov-97,2090,2090,2035,2040,88599,396967,0,0
07-Nov-97,2055,2106,2054,2077,119678,406115,0,0
06-Nov-97,2047,2060,2035,2039,81871,396601,0,0
05-Nov-97,2070,2075,2028,2031,118361,393416,0,0
04-Nov-97,2096,2100,2065,2070,60704,391586,0,0
03-Nov-97,2118,2135,2085,2096,65183,389143,0,0
31-Oct-97,2118,2142,2106,2108,71850,391574,0,0
30-Oct-97,2085,2125,2076,2122,91811,387883,0,0
29-Oct-97,2069,2095,2050,2071,102638,396220,0,0
28-Oct-97,2080,2090,2015,2046,174820,401255,0,0
27-Oct-97,2136,2144,2103,2107,49744,401571,0,0
24-Oct-97,2108,2146,2091,2097,85482,399981,0,0
23-Oct-97,2130,2155,2105,2109,66900,395201,0,0
22-Oct-97,2114,2157,2107,2142,113248,394289,0,0
21-Oct-97,2097,2104,2080,2086,98488,399268,0,0
20-Oct-97,2084,2095,2062,2091,113940,414458,0,0
17-Oct-97,2137,2175,2070,2074,119559,419759,0,0
16-Oct-97,2081,2114,2073,2109,100074,425447,0,0
15-Oct-97,2084,2088,2050,2057,118854,423768,0,0
14-Oct-97,2150,2154,2051,2070,187388,420035,0,0
13-Oct-97,2165,2165,2120,2132,112738,439807,0,0
10-Oct-97,2205,2220,2188,2210,85831,446175,0,0
09-Oct-97,2227,2228,2181,2212,110271,440754,0,0
08-Oct-97,2177,2234,2177,2218,130914,445821,0,0
07-Oct-97,2215,2227,2183,2196,107973,435565,0,0
06-Oct-97,2290,2290,2165,2193,121170,433883,0,0
03-Oct-97,2195,2315,2190,2276,193318,434594,0,0
02-Oct-97,2095,2185,2087,2177,114032,431172,0,0
01-Oct-97,2113,2133,2101,2105,91334,426446,0,0
30-Sep-97,2120,2148,2116,2118,147592,423746,0,0
29-Sep-97,2080,2130,2075,2126,160775,413138,0,0
26-Sep-97,2037,2092,2030,2087,139327,391837,0,0
25-Sep-97,2005,2047,2002,2039,113650,380131,0,0
24-Sep-97,1971,2004,1966,1994,74210,380929,0,0
23-Sep-97,1984,1998,1975,1979,66126,379909,0,0
22-Sep-97,1958,1987,1958,1974,128320,397940,0,0
19-Sep-97,1955,1958,1949,1953,71312,401969,0,0
18-Sep-97,1942,1960,1932,1938,99034,405506,0,0
17-Sep-97,1958,1961,1940,1942,98476,414317,0,0
16-Sep-97,1928,1985,1925,1961,140290,413645,0,0
15-Sep-97,1929,1938,1923,1927,64000,409593,0,0
12-Sep-97,1942,1947,1927,1932,51765,410991,0,0
11-Sep-97,1949,1972,1930,1937,106894,401248,0,0
10-Sep-97,1957,1957,1935,1942,84192,410800,0,0
09-Sep-97,1943,1961,1937,1942,63373,403358,0,0
08-Sep-97,1963,1965,1941,1945,75250,407326,0,0
05-Sep-97,1940,1999,1932,1963,106373,406632,0,0
04-Sep-97,1960,1969,1936,1940,78198,404317,0,0
03-Sep-97,1975,1979,1954,1961,62552,403320,0,0
02-Sep-97,1948,1988,1940,1965,64870,404219,0,0
29-Aug-97,1963,1976,1955,1961,50292,400671,0,0
28-Aug-97,1965,1980,1946,1958,73816,401983,0,0
27-Aug-97,1926,1985,1917,1973,110728,403560,0,0
26-Aug-97,1935,1942,1916,1928,82287,395257,0,0
25-Aug-97,1965,1968,1914,1926,54953,395395,0,0
22-Aug-97,1980,1988,1963,1970,74298,395132,0,0
21-Aug-97,2020,2022,1959,1966,102427,401670,0,0
20-Aug-97,2043,2046,2010,2021,110418,417684,0,0
19-Aug-97,2030,2055,2027,2033,98159,433494,0,0
18-Aug-97,1992,1999,1967,1991,89606,435945,0,0
15-Aug-97,1998,2017,1986,2007,104717,439944,0,0
14-Aug-97,2025,2045,2006,2008,113826,442384,0,0
13-Aug-97,1981,2030,1975,2019,73185,443384,0,0
12-Aug-97,1980,2002,1977,1999,70865,437872,0,0
11-Aug-97,1965,1975,1955,1969,66430,436754,0,0
08-Aug-97,2010,2010,1949,1954,127028,440863,0,0
07-Aug-97,2025,2063,2007,2009,120202,441148,0,0
06-Aug-97,2063,2082,2040,2046,96185,432013,0,0
05-Aug-97,2062,2094,2055,2081,125070,432013,0,0
04-Aug-97,2036,2092,1995,2075,122333,430864,0,0
01-Aug-97,2000,2032,1988,2028,72262,418310,0,0
31-Jul-97,2035,2040,1965,2014,140700,422454,0,0
30-Jul-97,2016,2033,2006,2030,109390,420802,0,0
29-Jul-97,1993,2001,1977,1985,50322,410653,0,0
28-Jul-97,1992,2007,1963,1981,73247,412546,0,0
25-Jul-97,1970,2020,1960,1989,127194,416415,0,0
24-Jul-97,1960,1982,1958,1977,53330,407977,0,0
23-Jul-97,1955,1971,1944,1963,72617,405592,0,0
22-Jul-97,1948,1964,1939,1948,122884,413508,0,0
21-Jul-97,1943,1949,1925,1942,108887,411473,0,0
18-Jul-97,1998,2000,1940,1943,150055,415928,0,0
17-Jul-97,1975,2024,1975,1999,158231,416343,0,0
16-Jul-97,1965,1978,1947,1965,112653,414385,0,0
15-Jul-97,1908,1980,1900,1967,127107,408442,0,0
14-Jul-97,1938,1950,1893,1899,100195,414610,0,0
11-Jul-97,1922,1944,1916,1933,63783,411054,0,0
10-Jul-97,1928,1935,1907,1922,109560,413192,0,0
09-Jul-97,1960,1975,1930,1946,114251,407862,0,0
08-Jul-97,1948,1978,1945,1973,70210,403407,0,0
07-Jul-97,1958,1965,1928,1952,72321,398881,0,0
03-Jul-97,2020,2024,1946,1956,82042,394730,0,0
02-Jul-97,1995,2039,1995,2034,107671,395720,0,0
01-Jul-97,1995,2027,1992,2012,107268,391633,0,0
30-Jun-97,1962,1990,1951,1980,63520,395754,0,0
27-Jun-97,1930,1955,1922,1946,76649,395287,0,0
26-Jun-97,1930,1935,1903,1909,81375,391191,0,0
25-Jun-97,1903,1975,1885,1952,113198,388928,0,0
24-Jun-97,1930,1937,1892,1903,73267,386593,0,0
23-Jun-97,1912,1922,1886,1914,57016,387089,0,0
20-Jun-97,1894,1896,1865,1889,107188,386609,0,0
19-Jun-97,1908,1924,1880,1892,115317,393807,0,0
18-Jun-97,1920,1924,1885,1896,117869,401535,0,0
17-Jun-97,1940,1947,1907,1923,87714,400504,0,0
16-Jun-97,1886,1918,1877,1901,73101,399227,0,0
13-Jun-97,1905,1917,1871,1883,119671,400556,0,0
12-Jun-97,1870,1881,1853,1869,121877,404789,0,0
11-Jun-97,1880,1920,1841,1853,129359,401000,0,0
10-Jun-97,1882,1898,1864,1867,78664,396650,0,0
09-Jun-97,1883,1895,1860,1868,117460,396015,0,0
06-Jun-97,1981,1985,1875,1879,167799,402935,0,0
05-Jun-97,1990,1990,1960,1966,119883,390277,0,0
04-Jun-97,2025,2038,2008,2012,90845,387835,0,0
03-Jun-97,2092,2092,2028,2033,131854,394997,0,0
02-Jun-97,2098,2117,2083,2098,53018,402367,0,0
30-May-97,2096,2102,2076,2088,88203,401972,0,0
29-May-97,2065,2128,2057,2097,105483,409319,0,0
28-May-97,2087,2098,2065,2079,85829,404272,0,0
27-May-97,2131,2138,2065,2079,112300,399673,0,0
23-May-97,2178,2197,2153,2163,82702,407311,0,0
22-May-97,2190,2208,2182,2186,72363,407641,0,0
21-May-97,2167,2195,2146,2186,79578,399208,0,0
20-May-97,2170,2215,2155,2159,132025,402799,0,0
19-May-97,2196,2215,2181,2190,138647,411977,0,0
16-May-97,2126,2243,2118,2218,143344,412884,0,0
15-May-97,2120,2144,2115,2129,111200,399783,0,0
14-May-97,2093,2135,2090,2129,119444,399589,0,0
13-May-97,2131,2140,2112,2137,117439,399606,0,0
12-May-97,2076,2155,2072,2138,151096,396359,0,0
09-May-97,2035,2055,2018,2043,98831,388181,0,0
08-May-97,1970,2039,1965,2034,129802,400074,0,0
07-May-97,1977,1990,1960,1962,74476,392840,0,0
06-May-97,1958,1984,1948,1966,72279,390990,0,0
05-May-97,1965,1988,1955,1963,51124,390730,0,0
02-May-97,1988,1990,1944,1960,100380,388950,0,0
01-May-97,2005,2029,1986,1991,64246,391256,0,0
30-Apr-97,2038,2053,2015,2021,85446,389601,0,0
29-Apr-97,1988,2048,1986,2044,88312,390594,0,0
28-Apr-97,1990,2003,1982,1991,40965,390703,0,0
25-Apr-97,1995,2022,1982,1999,67431,395892,0,0
24-Apr-97,1980,2005,1967,2003,53383,400254,0,0
23-Apr-97,1970,1978,1940,1973,63122,400474,0,0
22-Apr-97,2020,2025,1955,1959,122487,421005,0,0
21-Apr-97,1985,2022,1982,2007,116227,416134,0,0
18-Apr-97,1959,1972,1952,1967,102759,421542,0,0
17-Apr-97,1924,1950,1910,1934,104225,420578,0,0
16-Apr-97,1962,1965,1933,1935,98331,421197,0,0
15-Apr-97,1975,2009,1959,1983,109529,417382,0,0
14-Apr-97,1972,2003,1968,1990,83110,417070,0,0
11-Apr-97,1962,1974,1945,1953,69066,418019,0,0
10-Apr-97,1925,1990,1896,1957,129288,418848,0,0
09-Apr-97,1960,1977,1912,1927,106115,418134,0,0
08-Apr-97,1945,1950,1923,1935,68627,408381,0,0
07-Apr-97,1930,1962,1916,1923,92383,409717,0,0
04-Apr-97,1961,1971,1897,1912,102630,409723,0,0
03-Apr-97,1970,1979,1938,1947,108246,402249,0,0
02-Apr-97,2035,2042,1937,1947,138784,402291,0,0
01-Apr-97,2044,2064,2021,2028,75996,396531,0,0
31-Mar-97,2080,2088,2035,2041,55775,397447,0,0
27-Mar-97,2073,2085,2053,2070,81763,394035,0,0
26-Mar-97,2102,2142,2060,2064,94510,395878,0,0
25-Mar-97,2103,2128,2095,2099,76070,392257,0,0
24-Mar-97,2135,2143,2103,2106,67887,386954,0,0
21-Mar-97,2185,2197,2143,2151,70335,387718,0,0
20-Mar-97,2170,2208,2146,2185,118715,395537,0,0
19-Mar-97,2190,2235,2163,2182,140296,404639,0,0
18-Mar-97,2085,2190,2080,2177,133963,410512,0,0
17-Mar-97,2125,2133,2078,2085,69578,414583,0,0
14-Mar-97,2090,2125,2084,2120,121587,411955,0,0
13-Mar-97,2090,2105,2065,2070,95716,416608,0,0
12-Mar-97,1986,2085,1986,2062,146574,420167,0,0
11-Mar-97,2038,2043,2005,2011,125449,418660,0,0
10-Mar-97,2110,2127,2045,2049,114585,417632,0,0
07-Mar-97,2090,2137,2080,2128,104489,417700,0,0
06-Mar-97,2032,2115,2025,2094,131040,416976,0,0
05-Mar-97,2080,2089,2033,2049,106522,416024,0,0
04-Mar-97,2045,2090,2008,2066,115260,412788,0,0
03-Mar-97,2042,2045,1996,2025,106103,412813,0,0
28-Feb-97,2070,2078,2025,2030,103149,407020,0,0
27-Feb-97,2113,2128,2084,2089,69083,395341,0,0
26-Feb-97,2120,2140,2075,2111,114666,389847,0,0
25-Feb-97,2085,2132,2082,2100,95815,391911,0,0
24-Feb-97,2145,2145,2065,2071,104506,390244,0,0
21-Feb-97,2155,2164,2133,2139,73759,383263,0,0
20-Feb-97,2216,2223,2163,2169,144457,391260,0,0
19-Feb-97,2205,2236,2200,2233,85845,384384,0,0
18-Feb-97,2218,2267,2189,2252,98189,392312,0,0
14-Feb-97,2222,2248,2210,2241,81398,394526,0,0
13-Feb-97,2188,2210,2150,2202,131780,402457,0,0
12-Feb-97,2203,2275,2180,2186,157724,393874,0,0
11-Feb-97,2260,2262,2225,2242,84264,380977,0,0
10-Feb-97,2241,2253,2165,2246,139572,375272,0,0
07-Feb-97,2300,2323,2215,2223,141097,373529,0,0
06-Feb-97,2355,2360,2305,2310,128867,371085,0,0
05-Feb-97,2400,2423,2382,2391,72883,363806,0,0
04-Feb-97,2430,2443,2382,2402,76908,358513,0,0
03-Feb-97,2405,2435,2398,2415,63401,357059,0,0
31-Jan-97,2474,2485,2410,2415,90936,353456,0,0
30-Jan-97,2450,2500,2443,2487,79734,351988,0,0
29-Jan-97,2415,2455,2410,2447,69973,353045,0,0
28-Jan-97,2414,2415,2388,2390,46101,349032,0,0
27-Jan-97,2394,2426,2362,2394,68115,348454,0,0
24-Jan-97,2416,2440,2401,2405,49908,347682,0,0
23-Jan-97,2416,2475,2416,2418,87596,350283,0,0
22-Jan-97,2445,2458,2380,2424,87596,350283,0,0
21-Jan-97,2423,2468,2415,2422,108440,355019,0,0
20-Jan-97,2425,2470,2420,2443,96114,367100,0,0
17-Jan-97,2525,2585,2494,2541,130900,375961,0,0
16-Jan-97,2575,2600,2540,2552,101146,383796,0,0
15-Jan-97,2530,2610,2465,2595,148161,384880,0,0
14-Jan-97,2523,2535,2490,2511,83740,375037,0,0
13-Jan-97,2620,2656,2515,2519,121588,375852,0,0
10-Jan-97,2610,2642,2597,2609,91881,380769,0,0
09-Jan-97,2658,2674,2625,2637,95478,383951,0,0
08-Jan-97,2615,2665,2585,2662,104008,378611,0,0
07-Jan-97,2630,2645,2607,2623,71528,372731,0,0
06-Jan-97,2570,2647,2570,2637,87180,373746,0,0
03-Jan-97,2546,2565,2535,2559,57829,368198,0,0
02-Jan-97,2588,2605,2560,2569,54486,365006,0,0
31-Dec-96,2540,2596,2533,2592,42425,364170,0,0
30-Dec-96,2540,2555,2512,2537,37185,358971,0,0
27-Dec-96,2515,2538,2510,2522,30107,358592,0,0
26-Dec-96,2515,2520,2481,2492,21848,355022,0,0
24-Dec-96,2490,2515,2479,2510,17554,353830,0,0
23-Dec-96,2495,2517,2467,2479,35502,352521,0,0
20-Dec-96,2525,2550,2504,2508,50293,350276,0,0
19-Dec-96,2515,2555,2498,2545,118334,361745,0,0
18-Dec-96,2498,2535,2437,2526,116061,368578,0,0
17-Dec-96,2555,2580,2531,2571,93678,367111,0,0
16-Dec-96,2460,2595,2455,2574,130014,369555,0,0
13-Dec-96,2380,2450,2375,2447,82611,370924,0,0
12-Dec-96,2378,2380,2330,2372,78763,370938,0,0
11-Dec-96,2410,2410,2315,2338,145263,374922,0,0
10-Dec-96,2510,2527,2428,2442,105759,381188,0,0
09-Dec-96,2527,2559,2498,2530,66089,381242,0,0
06-Dec-96,2522,2570,2492,2562,86229,379590,0,0
05-Dec-96,2520,2563,2505,2558,89019,387293,0,0
04-Dec-96,2480,2480,2480,2480,87375,380151,0,0
03-Dec-96,2456,2500,2441,2493,90927,365612,0,0
02-Dec-96,2370,2485,2352,2480,72672,370828,0,0
27-Nov-96,2380,2392,2352,2375,57336,366747,0,0
26-Nov-96,2345,2383,2336,2362,64692,362671,0,0
25-Nov-96,2388,2395,2325,2349,61204,357786,0,0
22-Nov-96,2420,2431,2355,2375,68075,361034,0,0
21-Nov-96,2356,2395,2335,2384,84771,362584,0,0
20-Nov-96,2433,2455,2320,2333,153043,373327,0,0
19-Nov-96,2380,2422,2350,2420,113790,380126,0,0
18-Nov-96,2400,2411,2381,2388,72903,391887,0,0
15-Nov-96,2425,2443,2400,2417,68040,393559,0,0
14-Nov-96,2407,2445,2388,2441,115507,408187,0,0
13-Nov-96,2358,2415,2346,2412,103826,402490,0,0
12-Nov-96,2320,2348,2315,2335,65779,396335,0,0
11-Nov-96,2365,2384,2322,2337,73213,394925,0,0
08-Nov-96,2292,2370,2280,2359,98998,386264,0,0
07-Nov-96,2288,2304,2258,2274,84079,396302,0,0
06-Nov-96,2275,2315,2249,2269,95294,398502,0,0
05-Nov-96,2280,2309,2260,2264,89611,393657,0,0
04-Nov-96,2313,2334,2275,2279,72764,393790,0,0
01-Nov-96,2340,2347,2300,2303,84737,392231,0,0
31-Oct-96,2450,2460,2310,2335,130569,393462,0,0
30-Oct-96,2410,2435,2400,2428,87312,391176,0,0
29-Oct-96,2452,2463,2411,2434,81831,392774,0,0
28-Oct-96,2477,2535,2464,2485,93948,397004,0,0
25-Oct-96,2470,2490,2440,2486,63209,401354,0,0
24-Oct-96,2465,2490,2437,2451,91545,394975,0,0
23-Oct-96,2535,2537,2483,2486,77974,393767,0,0
22-Oct-96,2524,2580,2500,2553,116862,407343,0,0
21-Oct-96,2540,2560,2518,2546,79921,413774,0,0
18-Oct-96,2530,2540,2505,2534,85595,418411,0,0
17-Oct-96,2487,2515,2472,2501,82116,418739,0,0
16-Oct-96,2558,2570,2471,2517,95426,426013,0,0
15-Oct-96,2560,2572,2522,2542,81266,414872,0,0
14-Oct-96,2495,2568,2492,2562,89644,423966,0,0
11-Oct-96,2445,2470,2438,2466,76251,422247,0,0
10-Oct-96,2490,2493,2422,2426,125657,432120,0,0
09-Oct-96,2540,2552,2493,2507,89667,422919,0,0
08-Oct-96,2515,2560,2498,2554,94399,422680,0,0
07-Oct-96,2495,2528,2484,2524,74408,416394,0,0
04-Oct-96,2475,2495,2446,2473,76869,412601,0,0
03-Oct-96,2412,2487,2410,2481,99006,409795,0,0
02-Oct-96,2447,2465,2402,2405,102459,406052,0,0
01-Oct-96,2388,2448,2383,2414,93855,402215,0,0
30-Sep-96,2450,2462,2420,2438,68929,401065,0,0
27-Sep-96,2400,2466,2382,2460,68913,397224,0,0
26-Sep-96,2432,2462,2412,2416,85684,394108,0,0
25-Sep-96,2405,2454,2374,2446,96038,395109,0,0
24-Sep-96,2355,2410,2334,2407,78046,391923,0,0
23-Sep-96,2331,2340,2285,2337,44635,387567,0,0
20-Sep-96,2305,2328,2286,2322,96247,396823,0,0
19-Sep-96,2341,2343,2275,2310,102814,408668,0,0
18-Sep-96,2332,2350,2300,2348,107884,405674,0,0
17-Sep-96,2335,2373,2290,2331,110798,404604,0,0
16-Sep-96,2400,2409,2310,2319,120618,403536,0,0
13-Sep-96,2520,2535,2420,2451,128402,403378,0,0
12-Sep-96,2520,2530,2426,2500,130944,404925,0,0
11-Sep-96,2450,2498,2448,2475,119881,401658,0,0
10-Sep-96,2353,2423,2352,2412,93743,401076,0,0
09-Sep-96,2384,2400,2347,2373,65506,387852,0,0
06-Sep-96,2358,2389,2340,2385,92957,385222,0,0
05-Sep-96,2328,2352,2299,2344,93957,384932,0,0
04-Sep-96,2330,2365,2303,2324,90426,377738,0,0
03-Sep-96,2380,2395,2285,2340,106876,374092,0,0
30-Aug-96,2218,2230,2202,2225,40958,381068,0,0
29-Aug-96,2185,2241,2183,2215,81953,371755,0,0
28-Aug-96,2150,2210,2139,2171,77126,364270,0,0
27-Aug-96,2165,2187,2150,2156,45946,360004,0,0
26-Aug-96,2197,2204,2140,2162,53261,358792,0,0
23-Aug-96,2230,2233,2185,2196,42494,360908,0,0
22-Aug-96,2195,2235,2190,2230,68572,360587,0,0
21-Aug-96,2198,2205,2160,2172,62050,354904,0,0
20-Aug-96,2225,2236,2210,2211,101823,372298,0,0
19-Aug-96,2202,2255,2194,2247,114307,378658,0,0
16-Aug-96,2185,2270,2183,2266,82312,380768,0,0
15-Aug-96,2200,2205,2179,2190,68029,378917,0,0
14-Aug-96,2232,2240,2195,2212,82196,380095,0,0
13-Aug-96,2208,2243,2187,2237,104902,377384,0,0
12-Aug-96,2170,2225,2157,2222,93915,372709,0,0
09-Aug-96,2145,2162,2131,2157,55067,361466,0,0
08-Aug-96,2142,2171,2125,2155,83587,361419,0,0
07-Aug-96,2118,2150,2070,2142,93955,354262,0,0
06-Aug-96,2115,2127,2084,2113,68408,351952,0,0
05-Aug-96,2158,2175,2102,2123,81252,352493,0,0
02-Aug-96,2085,2145,2075,2134,86444,347405,0,0
01-Aug-96,2038,2115,2025,2104,58491,343976,0,0
31-Jul-96,2044,2057,2038,2042,50994,340457,0,0
30-Jul-96,2023,2040,2012,2033,43227,340538,0,0
29-Jul-96,2020,2044,1998,2028,62455,344781,0,0
26-Jul-96,2055,2060,2008,2011,90747,350457,0,0
25-Jul-96,2077,2093,2062,2074,42796,350957,0,0
24-Jul-96,2112,2123,2054,2068,64508,353968,0,0
23-Jul-96,2078,2110,2066,2101,61208,353649,0,0
22-Jul-96,2070,2098,2040,2079,105670,365890,0,0
19-Jul-96,2130,2132,2055,2078,127343,369898,0,0
18-Jul-96,2182,2195,2141,2168,116951,379210,0,0
17-Jul-96,2229,2242,2130,2180,147954,383498,0,0
16-Jul-96,2235,2255,2206,2238,111781,388597,0,0
15-Jul-96,2175,2250,2155,2248,111422,390478,0,0
12-Jul-96,2190,2194,2158,2190,74714,383924,0,0
11-Jul-96,2154,2198,2154,2195,74077,378517,0,0
10-Jul-96,2154,2174,2138,2155,71908,375896,0,0
09-Jul-96,2128,2145,2110,2141,64213,372397,0,0
08-Jul-96,2152,2185,2106,2127,97035,372594,0,0
03-Jul-96,2108,2143,2105,2121,46672,374045,0,0
02-Jul-96,2137,2148,2106,2113,60760,372519,0,0
01-Jul-96,2103,2165,2098,2153,79502,372157,0,0
28-Jun-96,2112,2125,2071,2092,71374,368556,0,0
27-Jun-96,2052,2130,2048,2102,123375,366377,0,0
26-Jun-96,2014,2070,1998,2065,73538,354163,0,0
25-Jun-96,2005,2008,1980,1996,40794,350475,0,0
24-Jun-96,1983,2013,1976,1998,38583,353594,0,0
21-Jun-96,2025,2030,1981,1992,48001,351716,0,0
20-Jun-96,1982,2015,1982,2009,100454,363819,0,0
19-Jun-96,2030,2040,1977,1985,119401,370308,0,0
18-Jun-96,2040,2060,2015,2021,121342,377882,0,0
17-Jun-96,2048,2220,2045,2214,166307,380903,0,0
14-Jun-96,1997,2040,1996,2034,58355,386452,0,0
13-Jun-96,2015,2020,1987,2001,66503,394918,0,0
12-Jun-96,2018,2030,2004,2009,51637,392929,0,0
11-Jun-96,2012,2028,1985,2010,76652,392844,0,0
10-Jun-96,2015,2048,2010,2025,62489,392780,0,0
07-Jun-96,2002,2030,1982,2028,63675,389030,0,0
06-Jun-96,1973,2007,1946,2005,78466,387295,0,0
05-Jun-96,2015,2018,1952,1972,109736,383445,0,0
04-Jun-96,1995,2049,1995,2044,70788,383098,0,0
03-Jun-96,1978,1998,1967,1985,55472,380022,0,0
31-May-96,2004,2010,1962,1976,73766,380690,0,0
30-May-96,2060,2074,1983,1994,118075,384332,0,0
29-May-96,2085,2106,2065,2076,80011,383625,0,0
28-May-96,2142,2160,2106,2111,51792,385101,0,0
24-May-96,2132,2138,2116,2132,35980,383149,0,0
23-May-96,2135,2156,2115,2123,73292,386332,0,0
22-May-96,2060,2167,2040,2140,144020,389825,0,0
21-May-96,2045,2083,2035,2063,138109,406151,0,0
20-May-96,1885,2085,1880,2077,199873,420026,0,0
17-May-96,1973,1973,1933,1944,120356,425136,0,0
16-May-96,2100,2108,2030,2078,156652,430318,0,0
15-May-96,2130,2153,2117,2148,102499,439859,0,0
14-May-96,2146,2152,2108,2142,91855,443590,0,0
13-May-96,2112,2143,2110,2136,60672,450719,0,0
10-May-96,2083,2104,2068,2101,73905,456437,0,0
09-May-96,2070,2110,2048,2068,116326,460539,0,0
08-May-96,2105,2122,2090,2100,81233,459674,0,0
07-May-96,2118,2132,2070,2111,92127,451086,0,0
06-May-96,2138,2162,2081,2104,77449,454933,0,0
03-May-96,2108,2124,2092,2118,75110,455655,0,0
02-May-96,2113,2145,2081,2086,81636,454912,0,0
01-May-96,2080,2095,2047,2081,102713,450562,0,0
30-Apr-96,2175,2180,2116,2120,119862,453644,0,0
29-Apr-96,2215,2255,2207,2243,70898,455179,0,0
26-Apr-96,2233,2240,2181,2232,81071,449419,0,0
25-Apr-96,2191,2258,2180,2220,116863,451406,0,0
24-Apr-96,2290,2325,2217,2240,126762,450024,0,0
23-Apr-96,2245,2275,2215,2270,108128,446769,0,0
22-Apr-96,2090,2175,2083,2153,97293,444270,0,0
19-Apr-96,2081,2130,2070,2104,110543,469667,0,0
18-Apr-96,2090,2110,2030,2081,140967,470174,0,0
17-Apr-96,2120,2140,2060,2134,133777,469624,0,0
16-Apr-96,2525,2570,2370,2447,141819,473784,0,0
15-Apr-96,2390,2510,2390,2506,108201,472403,0,0
12-Apr-96,2465,2510,2340,2429,136905,481489,0,0
11-Apr-96,2405,2545,2402,2534,164262,485880,0,0
10-Apr-96,2318,2425,2308,2421,314760,472793,0,0
09-Apr-96,2300,2337,2275,2306,106006,463075,0,0
08-Apr-96,2259,2352,2257,2303,111043,462188,0,0
04-Apr-96,2216,2280,2212,2275,104062,456245,0,0
03-Apr-96,2255,2265,2198,2227,101927,450261,0,0
02-Apr-96,2225,2278,2220,2270,121857,447329,0,0
01-Apr-96,2155,2230,2148,2226,84656,438060,0,0
29-Mar-96,2135,2165,2115,2147,68058,427742,0,0
28-Mar-96,2129,2150,2111,2141,118808,425188,0,0
27-Mar-96,2232,2248,2170,2179,125995,429579,0,0
26-Mar-96,2226,2259,2183,2219,100642,424559,0,0
25-Mar-96,2175,2245,2146,2240,120441,426877,0,0
22-Mar-96,2133,2215,2121,2195,136947,428995,0,0
21-Mar-96,2082,2110,2068,2105,68722,422491,0,0
20-Mar-96,2115,2155,2040,2085,117150,420499,0,0
19-Mar-96,2070,2103,2055,2083,146938,435483,0,0
18-Mar-96,2012,2097,2012,2073,147223,440382,0,0
15-Mar-96,2105,2210,2095,2199,144692,434986,0,0
14-Mar-96,2045,2120,2030,2116,106898,435721,0,0
13-Mar-96,2037,2086,2035,2058,162810,428028,0,0
12-Mar-96,1993,2055,1975,2046,123957,429457,0,0
11-Mar-96,1943,1999,1943,1991,83922,425221,0,0
08-Mar-96,1960,1992,1941,1961,79018,420389,0,0
07-Mar-96,2019,2029,1965,1981,109950,430627,0,0
06-Mar-96,1950,2020,1938,2019,135364,420245,0,0
05-Mar-96,1930,1957,1914,1954,73602,419455,0,0
04-Mar-96,1895,1923,1878,1920,89567,416473,0,0
01-Mar-96,1962,1965,1901,1944,93093,420252,0,0
29-Feb-96,1928,1962,1928,1954,80929,411495,0,0
28-Feb-96,1970,1974,1910,1929,107738,409023,0,0
27-Feb-96,1946,1982,1945,1970,97728,409645,0,0
26-Feb-96,1915,1955,1906,1939,75837,409757,0,0
23-Feb-96,1977,1994,1902,1906,105322,403762,0,0
22-Feb-96,1957,1995,1950,1985,96241,398787,0,0
21-Feb-96,1905,2000,1905,1971,126501,399806,0,0
20-Feb-96,1838,1940,1830,1927,140544,401722,0,0
16-Feb-96,1833,1850,1826,1840,105650,399310,0,0
15-Feb-96,1830,1842,1814,1837,98122,396941,0,0
14-Feb-96,1892,1913,1856,1896,145009,390880,0,0
13-Feb-96,1818,1895,1818,1891,147060,389396,0,0
12-Feb-96,1772,1802,1771,1797,64918,394077,0,0
09-Feb-96,1778,1798,1775,1778,63230,398493,0,0
08-Feb-96,1777,1782,1765,1776,57121,396012,0,0
07-Feb-96,1770,1780,1762,1774,58673,396253,0,0
06-Feb-96,1755,1772,1743,1769,74294,398808,0,0
05-Feb-96,1786,1793,1746,1754,80575,400151,0,0
02-Feb-96,1785,1800,1776,1780,80593,400676,0,0
01-Feb-96,1791,1808,1765,1771,111144,396449,0,0
31-Jan-96,1760,1778,1735,1774,86443,392280,0,0
30-Jan-96,1748,1770,1744,1756,83974,393860,0,0
29-Jan-96,1783,1788,1707,1745,113921,397306,0,0
26-Jan-96,1756,1775,1719,1773,139851,394540,0,0
25-Jan-96,1824,1828,1747,1767,142281,396391,0,0
24-Jan-96,1791,1832,1785,1828,84345,390910,0,0
23-Jan-96,1797,1814,1788,1806,62406,387530,0,0
22-Jan-96,1795,1818,1780,1815,86280,394037,0,0
19-Jan-96,1829,1838,1794,1825,114545,399833,0,0
18-Jan-96,1819,1840,1815,1839,122432,399370,0,0
17-Jan-96,1783,1810,1760,1805,120923,399415,0,0
16-Jan-96,1820,1838,1740,1769,171479,403241,0,0
15-Jan-96,1820,1852,1815,1838,92780,388647,0,0
12-Jan-96,1850,1860,1808,1825,176691,390011,0,0
11-Jan-96,1976,1978,1855,1879,147699,388108,0,0
10-Jan-96,1984,1985,1949,1967,84871,393112,0,0
09-Jan-96,2026,2030,1992,1995,71204,391261,0,0
05-Jan-96,2007,2028,1997,2026,96758,384087,0,0
04-Jan-96,1975,2008,1969,1991,100207,377202,0,0
03-Jan-96,1983,1995,1968,1989,88375,362588,0,0
02-Jan-96,1950,1983,1941,1981,75097,358747,0,0
29-Dec-95,1942,1957,1927,1955,42670,353249,0,0
28-Dec-95,1952,1955,1931,1936,55876,350709,0,0
27-Dec-95,1928,1952,1928,1950,63263,351880,0,0
26-Dec-95,1913,1929,1902,1927,23944,343342,0,0
22-Dec-95,1892,1919,1886,1914,53223,345191,0,0
21-Dec-95,1895,1905,1885,1896,43311,340121,0,0
20-Dec-95,1899,1911,1885,1897,64165,342115,0,0
19-Dec-95,1907,1914,1883,1899,80100,341353,0,0
18-Dec-95,1893,1918,1890,1911,98182,360380,0,0
15-Dec-95,1913,1952,1904,1951,124853,363179,0,0
14-Dec-95,1907,1915,1868,1911,117277,351884,0,0
13-Dec-95,1884,1901,1876,1900,87293,353448,0,0
12-Dec-95,1860,1879,1848,1873,104860,351452,0,0
11-Dec-95,1905,1914,1855,1866,132066,355062,0,0
08-Dec-95,1868,1899,1863,1897,109912,358753,0,0
07-Dec-95,1882,1887,1863,1873,77155,346488,0,0
06-Dec-95,1858,1881,1857,1877,85106,347700,0,0
05-Dec-95,1859,1874,1856,1867,88014,337333,0,0
04-Dec-95,1848,1864,1843,1863,79904,335557,0,0
01-Dec-95,1831,1848,1826,1843,74200,335593,0,0
30-Nov-95,1821,1834,1807,1818,83187,330785,0,0
29-Nov-95,1824,1836,1820,1826,62513,331851,0,0
28-Nov-95,1830,1837,1825,1833,74334,328647,0,0
27-Nov-95,1805,1839,1800,1838,83329,329059,0,0
22-Nov-95,1780,1809,1780,1796,64847,327777,0,0
21-Nov-95,1792,1800,1787,1797,51030,323669,0,0
20-Nov-95,1805,1812,1799,1806,65798,323789,0,0
17-Nov-95,1788,1823,1788,1813,217241,350882,0,0
16-Nov-95,1771,1788,1763,1785,113449,330623,0,0
15-Nov-95,1787,1797,1783,1793,63463,328260,0,0
14-Nov-95,1771,1787,1768,1782,71253,329114,0,0
13-Nov-95,1794,1805,1771,1780,84723,330536,0,0
10-Nov-95,1771,1791,1766,1783,84629,332886,0,0
09-Nov-95,1781,1790,1777,1784,96686,331842,0,0
08-Nov-95,1758,1788,1758,1782,99425,333748,0,0
07-Nov-95,1766,1780,1763,1765,64084,329308,0,0
06-Nov-95,1799,1804,1769,1771,73561,327193,0,0
03-Nov-95,1790,1801,1787,1794,79364,325698,0,0
02-Nov-95,1778,1802,1778,1798,112705,329467,0,0
01-Nov-95,1764,1778,1748,1774,90979,324394,0,0
31-Oct-95,1765,1774,1758,1764,65524,315914,0,0
30-Oct-95,1754,1766,1750,1762,42472,321514,0,0
27-Oct-95,1756,1767,1752,1754,68136,326331,0,0
26-Oct-95,1738,1768,1737,1758,116249,327058,0,0
25-Oct-95,1735,1745,1724,1732,74744,336135,0,0
24-Oct-95,1718,1742,1716,1732,79214,331338,0,0
23-Oct-95,1703,1723,1686,1721,63304,329581,0,0
20-Oct-95,1709,1717,1695,1715,103019,335924,0,0
19-Oct-95,1725,1727,1700,1707,107877,346701,0,0
18-Oct-95,1728,1736,1724,1731,75294,342719,0,0
17-Oct-95,1757,1773,1756,1768,86212,339728,0,0
16-Oct-95,1741,1760,1739,1759,81492,342311,0,0
13-Oct-95,1713,1744,1707,1741,84755,348050,0,0
12-Oct-95,1728,1737,1710,1712,76943,342597,0,0
11-Oct-95,1725,1746,1723,1729,80597,340012,0,0
10-Oct-95,1726,1743,1715,1742,73156,337147,0,0
09-Oct-95,1706,1734,1706,1731,59091,335101,0,0
06-Oct-95,1686,1705,1683,1703,90741,338840,0,0
05-Oct-95,1716,1720,1685,1687,158626,340110,0,0
04-Oct-95,1761,1769,1723,1730,94270,325090,0,0
03-Oct-95,1758,1767,1750,1756,64528,321856,0,0
02-Oct-95,1751,1772,1749,1764,79646,326258,0,0
29-Sep-95,1757,1764,1732,1754,91323,325595,0,0
28-Sep-95,1767,1781,1760,1776,81381,315077,0,0
27-Sep-95,1750,1760,1743,1757,90915,316711,0,0
26-Sep-95,1753,1757,1732,1733,62894,316178,0,0
25-Sep-95,1731,1751,1731,1747,56228,317997,0,0
22-Sep-95,1758,1766,1711,1725,136162,314733,0,0
21-Sep-95,1807,1812,1755,1756,144069,318226,0,0
20-Sep-95,1847,1850,1803,1807,122225,323693,0,0
19-Sep-95,1835,1844,1831,1843,99707,349661,0,0
18-Sep-95,1889,1908,1883,1893,112372,359976,0,0
15-Sep-95,1890,1898,1873,1892,103798,363072,0,0
14-Sep-95,1853,1887,1848,1885,115919,361062,0,0
13-Sep-95,1875,1883,1845,1854,121929,361282,0,0
12-Sep-95,1858,1866,1854,1864,96532,358937,0,0
11-Sep-95,1838,1849,1833,1847,49146,357418,0,0
08-Sep-95,1838,1859,1838,1844,82638,356738,0,0
07-Sep-95,1826,1838,1817,1827,74056,355613,0,0
06-Sep-95,1838,1856,1833,1836,89106,356647,0,0
05-Sep-95,1815,1863,1815,1858,120174,357638,0,0
01-Sep-95,1785,1806,1783,1804,61065,346006,0,0
31-Aug-95,1768,1793,1767,1784,73817,339463,0,0
30-Aug-95,1787,1795,1772,1779,72483,339766,0,0
29-Aug-95,1783,1792,1776,1782,65052,340819,0,0
28-Aug-95,1788,1809,1780,1782,64494,338519,0,0
25-Aug-95,1800,1805,1775,1786,58743,334634,0,0
24-Aug-95,1792,1801,1785,1786,57362,335743,0,0
23-Aug-95,1805,1821,1797,1800,115304,336609,0,0
22-Aug-95,1782,1795,1770,1788,136318,349998,0,0
21-Aug-95,1764,1789,1764,1784,128668,354458,0,0
18-Aug-95,1733,1756,1728,1751,92025,355186,0,0
17-Aug-95,1760,1768,1754,1766,81219,345539,0,0
16-Aug-95,1740,1757,1731,1755,78475,349277,0,0
15-Aug-95,1748,1758,1737,1747,69248,349488,0,0
14-Aug-95,1766,1770,1746,1748,68444,348723,0,0
11-Aug-95,1785,1800,1782,1786,61157,351219,0,0
10-Aug-95,1768,1791,1768,1789,64886,349657,0,0
09-Aug-95,1789,1795,1770,1778,71349,344059,0,0
08-Aug-95,1760,1783,1760,1779,64719,341704,0,0
07-Aug-95,1762,1768,1755,1765,40974,341430,0,0
04-Aug-95,1770,1774,1756,1771,55612,338654,0,0
03-Aug-95,1789,1797,1765,1772,80761,337179,0,0
02-Aug-95,1755,1788,1752,1778,95952,338008,0,0
01-Aug-95,1770,1784,1756,1770,86698,340245,0,0
31-Jul-95,1736,1764,1734,1756,69322,339564,0,0
28-Jul-95,1743,1759,1742,1743,68090,341531,0,0
27-Jul-95,1750,1772,1739,1749,104605,337784,0,0
26-Jul-95,1713,1760,1709,1750,169904,341595,0,0
25-Jul-95,1680,1703,1676,1693,71052,350949,0,0
24-Jul-95,1666,1692,1663,1688,51752,349334,0,0
21-Jul-95,1667,1695,1660,1679,74072,321405,0,0
20-Jul-95,1698,1702,1675,1677,85330,339610,0,0
19-Jul-95,1700,1724,1696,1706,125024,362954,0,0
18-Jul-95,1697,1712,1695,1711,72593,364008,0,0
17-Jul-95,1722,1737,1713,1720,68396,372339,0,0
14-Jul-95,1723,1739,1708,1732,94216,370026,0,0
13-Jul-95,1748,1760,1724,1725,88454,365837,0,0
12-Jul-95,1726,1765,1722,1749,134146,368163,0,0
11-Jul-95,1728,1744,1723,1732,71284,360358,0,0
10-Jul-95,1700,1737,1687,1734,93599,364211,0,0
07-Jul-95,1747,1752,1706,1714,98311,363428,0,0
06-Jul-95,1718,1743,1715,1737,71817,361070,0,0
05-Jul-95,1715,1722,1702,1718,84341,364518,0,0
30-Jun-95,1750,1759,1737,1740,89165,341583,0,0
29-Jun-95,1783,1795,1753,1756,87340,353628,0,0
28-Jun-95,1798,1816,1769,1797,107709,357962,0,0
27-Jun-95,1772,1787,1767,1777,68697,357120,0,0
26-Jun-95,1744,1768,1733,1764,69426,355422,0,0
23-Jun-95,1762,1768,1720,1749,118875,343096,0,0
22-Jun-95,1762,1766,1744,1750,91773,349735,0,0
21-Jun-95,1783,1800,1735,1746,157356,341001,0,0
20-Jun-95,1806,1820,1793,1797,149488,351439,0,0
19-Jun-95,1843,1848,1795,1803,205994,360571,0,0
16-Jun-95,1886,1898,1877,1884,74697,342870,0,0
15-Jun-95,1902,1919,1888,1894,113445,344316,0,0
14-Jun-95,1870,1913,1868,1905,113118,339648,0,0
13-Jun-95,1890,1896,1882,1891,60517,340225,0,0
12-Jun-95,1873,1887,1864,1886,62963,337540,0,0
09-Jun-95,1888,1892,1855,1880,106317,347805,0,0
08-Jun-95,1891,1901,1887,1891,88089,333476,0,0
07-Jun-95,1905,1922,1905,1913,76437,335819,0,0
06-Jun-95,1921,1923,1894,1906,90060,332841,0,0
05-Jun-95,1914,1928,1912,1925,73741,333768,0,0
02-Jun-95,1883,1915,1883,1914,86095,332779,0,0
01-Jun-95,1882,1897,1870,1890,86095,332779,0,0
31-May-95,1873,1891,1853,1889,93858,330369,0,0
30-May-95,1876,1888,1864,1878,78031,329400,0,0
26-May-95,1923,1927,1845,1869,133496,331309,0,0
25-May-95,1941,1952,1913,1926,101210,337277,0,0
24-May-95,1980,1984,1938,1941,106021,338473,0,0
23-May-95,1980,1986,1965,1977,91476,333632,0,0
22-May-95,1995,2001,1967,1984,129896,341165,0,0
19-May-95,1978,1995,1967,1991,100771,346799,0,0
18-May-95,1981,1994,1962,1982,101916,343284,0,0
17-May-95,2002,2004,1970,1996,128525,345368,0,0
16-May-95,1992,2017,1988,2008,121761,349155,0,0
15-May-95,1947,1992,1947,1990,88219,344715,0,0
12-May-95,1940,1953,1918,1952,74174,350141,0,0
11-May-95,1983,1988,1925,1941,149508,352707,0,0
10-May-95,1961,1978,1952,1975,125214,359436,0,0
09-May-95,2020,2029,1955,1961,140097,369363,0,0
08-May-95,2033,2040,2025,2029,43764,366868,0,0
05-May-95,2028,2042,2021,2033,78814,369919,0,0
04-May-95,1986,2033,1986,2029,119982,371831,0,0
03-May-95,2020,2025,1982,1989,118657,370441,0,0
02-May-95,2036,2044,2005,2009,120663,367741,0,0
01-May-95,2059,2076,2041,2050,115601,363955,0,0
28-Apr-95,2037,2050,2014,2038,121729,359263,0,0
27-Apr-95,2025,2045,2023,2043,107424,360534,0,0
26-Apr-95,2013,2028,2008,2015,68701,355435,0,0
25-Apr-95,2003,2038,1997,2029,89637,355016,0,0
24-Apr-95,2032,2038,2000,2012,100394,353070,0,0
21-Apr-95,2000,2045,1983,2041,105235,358780,0,0
20-Apr-95,2015,2042,2011,2019,156164,371138,0,0
19-Apr-95,1993,2010,1975,2003,133882,366683,0,0
18-Apr-95,1975,1992,1966,1990,131945,373388,0,0
17-Apr-95,1957,2000,1957,1973,149443,372802,0,0
13-Apr-95,1935,1945,1903,1915,157069,364355,0,0
12-Apr-95,2002,2010,1948,1955,166497,383021,0,0
11-Apr-95,1980,1993,1970,1988,81827,369161,0,0
10-Apr-95,1954,1965,1940,1959,99091,365377,0,0
07-Apr-95,1972,1977,1950,1967,81827,369161,0,0
06-Apr-95,1952,1979,1941,1977,122264,364216,0,0
05-Apr-95,1924,1958,1924,1956,141090,366747,0,0
04-Apr-95,1909,1923,1905,1918,75148,363437,0,0
03-Apr-95,1911,1916,1890,1903,61348,359662,0,0
31-Mar-95,1913,1935,1903,1917,81294,360528,0,0
30-Mar-95,1915,1927,1906,1915,79784,358228,0,0
29-Mar-95,1885,1931,1885,1922,125529,359043,0,0
28-Mar-95,1905,1910,1890,1905,62189,346810,0,0
27-Mar-95,1881,1914,1880,1907,94079,344317,0,0
24-Mar-95,1893,1898,1867,1878,107999,340092,0,0
23-Mar-95,1886,1900,1880,1892,87836,338115,0,0
22-Mar-95,1850,1897,1850,1896,153222,335403,0,0
21-Mar-95,1841,1846,1832,1841,88723,333362,0,0
20-Mar-95,1829,1853,1829,1847,127762,333555,0,0
17-Mar-95,1815,1825,1805,1821,86589,337314,0,0
16-Mar-95,1813,1834,1810,1816,98830,341794,0,0
15-Mar-95,1787,1818,1787,1811,90025,348977,0,0
14-Mar-95,1815,1820,1784,1794,111611,363685,0,0
13-Mar-95,1788,1821,1788,1819,96104,360411,0,0
10-Mar-95,1789,1804,1783,1791,109384,356952,0,0
09-Mar-95,1834,1837,1795,1802,150870,364751,0,0
08-Mar-95,1858,1863,1824,1833,128150,373785,0,0
07-Mar-95,1851,1868,1843,1863,75645,372466,0,0
06-Mar-95,1858,1869,1853,1859,66343,369461,0,0
03-Mar-95,1839,1865,1838,1863,73761,367149,0,0
02-Mar-95,1832,1839,1822,1835,93940,364946,0,0
01-Mar-95,1851,1858,1830,1832,79617,364341,0,0
28-Feb-95,1855,1862,1847,1849,55035,361781,0,0
27-Feb-95,1871,1878,1865,1866,44650,360684,0,0
24-Feb-95,1843,1870,1843,1869,56765,356468,0,0
23-Feb-95,1853,1860,1841,1843,67744,360716,0,0
22-Feb-95,1854,1873,1854,1863,53401,360819,0,0
21-Feb-95,1859,1868,1856,1864,87309,376575,0,0
17-Feb-95,1847,1880,1847,1873,115891,385440,0,0
16-Feb-95,1829,1849,1824,1846,84285,377763,0,0
15-Feb-95,1843,1860,1831,1842,125918,385882,0,0
14-Feb-95,1824,1845,1824,1832,98559,384514,0,0
13-Feb-95,1844,1848,1813,1827,99713,384848,0,0
10-Feb-95,1825,1852,1825,1846,85277,384535,0,0
09-Feb-95,1831,1838,1821,1824,87249,386494,0,0
08-Feb-95,1839,1851,1825,1830,88629,393420,0,0
07-Feb-95,1848,1861,1842,1846,71841,389521,0,0
06-Feb-95,1886,1892,1835,1859,112322,397056,0,0
03-Feb-95,1863,1883,1856,1878,110183,391099,0,0
02-Feb-95,1820,1870,1813,1854,113178,387224,0,0
01-Feb-95,1845,1854,1834,1852,88179,379858,0,0
31-Jan-95,1813,1840,1807,1839,62254,373259,0,0
30-Jan-95,1794,1813,1793,1809,113633,375333,0,0
27-Jan-95,1807,1814,1783,1795,53638,372177,0,0
26-Jan-95,1826,1847,1820,1824,62926,378453,0,0
25-Jan-95,1852,1865,1815,1839,151946,373353,0,0
24-Jan-95,1808,1855,1806,1839,104386,370074,0,0
23-Jan-95,1839,1846,1809,1810,83845,365437,0,0
20-Jan-95,1826,1852,1821,1842,140273,389853,0,0
19-Jan-95,1838,1850,1830,1836,138369,386567,0,0
18-Jan-95,1826,1853,1818,1851,169968,395793,0,0
17-Jan-95,1793,1834,1793,1832,141012,382722,0,0
16-Jan-95,1746,1790,1741,1788,105099,377534,0,0
13-Jan-95,1754,1767,1746,1752,92043,361438,0,0
12-Jan-95,1771,1777,1758,1772,83514,376603,0,0
11-Jan-95,1746,1775,1743,1772,129747,374808,0,0
10-Jan-95,1738,1750,1727,1737,74788,370785,0,0
09-Jan-95,1758,1764,1739,1740,62223,367193,0,0
06-Jan-95,1785,1802,1762,1767,123644,360584,0,0
05-Jan-95,1753,1777,1749,1772,94002,360411,0,0
04-Jan-95,1738,1765,1735,1748,78103,360523,0,0
03-Jan-95,1770,1774,1741,1744,56028,356785,0,0
30-Dec-94,1773,1784,1765,1776,48471,354416,0,0
29-Dec-94,1784,1796,1770,1772,74853,353347,0,0
28-Dec-94,1756,1792,1756,1779,75478,354091,0,0
27-Dec-94,1728,1768,1728,1764,45351,366471,0,0
23-Dec-94,1700,1740,1700,1735,28759,368746,0,0
22-Dec-94,1707,1714,1703,1709,40454,367811,0,0
21-Dec-94,1708,1718,1695,1702,47811,369063,0,0
20-Dec-94,1701,1715,1696,1702,95866,381270,0,0
19-Dec-94,1683,1700,1681,1694,77623,394029,0,0
16-Dec-94,1667,1700,1658,1686,98767,402127,0,0
15-Dec-94,1693,1701,1675,1683,95746,406100,0,0
14-Dec-94,1710,1722,1697,1706,87462,406188,0,0
13-Dec-94,1687,1700,1678,1691,77555,409083,0,0
12-Dec-94,1701,1727,1682,1691,100166,411314,0,0
09-Dec-94,1725,1736,1699,1713,94587,410020,0,0
08-Dec-94,1695,1718,1692,1712,94332,411421,0,0
07-Dec-94,1650,1700,1642,1687,133313,413284,0,0
06-Dec-94,1688,1702,1672,1694,114937,413611,0,0
05-Dec-94,1694,1698,1658,1685,162832,414060,0,0
02-Dec-94,1768,1773,1683,1699,91337,390705,0,0
01-Dec-94,1805,1812,1781,1782,115973,385862,0,0
30-Nov-94,1793,1814,1785,1805,73094,370629,0,0
29-Nov-94,1805,1815,1791,1805,59254,371943,0,0
28-Nov-94,1812,1819,1798,1812,92343,376993,0,0
23-Nov-94,1774,1819,1774,1815,95298,372753,0,0
22-Nov-94,1756,1784,1751,1782,87004,377281,0,0
21-Nov-94,1785,1794,1746,1756,118732,392621,0,0
18-Nov-94,1770,1775,1746,1755,135819,407293,0,0
17-Nov-94,1736,1777,1733,1766,176014,401464,0,0
16-Nov-94,1758,1765,1724,1737,121570,390401,0,0
15-Nov-94,1755,1766,1735,1758,133093,387205,0,0
14-Nov-94,1795,1808,1741,1747,118378,394843,0,0
11-Nov-94,1820,1824,1795,1804,119129,394791,0,0
10-Nov-94,1788,1834,1783,1819,91296,396801,0,0
09-Nov-94,1835,1849,1814,1816,96910,394076,0,0
08-Nov-94,1822,1860,1812,1858,95497,391881,0,0
07-Nov-94,1856,1860,1826,1839,110638,399513,0,0
04-Nov-94,1902,1919,1872,1876,112758,390669,0,0
03-Nov-94,1880,1901,1869,1890,119866,391760,0,0
02-Nov-94,1857,1895,1849,1893,109114,386874,0,0
01-Nov-94,1827,1869,1827,1868,73050,394928,0,0
31-Oct-94,1816,1831,1798,1819,86944,394721,0,0
28-Oct-94,1817,1834,1806,1823,102660,396108,0,0
27-Oct-94,1810,1825,1805,1815,102660,396108,0,0
26-Oct-94,1768,1797,1768,1795,60800,391060,0,0
25-Oct-94,1745,1760,1735,1758,60800,391060,0,0
24-Oct-94,1738,1758,1738,1745,50107,391623,0,0
21-Oct-94,1763,1774,1732,1738,84249,393818,0,0
20-Oct-94,1752,1775,1744,1762,124868,417233,0,0
19-Oct-94,1743,1762,1737,1751,124868,417233,0,0
18-Oct-94,1738,1753,1731,1735,97898,416044,0,0
17-Oct-94,1718,1735,1703,1722,97898,416044,0,0
14-Oct-94,1717,1726,1702,1709,108903,422568,0,0
13-Oct-94,1725,1742,1690,1722,154220,427877,0,0
12-Oct-94,1768,1775,1713,1719,121385,426719,0,0
11-Oct-94,1800,1806,1761,1770,121385,426719,0,0
10-Oct-94,1845,1850,1797,1799,102902,433068,0,0
07-Oct-94,1838,1870,1821,1826,159900,434882,0,0
06-Oct-94,1803,1830,1803,1825,86167,426028,0,0
05-Oct-94,1796,1804,1785,1801,82979,418597,0,0
04-Oct-94,1817,1834,1806,1808,100776,424564,0,0
03-Oct-94,1830,1843,1816,1819,104086,419881,0,0
30-Sep-94,1810,1842,1806,1839,118798,412467,0,0
29-Sep-94,1773,1803,1772,1798,99750,401395,0,0
28-Sep-94,1741,1770,1741,1768,80205,389132,0,0
27-Sep-94,1758,1779,1745,1755,71236,382200,0,0
26-Sep-94,1778,1799,1753,1767,82672,382793,0,0
23-Sep-94,1763,1788,1754,1783,83807,384681,0,0
22-Sep-94,1715,1775,1710,1767,106385,380040,0,0
21-Sep-94,1716,1744,1712,1722,62573,377170,0,0
20-Sep-94,1743,1747,1720,1731,115471,390244,0,0
19-Sep-94,1691,1740,1685,1739,79447,403878,0,0
16-Sep-94,1685,1707,1685,1700,79447,403878,0,0
15-Sep-94,1696,1702,1681,1685,69563,404480,0,0
14-Sep-94,1678,1696,1658,1671,148702,399939,0,0
13-Sep-94,1730,1740,1697,1712,121303,398502,0,0
12-Sep-94,1753,1757,1735,1739,107446,396952,0,0
09-Sep-94,1763,1789,1751,1753,92584,400842,0,0
08-Sep-94,1788,1795,1756,1767,70938,400087,0,0
07-Sep-94,1765,1783,1763,1781,70938,400087,0,0
06-Sep-94,1715,1768,1715,1762,68406,402535,0,0
02-Sep-94,1743,1755,1730,1752,75715,397387,0,0
01-Sep-94,1766,1782,1735,1747,107853,397628,0,0
31-Aug-94,1747,1785,1742,1756,81790,392303,0,0
30-Aug-94,1750,1763,1732,1745,103170,396478,0,0
29-Aug-94,1709,1787,1698,1763,103170,396478,0,0
26-Aug-94,1752,1760,1710,1714,82372,392926,0,0
25-Aug-94,1747,1762,1726,1752,102407,391867,0,0
24-Aug-94,1720,1765,1711,1749,102407,391867,0,0
23-Aug-94,1702,1725,1693,1709,88004,384231,0,0
22-Aug-94,1763,1768,1675,1690,161794,396335,0,0
19-Aug-94,1775,1792,1751,1754,102364,394757,0,0
18-Aug-94,1800,1820,1765,1772,162749,390477,0,0
17-Aug-94,1768,1815,1750,1811,128634,392257,0,0
16-Aug-94,1822,1838,1769,1773,110320,399556,0,0
15-Aug-94,1796,1836,1796,1820,110320,399556,0,0
12-Aug-94,1857,1864,1795,1805,72806,401020,0,0
11-Aug-94,1890,1910,1860,1866,140423,401029,0,0
10-Aug-94,1911,1925,1874,1896,106930,393982,0,0
09-Aug-94,1938,1947,1918,1930,90936,395962,0,0
08-Aug-94,1962,1967,1935,1942,152056,403208,0,0
05-Aug-94,2027,2038,1905,1931,102632,406724,0,0
04-Aug-94,2015,2032,1970,2014,105956,401678,0,0
03-Aug-94,2023,2039,2007,2010,90537,399448,0,0
02-Aug-94,2030,2045,2005,2014,100998,397671,0,0
01-Aug-94,2066,2098,2052,2055,133449,391841,0,0
29-Jul-94,2005,2044,2004,2030,133449,391841,0,0
28-Jul-94,1948,1984,1940,1977,98300,392391,0,0
27-Jul-94,1940,1965,1935,1946,104071,391628,0,0
26-Jul-94,1942,1946,1906,1921,63350,402768,0,0
25-Jul-94,1938,1953,1927,1941,68006,403283,0,0
22-Jul-94,1946,1967,1943,1961,91569,405144,0,0
21-Jul-94,1905,1945,1905,1939,124952,400245,0,0
20-Jul-94,1929,1938,1910,1921,119328,405984,0,0
19-Jul-94,1892,1926,1886,1923,118246,424005,0,0
18-Jul-94,1955,1960,1929,1951,140456,431657,0,0
15-Jul-94,2007,2010,1976,1989,117539,427369,0,0
14-Jul-94,2025,2042,1997,2018,151185,421504,0,0
13-Jul-94,2037,2060,1990,2015,169580,426564,0,0
12-Jul-94,2045,2074,2021,2043,122885,421519,0,0
11-Jul-94,1966,2020,1966,2018,103231,413331,0,0
08-Jul-94,1923,1966,1911,1948,113875,406702,0,0
07-Jul-94,1929,1948,1908,1912,108730,406199,0,0
06-Jul-94,1954,1972,1923,1924,62865,410621,0,0
05-Jul-94,1933,1969,1931,1962,78425,408760,0,0
01-Jul-94,1945,1968,1938,1953,97419,402328,0,0
30-Jun-94,1884,1950,1875,1937,82035,398509,0,0
29-Jun-94,1910,1933,1878,1883,106455,403464,0,0
28-Jun-94,1898,1930,1867,1927,86670,391942,0,0
27-Jun-94,1934,1954,1890,1901,52550,392863,0,0
24-Jun-94,1939,1946,1915,1932,130692,395011,0,0
23-Jun-94,1923,1945,1904,1942,130692,395011,0,0
22-Jun-94,1956,1974,1930,1937,150444,398325,0,0
21-Jun-94,1965,1992,1923,1938,121164,412111,0,0
20-Jun-94,1965,1978,1945,1971,158908,421499,0,0
17-Jun-94,1894,1985,1887,1979,138803,429032,0,0
16-Jun-94,1993,1995,1957,1991,160973,432405,0,0
15-Jun-94,1892,1995,1888,1986,145162,426520,0,0
14-Jun-94,1879,1906,1877,1895,94072,418698,0,0
13-Jun-94,1842,1890,1829,1879,123837,437105,0,0
10-Jun-94,1870,1889,1846,1848,151119,427461,0,0
09-Jun-94,1825,1871,1820,1867,151676,425095,0,0
08-Jun-94,1768,1840,1758,1834,125939,427206,0,0
07-Jun-94,1801,1804,1763,1775,74285,423238,0,0
06-Jun-94,1818,1820,1791,1811,112444,419868,0,0
03-Jun-94,1807,1824,1791,1812,123514,419923,0,0
02-Jun-94,1836,1850,1808,1823,78884,419941,0,0
01-Jun-94,1825,1834,1819,1821,74846,423626,0,0
31-May-94,1790,1837,1790,1831,69429,410536,0,0
27-May-94,1786,1805,1785,1803,95051,413845,0,0
26-May-94,1768,1777,1749,1774,101930,403553,0,0
25-May-94,1790,1807,1768,1770,86025,399675,0,0
24-May-94,1790,1813,1782,1792,110015,399193,0,0
23-May-94,1812,1857,1800,1806,152411,422204,0,0
20-May-94,1790,1824,1785,1821,123901,428567,0,0
19-May-94,1780,1795,1770,1790,142891,429204,0,0
18-May-94,1755,1802,1746,1799,137073,434942,0,0
17-May-94,1785,1791,1746,1759,100502,439195,0,0
16-May-94,1805,1821,1794,1806,152645,441259,0,0
13-May-94,1828,1854,1813,1821,155802,440392,0,0
12-May-94,1785,1830,1781,1828,145155,446770,0,0
11-May-94,1759,1790,1751,1785,143465,438239,0,0
10-May-94,1771,1790,1752,1761,141002,435599,0,0
09-May-94,1771,1785,1745,1773,146582,438982,0,0
06-May-94,1741,1782,1741,1770,141847,436053,0,0
05-May-94,1684,1730,1683,1729,143264,435684,0,0
04-May-94,1688,1726,1677,1686,109920,428019,0,0
03-May-94,1717,1719,1675,1689,120174,420964,0,0
02-May-94,1688,1732,1688,1716,110738,416363,0,0
29-Apr-94,1653,1695,1636,1690,102584,401198,0,0
28-Apr-94,1672,1690,1653,1657,130061,410938,0,0
26-Apr-94,1722,1728,1679,1691,112693,402261,0,0
25-Apr-94,1701,1727,1685,1724,155719,395535,0,0
22-Apr-94,1661,1717,1658,1714,115338,396091,0,0
21-Apr-94,1630,1665,1616,1663,155074,424055,0,0
20-Apr-94,1612,1642,1605,1632,147013,411908,0,0
19-Apr-94,1634,1634,1608,1612,125359,421428,0,0
18-Apr-94,1655,1677,1643,1665,155691,418932,0,0
15-Apr-94,1622,1660,1598,1658,130096,411618,0,0
14-Apr-94,1594,1626,1583,1623,125004,413548,0,0
13-Apr-94,1569,1602,1569,1597,100847,410531,0,0
12-Apr-94,1587,1599,1564,1575,109919,416431,0,0
11-Apr-94,1557,1596,1552,1587,74415,409405,0,0
08-Apr-94,1553,1563,1542,1557,99205,412175,0,0
07-Apr-94,1574,1592,1548,1558,96669,410699,0,0
06-Apr-94,1569,1580,1546,1577,133822,407466,0,0
05-Apr-94,1570,1580,1540,1574,187993,414537,0,0
04-Apr-94,1475,1585,1465,1579,84484,412143,0,0
31-Mar-94,1438,1490,1423,1479,90034,411100,0,0
30-Mar-94,1440,1444,1408,1438,93723,409735,0,0
29-Mar-94,1406,1434,1405,1432,179442,405238,0,0
28-Mar-94,1446,1446,1390,1408,78567,392956,0,0
25-Mar-94,1510,1525,1497,1513,63639,389816,0,0
24-Mar-94,1489,1510,1489,1508,80148,389215,0,0
23-Mar-94,1515,1515,1488,1490,80148,389215,0,0
22-Mar-94,1522,1536,1505,1516,142242,407540,0,0
21-Mar-94,1480,1527,1480,1523,114368,414797,0,0
18-Mar-94,1480,1492,1462,1484,109728,425246,0,0
17-Mar-94,1501,1514,1480,1482,109728,425246,0,0
16-Mar-94,1481,1510,1468,1506,119339,430022,0,0
15-Mar-94,1445,1489,1443,1483,118750,428774,0,0
14-Mar-94,1444,1460,1427,1449,90295,438852,0,0
11-Mar-94,1420,1446,1420,1444,112599,441394,0,0
10-Mar-94,1412,1425,1401,1414,93879,451558,0,0
09-Mar-94,1413,1426,1413,1418,86558,451532,0,0
08-Mar-94,1410,1424,1396,1410,101764,449138,0,0
07-Mar-94,1435,1435,1407,1410,91509,443123,0,0
04-Mar-94,1469,1469,1451,1457,60703,439130,0,0
03-Mar-94,1476,1480,1454,1475,65619,437799,0,0
02-Mar-94,1474,1483,1463,1476,67708,435821,0,0
01-Mar-94,1448,1476,1441,1467,82245,433012,0,0
28-Feb-94,1450,1481,1446,1448,62553,426247,0,0
25-Feb-94,1478,1481,1443,1457,77014,428509,0,0
24-Feb-94,1433,1489,1426,1477,99132,429787,0,0
23-Feb-94,1439,1458,1438,1441,55691,420920,0,0
22-Feb-94,1420,1454,1420,1439,104976,432390,0,0
18-Feb-94,1430,1446,1420,1424,86110,430003,0,0
17-Feb-94,1412,1467,1408,1430,134670,435229,0,0
16-Feb-94,1400,1432,1390,1393,97698,445445,0,0
15-Feb-94,1411,1430,1397,1406,104561,440902,0,0
14-Feb-94,1478,1490,1410,1413,116108,439748,0,0
11-Feb-94,1456,1479,1455,1472,55820,432096,0,0
10-Feb-94,1460,1472,1430,1456,117110,439680,0,0
09-Feb-94,1520,1525,1450,1460,152689,443250,0,0
08-Feb-94,1530,1540,1517,1521,87855,443356,0,0
07-Feb-94,1558,1563,1515,1525,97336,452386,0,0
04-Feb-94,1592,1600,1561,1563,80236,452639,0,0
03-Feb-94,1595,1634,1585,1589,137928,453651,0,0
02-Feb-94,1588,1610,1577,1604,121515,444053,0,0
01-Feb-94,1520,1595,1520,1592,129244,444964,0,0
31-Jan-94,1536,1558,1510,1519,74872,435113,0,0
28-Jan-94,1542,1550,1513,1534,90141,431606,0,0
27-Jan-94,1540,1570,1537,1542,98036,425463,0,0
26-Jan-94,1524,1559,1524,1547,108301,414058,0,0
25-Jan-94,1515,1530,1506,1517,108316,412836,0,0
24-Jan-94,1493,1525,1476,1517,92406,407296,0,0
21-Jan-94,1489,1506,1481,1494,55988,410970,0,0
20-Jan-94,1515,1530,1492,1496,126138,424235,0,0
19-Jan-94,1496,1536,1495,1521,148505,422089,0,0
18-Jan-94,1506,1523,1487,1502,105461,432392,0,0
17-Jan-94,1478,1529,1478,1510,135825,438902,0,0
14-Jan-94,1457,1516,1457,1478,153360,443141,0,0
13-Jan-94,1433,1456,1428,1451,105652,437967,0,0
12-Jan-94,1481,1505,1431,1433,126460,439585,0,0
11-Jan-94,1465,1494,1456,1485,101807,433155,0,0
10-Jan-94,1540,1540,1464,1467,118256,436152,0,0
07-Jan-94,1540,1546,1523,1532,89163,437420,0,0
06-Jan-94,1534,1561,1505,1542,142619,432437,0,0
05-Jan-94,1465,1542,1465,1534,149144,429740,0,0
04-Jan-94,1455,1472,1435,1467,79949,418474,0,0
03-Jan-94,1411,1465,1411,1456,78475,417264,0,0
30-Dec-93,1444,1448,1413,1417,55320,405502,0,0
29-Dec-93,1411,1447,1406,1444,58995,418553,0,0
28-Dec-93,1412,1422,1396,1411,64215,423152,0,0
27-Dec-93,1448,1467,1407,1413,57866,424790,0,0
23-Dec-93,1475,1480,1444,1448,60031,420788,0,0
22-Dec-93,1440,1483,1438,1477,112927,420282,0,0
21-Dec-93,1440,1454,1433,1436,87054,399943,0,0
20-Dec-93,1450,1463,1430,1438,87400,395384,0,0
17-Dec-93,1455,1477,1440,1442,121804,436903,0,0
16-Dec-93,1477,1495,1460,1465,111213,441204,0,0
15-Dec-93,1450,1458,1437,1441,116604,448663,0,0
14-Dec-93,1450,1487,1422,1452,165125,452469,0,0
13-Dec-93,1506,1520,1450,1452,138003,448560,0,0
10-Dec-93,1464,1512,1460,1507,113988,435968,0,0
09-Dec-93,1458,1485,1447,1463,104272,436487,0,0
08-Dec-93,1456,1470,1440,1459,119588,436189,0,0
07-Dec-93,1455,1503,1455,1470,136926,430840,0,0
06-Dec-93,1474,1510,1456,1457,85918,422708,0,0
03-Dec-93,1494,1506,1472,1497,77804,415527,0,0
02-Dec-93,1544,1553,1486,1495,121437,412160,0,0
01-Dec-93,1548,1554,1531,1548,82055,395457,0,0
30-Nov-93,1530,1565,1512,1543,137740,398441,0,0
29-Nov-93,1553,1560,1510,1531,131212,395702,0,0
24-Nov-93,1662,1697,1616,1638,82914,376229,0,0
23-Nov-93,1710,1717,1655,1663,82914,376229,0,0
22-Nov-93,1703,1731,1703,1710,47861,372798,0,0
19-Nov-93,1705,1728,1700,1706,76966,358234,0,0
18-Nov-93,1742,1747,1705,1710,111904,399923,0,0
17-Nov-93,1673,1719,1656,1704,158139,414772,0,0
16-Nov-93,1676,1695,1664,1677,106025,415588,0,0
15-Nov-93,1670,1685,1662,1676,84773,416097,0,0
12-Nov-93,1690,1702,1642,1672,148877,417749,0,0
11-Nov-93,1653,1709,1638,1690,147240,425389,0,0
10-Nov-93,1666,1685,1653,1655,123312,422417,0,0
09-Nov-93,1670,1695,1650,1666,131686,420157,0,0
08-Nov-93,1705,1709,1667,1671,116605,413061,0,0
05-Nov-93,1738,1771,1707,1709,128932,405028,0,0
04-Nov-93,1745,1753,1725,1740,93068,401862,0,0
03-Nov-93,1710,1758,1676,1749,164001,410527,0,0
02-Nov-93,1746,1755,1698,1712,116506,402985,0,0
01-Nov-93,1690,1745,1690,1743,107382,398190,0,0
29-Oct-93,1733,1733,1685,1692,143315,405672,0,0
28-Oct-93,1765,1778,1735,1737,111730,394571,0,0
27-Oct-93,1751,1767,1749,1765,69269,387802,0,0
26-Oct-93,1753,1770,1741,1754,102431,387084,0,0
25-Oct-93,1807,1809,1749,1751,111848,384024,0,0
22-Oct-93,1837,1843,1802,1807,88288,374772,0,0
21-Oct-93,1842,1857,1833,1835,70493,363050,0,0
20-Oct-93,1826,1844,1817,1842,114370,376392,0,0
19-Oct-93,1823,1838,1823,1826,109699,379927,0,0
18-Oct-93,1830,1847,1822,1825,99598,386476,0,0
15-Oct-93,1858,1864,1829,1838,118838,394499,0,0
14-Oct-93,1862,1864,1841,1850,105153,408154,0,0
13-Oct-93,1865,1871,1856,1864,79087,412879,0,0
12-Oct-93,1875,1883,1867,1871,71095,416401,0,0
11-Oct-93,1858,1879,1858,1877,64793,410404,0,0
08-Oct-93,1845,1857,1838,1855,46800,406973,0,0
07-Oct-93,1838,1857,1836,1849,56681,406936,0,0
06-Oct-93,1839,1870,1835,1842,87935,408859,0,0
05-Oct-93,1835,1860,1824,1839,88373,415038,0,0
04-Oct-93,1876,1909,1830,1842,98136,410429,0,0
01-Oct-93,1872,1876,1859,1863,98461,408089,0,0
30-Sep-93,1870,1895,1854,1879,160466,400624,0,0
29-Sep-93,1796,1880,1796,1867,228569,404245,0,0
28-Sep-93,1776,1802,1765,1796,122653,397103,0,0
27-Sep-93,1754,1805,1754,1773,130662,392348,0,0
24-Sep-93,1775,1778,1753,1757,110142,385801,0,0
23-Sep-93,1750,1769,1725,1763,98035,379566,0,0
22-Sep-93,1790,1810,1746,1759,89843,373214,0,0
21-Sep-93,1790,1826,1755,1798,196159,389561,0,0
20-Sep-93,1739,1795,1739,1793,146659,397797,0,0
17-Sep-93,1719,1738,1717,1737,94566,415183,0,0
16-Sep-93,1686,1699,1676,1683,78111,416165,0,0
15-Sep-93,1692,1697,1672,1686,114179,421596,0,0
14-Sep-93,1695,1718,1676,1696,123398,416746,0,0
13-Sep-93,1668,1702,1668,1695,106290,412494,0,0
10-Sep-93,1697,1705,1636,1676,202969,409775,0,0
09-Sep-93,1703,1717,1691,1697,99750,415752,0,0
08-Sep-93,1710,1720,1694,1703,119557,410377,0,0
07-Sep-93,1776,1776,1692,1707,147764,415358,0,0
03-Sep-93,1792,1801,1770,1773,82069,410245,0,0
02-Sep-93,1786,1810,1782,1797,105984,404871,0,0
01-Sep-93,1805,1832,1785,1797,112457,415707,0,0
31-Aug-93,1864,1873,1815,1829,112492,414150,0,0
30-Aug-93,1880,1905,1862,1873,81661,411698,0,0
27-Aug-93,1836,1883,1833,1880,105281,413196,0,0
26-Aug-93,1831,1840,1817,1836,54178,408945,0,0
25-Aug-93,1835,1851,1818,1832,80279,409416,0,0
24-Aug-93,1853,1857,1832,1835,67217,404312,0,0
23-Aug-93,1830,1856,1830,1853,60668,407209,0,0
20-Aug-93,1820,1843,1809,1829,120480,416402,0,0
19-Aug-93,1805,1826,1803,1815,145382,426858,0,0
18-Aug-93,1835,1843,1803,1813,140237,426901,0,0
17-Aug-93,1824,1848,1822,1835,102626,432440,0,0
16-Aug-93,1805,1818,1777,1786,128619,433574,0,0
13-Aug-93,1816,1832,1801,1814,131689,438338,0,0
12-Aug-93,1788,1820,1779,1818,144176,450245,0,0
11-Aug-93,1753,1792,1751,1788,113343,440474,0,0
10-Aug-93,1763,1764,1736,1752,95691,451871,0,0
09-Aug-93,1727,1771,1720,1755,115853,441276,0,0
06-Aug-93,1753,1766,1725,1727,98535,449429,0,0
05-Aug-93,1780,1782,1748,1757,78762,435777,0,0
04-Aug-93,1783,1788,1773,1780,59040,438524,0,0
03-Aug-93,1794,1799,1768,1785,82823,433573,0,0
02-Aug-93,1763,1804,1763,1797,71791,436687,0,0
30-Jul-93,1810,1810,1786,1788,74905,428436,0,0
29-Jul-93,1820,1835,1802,1812,90585,427368,0,0
28-Jul-93,1850,1852,1817,1823,96976,424788,0,0
27-Jul-93,1812,1844,1807,1842,101230,419884,0,0
26-Jul-93,1768,1812,1768,1807,76771,418078,0,0
23-Jul-93,1765,1787,1752,1775,84276,414848,0,0
22-Jul-93,1793,1804,1746,1763,123105,412517,0,0
21-Jul-93,1764,1809,1763,1793,121129,409293,0,0
20-Jul-93,1823,1826,1763,1784,196811,422382,0,0
19-Jul-93,1731,1830,1706,1825,224012,441007,0,0
16-Jul-93,1787,1804,1740,1749,123623,430280,0,0
15-Jul-93,1765,1798,1750,1792,171676,429593,0,0
14-Jul-93,1808,1808,1745,1749,159477,426582,0,0
13-Jul-93,1810,1833,1804,1813,116574,423996,0,0
12-Jul-93,1795,1815,1795,1810,91644,433385,0,0
09-Jul-93,1770,1798,1760,1789,150537,430430,0,0
08-Jul-93,1809,1812,1755,1779,150228,430622,0,0
07-Jul-93,1828,1839,1788,1802,150228,430622,0,0
06-Jul-93,1806,1844,1803,1829,113285,416781,0,0
02-Jul-93,1845,1845,1785,1795,110889,414237,0,0
01-Jul-93,1885,1885,1832,1845,104348,406595,0,0
30-Jun-93,1899,1914,1883,1885,75839,400405,0,0
29-Jun-93,1890,1913,1890,1901,84081,401793,0,0
28-Jun-93,1890,1902,1883,1890,47237,391927,0,0
25-Jun-93,1890,1901,1882,1884,45427,388196,0,0
24-Jun-93,1903,1913,1883,1889,68374,381314,0,0
23-Jun-93,1876,1898,1871,1886,90913,376670,0,0
22-Jun-93,1885,1905,1876,1882,117688,373682,0,0
21-Jun-93,1906,1918,1890,1891,103295,402865,0,0
18-Jun-93,1887,1909,1882,1897,102626,409314,0,0
17-Jun-93,1927,1932,1889,1900,128722,409399,0,0
16-Jun-93,1898,1920,1898,1917,110693,409078,0,0
15-Jun-93,1860,1876,1855,1858,108760,411576,0,0
14-Jun-93,1889,1903,1887,1889,89540,412308,0,0
11-Jun-93,1908,1916,1883,1898,152795,410236,0,0
10-Jun-93,1965,1968,1925,1928,113705,409413,0,0
09-Jun-93,1953,1973,1951,1964,88043,398657,0,0
08-Jun-93,1964,1989,1958,1965,104226,390835,0,0
07-Jun-93,1970,1972,1937,1954,101315,396012,0,0
04-Jun-93,1977,1988,1974,1977,55363,387769,0,0
03-Jun-93,2003,2009,1970,1974,89730,385207,0,0
02-Jun-93,2017,2025,2002,2003,62133,379274,0,0
01-Jun-93,1997,2027,1995,2024,65890,387855,0,0
28-May-93,2009,2016,2000,2002,31576,213925,0,0
27-May-93,1990,2013,1985,2006,68548,387763,0,0
26-May-93,1982,1990,1975,1989,61537,382382,0,0
25-May-93,1971,1993,1971,1990,70272,378729,0,0
24-May-93,1990,1994,1970,1972,53384,378208,0,0
21-May-93,1980,1995,1980,1988,56721,371545,0,0
20-May-93,1946,1992,1946,1984,153467,378298,0,0
19-May-93,1966,1978,1959,1961,128709,384180,0,0
18-May-93,1987,1989,1965,1967,126450,381764,0,0
17-May-93,1945,1952,1936,1951,100828,387039,0,0
14-May-93,1980,1983,1939,1948,177064,404163,0,0
13-May-93,2011,2014,1977,1978,118548,392240,0,0
12-May-93,2036,2039,2018,2020,84435,386055,0,0
11-May-93,2038,2042,2031,2034,49782,388713,0,0
10-May-93,2045,2056,2043,2044,57705,389468,0,0
07-May-93,2053,2060,2040,2044,50515,385752,0,0
06-May-93,2053,2063,2046,2047,57357,380934,0,0
05-May-93,2030,2050,2029,2046,65480,380773,0,0
04-May-93,2058,2066,2037,2039,67866,379711,0,0
03-May-93,2050,2060,2044,2057,31229,376770,0,0
30-Apr-93,2056,2061,2047,2053,78210,378498,0,0
29-Apr-93,2027,2060,2026,2058,96060,380717,0,0
28-Apr-93,2018,2022,2013,2019,26017,370889,0,0
27-Apr-93,2024,2028,2015,2018,31401,373185,0,0
26-Apr-93,2033,2038,2025,2030,31015,373874,0,0
23-Apr-93,2013,2035,2004,2034,78839,375781,0,0
22-Apr-93,2035,2035,2006,2015,85487,370863,0,0
21-Apr-93,2044,2045,2033,2037,49936,363982,0,0
20-Apr-93,2026,2037,2021,2032,110171,370442,0,0
19-Apr-93,2027,2039,2023,2029,95955,380596,0,0
16-Apr-93,2040,2043,2030,2038,74830,387399,0,0
15-Apr-93,2063,2066,2040,2042,76943,387081,0,0
14-Apr-93,2048,2066,2043,2060,87581,388616,0,0
13-Apr-93,2066,2073,2058,2066,65006,383852,0,0
12-Apr-93,2017,2051,2015,2046,67569,386330,0,0
08-Apr-93,2040,2040,2006,2022,92586,386328,0,0
07-Apr-93,2038,2040,2027,2037,60080,385802,0,0
06-Apr-93,2044,2046,2022,2030,82317,389399,0,0
05-Apr-93,2069,2075,2049,2062,63878,390819,0,0
02-Apr-93,2059,2067,2043,2065,77793,401974,0,0
01-Apr-93,2048,2065,2041,2052,96322,392542,0,0
31-Mar-93,2033,2047,2031,2044,93408,384469,0,0
30-Mar-93,2027,2032,2017,2028,73489,380352,0,0
29-Mar-93,2031,2055,2025,2029,80802,374281,0,0
26-Mar-93,2028,2045,2024,2041,58097,368395,0,0
25-Mar-93,2022,2042,2018,2041,67923,366177,0,0
24-Mar-93,2016,2030,2015,2024,69686,368005,0,0
23-Mar-93,1985,2005,1976,2003,70617,369858,0,0
22-Mar-93,2022,2024,1974,1976,135349,374827,0,0
19-Mar-93,2048,2060,2019,2022,110429,383174,0,0
18-Mar-93,2037,2045,2029,2044,75705,387881,0,0
17-Mar-93,2017,2045,2012,2030,101134,390398,0,0
16-Mar-93,2018,2031,2013,2026,99472,389346,0,0
15-Mar-93,2052,2054,2012,2016,83899,392084,0,0
12-Mar-93,2030,2038,2016,2029,84973,396161,0,0
11-Mar-93,2040,2043,2001,2013,116721,398938,0,0
10-Mar-93,2083,2088,2030,2039,88479,404379,0,0
09-Mar-93,2065,2077,2058,2068,57117,397385,0,0
08-Mar-93,2080,2083,2061,2071,64360,401427,0,0
05-Mar-93,2109,2114,2090,2093,81003,396644,0,0
04-Mar-93,2068,2109,2061,2107,104127,391854,0,0
03-Mar-93,2054,2055,2045,2048,50739,386392,0,0
02-Mar-93,2045,2051,2041,2047,40501,382212,0,0
01-Mar-93,2064,2075,2040,2060,77669,0,0,0
26-Feb-93,2050,2075,2040,2060,77669,380366,0,0
25-Feb-93,2063,2070,2039,2061,89571,375073,0,0
24-Feb-93,2048,2056,2030,2053,88759,370680,0,0
23-Feb-93,2057,2064,2037,2048,106198,364313,0,0
22-Feb-93,2005,2028,2003,2024,131179,369284,0,0
19-Feb-93,1967,1991,1963,1980,132277,370157,0,0
18-Feb-93,1927,1964,1921,1953,121607,372715,0,0
17-Feb-93,1957,1964,1925,1936,125759,375971,0,0
16-Feb-93,1970,1993,1950,1953,100721,376169,0,0
12-Feb-93,2030,2032,1996,1998,100903,379656,0,0
11-Feb-93,2020,2031,2012,2026,62995,379661,0,0
10-Feb-93,2026,2045,2016,2018,93200,376708,0,0
09-Feb-93,2005,2009,1992,2005,69160,372301,0,0
08-Feb-93,2014,2026,2005,2008,65456,367110,0,0
05-Feb-93,2021,2036,2009,2021,88890,364827,0,0
04-Feb-93,2002,2041,2002,2030,94446,365586,0,0
03-Feb-93,2008,2008,1986,1993,71686,354666,0,0
02-Feb-93,2028,2034,1993,2000,81466,350032,0,0
01-Feb-93,2040,2046,2017,2031,72982,347393,0,0
29-Jan-93,2034,2050,2014,2026,118395,344910,0,0
28-Jan-93,1961,2075,1960,2041,199418,347623,0,0
27-Jan-93,1962,1970,1947,1966,75313,335761,0,0
26-Jan-93,1960,1980,1954,1964,99150,334343,0,0
25-Jan-93,1917,1968,1917,1966,111567,341917,0,0
22-Jan-93,1885,1888,1874,1883,61354,344124,0,0
21-Jan-93,1856,1884,1855,1881,72757,342890,0,0
20-Jan-93,1845,1868,1842,1850,127880,353824,0,0
19-Jan-93,1888,1890,1868,1870,114638,360300,0,0
18-Jan-93,1915,1915,1890,1899,102621,366889,0,0
15-Jan-93,1889,1916,1889,1903,120063,368227,0,0
14-Jan-93,1860,1877,1845,1870,111918,364292,0,0
13-Jan-93,1845,1884,1815,1850,166215,368918,0,0
12-Jan-93,1870,1871,1830,1838,135170,368310,0,0
11-Jan-93,1898,1902,1876,1878,69128,361367,0,0
08-Jan-93,1903,1911,1880,1888,86412,361888,0,0
07-Jan-93,1915,1922,1892,1895,101356,350579,0,0
06-Jan-93,1904,1909,1892,1904,82143,348150,0,0
05-Jan-93,1907,1928,1891,1926,90925,342772,0,0
04-Jan-93,1946,1949,1900,1904,81511,335427,0,0
31-Dec-92,1961,1965,1948,1950,19509,331827,0,0
30-Dec-92,1955,1962,1953,1959,35714,331623,0,0
29-Dec-92,1978,1980,1959,1964,38622,332556,0,0
28-Dec-92,2003,2008,1977,1982,33059,330892,0,0
23-Dec-92,1990,1999,1984,1995,46403,331717,0,0
22-Dec-92,1986,1994,1980,1984,59411,326907,0,0
21-Dec-92,1993,2002,1976,1998,49622,317834,0,0
18-Dec-92,1983,1997,1973,1990,130025,337260,0,0
17-Dec-92,1958,1993,1940,1990,129142,345858,0,0
16-Dec-92,1920,1958,1918,1957,133361,349599,0,0
15-Dec-92,1912,1921,1908,1910,85591,348012,0,0
14-Dec-92,1898,1919,1888,1909,88662,344227,0,0
11-Dec-92,1946,1947,1902,1909,81570,339384,0,0
10-Dec-92,1898,1931,1897,1928,97686,333673,0,0
09-Dec-92,1865,1896,1865,1884,117989,333451,0,0
08-Dec-92,1915,1931,1880,1884,116606,326158,0,0
07-Dec-92,1882,1925,1877,1918,104473,322174,0,0
04-Dec-92,1925,1936,1893,1894,86216,319080,0,0
03-Dec-92,1932,1940,1902,1908,114704,314392,0,0
02-Dec-92,1945,1954,1936,1945,89712,309759,0,0
01-Dec-92,1980,1987,1948,1951,107225,302684,0,0
30-Nov-92,2030,2041,1985,1989,77466,293266,0,0
25-Nov-92,2023,2032,2018,2027,45787,289528,0,0
24-Nov-92,2022,2033,2012,2022,57702,290541,0,0
23-Nov-92,2028,2036,2017,2020,54216,290932,0,0
20-Nov-92,2058,2068,2043,2056,99687,299312,0,0
19-Nov-92,2026,2070,2024,2057,106076,305554,0,0
18-Nov-92,2036,2038,2016,2018,81423,309567,0,0
17-Nov-92,2043,2044,2018,2029,71132,311531,0,0
16-Nov-92,2008,2041,2002,2037,90602,318408,0,0
13-Nov-92,2005,2023,2000,2008,91967,321767,0,0
12-Nov-92,2041,2042,2015,2021,83893,325906,0,0
11-Nov-92,2050,2059,2043,2047,62614,320769,0,0
10-Nov-92,2068,2075,2045,2047,81666,324071,0,0
09-Nov-92,2035,2072,2021,2062,66989,319613,0,0
06-Nov-92,2062,2062,2027,2030,87742,322212,0,0
05-Nov-92,2015,2067,2009,2064,129007,314983,0,0
04-Nov-92,2040,2041,2017,2033,120755,307871,0,0
03-Nov-92,2085,2087,2064,2070,62284,297886,0,0
02-Nov-92,2073,2082,2054,2077,62683,296814,0,0
30-Oct-92,2057,2068,2043,2062,114307,298028,0,0
29-Oct-92,2108,2111,2062,2071,109566,296631,0,0
28-Oct-92,2088,2114,2074,2112,100896,290402,0,0
27-Oct-92,2135,2138,2098,2102,94070,290652,0,0
26-Oct-92,2108,2128,2106,2127,67436,283390,0,0
23-Oct-92,2145,2145,2115,2119,86453,281549,0,0
22-Oct-92,2157,2168,2129,2135,104698,282055,0,0
21-Oct-92,2197,2198,2151,2161,115715,285594,0,0
20-Oct-92,2204,2215,2200,2205,106387,306600,0,0
19-Oct-92,2225,2230,2208,2209,93171,319553,0,0
16-Oct-92,2226,2237,2216,2219,80954,316706,0,0
15-Oct-92,2215,2230,2215,2225,80467,316772,0,0
14-Oct-92,2200,2210,2196,2201,67602,311729,0,0
13-Oct-92,2216,2229,2199,2201,68174,306571,0,0
12-Oct-92,2230,2233,2222,2230,49940,313594,0,0
09-Oct-92,2210,2242,2209,2237,129369,320394,0,0
08-Oct-92,2197,2204,2196,2199,55555,302021,0,0
07-Oct-92,2188,2194,2188,2189,32610,302701,0,0
06-Oct-92,2177,2185,2172,2181,44947,302020,0,0
05-Oct-92,2187,2190,2168,2177,63660,300855,0,0
02-Oct-92,2183,2198,2178,2192,59853,299426,0,0
01-Oct-92,2177,2188,2176,2183,61361,302481,0,0
30-Sep-92,2165,2176,2154,2171,74705,300520,0,0
29-Sep-92,2173,2181,2162,2167,54710,301629,0,0
28-Sep-92,2173,2179,2167,2176,38555,302828,0,0
25-Sep-92,2175,2184,2165,2168,51675,304208,0,0
24-Sep-92,2194,2197,2176,2179,63560,306353,0,0
23-Sep-92,2176,2205,2172,2200,73516,309955,0,0
22-Sep-92,2184,2191,2175,2178,98448,317620,0,0
21-Sep-92,2169,2179,2167,2175,71411,321634,0,0
18-Sep-92,2190,2194,2173,2175,96737,321928,0,0
17-Sep-92,2211,2214,2180,2201,154156,325533,0,0
16-Sep-92,2206,2240,2201,2239,94488,320897,0,0
15-Sep-92,2225,2227,2215,2218,62109,320604,0,0
14-Sep-92,2209,2234,2208,2231,88606,317111,0,0
11-Sep-92,2195,2202,2187,2201,54643,322154,0,0
10-Sep-92,2205,2208,2181,2193,85181,322871,0,0
09-Sep-92,2193,2200,2185,2199,54233,319340,0,0
08-Sep-92,2190,2198,2184,2196,60984,317044,0,0
04-Sep-92,2164,2180,2163,2177,39366,312834,0,0
03-Sep-92,2163,2172,2159,2167,46709,314906,0,0
02-Sep-92,2165,2177,2158,2169,81218,313111,0,0
01-Sep-92,2140,2168,2139,2164,84146,308943,0,0
31-Aug-92,2135,2158,2134,2148,64425,311920,0,0
28-Aug-92,2116,2134,2114,2131,50885,312283,0,0
27-Aug-92,2131,2134,2106,2113,58370,309732,0,0
26-Aug-92,2110,2138,2102,2121,70139,305293,0,0
25-Aug-92,2155,2161,2113,2115,104280,304026,0,0
24-Aug-92,2120,2155,2120,2154,85553,299374,0,0
21-Aug-92,2130,2134,2100,2108,52984,298268,0,0
20-Aug-92,2110,2131,2106,2125,98026,306330,0,0
19-Aug-92,2130,2131,2117,2118,81960,314983,0,0
18-Aug-92,2136,2141,2128,2132,75348,318732,0,0
17-Aug-92,2120,2138,2114,2135,60819,326045,0,0
14-Aug-92,2128,2132,2120,2122,46921,324192,0,0
13-Aug-92,2118,2128,2109,2127,53667,324354,0,0
12-Aug-92,2098,2107,2090,2102,64903,325118,0,0
11-Aug-92,2092,2102,2085,2091,89357,324168,0,0
10-Aug-92,2107,2117,2095,2103,76983,324654,0,0
07-Aug-92,2145,2150,2112,2122,73277,323560,0,0
06-Aug-92,2123,2149,2119,2142,82457,326345,0,0
05-Aug-92,2127,2139,2113,2118,81316,325357,0,0
04-Aug-92,2146,2148,2126,2135,99241,318722,0,0
03-Aug-92,2180,2183,2156,2158,51493,312128,0,0
31-Jul-92,2169,2191,2166,2187,61969,310133,0,0
30-Jul-92,2189,2192,2180,2183,49141,306518,0,0
29-Jul-92,2196,2212,2193,2200,54122,313184,0,0
28-Jul-92,2208,2212,2195,2205,54947,315570,0,0
27-Jul-92,2176,2206,2174,2204,58430,317148,0,0
24-Jul-92,2208,2217,2185,2198,90037,315974,0,0
23-Jul-92,2189,2200,2184,2196,77010,317803,0,0
22-Jul-92,2166,2187,2166,2184,91789,312450,0,0
21-Jul-92,2163,2173,2138,2155,134544,331298,0,0
20-Jul-92,2132,2164,2128,2161,89325,335640,0,0
17-Jul-92,2168,2175,2140,2146,89691,347032,0,0
16-Jul-92,2166,2170,2155,2167,73300,343602,0,0
15-Jul-92,2129,2163,2128,2160,92856,343572,0,0
14-Jul-92,2141,2144,2128,2136,67930,346174,0,0
13-Jul-92,2137,2145,2112,2136,91429,346785,0,0
10-Jul-92,2156,2161,2120,2128,79277,346637,0,0
09-Jul-92,2129,2145,2126,2140,92677,346750,0,0
08-Jul-92,2138,2150,2115,2141,111373,343151,0,0
07-Jul-92,2148,2155,2125,2140,128361,341082,0,0
06-Jul-92,2198,2205,2185,2189,50885,340465,0,0
02-Jul-92,2190,2212,2182,2210,63777,338736,0,0
01-Jul-92,2177,2187,2162,2186,83738,342114,0,0
30-Jun-92,2207,2215,2156,2160,137737,341659,0,0
29-Jun-92,2255,2261,2222,2224,62873,348072,0,0
26-Jun-92,2265,2275,2240,2244,68494,349184,0,0
25-Jun-92,2273,2292,2255,2258,77628,350989,0,0
24-Jun-92,2283,2295,2275,2289,98894,354680,0,0
23-Jun-92,2255,2262,2248,2259,68407,346960,0,0
22-Jun-92,2203,2253,2191,2248,155441,360694,0,0
19-Jun-92,2224,2244,2222,2235,111503,359096,0,0
18-Jun-92,2232,2240,2226,2233,72391,364479,0,0
17-Jun-92,2215,2236,2212,2234,88638,370204,0,0
16-Jun-92,2230,2237,2217,2230,77976,372146,0,0
15-Jun-92,2225,2241,2225,2236,69549,377174,0,0
12-Jun-92,2221,2239,2218,2230,77195,388607,0,0
11-Jun-92,2258,2263,2233,2235,97025,389313,0,0
10-Jun-92,2208,2258,2203,2251,95459,379179,0,0
09-Jun-92,2236,2238,2227,2232,65425,377107,0,0
08-Jun-92,2242,2246,2230,2244,73405,372199,0,0
05-Jun-92,2265,2270,2245,2262,109534,372636,0,0
04-Jun-92,2238,2250,2228,2248,76990,365700,0,0
03-Jun-92,2235,2257,2235,2243,135225,363125,0,0
02-Jun-92,2189,2217,2186,2211,77033,351769,0,0
01-Jun-92,2214,2231,2198,2203,100930,351350,0,0
29-May-92,2176,2214,2176,2211,81139,351234,0,0
28-May-92,2183,2196,2175,2195,73642,344363,0,0
27-May-92,2188,2221,2180,2192,138237,342480,0,0
26-May-92,2150,2202,2150,2200,157486,332415,0,0
22-May-92,2084,2097,2069,2094,75138,322997,0,0
21-May-92,2057,2092,2048,2090,99598,329797,0,0
20-May-92,2040,2047,2027,2040,79102,310311,0,0
19-May-92,2052,2056,2032,2035,144482,318476,0,0
18-May-92,2080,2083,2070,2071,104602,329964,0,0
15-May-92,2062,2093,2062,2086,83574,334622,0,0
14-May-92,2081,2085,2067,2068,95521,335808,0,0
13-May-92,2108,2111,2087,2090,94610,340239,0,0
12-May-92,2101,2107,2082,2096,91696,336935,0,0
11-May-92,2091,2101,2080,2100,60806,337234,0,0
08-May-92,2074,2091,2072,2086,63847,341790,0,0
07-May-92,2064,2083,2060,2071,82122,345043,0,0
06-May-92,2084,2102,2066,2077,99687,345192,0,0
05-May-92,2103,2120,2077,2080,99138,337760,0,0
04-May-92,2075,2115,2075,2112,83097,338870,0,0
01-May-92,2090,2094,2072,2085,69688,334174,0,0
30-Apr-92,2067,2092,2065,2085,77446,330233,0,0
29-Apr-92,2021,2079,2015,2077,110499,327496,0,0
28-Apr-92,2032,2045,2032,2041,55425,321971,0,0
27-Apr-92,2027,2033,2018,2029,38402,322234,0,0
24-Apr-92,2008,2030,2002,2022,60578,321502,0,0
23-Apr-92,2018,2023,1985,2011,92975,320081,0,0
22-Apr-92,2024,2030,1997,2011,87058,318991,0,0
21-Apr-92,2033,2049,2033,2044,95657,329360,0,0
20-Apr-92,2033,2044,2020,2043,89037,341680,0,0
16-Apr-92,2008,2044,2008,2038,106722,345316,0,0
15-Apr-92,1992,2004,1975,1998,101269,354691,0,0
14-Apr-92,2023,2037,1982,1986,115539,356286,0,0
13-Apr-92,2058,2062,2016,2022,98110,360729,0,0
10-Apr-92,2036,2046,2019,2044,61125,367046,0,0
09-Apr-92,2052,2060,2015,2031,118314,366131,0,0
08-Apr-92,2040,2067,2040,2062,114410,358516,0,0
07-Apr-92,2033,2040,2021,2023,61186,347875,0,0
06-Apr-92,2028,2050,2026,2045,88953,346943,0,0
03-Apr-92,1998,2032,1993,2029,117542,341540,0,0
02-Apr-92,1975,1992,1970,1980,93977,329491,0,0
01-Apr-92,1967,1985,1958,1984,96392,327785,0,0
31-Mar-92,1924,1949,1922,1944,77919,317914,0,0
30-Mar-92,1921,1927,1914,1925,51740,310277,0,0
27-Mar-92,1933,1934,1905,1916,68749,306501,0,0
26-Mar-92,1930,1935,1925,1928,51692,301784,0,0
25-Mar-92,1922,1932,1913,1919,56662,297828,0,0
24-Mar-92,1916,1924,1910,1922,45585,295133,0,0
23-Mar-92,1913,1919,1903,1913,34396,293739,0,0
20-Mar-92,1950,1953,1902,1909,126120,309568,0,0
19-Mar-92,1917,1949,1910,1947,92620,319825,0,0
18-Mar-92,1932,1933,1917,1921,58797,320319,0,0
17-Mar-92,1925,1950,1918,1935,94338,325794,0,0
16-Mar-92,1915,1924,1902,1915,80255,327998,0,0
13-Mar-92,1893,1919,1890,1918,107194,329872,0,0
12-Mar-92,1857,1886,1844,1883,82219,328424,0,0
11-Mar-92,1867,1868,1843,1850,89723,324662,0,0
10-Mar-92,1861,1878,1860,1869,67698,318917,0,0
09-Mar-92,1855,1870,1847,1867,71743,321676,0,0
06-Mar-92,1865,1867,1840,1851,68891,320257,0,0
05-Mar-92,1861,1885,1851,1855,86007,324084,0,0
04-Mar-92,1864,1867,1852,1863,60095,317344,0,0
03-Mar-92,1836,1870,1827,1864,82922,325900,0,0
02-Mar-92,1858,1861,1832,1834,55737,324651,0,0
28-Feb-92,1869,1871,1860,1868,33637,323553,0,0
27-Feb-92,1858,1876,1855,1875,69027,322733,0,0
26-Feb-92,1828,1850,1826,1846,63840,320295,0,0
25-Feb-92,1830,1852,1813,1848,92430,320538,0,0
24-Feb-92,1850,1855,1829,1843,69973,319296,0,0
21-Feb-92,1867,1884,1860,1866,62127,319945,0,0
20-Feb-92,1877,1886,1860,1874,95460,329803,0,0
19-Feb-92,1845,1874,1828,1871,125048,336817,0,0
18-Feb-92,1850,1873,1820,1827,132482,341967,0,0
14-Feb-92,1995,1995,1940,1963,103519,347346,0,0
13-Feb-92,1970,1986,1950,1984,98389,346475,0,0
12-Feb-92,1938,1950,1905,1927,92164,344280,0,0
11-Feb-92,1970,1970,1920,1928,97049,341034,0,0
10-Feb-92,1998,2008,1976,1978,87740,339466,0,0
07-Feb-92,1953,1990,1950,1987,76263,336314,0,0
06-Feb-92,1954,1969,1946,1950,83918,333072,0,0
05-Feb-92,1925,1958,1920,1950,99326,325893,0,0
04-Feb-92,1894,1935,1888,1927,94387,322967,0,0
03-Feb-92,1895,1902,1887,1896,43089,317173,0,0
31-Jan-92,1896,1907,1877,1890,52819,314650,0,0
30-Jan-92,1885,1900,1861,1894,70397,317869,0,0
29-Jan-92,1915,1923,1876,1889,106281,316583,0,0
28-Jan-92,1923,1932,1911,1917,59995,313035,0,0
27-Jan-92,1910,1937,1907,1936,88200,313679,0,0
24-Jan-92,1886,1905,1881,1900,58690,303892,0,0
23-Jan-92,1897,1915,1870,1872,81825,300875,0,0
22-Jan-92,1862,1895,1849,1894,99149,297988,0,0
21-Jan-92,1901,1907,1862,1872,111782,310108,0,0
20-Jan-92,1922,1933,1903,1904,89912,318244,0,0
17-Jan-92,1925,1933,1894,1929,107432,323068,0,0
16-Jan-92,1920,1939,1886,1904,137822,325541,0,0
15-Jan-92,1852,1910,1852,1900,118490,319206,0,0
14-Jan-92,1862,1890,1845,1847,92219,314142,0,0
13-Jan-92,1850,1890,1850,1879,112783,322083,0,0
10-Jan-92,1790,1830,1790,1823,100384,322145,0,0
09-Jan-92,1785,1823,1772,1786,109769,317662,0,0
08-Jan-92,1853,1865,1783,1787,137932,313502,0,0
07-Jan-92,1931,1942,1866,1869,108648,302730,0,0
06-Jan-92,1895,1945,1895,1921,77397,292957,0,0
03-Jan-92,1959,1978,1916,1923,97175,289010,0,0
02-Jan-92,1910,1952,1910,1949,68729,286319,0,0
31-Dec-91,1845,1915,1845,1912,44610,285921,0,0
30-Dec-91,1889,1902,1856,1865,42462,282287,0,0
27-Dec-91,1865,1879,1839,1876,57159,283419,0,0
26-Dec-91,1898,1902,1831,1850,50546,281355,0,0
24-Dec-91,1895,1914,1888,1897,36795,277882,0,0
23-Dec-91,1857,1885,1830,1878,65805,276675,0,0
20-Dec-91,1910,1915,1850,1852,94939,261643,0,0
19-Dec-91,1950,1958,1905,1912,102547,268355,0,0
18-Dec-91,1941,1958,1931,1933,77095,284836,0,0
17-Dec-91,1951,1960,1936,1941,111702,288516,0,0
16-Dec-91,1990,1999,1962,1974,79953,295819,0,0
13-Dec-91,2015,2045,2003,2005,110658,299800,0,0
12-Dec-91,1979,1999,1955,1996,121554,300813,0,0
11-Dec-91,1900,1992,1890,1951,154478,302770,0,0
10-Dec-91,1958,1970,1915,1941,129652,295848,0,0
09-Dec-91,1985,1992,1930,1942,125639,292482,0,0
06-Dec-91,2045,2053,2002,2004,103303,282477,0,0
05-Dec-91,2086,2093,2033,2039,108288,276428,0,0
04-Dec-91,2065,2082,2038,2076,114920,278727,0,0
03-Dec-91,2111,2128,2048,2051,149524,280879,0,0
02-Dec-91,2135,2144,2106,2108,72652,274867,0,0
29-Nov-91,2155,2172,2145,2148,34883,272277,0,0
27-Nov-91,2120,2139,2105,2135,75041,273515,0,0
26-Nov-91,2120,2158,2099,2102,113054,268537,0,0
25-Nov-91,2138,2143,2112,2142,75485,270521,0,0
22-Nov-91,2166,2182,2117,2121,128011,274154,0,0
21-Nov-91,2210,2220,2177,2178,67001,265712,0,0
20-Nov-91,2175,2211,2172,2199,119963,285908,0,0
19-Nov-91,2210,2232,2195,2198,110164,296965,0,0
18-Nov-91,2270,2273,2215,2225,85484,300561,0,0
15-Nov-91,2245,2297,2238,2279,122050,301865,0,0
14-Nov-91,2215,2255,2202,2252,131590,293984,0,0
13-Nov-91,2270,2282,2232,2235,96174,301146,0,0
12-Nov-91,2265,2269,2233,2250,126214,303886,0,0
11-Nov-91,2300,2302,2252,2258,135440,303650,0,0
08-Nov-91,2320,2332,2299,2301,93615,313242,0,0
07-Nov-91,2349,2359,2311,2320,104925,309989,0,0
06-Nov-91,2360,2371,2338,2340,117370,310300,0,0
05-Nov-91,2367,2394,2362,2378,97992,308250,0,0
04-Nov-91,2386,2403,2366,2380,107690,303154,0,0
01-Nov-91,2352,2385,2349,2382,98570,297759,0,0
31-Oct-91,2321,2338,2311,2337,56500,290964,0,0
30-Oct-91,2325,2338,2308,2311,79348,290009,0,0
29-Oct-91,2313,2329,2306,2311,68959,287865,0,0
28-Oct-91,2298,2330,2289,2321,73965,287716,0,0
25-Oct-91,2358,2369,2309,2312,89905,292167,0,0
24-Oct-91,2302,2353,2299,2349,98876,289710,0,0
23-Oct-91,2351,2354,2323,2326,90465,292985,0,0
22-Oct-91,2365,2372,2354,2365,108981,298718,0,0
21-Oct-91,2375,2394,2364,2393,108051,304775,0,0
18-Oct-91,2379,2391,2373,2387,92633,310114,0,0
17-Oct-91,2378,2396,2372,2393,92370,305296,0,0
16-Oct-91,2380,2400,2342,2367,133188,309246,0,0
15-Oct-91,2356,2389,2338,2386,132211,305524,0,0
14-Oct-91,2322,2348,2322,2346,67102,304827,0,0
11-Oct-91,2290,2312,2290,2309,64170,311079,0,0
10-Oct-91,2298,2308,2286,2298,78584,304380,0,0
09-Oct-91,2313,2333,2305,2316,126449,304871,0,0
08-Oct-91,2295,2300,2275,2299,101325,305483,0,0
07-Oct-91,2253,2300,2253,2298,96692,302346,0,0
04-Oct-91,2253,2273,2253,2261,73550,294114,0,0
03-Oct-91,2252,2270,2252,2267,95757,297273,0,0
02-Oct-91,2207,2240,2205,2233,72627,287301,0,0
01-Oct-91,2213,2225,2206,2222,54669,287370,0,0
30-Sep-91,2225,2232,2219,2223,53568,288566,0,0
27-Sep-91,2223,2245,2221,2232,80433,283926,0,0
26-Sep-91,2223,2225,2202,2221,74296,278269,0,0
25-Sep-91,2215,2227,2190,2221,101429,276167,0,0
24-Sep-91,2200,2236,2191,2219,126592,265276,0,0
23-Sep-91,2192,2218,2191,2207,81573,258929,0,0
20-Sep-91,2169,2187,2161,2179,103883,267878,0,0
19-Sep-91,2169,2173,2162,2166,75988,259100,0,0
18-Sep-91,2175,2188,2174,2176,74166,261908,0,0
17-Sep-91,2177,2180,2151,2162,77846,261862,0,0
16-Sep-91,2176,2184,2166,2182,71319,259252,0,0
13-Sep-91,2165,2177,2155,2168,70057,263254,0,0
12-Sep-91,2167,2175,2152,2153,73512,256566,0,0
11-Sep-91,2147,2165,2127,2164,88123,256376,0,0
10-Sep-91,2148,2154,2137,2141,52563,257940,0,0
09-Sep-91,2140,2144,2125,2133,76040,254040,0,0
06-Sep-91,2175,2182,2148,2157,66965,257443,0,0
05-Sep-91,2172,2178,2166,2169,69650,258031,0,0
04-Sep-91,2210,2211,2178,2181,86677,260046,0,0
03-Sep-91,2215,2225,2206,2224,31728,258767,0,0
30-Aug-91,2212,2228,2206,2226,52438,257634,0,0
29-Aug-91,2183,2203,2178,2197,46037,256560,0,0
28-Aug-91,2191,2194,2170,2174,51886,257607,0,0
27-Aug-91,2193,2203,2187,2198,38976,254626,0,0
26-Aug-91,2188,2200,2185,2197,33435,252780,0,0
23-Aug-91,2180,2185,2171,2181,48782,253004,0,0
22-Aug-91,2155,2174,2150,2172,55123,253727,0,0
21-Aug-91,2160,2183,2148,2155,81887,254571,0,0
20-Aug-91,2235,2287,2228,2240,158072,269345,0,0
19-Aug-91,2290,2310,2205,2243,172123,269859,0,0
16-Aug-91,2142,2148,2124,2128,50602,271146,0,0
15-Aug-91,2130,2146,2117,2143,72905,275212,0,0
14-Aug-91,2148,2148,2120,2128,92087,277621,0,0
13-Aug-91,2164,2164,2151,2158,55265,275118,0,0
12-Aug-91,2171,2182,2160,2169,62530,276412,0,0
09-Aug-91,2153,2180,2143,2162,58611,278774,0,0
08-Aug-91,2150,2172,2146,2158,92928,275308,0,0
07-Aug-91,2141,2158,2106,2136,107334,272275,0,0
06-Aug-91,2153,2155,2127,2137,63495,269673,0,0
05-Aug-91,2137,2159,2133,2147,51668,273230,0,0
02-Aug-91,2135,2146,2122,2132,62319,275314,0,0
01-Aug-91,2161,2184,2125,2127,79738,276634,0,0
31-Jul-91,2160,2174,2157,2168,70665,268247,0,0
30-Jul-91,2120,2150,2118,2142,69367,266241,0,0
29-Jul-91,2156,2157,2128,2135,43545,265261,0,0
26-Jul-91,2156,2164,2147,2148,39315,267958,0,0
25-Jul-91,2145,2158,2132,2146,66228,270767,0,0
24-Jul-91,2127,2155,2110,2152,84721,268017,0,0
23-Jul-91,2155,2159,2126,2132,107961,270751,0,0
22-Jul-91,2200,2204,2175,2187,100611,279136,0,0
19-Jul-91,2187,2220,2177,2217,114899,287226,0,0
18-Jul-91,2191,2215,2175,2183,105390,288896,0,0
17-Jul-91,2177,2220,2168,2214,103548,288808,0,0
16-Jul-91,2175,2192,2162,2165,87748,284147,0,0
15-Jul-91,2163,2182,2140,2147,89312,290282,0,0
12-Jul-91,2152,2194,2152,2172,105504,294634,0,0
11-Jul-91,2130,2139,2120,2129,53487,288214,0,0
10-Jul-91,2135,2149,2129,2143,83692,288352,0,0
09-Jul-91,2115,2132,2100,2129,80790,284786,0,0
08-Jul-91,2105,2128,2102,2124,65588,282107,0,0
05-Jul-91,2070,2092,2067,2089,38610,279621,0,0
03-Jul-91,2074,2080,2062,2067,51911,274620,0,0
02-Jul-91,2076,2084,2067,2082,46884,270177,0,0
01-Jul-91,2045,2078,2045,2076,59368,271568,0,0
28-Jun-91,2041,2071,2035,2056,73702,268592,0,0
27-Jun-91,2017,2050,2016,2048,62140,262675,0,0
26-Jun-91,2008,2019,2003,2008,42328,264623,0,0
25-Jun-91,1993,2018,1990,2005,55318,264875,0,0
24-Jun-91,2012,2012,1992,1998,36856,261651,0,0
21-Jun-91,2017,2032,2008,2023,45288,258600,0,0
20-Jun-91,1997,2019,1980,2017,88411,273835,0,0
19-Jun-91,2005,2010,1973,1988,114412,280485,0,0
18-Jun-91,2016,2020,1998,2007,89091,282054,0,0
17-Jun-91,1984,2014,1981,1998,74377,291165,0,0
14-Jun-91,1988,1992,1975,1980,62876,287404,0,0
13-Jun-91,2010,2018,1968,1971,80640,293745,0,0
12-Jun-91,1975,2008,1960,2005,92371,291519,0,0
11-Jun-91,1987,1997,1972,1996,63239,288075,0,0
10-Jun-91,2025,2030,1982,1984,60128,289117,0,0
07-Jun-91,2048,2049,2026,2028,60572,284850,0,0
06-Jun-91,2032,2039,2005,2033,100842,283873,0,0
05-Jun-91,2080,2085,2045,2047,91293,279482,0,0
04-Jun-91,2115,2116,2086,2102,59836,272915,0,0
03-Jun-91,2118,2127,2110,2113,47073,270533,0,0
31-May-91,2132,2140,2111,2113,56718,267447,0,0
30-May-91,2110,2134,2098,2132,74367,268510,0,0
29-May-91,2128,2131,2110,2111,51684,266952,0,0
28-May-91,2122,2140,2122,2133,42227,269501,0,0
24-May-91,2108,2122,2103,2119,41285,270689,0,0
23-May-91,2097,2108,2090,2102,59594,271155,0,0
22-May-91,2091,2095,2071,2083,79305,270622,0,0
21-May-91,2135,2153,2100,2106,140150,287445,0,0
20-May-91,2127,2132,2121,2129,69192,296098,0,0
17-May-91,2085,2125,2080,2118,104906,295897,0,0
16-May-91,2100,2102,2075,2089,87909,294847,0,0
15-May-91,2075,2098,2061,2092,98287,288141,0,0
14-May-91,2105,2105,2063,2074,108787,289623,0,0
13-May-91,2115,2136,2088,2091,89238,288266,0,0
10-May-91,2160,2165,2119,2127,120706,294754,0,0
09-May-91,2190,2211,2182,2193,111473,294809,0,0
08-May-91,2160,2180,2153,2178,71378,295574,0,0
07-May-91,2168,2174,2150,2163,68577,295694,0,0
06-May-91,2138,2170,2127,2168,62578,296412,0,0
03-May-91,2114,2139,2111,2137,51846,297625,0,0
02-May-91,2125,2137,2110,2117,58315,296695,0,0
01-May-91,2085,2144,2084,2125,79962,297149,0,0
30-Apr-91,2124,2124,2093,2096,61222,293667,0,0
29-Apr-91,2143,2151,2114,2126,58407,295310,0,0
26-Apr-91,2105,2133,2090,2128,55100,296717,0,0
25-Apr-91,2108,2125,2083,2115,67304,297652,0,0
24-Apr-91,2075,2120,2063,2094,97690,304360,0,0
23-Apr-91,2170,2170,2086,2088,115523,296529,0,0
22-Apr-91,2105,2150,2103,2132,105656,313145,0,0
19-Apr-91,2085,2097,2063,2093,89747,313382,0,0
18-Apr-91,2105,2107,2060,2074,107983,322359,0,0
17-Apr-91,2129,2148,2116,2130,91083,321576,0,0
16-Apr-91,2175,2186,2155,2164,96736,319196,0,0
15-Apr-91,2130,2195,2125,2191,105330,316212,0,0
12-Apr-91,2120,2150,2103,2148,94096,322027,0,0
11-Apr-91,2150,2150,2085,2089,102930,314845,0,0
10-Apr-91,2075,2112,2070,2105,123611,302462,0,0
09-Apr-91,2035,2044,2016,2026,65000,296631,0,0
08-Apr-91,2017,2047,2013,2031,79535,299175,0,0
05-Apr-91,1992,2009,1982,1996,52824,299800,0,0
04-Apr-91,1962,2004,1956,1998,85864,293117,0,0
03-Apr-91,1970,1980,1937,1947,84968,289822,0,0
02-Apr-91,1921,1973,1918,1970,77183,292330,0,0
01-Apr-91,1953,1974,1925,1929,53129,285716,0,0
28-Mar-91,1930,1972,1922,1963,63616,284935,0,0
27-Mar-91,1976,1983,1927,1941,76899,281178,0,0
26-Mar-91,1942,1998,1938,1976,66333,278349,0,0
25-Mar-91,1985,1997,1960,1962,46961,277708,0,0
22-Mar-91,2048,2049,2006,2010,55930,277374,0,0
21-Mar-91,2005,2060,1980,2049,73035,273960,0,0
20-Mar-91,1988,2026,1975,2005,104478,292318,0,0
19-Mar-91,1937,2017,1932,1988,115699,295556,0,0
18-Mar-91,1925,1934,1890,1900,75216,298992,0,0
15-Mar-91,1955,1970,1940,1942,62167,297834,0,0
14-Mar-91,1975,2012,1955,1979,71833,298118,0,0
13-Mar-91,1970,2010,1966,2002,93814,299708,0,0
12-Mar-91,1905,1970,1855,1968,112299,299425,0,0
11-Mar-91,1890,1923,1875,1899,80030,287060,0,0
08-Mar-91,1933,1960,1925,1931,67854,285689,0,0
07-Mar-91,1958,2003,1935,1942,77416,280436,0,0
06-Mar-91,2068,2075,1967,1973,101326,277651,0,0
05-Mar-91,2000,2067,1995,2043,91811,273184,0,0
04-Mar-91,1980,2038,1965,2025,99500,273862,0,0
01-Mar-91,1905,1945,1885,1938,52453,270091,0,0
28-Feb-91,1930,1950,1907,1916,88515,268127,0,0
27-Feb-91,1872,1898,1863,1886,72480,269695,0,0
26-Feb-91,1825,1850,1812,1837,62997,264596,0,0
25-Feb-91,1760,1837,1745,1794,64276,263233,0,0
22-Feb-91,1855,1870,1761,1791,94119,260669,0,0
21-Feb-91,1900,1970,1840,1850,74881,259572,0,0
20-Feb-91,1895,1965,1890,1955,93709,268747,0,0
19-Feb-91,1850,1910,1830,1879,115508,274754,0,0
15-Feb-91,2150,2185,2075,2088,118853,282734,0,0
14-Feb-91,2240,2248,2216,2232,66907,274338,0,0
13-Feb-91,2253,2295,2222,2256,68513,274912,0,0
12-Feb-91,2275,2305,2208,2293,76974,279153,0,0
11-Feb-91,2180,2265,2175,2247,87458,281076,0,0
08-Feb-91,2125,2200,2125,2192,71381,284873,0,0
07-Feb-91,2180,2184,2105,2122,79388,281087,0,0
06-Feb-91,2086,2160,2085,2149,83719,276204,0,0
05-Feb-91,2120,2125,2060,2066,59768,272493,0,0
04-Feb-91,2135,2143,2080,2114,51601,267987,0,0
01-Feb-91,2190,2195,2125,2134,37933,268484,0,0
31-Jan-91,2130,2177,2120,2154,53528,268642,0,0
30-Jan-91,2220,2235,2090,2097,70738,265132,0,0
29-Jan-91,2085,2195,2080,2185,55505,261081,0,0
28-Jan-91,2110,2130,2085,2096,40162,259477,0,0
25-Jan-91,2180,2205,2120,2135,46654,258145,0,0
24-Jan-91,2165,2220,2105,2171,68439,251160,0,0
23-Jan-91,2280,2350,2185,2204,86503,244180,0,0
22-Jan-91,2185,2220,2140,2188,88115,244162,0,0
21-Jan-91,2010,2085,2000,2032,81248,247855,0,0
18-Jan-91,2155,2155,1860,1899,142716,258359,0,0
17-Jan-91,2279,2279,2050,2063,130417,255952,0,0
16-Jan-91,3000,3080,2950,3029,126089,269787,0,0
15-Jan-91,3140,3140,2990,3007,130015,273420,0,0
14-Jan-91,3150,3200,3030,3078,142170,255503,0,0
11-Jan-91,2770,2828,2720,2729,74428,247640,0,0
10-Jan-91,2790,2890,2755,2771,108110,245088,0,0
09-Jan-91,2550,3100,2335,2726,129037,245378,0,0
08-Jan-91,2730,2770,2645,2717,100576,237548,0,0
07-Jan-91,2575,2800,2570,2765,107072,235875,0,0
04-Jan-91,2580,2615,2415,2490,35798,220681,0,0
03-Jan-91,2580,2620,2490,2548,100329,220718,0,0
02-Jan-91,2812,2845,2635,2649,72369,226817,0,0
31-Dec-90,2825,2870,2800,2844,38198,219473,0,0
28-Dec-90,2715,2780,2710,2757,42995,219582,0,0
27-Dec-90,2700,2718,2677,2701,26011,214992,0,0
26-Dec-90,2700,2735,2680,2722,31567,213884,0,0
21-Dec-90,2640,2675,2580,2592,37933,219723,0,0
20-Dec-90,2680,2715,2625,2639,40870,214046,0,0
19-Dec-90,2690,2745,2680,2693,52130,213118,0,0
18-Dec-90,2620,2700,2610,2692,90753,227437,0,0
17-Dec-90,2765,2785,2685,2705,82953,236901,0,0
14-Dec-90,2700,2810,2615,2655,99484,247404,0,0
13-Dec-90,2565,2700,2535,2642,93803,250971,0,0
12-Dec-90,2600,2670,2523,2535,83191,249356,0,0
11-Dec-90,2665,2675,2562,2641,77782,250149,0,0
10-Dec-90,2765,2765,2680,2690,48820,246748,0,0
07-Dec-90,2690,2700,2630,2658,68556,238853,0,0
06-Dec-90,2605,2674,2525,2640,96210,240943,0,0
05-Dec-90,2970,3045,2715,2729,111227,239241,0,0
04-Dec-90,2990,3090,2910,3066,76856,235061,0,0
03-Dec-90,2920,3048,2905,2915,89839,235546,0,0
30-Nov-90,3275,3280,2870,2885,114804,238772,0,0
29-Nov-90,3330,3375,3270,3291,66661,230629,0,0
28-Nov-90,3280,3340,3215,3328,59195,229455,0,0
27-Nov-90,3270,3340,3235,3286,71519,223438,0,0
26-Nov-90,3395,3425,3290,3295,86343,228713,0,0
23-Nov-90,3105,3198,3090,3190,31166,222087,0,0
21-Nov-90,2965,3020,2950,2963,52065,222399,0,0
20-Nov-90,3040,3075,2880,2891,64056,220222,0,0
19-Nov-90,2859,3100,2855,3072,114693,231281,0,0
16-Nov-90,2990,3030,2925,2978,97406,237431,0,0
15-Nov-90,3160,3185,3015,3112,117996,248076,0,0
14-Nov-90,3320,3340,3090,3116,110020,253142,0,0
13-Nov-90,3215,3370,3205,3312,105685,252686,0,0
12-Nov-90,3280,3280,3165,3187,79390,254757,0,0
09-Nov-90,3495,3540,3380,3389,67658,264226,0,0
08-Nov-90,3480,3585,3400,3553,106677,260247,0,0
07-Nov-90,3240,3545,3235,3531,95461,262613,0,0
06-Nov-90,3200,3295,3175,3263,92805,258472,0,0
05-Nov-90,3285,3350,3180,3196,81696,251418,0,0
02-Nov-90,3470,3480,3390,3400,53752,250009,0,0
01-Nov-90,3520,3585,3440,3517,90024,251176,0,0
31-Oct-90,3400,3545,3340,3523,94392,252879,0,0
30-Oct-90,3560,3575,3420,3454,82197,255003,0,0
29-Oct-90,3440,3485,3390,3468,77545,248663,0,0
26-Oct-90,3535,3540,3285,3301,100051,248295,0,0
25-Oct-90,3230,3440,3220,3425,111152,237498,0,0
24-Oct-90,3030,3160,3010,3108,110568,237506,0,0
23-Oct-90,3001,3025,2830,2937,97823,241405,0,0
22-Oct-90,3041,3041,3041,3041,143371,255522,0,0
19-Oct-90,3450,3550,3350,3379,134902,273176,0,0
18-Oct-90,3530,3720,3440,3680,121949,285233,0,0
17-Oct-90,3886,3890,3625,3672,112138,286242,0,0
16-Oct-90,3795,3900,3715,3889,105389,284108,0,0
15-Oct-90,3900,3900,3725,3795,92014,286518,0,0
12-Oct-90,4025,4060,3850,3969,108909,296127,0,0
11-Oct-90,3960,4070,3925,4042,105165,293276,0,0
10-Oct-90,4080,4115,3800,3869,121964,291753,0,0
09-Oct-90,4025,4095,4010,4040,104550,285815,0,0
08-Oct-90,3775,3940,3770,3895,84003,279378,0,0
05-Oct-90,3780,3830,3725,3799,93411,275318,0,0
04-Oct-90,3745,3825,3630,3693,101480,268570,0,0
03-Oct-90,3480,3745,3430,3732,124252,270988,0,0
02-Oct-90,3570,3645,3385,3395,110416,265172,0,0
01-Oct-90,3850,3860,3585,3709,90652,267991,0,0
28-Sep-90,3970,3995,3865,3951,80267,267432,0,0
27-Sep-90,3767,4010,3767,3954,120644,271789,0,0
26-Sep-90,3670,3905,3648,3867,126506,262361,0,0
25-Sep-90,3730,3890,3710,3753,117126,259135,0,0
24-Sep-90,3720,3920,3691,3825,110642,254093,0,0
21-Sep-90,3405,3560,3405,3543,99365,248095,0,0
20-Sep-90,3270,3360,3245,3342,130122,265812,0,0
19-Sep-90,3170,3310,3170,3297,125467,270646,0,0
18-Sep-90,3300,3370,3260,3341,111796,267622,0,0
17-Sep-90,3280,3380,3255,3363,89881,266670,0,0
14-Sep-90,3175,3220,3130,3176,121693,273789,0,0
13-Sep-90,3130,3145,3085,3107,96341,261247,0,0
12-Sep-90,3080,3110,3005,3097,83849,268820,0,0
11-Sep-90,3080,3175,3040,3076,110329,267909,0,0
10-Sep-90,2855,3160,2835,3130,88418,284216,0,0
07-Sep-90,3030,3085,2990,3004,105551,292598,0,0
06-Sep-90,3040,3158,3040,3143,138847,269043,0,0
05-Sep-90,2930,2990,2890,2977,106986,254841,0,0
04-Sep-90,2820,2931,2820,2912,97109,243504,0,0
31-Aug-90,2731,2775,2715,2732,74000,244975,0,0
30-Aug-90,2650,2750,2650,2677,82491,238170,0,0
29-Aug-90,2665,2685,2532,2592,136217,249144,0,0
28-Aug-90,2725,2795,2670,2788,92459,244671,0,0
27-Aug-90,2850,2930,2605,2691,98583,256547,0,0
24-Aug-90,3120,3160,3075,3091,113297,247358,0,0
23-Aug-90,3080,3235,3060,3193,124607,245488,0,0
22-Aug-90,2905,3130,2905,3122,117693,241758,0,0
21-Aug-90,2885,2945,2800,2871,137706,258521,0,0
20-Aug-90,2836,2890,2810,2859,109532,262759,0,0
17-Aug-90,2775,2828,2770,2828,112380,261636,0,0
16-Aug-90,2675,2736,2655,2728,104270,258023,0,0
15-Aug-90,2595,2675,2560,2646,126834,258359,0,0
14-Aug-90,2655,2745,2607,2642,148095,256470,0,0
13-Aug-90,2650,2690,2650,2677,0,0,0,0
10-Aug-90,2585,2660,2565,2623,104876,272886,0,0
09-Aug-90,2550,2660,2535,2567,107587,272238,0,0
08-Aug-90,2730,2775,2530,2596,135824,276729,0,0
07-Aug-90,2750,2905,2650,2831,184876,284048,0,0
06-Aug-90,2720,2820,2675,2805,97631,124171,0,0
03-Aug-90,2420,2625,2375,2449,179463,291331,0,0
02-Aug-90,2325,2380,2235,2311,127823,282186,0,0
01-Aug-90,2085,2160,2078,2154,133921,279089,0,0
31-Jul-90,2035,2077,2032,2069,88603,274073,0,0
30-Jul-90,2013,2035,1991,2021,71180,275838,0,0
27-Jul-90,2050,2050,2000,2004,95811,276405,0,0
26-Jul-90,2018,2057,1995,2030,102171,271581,0,0
25-Jul-90,2050,2069,2025,2038,86355,261278,0,0
24-Jul-90,2080,2092,2040,2056,111754,260344,0,0
23-Jul-90,2042,2060,2015,2050,83654,253720,0,0
20-Jul-90,1975,2016,1972,2006,98703,258794,0,0
19-Jul-90,1957,2035,1945,1986,153174,270765,0,0
18-Jul-90,1965,2000,1951,1961,126899,279324,0,0
17-Jul-90,1950,1982,1938,1977,104336,280539,0,0
16-Jul-90,1875,1883,1842,1867,110788,286410,0,0
13-Jul-90,1855,1905,1809,1836,141755,285790,0,0
12-Jul-90,1756,1856,1728,1846,141569,283222,0,0
11-Jul-90,1720,1755,1715,1747,104509,285046,0,0
10-Jul-90,1673,1709,1670,1694,99828,284299,0,0
09-Jul-90,1625,1665,1606,1658,80594,283240,0,0
06-Jul-90,1660,1671,1643,1647,49159,283086,0,0
05-Jul-90,1665,1665,1629,1650,65191,280313,0,0
03-Jul-90,1685,1695,1672,1680,50948,275954,0,0
02-Jul-90,1703,1730,1663,1672,70850,279054,0,0
29-Jun-90,1724,1731,1696,1707,57966,281897,0,0
28-Jun-90,1678,1735,1675,1715,79012,284408,0,0
27-Jun-90,1705,1707,1665,1668,81242,279128,0,0
26-Jun-90,1728,1737,1712,1714,56837,272198,0,0
25-Jun-90,1757,1762,1721,1738,66533,273466,0,0
22-Jun-90,1707,1750,1701,1746,74363,272913,0,0
21-Jun-90,1695,1715,1657,1694,31258,277590,0,0
20-Jun-90,1670,1700,1662,1675,114750,285228,0,0
19-Jun-90,1710,1724,1670,1692,113373,287326,0,0
18-Jun-90,1750,1754,1688,1695,115851,291165,0,0
15-Jun-90,1790,1796,1757,1759,91645,284520,0,0
14-Jun-90,1846,1850,1781,1784,107666,289362,0,0
13-Jun-90,1728,1774,1717,1758,79541,289402,0,0
12-Jun-90,1703,1754,1702,1751,94896,288078,0,0
11-Jun-90,1672,1686,1666,1682,57230,295169,0,0
08-Jun-90,1662,1682,1652,1678,61505,294289,0,0
07-Jun-90,1712,1732,1660,1667,100170,293558,0,0
06-Jun-90,1638,1702,1633,1692,109357,298819,0,0
05-Jun-90,1670,1687,1642,1668,121735,286335,0,0
04-Jun-90,1753,1775,1712,1714,87219,283893,0,0
01-Jun-90,1750,1762,1726,1750,80808,281619,0,0
31-May-90,1760,1768,1732,1740,110252,281615,0,0
30-May-90,1820,1845,1806,1808,71621,277750,0,0
29-May-90,1768,1805,1745,1798,96073,272362,0,0
25-May-90,1800,1817,1765,1780,78610,272542,0,0
24-May-90,1825,1827,1770,1783,99586,268321,0,0
23-May-90,1852,1860,1795,1814,144432,265983,0,0
22-May-90,1890,1913,1878,1892,72127,261782,0,0
21-May-90,1933,1935,1902,1904,88422,278128,0,0
18-May-90,1947,1970,1940,1942,57092,274805,0,0
17-May-90,1950,1968,1937,1957,83521,278307,0,0
16-May-90,1962,1963,1900,1903,88081,278111,0,0
15-May-90,1963,1974,1942,1959,93055,275939,0,0
14-May-90,1908,1975,1906,1971,103078,277686,0,0
11-May-90,1898,1901,1883,1895,65155,284880,0,0
10-May-90,1893,1931,1874,1902,96507,284439,0,0
09-May-90,1840,1903,1835,1899,95223,287540,0,0
08-May-90,1840,1858,1825,1828,73985,284799,0,0
07-May-90,1799,1830,1793,1827,46071,284327,0,0
04-May-90,1790,1820,1782,1798,84417,284258,0,0
03-May-90,1875,1883,1795,1799,106386,282337,0,0
02-May-90,1895,1910,1861,1868,79772,279696,0,0
01-May-90,1850,1892,1839,1881,74858,281020,0,0
30-Apr-90,1860,1881,1841,1854,61366,278395,0,0
27-Apr-90,1845,1857,1835,1854,22325,284822,0,0
26-Apr-90,1871,1888,1845,1847,50089,276411,0,0
25-Apr-90,1878,1885,1854,1866,70757,274814,0,0
24-Apr-90,1935,1947,1892,1900,86886,275656,0,0
23-Apr-90,1900,1949,1898,1907,84333,274008,0,0
20-Apr-90,1900,1905,1853,1882,103643,289276,0,0
19-Apr-90,1855,1899,1830,1887,127645,295803,0,0
18-Apr-90,1815,1819,1770,1809,124316,299401,0,0
17-Apr-90,1885,1900,1833,1839,95935,298914,0,0
16-Apr-90,1862,1890,1850,1867,66201,299238,0,0
12-Apr-90,1905,1908,1845,1851,88491,301237,0,0
11-Apr-90,1800,1880,1735,1872,158240,307835,0,0
10-Apr-90,1890,1909,1830,1834,124159,290980,0,0
09-Apr-90,1900,1907,1840,1844,101322,294678,0,0
06-Apr-90,1955,1961,1910,1915,101735,291742,0,0
05-Apr-90,1980,1984,1930,1943,115409,288385,0,0
04-Apr-90,2020,2022,1975,1978,95184,281119,0,0
03-Apr-90,2048,2055,2029,2030,59927,273069,0,0
02-Apr-90,2020,2053,2018,2048,65017,272077,0,0
30-Mar-90,2014,2030,2012,2028,50456,270658,0,0
29-Mar-90,2001,2034,1997,2003,72663,270840,0,0
28-Mar-90,2040,2048,2006,2008,72422,266209,0,0
27-Mar-90,2041,2058,2026,2048,51788,264581,0,0
26-Mar-90,2053,2064,2032,2046,58039,260042,0,0
23-Mar-90,2006,2041,2004,2039,71698,264755,0,0
22-Mar-90,2000,2018,1994,2000,68967,263841,0,0
21-Mar-90,1989,2008,1980,1996,70067,263689,0,0
20-Mar-90,2005,2013,1965,1977,116861,274915,0,0
19-Mar-90,2005,2005,1983,1996,121712,283152,0,0
16-Mar-90,2064,2064,2035,2038,67273,288129,0,0
15-Mar-90,2041,2075,2030,2068,87946,297057,0,0
14-Mar-90,2030,2058,2020,2032,87196,301297,0,0
13-Mar-90,2055,2071,2035,2039,76473,301564,0,0
12-Mar-90,2055,2058,2027,2040,92554,308601,0,0
09-Mar-90,2118,2118,2062,2065,89474,310139,0,0
08-Mar-90,2105,2111,2089,2101,97252,309089,0,0
07-Mar-90,2137,2140,2115,2117,101470,308841,0,0
06-Mar-90,2160,2162,2127,2130,72787,303491,0,0
05-Mar-90,2130,2165,2120,2158,74922,305205,0,0
02-Mar-90,2122,2137,2107,2135,74295,297800,0,0
01-Mar-90,2170,2177,2115,2117,108935,298614,0,0
28-Feb-90,2158,2171,2146,2154,73173,293506,0,0
27-Feb-90,2188,2195,2156,2158,85728,291688,0,0
26-Feb-90,2160,2193,2148,2179,96258,295272,0,0
23-Feb-90,2162,2166,2140,2142,108663,295139,0,0
22-Feb-90,2181,2197,2163,2175,93042,285241,0,0
21-Feb-90,2210,2217,2170,2174,77811,283176,0,0
20-Feb-90,2210,2220,2197,2214,88746,287749,0,0
16-Feb-90,2233,2243,2202,2225,82971,296126,0,0
15-Feb-90,2205,2248,2202,2243,118491,303150,0,0
14-Feb-90,2175,2199,2162,2195,99843,304403,0,0
13-Feb-90,2208,2244,2180,2190,149213,305913,0,0
12-Feb-90,2175,2206,2165,2203,93448,314805,0,0
09-Feb-90,2207,2207,2170,2174,107966,325981,0,0
08-Feb-90,2229,2246,2203,2209,91231,317383,0,0
07-Feb-90,2233,2243,2212,2232,102379,313194,0,0
06-Feb-90,2245,2272,2230,2251,76641,302855,0,0
05-Feb-90,2300,2306,2237,2239,84965,301701,0,0
02-Feb-90,2270,2305,2266,2302,80757,297012,0,0
01-Feb-90,2260,2284,2246,2270,69521,287022,0,0
31-Jan-90,2217,2270,2211,2268,81274,282321,0,0
30-Jan-90,2270,2276,2236,2246,75129,275590,0,0
29-Jan-90,2253,2285,2238,2280,68946,271348,0,0
26-Jan-90,2215,2260,2192,2256,83383,267419,0,0
25-Jan-90,2186,2230,2166,2224,109946,261685,0,0
24-Jan-90,2135,2190,2125,2159,92197,257882,0,0
23-Jan-90,2150,2168,2130,2160,89369,257711,0,0
22-Jan-90,2220,2231,2155,2177,94068,266741,0,0
19-Jan-90,2184,2223,2171,2208,106081,280113,0,0
18-Jan-90,2152,2167,2140,2159,89094,290845,0,0
17-Jan-90,2133,2148,2110,2126,111385,292045,0,0
16-Jan-90,2130,2185,2105,2173,100846,285281,0,0
15-Jan-90,2200,2200,2145,2149,91939,286406,0,0
12-Jan-90,2220,2240,2196,2213,88006,290209,0,0
11-Jan-90,2185,2220,2163,2217,74632,277558,0,0
10-Jan-90,2248,2292,2228,2290,114959,278323,0,0
09-Jan-90,2150,2212,2148,2207,98166,271158,0,0
08-Jan-90,2260,2260,2155,2162,117388,271042,0,0
05-Jan-90,2342,2370,2303,2308,112860,266591,0,0
04-Jan-90,2388,2392,2283,2341,130841,266002,0,0
03-Jan-90,2320,2380,2300,2368,121957,258799,0,0
02-Jan-90,2180,2289,2179,2289,100943,254930,0,0
29-Dec-89,2165,2191,2159,2182,48775,250117,0,0
28-Dec-89,2185,2191,2138,2150,60846,243374,0,0
27-Dec-89,2198,2205,2162,2178,76403,251395,0,0
26-Dec-89,2140,2215,2130,2191,66113,249376,0,0
22-Dec-89,2154,2168,2100,2129,47330,246666,0,0
21-Dec-89,2112,2156,2104,2152,69516,252057,0,0
20-Dec-89,2155,2161,2113,2121,75743,252380,0,0
19-Dec-89,2156,2165,2118,2128,111381,252147,0,0
18-Dec-89,2080,2150,2075,2143,112915,263944,0,0
15-Dec-89,2040,2081,2038,2067,92265,267434,0,0
14-Dec-89,2047,2054,2031,2034,69190,261011,0,0
13-Dec-89,2063,2066,2038,2045,84632,261266,0,0
12-Dec-89,2058,2083,2056,2065,72333,274889,0,0
11-Dec-89,2065,2082,2053,2070,70927,274173,0,0
08-Dec-89,2040,2050,2025,2048,47783,265775,0,0
07-Dec-89,2061,2065,2048,2051,55136,262959,0,0
06-Dec-89,2025,2050,2025,2047,55146,262247,0,0
05-Dec-89,2035,2039,2013,2034,66025,258565,0,0
04-Dec-89,2040,2062,2022,2025,93783,253783,0,0
01-Dec-89,1987,2032,1982,2030,98851,253576,0,0
30-Nov-89,1950,1990,1948,1989,89194,259634,0,0
29-Nov-89,1939,1943,1921,1940,88347,243458,0,0
28-Nov-89,1978,1979,1916,1925,103722,239474,0,0
27-Nov-89,1982,1992,1960,1963,49253,232244,0,0
24-Nov-89,1982,1995,1976,1982,27497,235203,0,0
22-Nov-89,1995,2001,1978,1982,60073,233003,0,0
21-Nov-89,1995,2009,1993,1996,60414,227266,0,0
20-Nov-89,1978,2002,1975,1999,59719,220937,0,0
17-Nov-89,1980,1987,1965,1983,53826,229045,0,0
16-Nov-89,1960,1977,1959,1976,84704,238363,0,0
15-Nov-89,1950,1970,1948,1967,73845,241591,0,0
14-Nov-89,1951,1963,1947,1950,59429,249989,0,0
13-Nov-89,1972,1974,1957,1959,48663,248421,0,0
10-Nov-89,1990,1996,1979,1984,50742,257758,0,0
09-Nov-89,1996,2000,1978,1992,69306,246991,0,0
08-Nov-89,1994,1994,1973,1987,70456,242797,0,0
07-Nov-89,2002,2019,1998,2002,53117,245094,0,0
06-Nov-89,2033,2033,1999,2010,54218,247783,0,0
03-Nov-89,2000,2025,1991,2021,56660,249461,0,0
02-Nov-89,2011,2038,1992,2001,111492,246958,0,0
01-Nov-89,1992,2014,1990,2007,74487,241196,0,0
31-Oct-89,1970,1997,1961,1994,66509,237238,0,0
30-Oct-89,1980,1987,1961,1972,62343,232890,0,0
27-Oct-89,1951,1980,1945,1977,66552,231157,0,0
26-Oct-89,1943,1955,1932,1938,83211,228429,0,0
25-Oct-89,1980,1989,1959,1962,61544,220145,0,0
24-Oct-89,1983,1983,1965,1972,62503,217751,0,0
23-Oct-89,2006,2010,1974,1976,70079,222898,0,0
20-Oct-89,2035,2044,2012,2015,88652,227979,0,0
19-Oct-89,2017,2044,2012,2042,99878,241196,0,0
18-Oct-89,2056,2060,2019,2025,102853,243026,0,0
17-Oct-89,2052,2056,2037,2045,70140,242905,0,0
16-Oct-89,2025,2052,2003,2031,76788,243175,0,0
13-Oct-89,2048,2067,2035,2053,115034,248665,0,0
12-Oct-89,2013,2035,2012,2033,68089,245679,0,0
11-Oct-89,2015,2025,2004,2007,68221,242983,0,0
10-Oct-89,2010,2020,2004,2017,62504,243892,0,0
09-Oct-89,1980,2008,1980,2002,16581,235879,0,0
06-Oct-89,1995,2004,1982,1987,33479,237354,0,0
05-Oct-89,1990,1999,1979,1996,63130,235992,0,0
04-Oct-89,2006,2028,1996,2015,61811,236326,0,0
03-Oct-89,1995,2025,1992,2013,60973,235142,0,0
02-Oct-89,2018,2027,1997,2001,60409,235055,0,0
29-Sep-89,1997,2014,1992,2013,63035,235765,0,0
28-Sep-89,1966,1990,1965,1986,64957,229326,0,0
27-Sep-89,1967,1973,1923,1959,94258,230749,0,0
26-Sep-89,1930,1960,1920,1953,78342,224284,0,0
25-Sep-89,1905,1952,1900,1946,89509,224568,0,0
22-Sep-89,1965,1966,1921,1928,84477,229040,0,0
21-Sep-89,1995,1998,1960,1962,86010,225323,0,0
20-Sep-89,1942,1978,1938,1968,119593,240613,0,0
19-Sep-89,1943,1956,1937,1939,84787,244939,0,0
18-Sep-89,1965,1972,1957,1960,81464,247943,0,0
15-Sep-89,1931,1963,1924,1960,58779,245568,0,0
14-Sep-89,1957,1965,1928,1934,105744,242277,0,0
13-Sep-89,1974,2003,1973,1986,95646,234171,0,0
12-Sep-89,1967,1978,1958,1970,53695,229683,0,0
11-Sep-89,1963,1992,1962,1976,82262,229487,0,0
08-Sep-89,1934,1977,1929,1975,76171,231517,0,0
07-Sep-89,1939,1949,1932,1941,71677,219652,0,0
06-Sep-89,1922,1942,1921,1928,75941,220656,0,0
05-Sep-89,1896,1910,1894,1905,42094,216355,0,0
01-Sep-89,1880,1893,1875,1885,26014,217237,0,0
31-Aug-89,1888,1900,1874,1883,62496,217772,0,0
30-Aug-89,1864,1887,1858,1883,54249,212305,0,0
29-Aug-89,1868,1876,1862,1864,36542,204733,0,0
28-Aug-89,1850,1865,1850,1864,21936,206584,0,0
25-Aug-89,1851,1854,1845,1851,43505,206532,0,0
24-Aug-89,1870,1877,1858,1861,52503,203097,0,0
23-Aug-89,1862,1887,1858,1880,50163,200618,0,0
22-Aug-89,1868,1882,1857,1869,77506,207791,0,0
21-Aug-89,1854,1866,1837,1864,67248,215007,0,0
18-Aug-89,1831,1844,1831,1843,45585,215879,0,0
17-Aug-89,1855,1862,1835,1839,89086,218396,0,0
16-Aug-89,1842,1850,1832,1849,61997,214576,0,0
15-Aug-89,1865,1877,1859,1868,46714,212923,0,0
14-Aug-89,1833,1860,1828,1858,49540,211612,0,0
11-Aug-89,1875,1882,1843,1848,57832,211481,0,0
10-Aug-89,1838,1870,1838,1859,88295,212357,0,0
09-Aug-89,1812,1826,1803,1821,48053,206882,0,0
08-Aug-89,1804,1819,1801,1812,45034,209481,0,0
07-Aug-89,1804,1808,1781,1791,51310,208289,0,0
04-Aug-89,1826,1828,1800,1803,43803,208704,0,0
03-Aug-89,1834,1850,1818,1821,77168,208485,0,0
02-Aug-89,1785,1830,1778,1828,82753,206836,0,0
01-Aug-89,1845,1845,1785,1803,82175,200504,0,0
31-Jul-89,1808,1852,1796,1831,85253,198073,0,0
28-Jul-89,1820,1828,1787,1793,76443,198717,0,0
27-Jul-89,1855,1864,1810,1812,71410,199150,0,0
26-Jul-89,1843,1853,1827,1830,101983,201833,0,0
25-Jul-89,1875,1888,1852,1854,94030,201489,0,0
24-Jul-89,1929,1929,1872,1874,97241,204959,0,0
21-Jul-89,1962,1975,1949,1951,43983,207358,0,0
20-Jul-89,1946,1974,1938,1968,101281,220803,0,0
19-Jul-89,1948,1969,1947,1955,95840,227827,0,0
18-Jul-89,1988,2002,1965,1972,91249,236354,0,0
17-Jul-89,1955,1997,1945,1992,98387,239587,0,0
14-Jul-89,1977,1984,1940,1957,82596,241886,0,0
13-Jul-89,1940,1977,1931,1964,99355,234900,0,0
12-Jul-89,2075,2084,2012,2015,111859,236785,0,0
11-Jul-89,2042,2064,2026,2053,72675,233419,0,0
10-Jul-89,2070,2078,2034,2036,81559,232625,0,0
07-Jul-89,2040,2080,2026,2075,63795,229159,0,0
06-Jul-89,2104,2105,2024,2030,105213,227983,0,0
05-Jul-89,2057,2107,2055,2079,79169,231403,0,0
30-Jun-89,2032,2038,2018,2027,38810,225368,0,0
29-Jun-89,1995,2054,1990,2026,76773,221933,0,0
28-Jun-89,2025,2030,2000,2003,78956,222541,0,0
27-Jun-89,2015,2064,2009,2048,89355,218662,0,0
26-Jun-89,1985,2032,1978,2025,83982,218657,0,0
23-Jun-89,1955,1974,1942,1971,85439,219593,0,0
22-Jun-89,1945,1955,1908,1930,83473,215024,0,0
21-Jun-89,1888,1947,1877,1931,101831,209298,0,0
20-Jun-89,1918,1920,1870,1888,107181,215807,0,0
19-Jun-89,1855,1899,1827,1896,92027,220188,0,0
16-Jun-89,1875,1880,1843,1858,95717,220221,0,0
15-Jun-89,1865,1917,1854,1896,144544,223894,0,0
14-Jun-89,1850,1885,1810,1870,155221,227936,0,0
13-Jun-89,1832,1841,1816,1818,115203,229248,0,0
12-Jun-89,1858,1860,1822,1825,108286,232170,0,0
09-Jun-89,2000,2012,1985,1988,76075,237597,0,0
08-Jun-89,1960,2004,1947,2000,99483,235036,0,0
07-Jun-89,2017,2039,1958,1967,129597,233016,0,0
06-Jun-89,2046,2055,2030,2046,86937,226921,0,0
05-Jun-89,2042,2058,2025,2052,91551,220952,0,0
02-Jun-89,1966,2020,1955,2014,77658,215301,0,0
01-Jun-89,1988,2000,1972,1981,57212,207388,0,0
31-May-89,2000,2002,1971,1990,65589,202843,0,0
30-May-89,1954,1997,1948,1995,70807,206371,0,0
26-May-89,1935,1960,1924,1952,57466,209144,0,0
25-May-89,1950,1974,1940,1948,75657,202500,0,0
24-May-89,1922,1979,1922,1966,119340,209380,0,0
23-May-89,1885,1930,1873,1904,105435,215239,0,0
22-May-89,1845,1877,1825,1861,109312,226902,0,0
19-May-89,1896,1918,1870,1874,90613,232108,0,0
18-May-89,1878,1892,1853,1880,89833,237186,0,0
17-May-89,1895,1902,1861,1868,106934,239723,0,0
16-May-89,1920,1955,1913,1918,118318,237804,0,0
15-May-89,1878,1906,1874,1899,58822,243029,0,0
12-May-89,1875,1888,1860,1882,66371,249597,0,0
11-May-89,1873,1911,1871,1883,97699,244738,0,0
10-May-89,1955,1961,1934,1952,80648,241327,0,0
09-May-89,1963,1994,1960,1976,81440,240065,0,0
08-May-89,1988,1988,1936,1944,93232,241810,0,0
05-May-89,2038,2042,1999,2002,57073,240055,0,0
04-May-89,2040,2060,2020,2058,82488,242578,0,0
03-May-89,1982,2015,1953,2010,114501,245213,0,0
02-May-89,2046,2048,1978,1980,108811,242285,0,0
01-May-89,2040,2078,2032,2066,60324,240688,0,0
28-Apr-89,2065,2070,2031,2042,101068,246391,0,0
27-Apr-89,2114,2120,2072,2092,72534,244476,0,0
26-Apr-89,2146,2160,2093,2119,105359,246599,0,0
25-Apr-89,2069,2150,2065,2141,117063,244139,0,0
24-Apr-89,2111,2134,2058,2061,93565,239789,0,0
21-Apr-89,2125,2135,2093,2132,75277,237746,0,0
20-Apr-89,2100,2140,2090,2128,148731,244537,0,0
19-Apr-89,2105,2115,2060,2081,148466,247862,0,0
18-Apr-89,2015,2051,2008,2034,138138,248527,0,0
17-Apr-89,1975,2031,1968,2029,99136,253472,0,0
14-Apr-89,1938,1990,1924,1986,90716,245994,0,0
13-Apr-89,1994,1997,1936,1938,98323,243998,0,0
12-Apr-89,1960,1984,1952,1974,79695,243813,0,0
11-Apr-89,2075,2089,2056,2063,83840,246583,0,0
10-Apr-89,2000,2062,1991,2059,101668,250013,0,0
07-Apr-89,1990,2011,1990,2002,66721,259097,0,0
06-Apr-89,1989,2002,1958,1980,104389,257379,0,0
05-Apr-89,2055,2057,1983,1999,125474,258042,0,0
04-Apr-89,2015,2051,2010,2042,96493,251109,0,0
03-Apr-89,2040,2067,1990,1995,114131,249845,0,0
31-Mar-89,2115,2148,2010,2019,153179,246277,0,0
30-Mar-89,2057,2092,2042,2081,117456,235721,0,0
29-Mar-89,1996,2021,1980,2020,82590,228101,0,0
28-Mar-89,2025,2025,1970,1991,91876,223059,0,0
27-Mar-89,2047,2095,2042,2053,92106,223482,0,0
23-Mar-89,2005,2024,1983,2015,68853,217866,0,0
22-Mar-89,1989,2010,1972,2004,73037,216342,0,0
21-Mar-89,1942,2008,1942,2005,97532,217569,0,0
20-Mar-89,1943,1945,1912,1934,96184,214401,0,0
17-Mar-89,1933,1953,1926,1948,115399,221271,0,0
16-Mar-89,1917,1927,1894,1924,107637,219883,0,0
15-Mar-89,1900,1935,1897,1919,137536,227405,0,0
14-Mar-89,1872,1885,1865,1880,92178,222301,0,0
13-Mar-89,1820,1865,1816,1863,83089,226760,0,0
10-Mar-89,1850,1859,1825,1850,73304,235984,0,0
09-Mar-89,1856,1873,1840,1852,79456,229432,0,0
08-Mar-89,1820,1860,1816,1854,87719,223683,0,0
07-Mar-89,1869,1875,1828,1830,86872,223593,0,0
06-Mar-89,1876,1886,1862,1867,59158,222797,0,0
03-Mar-89,1875,1888,1852,1856,88816,219450,0,0
02-Mar-89,1837,1875,1833,1872,90720,222134,0,0
01-Mar-89,1827,1838,1812,1828,72635,216367,0,0
28-Feb-89,1811,1824,1803,1815,61583,203900,0,0
27-Feb-89,1813,1832,1812,1814,83185,208328,0,0
24-Feb-89,1773,1810,1768,1807,64087,202084,0,0
23-Feb-89,1784,1796,1777,1783,71956,201478,0,0
22-Feb-89,1765,1787,1753,1784,68333,198694,0,0
21-Feb-89,1788,1801,1754,1763,103070,207357,0,0
17-Feb-89,1754,1775,1748,1773,76725,207664,0,0
16-Feb-89,1751,1764,1730,1760,97294,211026,0,0
15-Feb-89,1706,1749,1688,1747,110976,212164,0,0
14-Feb-89,1705,1715,1671,1681,74556,215173,0,0
13-Feb-89,1663,1703,1653,1700,77770,214938,0,0
10-Feb-89,1692,1692,1648,1657,88444,217967,0,0
09-Feb-89,1695,1703,1681,1692,64470,218467,0,0
08-Feb-89,1718,1721,1694,1699,62790,217354,0,0
07-Feb-89,1736,1775,1722,1770,95195,213384,0,0
06-Feb-89,1760,1764,1729,1738,63081,213206,0,0
03-Feb-89,1766,1790,1744,1753,70480,210987,0,0
02-Feb-89,1755,1785,1738,1773,83061,212589,0,0
01-Feb-89,1697,1755,1691,1751,100513,206463,0,0
31-Jan-89,1747,1750,1695,1703,89169,211112,0,0
30-Jan-89,1764,1764,1725,1729,87526,206729,0,0
27-Jan-89,1780,1789,1759,1774,86962,210857,0,0
26-Jan-89,1840,1848,1768,1772,98981,203555,0,0
25-Jan-89,1780,1826,1776,1812,93866,203273,0,0
24-Jan-89,1727,1775,1722,1754,83048,197783,0,0
23-Jan-89,1820,1822,1730,1733,98685,203459,0,0
20-Jan-89,1858,1882,1827,1839,103373,208342,0,0
19-Jan-89,1885,1885,1843,1871,117861,211522,0,0
18-Jan-89,1823,1875,1816,1871,121116,205656,0,0
17-Jan-89,1789,1830,1784,1808,120920,201035,0,0
16-Jan-89,1763,1802,1751,1795,101021,209109,0,0
13-Jan-89,1751,1778,1743,1768,108073,215479,0,0
12-Jan-89,1729,1750,1715,1748,97555,205030,0,0
11-Jan-89,1720,1741,1712,1739,85834,204178,0,0
10-Jan-89,1701,1705,1685,1703,65813,201976,0,0
09-Jan-89,1700,1716,1695,1707,62540,201715,0,0
06-Jan-89,1750,1767,1746,1755,69328,199010,0,0
05-Jan-89,1713,1747,1713,1742,67955,197179,0,0
04-Jan-89,1735,1742,1701,1708,91760,194464,0,0
03-Jan-89,1720,1736,1710,1736,62463,191497,0,0
30-Dec-88,1687,1728,1685,1724,41799,185218,0,0
29-Dec-88,1685,1704,1673,1677,62150,185355,0,0
28-Dec-88,1685,1706,1675,1697,51241,182363,0,0
27-Dec-88,1685,1702,1681,1695,42346,174498,0,0
23-Dec-88,1651,1670,1645,1661,22964,178412,0,0
22-Dec-88,1635,1652,1628,1649,21042,180039,0,0
21-Dec-88,1636,1646,1622,1630,75522,181243,0,0
20-Dec-88,1570,1625,1561,1615,108035,188067,0,0
19-Dec-88,1607,1612,1580,1582,81633,190224,0,0
16-Dec-88,1580,1610,1579,1605,85725,197593,0,0
15-Dec-88,1588,1595,1558,1574,85629,195625,0,0
14-Dec-88,1545,1590,1545,1589,90591,203689,0,0
13-Dec-88,1568,1575,1540,1550,80601,203883,0,0
12-Dec-88,1567,1575,1552,1572,55047,209430,0,0
09-Dec-88,1535,1563,1519,1560,70953,212489,0,0
08-Dec-88,1562,1568,1510,1520,84684,209364,0,0
07-Dec-88,1556,1575,1551,1574,80364,214735,0,0
06-Dec-88,1528,1549,1526,1546,64496,206991,0,0
05-Dec-88,1557,1568,1530,1534,49837,206655,0,0
02-Dec-88,1545,1574,1540,1564,62007,206774,0,0
01-Dec-88,1550,1576,1548,1561,108469,204909,0,0
30-Nov-88,1507,1535,1498,1532,90155,198923,0,0
29-Nov-88,1490,1525,1473,1492,96393,190608,0,0
28-Nov-88,1550,1580,1492,1503,92940,191132,0,0
23-Nov-88,1420,1460,1390,1397,68511,185101,0,0
22-Nov-88,1360,1440,1325,1386,139796,187847,0,0
21-Nov-88,1304,1313,1294,1298,52939,184918,0,0
18-Nov-88,1296,1312,1275,1291,104339,195441,0,0
17-Nov-88,1340,1341,1276,1286,137312,195531,0,0
16-Nov-88,1383,1390,1353,1355,96694,200481,0,0
15-Nov-88,1420,1424,1375,1379,73484,196115,0,0
14-Nov-88,1392,1415,1392,1414,62077,200630,0,0
11-Nov-88,1402,1411,1384,1387,49637,204983,0,0
10-Nov-88,1389,1418,1386,1395,84155,194531,0,0
09-Nov-88,1361,1390,1352,1386,82283,204735,0,0
08-Nov-88,1371,1382,1365,1377,54056,205390,0,0
07-Nov-88,1390,1399,1375,1391,55697,200241,0,0
04-Nov-88,1395,1402,1373,1380,68691,201992,0,0
03-Nov-88,1370,1383,1360,1375,69778,200231,0,0
02-Nov-88,1354,1378,1347,1375,66167,193453,0,0
01-Nov-88,1338,1353,1336,1344,57600,196018,0,0
31-Oct-88,1380,1392,1355,1358,52982,195133,0,0
28-Oct-88,1383,1399,1376,1385,77351,195703,0,0
27-Oct-88,1342,1372,1329,1368,64135,194764,0,0
26-Oct-88,1355,1364,1316,1341,90165,189187,0,0
25-Oct-88,1315,1339,1310,1326,88540,187727,0,0
24-Oct-88,1350,1365,1316,1317,90116,202743,0,0
21-Oct-88,1465,1495,1431,1437,117543,203256,0,0
20-Oct-88,1472,1496,1440,1446,136705,214413,0,0
19-Oct-88,1432,1490,1430,1482,143232,226709,0,0
18-Oct-88,1440,1442,1398,1404,109878,225537,0,0
17-Oct-88,1474,1474,1449,1467,94787,225079,0,0
14-Oct-88,1380,1448,1368,1444,132621,235083,0,0
13-Oct-88,1365,1382,1342,1380,78828,225860,0,0
12-Oct-88,1312,1378,1307,1374,101174,234198,0,0
11-Oct-88,1335,1345,1305,1320,78156,233016,0,0
10-Oct-88,1290,1350,1284,1329,113587,240572,0,0
07-Oct-88,1255,1269,1238,1265,64503,254016,0,0
06-Oct-88,1260,1268,1230,1237,90168,237968,0,0
05-Oct-88,1260,1260,1213,1246,123424,242872,0,0
04-Oct-88,1292,1305,1277,1287,85155,242069,0,0
03-Oct-88,1272,1298,1265,1274,101544,246504,0,0
30-Sep-88,1375,1382,1325,1337,116495,235823,0,0
29-Sep-88,1395,1399,1388,1392,65518,226083,0,0
28-Sep-88,1415,1427,1406,1411,86453,237029,0,0
27-Sep-88,1398,1420,1385,1414,96838,229562,0,0
26-Sep-88,1437,1464,1405,1420,83481,225502,0,0
23-Sep-88,1468,1472,1408,1418,101241,230173,0,0
22-Sep-88,1460,1467,1445,1465,63307,211447,0,0
21-Sep-88,1442,1465,1442,1456,71738,220614,0,0
20-Sep-88,1452,1460,1433,1437,100258,220131,0,0
19-Sep-88,1415,1451,1412,1438,110576,225733,0,0
16-Sep-88,1459,1462,1434,1436,76186,229128,0,0
15-Sep-88,1490,1494,1466,1469,98659,231933,0,0
14-Sep-88,1501,1525,1490,1514,162364,237241,0,0
13-Sep-88,1444,1456,1420,1443,104033,232719,0,0
12-Sep-88,1384,1435,1362,1431,111190,238341,0,0
09-Sep-88,1452,1463,1392,1405,115504,233399,0,0
08-Sep-88,1435,1447,1418,1445,85405,209459,0,0
07-Sep-88,1418,1433,1410,1416,90411,203834,0,0
06-Sep-88,1462,1462,1421,1424,87614,198045,0,0
02-Sep-88,1500,1505,1476,1479,63326,191135,0,0
01-Sep-88,1513,1522,1505,1508,65271,183114,0,0
31-Aug-88,1537,1543,1516,1518,65668,182877,0,0
30-Aug-88,1514,1532,1510,1527,50768,179294,0,0
29-Aug-88,1533,1533,1514,1522,45129,178343,0,0
26-Aug-88,1533,1535,1520,1534,51535,177399,0,0
25-Aug-88,1559,1560,1529,1531,75287,177502,0,0
24-Aug-88,1574,1578,1564,1568,42198,165769,0,0
23-Aug-88,1582,1583,1560,1570,48610,164663,0,0
22-Aug-88,1595,1597,1585,1591,53064,173274,0,0
19-Aug-88,1583,1586,1575,1585,49264,176379,0,0
18-Aug-88,1573,1582,1569,1571,53290,177927,0,0
17-Aug-88,1565,1570,1558,1566,42510,182121,0,0
16-Aug-88,1580,1584,1563,1570,41039,187304,0,0
15-Aug-88,1560,1585,1555,1581,51964,186217,0,0
12-Aug-88,1587,1596,1560,1567,52631,198031,0,0
11-Aug-88,1583,1605,1571,1593,42366,178973,0,0
10-Aug-88,1563,1590,1561,1586,47077,180054,0,0
09-Aug-88,1595,1596,1585,1586,35511,176305,0,0
08-Aug-88,1578,1610,1573,1606,63943,179431,0,0
05-Aug-88,1535,1554,1534,1549,40412,177744,0,0
04-Aug-88,1495,1515,1495,1503,68586,177832,0,0
03-Aug-88,1557,1570,1522,1526,89741,177353,0,0
02-Aug-88,1600,1605,1555,1561,69579,170482,0,0
01-Aug-88,1623,1625,1606,1608,30685,164705,0,0
29-Jul-88,1630,1640,1613,1631,47133,166719,0,0
28-Jul-88,1634,1643,1609,1615,60758,166980,0,0
27-Jul-88,1585,1617,1582,1616,55246,164052,0,0
26-Jul-88,1594,1601,1585,1596,50110,159609,0,0
25-Jul-88,1635,1638,1602,1605,47860,159251,0,0
22-Jul-88,1620,1642,1612,1638,60097,157953,0,0
21-Jul-88,1615,1648,1608,1639,90934,159540,0,0
20-Jul-88,1550,1620,1542,1605,123403,180056,0,0
19-Jul-88,1574,1586,1556,1563,123605,178276,0,0
18-Jul-88,1550,1597,1533,1589,135934,186136,0,0
15-Jul-88,1514,1517,1475,1497,89169,187204,0,0
14-Jul-88,1485,1495,1458,1494,81779,183261,0,0
13-Jul-88,1468,1495,1458,1461,101825,185109,0,0
12-Jul-88,1460,1510,1453,1486,111474,191002,0,0
11-Jul-88,1530,1540,1483,1493,110605,181143,0,0
08-Jul-88,1577,1588,1562,1563,81184,176510,0,0
07-Jul-88,1590,1650,1576,1598,134410,181451,0,0
06-Jul-88,1520,1544,1518,1536,70893,179759,0,0
05-Jul-88,1514,1517,1480,1509,73731,206614,0,0
01-Jul-88,1533,1544,1480,1494,99056,207270,0,0
30-Jun-88,1538,1549,1508,1516,106697,192860,0,0
29-Jun-88,1600,1605,1539,1543,111777,190028,0,0
28-Jun-88,1580,1603,1576,1578,53022,173475,0,0
27-Jun-88,1590,1597,1578,1586,62695,172839,0,0
24-Jun-88,1627,1632,1600,1601,77780,172407,0,0
23-Jun-88,1650,1652,1631,1637,49158,160492,0,0
22-Jun-88,1625,1648,1620,1644,53941,162677,0,0
21-Jun-88,1633,1640,1615,1636,85736,171016,0,0
20-Jun-88,1643,1649,1625,1627,87520,185596,0,0
17-Jun-88,1670,1676,1653,1657,69163,173365,0,0
16-Jun-88,1642,1680,1642,1678,82425,184152,0,0
15-Jun-88,1678,1687,1661,1662,86038,188215,0,0
14-Jun-88,1675,1696,1672,1693,63577,184011,0,0
13-Jun-88,1662,1669,1650,1657,67062,183435,0,0
10-Jun-88,1710,1714,1678,1681,92685,188913,0,0
09-Jun-88,1744,1748,1710,1712,53688,179674,0,0
08-Jun-88,1741,1746,1734,1740,48401,181189,0,0
07-Jun-88,1743,1754,1742,1745,58553,184178,0,0
06-Jun-88,1763,1763,1732,1737,63859,188353,0,0
03-Jun-88,1784,1786,1766,1768,35165,188570,0,0
02-Jun-88,1767,1772,1760,1765,49377,179367,0,0
01-Jun-88,1760,1770,1756,1758,43388,173039,0,0
31-May-88,1740,1759,1738,1751,35744,174306,0,0
27-May-88,1750,1759,1741,1743,42795,173108,0,0
26-May-88,1730,1755,1729,1754,41687,167833,0,0
25-May-88,1732,1740,1727,1737,38328,168575,0,0
24-May-88,1734,1747,1730,1740,49843,167862,0,0
23-May-88,1764,1765,1733,1735,62085,165380,0,0
20-May-88,1774,1777,1762,1770,57392,172233,0,0
19-May-88,1756,1774,1752,1770,65767,175451,0,0
18-May-88,1772,1775,1750,1763,76868,178039,0,0
17-May-88,1792,1798,1778,1790,63487,179180,0,0
16-May-88,1777,1794,1774,1787,59937,176757,0,0
13-May-88,1767,1774,1762,1766,42408,177789,0,0
12-May-88,1755,1765,1753,1762,50693,182566,0,0
11-May-88,1768,1777,1762,1764,65838,182789,0,0
10-May-88,1755,1765,1750,1761,50696,180591,0,0
09-May-88,1774,1776,1759,1763,40450,177514,0,0
06-May-88,1750,1775,1750,1774,52440,190931,0,0
05-May-88,1725,1744,1723,1739,52440,183342,0,0
04-May-88,1723,1731,1715,1720,73954,184769,0,0
03-May-88,1725,1740,1720,1737,84146,176592,0,0
02-May-88,1730,1735,1711,1714,85331,180216,0,0
29-Apr-88,1778,1804,1755,1799,82168,180557,0,0
28-Apr-88,1835,1838,1795,1798,72399,177026,0,0
27-Apr-88,1866,1877,1820,1827,75602,175285,0,0
26-Apr-88,1845,1865,1835,1860,52439,169242,0,0
25-Apr-88,1838,1844,1827,1840,37896,170901,0,0
22-Apr-88,1844,1848,1822,1830,52590,167321,0,0
21-Apr-88,1813,1837,1810,1836,51447,167480,0,0
20-Apr-88,1803,1804,1781,1798,93672,188545,0,0
19-Apr-88,1835,1839,1812,1814,98394,199467,0,0
18-Apr-88,1870,1884,1852,1855,92916,212284,0,0
15-Apr-88,1823,1838,1816,1829,65790,203832,0,0
14-Apr-88,1813,1825,1803,1821,79656,207962,0,0
13-Apr-88,1780,1806,1776,1798,66506,207227,0,0
12-Apr-88,1775,1797,1766,1795,78248,203988,0,0
11-Apr-88,1750,1776,1745,1774,109487,211845,0,0
08-Apr-88,1705,1709,1686,1688,65606,206861,0,0
07-Apr-88,1685,1708,1677,1706,59707,201387,0,0
06-Apr-88,1674,1683,1664,1681,51509,198352,0,0
05-Apr-88,1696,1698,1677,1679,40846,196110,0,0
04-Apr-88,1705,1709,1699,1701,16712,193950,0,0
31-Mar-88,1701,1710,1696,1708,27249,196192,0,0
30-Mar-88,1707,1718,1706,1708,42320,198457,0,0
29-Mar-88,1695,1704,1690,1698,44079,197182,0,0
28-Mar-88,1700,1721,1695,1710,49504,194746,0,0
25-Mar-88,1685,1706,1673,1703,49338,201346,0,0
24-Mar-88,1702,1710,1674,1696,72163,197108,0,0
23-Mar-88,1635,1692,1626,1686,90947,201821,0,0
22-Mar-88,1605,1641,1602,1637,88325,206568,0,0
21-Mar-88,1650,1680,1619,1631,110926,218222,0,0
18-Mar-88,1623,1633,1608,1627,108708,217507,0,0
17-Mar-88,1593,1620,1566,1612,97737,224477,0,0
16-Mar-88,1568,1603,1563,1588,89933,218176,0,0
15-Mar-88,1550,1561,1536,1557,64158,219658,0,0
14-Mar-88,1583,1585,1542,1548,90497,228833,0,0
11-Mar-88,1617,1624,1608,1618,74435,217563,0,0
10-Mar-88,1570,1605,1567,1595,104795,226123,0,0
09-Mar-88,1551,1560,1539,1545,72267,216004,0,0
08-Mar-88,1533,1546,1526,1541,82275,210856,0,0
07-Mar-88,1529,1546,1521,1535,81455,212442,0,0
04-Mar-88,1540,1567,1530,1553,98906,217103,0,0
03-Mar-88,1573,1577,1541,1542,77930,214048,0,0
02-Mar-88,1547,1572,1542,1567,96942,207175,0,0
01-Mar-88,1576,1585,1555,1572,89724,207327,0,0
29-Feb-88,1596,1620,1589,1601,63723,198951,0,0
26-Feb-88,1575,1601,1570,1578,81730,200198,0,0
25-Feb-88,1620,1620,1590,1592,107931,205437,0,0
24-Feb-88,1670,1671,1638,1646,73495,199388,0,0
23-Feb-88,1648,1669,1647,1660,65631,189213,0,0
22-Feb-88,1650,1655,1637,1648,77317,199898,0,0
19-Feb-88,1647,1668,1633,1666,73033,200944,0,0
18-Feb-88,1650,1654,1634,1640,94272,208921,0,0
17-Feb-88,1683,1693,1655,1659,67586,199598,0,0
16-Feb-88,1669,1676,1662,1666,43416,205859,0,0
12-Feb-88,1700,1700,1664,1673,89886,207884,0,0
11-Feb-88,1718,1720,1702,1711,58495,203370,0,0
10-Feb-88,1711,1726,1706,1709,80111,198190,0,0
09-Feb-88,1746,1749,1733,1736,59963,199032,0,0
08-Feb-88,1745,1759,1732,1756,61586,199213,0,0
05-Feb-88,1715,1731,1709,1728,50934,205464,0,0
04-Feb-88,1739,1739,1710,1714,45138,200093,0,0
03-Feb-88,1702,1724,1700,1714,53836,198201,0,0
02-Feb-88,1690,1702,1690,1694,41011,196241,0,0
01-Feb-88,1685,1692,1677,1682,42507,197594,0,0
29-Jan-88,1698,1704,1682,1694,41022,201833,0,0
28-Jan-88,1675,1703,1668,1696,63358,200564,0,0
27-Jan-88,1688,1693,1667,1671,73821,195096,0,0
26-Jan-88,1697,1718,1689,1704,57003,192102,0,0
25-Jan-88,1688,1712,1678,1709,52800,184336,0,0
22-Jan-88,1707,1726,1687,1701,70065,187809,0,0
21-Jan-88,1742,1765,1713,1718,94513,198157,0,0
20-Jan-88,1717,1747,1700,1742,81029,188497,0,0
19-Jan-88,1720,1757,1720,1728,112457,197698,0,0
18-Jan-88,1687,1733,1667,1730,93623,199947,0,0
15-Jan-88,1700,1700,1656,1677,90277,203141,0,0
14-Jan-88,1640,1708,1632,1704,89088,205042,0,0
13-Jan-88,1665,1678,1630,1640,89511,204902,0,0
12-Jan-88,1600,1650,1580,1647,121455,220060,0,0
11-Jan-88,1708,1712,1661,1663,87970,214482,0,0
08-Jan-88,1720,1729,1702,1714,59858,226793,0,0
07-Jan-88,1738,1758,1713,1717,76522,208747,0,0
06-Jan-88,1752,1767,1744,1761,74317,209450,0,0
05-Jan-88,1760,1775,1730,1766,105026,207545,0,0
04-Jan-88,1680,1754,1678,1748,87678,208634,0,0
31-Dec-87,1690,1690,1668,1670,23268,208259,0,0
30-Dec-87,1728,1734,1683,1689,67038,207098,0,0
29-Dec-87,1655,1701,1655,1693,47065,207134,0,0
28-Dec-87,1640,1650,1632,1642,25286,206174,0,0
24-Dec-87,1664,1664,1645,1652,16734,210726,0,0
23-Dec-87,1695,1710,1646,1664,94974,213212,0,0
22-Dec-87,1600,1686,1592,1661,94583,207195,0,0
21-Dec-87,1540,1564,1530,1540,75095,205739,0,0
18-Dec-87,1590,1600,1528,1540,104883,221227,0,0
17-Dec-87,1505,1582,1473,1571,175383,231729,0,0
16-Dec-87,1665,1675,1560,1573,151141,228132,0,0
15-Dec-87,1696,1698,1625,1641,149732,219668,0,0
14-Dec-87,1705,1738,1705,1707,114787,205997,0,0
11-Dec-87,1800,1815,1795,1799,49030,194300,0,0
10-Dec-87,1810,1819,1784,1816,81221,197693,0,0
09-Dec-87,1753,1810,1745,1807,127386,192135,0,0
08-Dec-87,1830,1836,1806,1808,78405,183409,0,0
07-Dec-87,1864,1864,1823,1825,76886,180543,0,0
04-Dec-87,1898,1905,1871,1874,60836,177869,0,0
03-Dec-87,1868,1890,1858,1887,81995,171983,0,0
02-Dec-87,1850,1865,1843,1856,45732,161861,0,0
01-Dec-87,1844,1854,1834,1846,74672,162013,0,0
30-Nov-87,1868,1874,1847,1851,55374,159115,0,0
25-Nov-87,1866,1875,1858,1862,42355,153345,0,0
24-Nov-87,1890,1898,1868,1871,53533,157157,0,0
23-Nov-87,1874,1900,1870,1878,74422,161408,0,0
20-Nov-87,1843,1866,1838,1856,81746,170369,0,0
19-Nov-87,1866,1869,1840,1846,81496,175274,0,0
18-Nov-87,1815,1861,1805,1859,110894,177919,0,0
17-Nov-87,1840,1840,1825,1837,90054,163573,0,0
16-Nov-87,1870,1871,1854,1855,65969,157952,0,0
13-Nov-87,1875,1886,1868,1881,51564,157843,0,0
12-Nov-87,1898,1904,1880,1883,49401,158230,0,0
11-Nov-87,1885,1894,1872,1883,58507,162912,0,0
10-Nov-87,1872,1891,1869,1888,63547,166811,0,0
09-Nov-87,1852,1865,1848,1857,46593,170147,0,0
06-Nov-87,1902,1902,1870,1871,58031,179434,0,0
05-Nov-87,1890,1900,1875,1898,90674,168538,0,0
04-Nov-87,1929,1932,1885,1907,99964,174258,0,0
03-Nov-87,1950,1952,1938,1949,51522,164774,0,0
02-Nov-87,1978,1983,1957,1962,57722,162891,0,0
30-Oct-87,1993,1998,1991,1996,19480,156013,0,0
29-Oct-87,2002,2005,1986,1997,38237,157283,0,0
28-Oct-87,2015,2020,2004,2008,41635,157055,0,0
27-Oct-87,1998,2014,1995,2012,44749,161128,0,0
26-Oct-87,2000,2002,1986,1999,41536,159460,0,0
23-Oct-87,2008,2019,2000,2016,39707,161877,0,0
22-Oct-87,2010,2025,2002,2020,56617,168174,0,0
21-Oct-87,1995,2008,1990,2005,48567,163395,0,0
20-Oct-87,1974,2013,1950,1984,111898,189623,0,0
19-Oct-87,2048,2052,1970,1991,106385,198581,0,0
16-Oct-87,1988,2038,1985,2022,114872,199473,0,0
15-Oct-87,1969,1972,1966,1971,37719,193580,0,0
14-Oct-87,1970,1974,1962,1965,43279,195204,0,0
13-Oct-87,1948,1958,1944,1958,32305,196589,0,0
12-Oct-87,1942,1956,1935,1951,29507,200052,0,0
09-Oct-87,1957,1959,1944,1955,36978,195994,0,0
08-Oct-87,1963,1966,1947,1949,47960,199248,0,0
07-Oct-87,1930,1960,1930,1956,67863,203046,0,0
06-Oct-87,1973,1980,1930,1935,91528,197393,0,0
05-Oct-87,1992,1998,1971,1973,55921,188938,0,0
02-Oct-87,1957,1982,1955,1977,69596,200294,0,0
01-Oct-87,1959,1966,1955,1962,25986,186861,0,0
30-Sep-87,1965,1970,1951,1959,47446,188337,0,0
29-Sep-87,1940,1956,1933,1954,41591,192375,0,0
28-Sep-87,1952,1965,1944,1945,32825,189428,0,0
25-Sep-87,1956,1960,1942,1946,25387,190226,0,0
24-Sep-87,1968,1972,1961,1965,34563,190329,0,0
23-Sep-87,1930,1970,1928,1968,66173,188184,0,0
22-Sep-87,1955,1957,1927,1930,83798,196874,0,0
21-Sep-87,1910,1943,1907,1942,73340,198183,0,0
18-Sep-87,1914,1922,1910,1920,52772,196832,0,0
17-Sep-87,1926,1936,1915,1916,51950,196736,0,0
16-Sep-87,1946,1955,1932,1939,54683,194759,0,0
15-Sep-87,1949,1959,1936,1939,68853,197496,0,0
14-Sep-87,1930,1965,1915,1961,59061,196194,0,0
11-Sep-87,1955,1957,1926,1940,58611,198404,0,0
10-Sep-87,1940,1975,1936,1967,70357,200240,0,0
09-Sep-87,1905,1940,1901,1938,60347,206478,0,0
08-Sep-87,1885,1898,1872,1894,67128,210581,0,0
04-Sep-87,1938,1952,1920,1932,38735,219614,0,0
03-Sep-87,1940,1959,1930,1950,55752,204942,0,0
02-Sep-87,1973,1978,1956,1964,36996,195487,0,0
01-Sep-87,1960,1972,1949,1963,41705,195649,0,0
31-Aug-87,1975,1995,1966,1973,58662,193788,0,0
28-Aug-87,1970,1993,1937,1939,89428,198693,0,0
27-Aug-87,1965,1967,1920,1964,77848,193856,0,0
26-Aug-87,1893,1950,1883,1946,100212,201513,0,0
25-Aug-87,1875,1888,1858,1864,68299,199949,0,0
24-Aug-87,1840,1872,1815,1860,111753,204065,0,0
21-Aug-87,1933,1943,1885,1890,72665,187347,0,0
20-Aug-87,1928,1933,1908,1914,98279,199906,0,0
19-Aug-87,1966,1971,1938,1944,90338,195010,0,0
18-Aug-87,1978,1991,1960,1971,82449,191925,0,0
17-Aug-87,2000,2000,1950,1968,92687,208077,0,0
14-Aug-87,2045,2045,2026,2029,50488,195699,0,0
13-Aug-87,2062,2071,2050,2052,39739,188199,0,0
12-Aug-87,2075,2085,2058,2071,52877,190585,0,0
11-Aug-87,2047,2078,2031,2074,58304,196133,0,0
10-Aug-87,2075,2079,2047,2049,51140,194843,0,0
07-Aug-87,2108,2118,2094,2099,48974,201796,0,0
06-Aug-87,2110,2138,2105,2114,58686,193592,0,0
05-Aug-87,2145,2170,2126,2129,68564,190614,0,0
04-Aug-87,2200,2216,2181,2197,62481,192218,0,0
03-Aug-87,2250,2267,2202,2216,66605,185046,0,0
31-Jul-87,2141,2145,2117,2137,36970,178226,0,0
30-Jul-87,2168,2175,2125,2136,62154,183003,0,0
29-Jul-87,2130,2154,2125,2144,53228,178175,0,0
28-Jul-87,2072,2165,2070,2132,65843,182390,0,0
27-Jul-87,2050,2065,2045,2049,52622,174850,0,0
24-Jul-87,2098,2098,2054,2057,63073,177125,0,0
23-Jul-87,2148,2153,2115,2123,57409,177177,0,0
22-Jul-87,2130,2157,2108,2155,72169,174843,0,0
21-Jul-87,2173,2176,2125,2147,103157,189599,0,0
20-Jul-87,2170,2191,2159,2188,78871,193847,0,0
17-Jul-87,2165,2187,2158,2180,73740,189064,0,0
16-Jul-87,2175,2187,2145,2161,104328,195451,0,0
15-Jul-87,2121,2165,2121,2135,104373,184831,0,0
14-Jul-87,2073,2102,2070,2100,56842,171786,0,0
13-Jul-87,2089,2094,2079,2081,49353,174300,0,0
10-Jul-87,2070,2084,2065,2082,51950,178802,0,0
09-Jul-87,2064,2074,2056,2072,70498,175199,0,0
08-Jul-87,2038,2050,2035,2049,57591,164292,0,0
07-Jul-87,2055,2055,2036,2038,56376,170727,0,0
06-Jul-87,2080,2094,2076,2093,47554,160443,0,0
02-Jul-87,2063,2068,2057,2061,38361,163660,0,0
01-Jul-87,2022,2049,2021,2048,50337,168700,0,0
30-Jun-87,2027,2053,2021,2029,67259,167392,0,0
29-Jun-87,2065,2070,2030,2035,88557,169781,0,0
26-Jun-87,1984,2070,1983,2024,108473,163030,0,0
25-Jun-87,1938,1966,1931,1964,57798,151859,0,0
24-Jun-87,1957,1959,1935,1940,61206,144913,0,0
23-Jun-87,1962,1969,1940,1957,72366,152263,0,0
22-Jun-87,2005,2009,1945,1956,92993,141129,0,0
19-Jun-87,1990,2001,1985,2000,48825,148036,0,0
18-Jun-87,1983,1995,1973,1990,50841,138370,0,0
17-Jun-87,1990,1994,1978,1986,49730,145664,0,0
16-Jun-87,1980,1990,1976,1987,44974,137545,0,0
15-Jun-87,1960,1980,1960,1977,34986,146167,0,0
12-Jun-87,1959,1965,1957,1964,23870,141609,0,0
11-Jun-87,1954,1961,1950,1957,40501,142391,0,0
10-Jun-87,1961,1970,1961,1965,29803,144769,0,0
09-Jun-87,1990,1990,1975,1982,52530,141250,0,0
08-Jun-87,1982,1996,1980,1990,45016,141905,0,0
05-Jun-87,1987,1987,1965,1979,41077,147614,0,0
04-Jun-87,1991,2000,1978,1981,47691,142154,0,0
03-Jun-87,1968,1990,1964,1986,50833,144176,0,0
02-Jun-87,1963,1971,1961,1969,38811,147445,0,0
01-Jun-87,1935,1960,1933,1956,43992,143021,0,0
29-May-87,1922,1942,1916,1938,41190,138707,0,0
28-May-87,1933,1940,1925,1926,34930,138256,0,0
27-May-87,1932,1945,1926,1937,30004,135773,0,0
26-May-87,1935,1943,1920,1942,26701,132815,0,0
22-May-87,1924,1939,1919,1935,33412,134386,0,0
21-May-87,1900,1927,1890,1924,52328,135681,0,0
20-May-87,1921,1924,1898,1903,59708,130837,0,0
19-May-87,1928,1935,1911,1932,72891,142635,0,0
18-May-87,1945,1945,1921,1929,61171,144375,0,0
15-May-87,1914,1934,1912,1932,55183,143307,0,0
14-May-87,1897,1916,1890,1915,53573,145311,0,0
13-May-87,1911,1915,1899,1901,50238,150666,0,0
12-May-87,1898,1898,1882,1893,53491,151219,0,0
11-May-87,1907,1917,1904,1911,47438,147990,0,0
08-May-87,1910,1928,1902,1926,46280,145883,0,0
07-May-87,1915,1925,1905,1913,47706,143634,0,0
06-May-87,1910,1924,1903,1923,51442,146986,0,0
05-May-87,1907,1920,1900,1905,54499,152069,0,0
04-May-87,1885,1895,1881,1892,26863,150295,0,0
01-May-87,1881,1890,1873,1883,32178,152823,0,0
30-Apr-87,1865,1877,1854,1873,31444,147705,0,0
29-Apr-87,1875,1876,1855,1860,50873,145944,0,0
28-Apr-87,1873,1886,1868,1884,26907,141827,0,0
27-Apr-87,1868,1888,1866,1883,44770,143985,0,0
24-Apr-87,1860,1874,1854,1868,43608,145245,0,0
23-Apr-87,1845,1870,1835,1859,69289,141376,0,0
22-Apr-87,1845,1851,1827,1839,47458,138210,0,0
21-Apr-87,1825,1843,1819,1840,68468,144649,0,0
20-Apr-87,1812,1833,1808,1815,54956,154496,0,0
16-Apr-87,1815,1818,1798,1811,60215,157024,0,0
15-Apr-87,1772,1815,1770,1813,57535,160469,0,0
14-Apr-87,1760,1780,1748,1768,51901,165066,0,0
13-Apr-87,1765,1785,1745,1771,77370,170666,0,0
10-Apr-87,1825,1828,1765,1770,69175,170518,0,0
09-Apr-87,1820,1826,1810,1825,49069,166687,0,0
08-Apr-87,1868,1871,1848,1865,66682,167548,0,0
07-Apr-87,1873,1892,1873,1884,42926,161133,0,0
06-Apr-87,1865,1871,1858,1867,29575,162578,0,0
03-Apr-87,1893,1896,1868,1870,40392,166423,0,0
02-Apr-87,1883,1892,1882,1891,30469,157568,0,0
01-Apr-87,1876,1881,1863,1878,41058,158181,0,0
31-Mar-87,1872,1885,1870,1883,39138,158154,0,0
30-Mar-87,1855,1870,1846,1869,35673,150829,0,0
27-Mar-87,1860,1866,1850,1862,25042,149827,0,0
26-Mar-87,1858,1870,1852,1863,35401,150170,0,0
25-Mar-87,1866,1874,1846,1847,57038,148410,0,0
24-Mar-87,1835,1873,1835,1871,56168,155164,0,0
23-Mar-87,1820,1831,1815,1827,35545,146108,0,0
20-Mar-87,1825,1839,1823,1831,46675,153944,0,0
19-Mar-87,1820,1840,1810,1836,75759,162891,0,0
18-Mar-87,1842,1854,1815,1818,62277,170433,0,0
17-Mar-87,1845,1858,1845,1851,60522,174034,0,0
16-Mar-87,1820,1840,1819,1839,44830,168384,0,0
13-Mar-87,1820,1827,1813,1817,39497,169697,0,0
12-Mar-87,1805,1822,1796,1821,46615,170232,0,0
11-Mar-87,1830,1835,1810,1815,64480,169411,0,0
10-Mar-87,1802,1810,1790,1800,45564,166012,0,0
09-Mar-87,1816,1820,1781,1793,61371,166716,0,0
06-Mar-87,1780,1810,1775,1799,79416,169461,0,0
05-Mar-87,1750,1770,1742,1769,57625,160019,0,0
04-Mar-87,1754,1768,1738,1745,83984,164312,0,0
03-Mar-87,1685,1743,1670,1735,91453,157426,0,0
02-Mar-87,1625,1642,1617,1639,50462,144845,0,0
27-Feb-87,1670,1684,1640,1660,62262,147632,0,0
26-Feb-87,1662,1680,1650,1678,42100,141476,0,0
25-Feb-87,1645,1645,1605,1640,82578,140400,0,0
24-Feb-87,1690,1695,1668,1673,70706,142941,0,0
23-Feb-87,1740,1744,1706,1708,49691,138248,0,0
20-Feb-87,1746,1770,1745,1764,58968,145722,0,0
19-Feb-87,1729,1744,1717,1731,59596,151639,0,0
18-Feb-87,1759,1760,1715,1729,73913,153928,0,0
17-Feb-87,1785,1785,1763,1766,41775,149518,0,0
13-Feb-87,1803,1805,1777,1779,35054,153193,0,0
12-Feb-87,1778,1798,1761,1791,72133,155182,0,0
11-Feb-87,1823,1825,1785,1788,66433,145405,0,0
10-Feb-87,1837,1838,1822,1834,35376,138975,0,0
09-Feb-87,1829,1837,1824,1827,30437,139771,0,0
06-Feb-87,1850,1857,1838,1840,30661,142062,0,0
05-Feb-87,1833,1858,1828,1854,46159,143533,0,0
04-Feb-87,1825,1829,1804,1826,46576,140430,0,0
03-Feb-87,1845,1848,1833,1836,35354,136517,0,0
02-Feb-87,1870,1871,1846,1854,25221,135962,0,0
30-Jan-87,1872,1881,1871,1875,25663,134716,0,0
29-Jan-87,1855,1872,1855,1866,24640,129488,0,0
28-Jan-87,1853,1869,1842,1858,31653,127929,0,0
27-Jan-87,1860,1864,1843,1847,31801,125373,0,0
26-Jan-87,1879,1883,1850,1864,23928,124664,0,0
23-Jan-87,1894,1894,1871,1876,17160,123099,0,0
22-Jan-87,1885,1889,1876,1887,18826,120024,0,0
21-Jan-87,1885,1892,1858,1869,41554,120172,0,0
20-Jan-87,1843,1888,1843,1885,61519,131588,0,0
19-Jan-87,1873,1879,1855,1858,52566,134227,0,0
16-Jan-87,1871,1891,1866,1879,38130,131999,0,0
15-Jan-87,1895,1905,1878,1881,58549,137200,0,0
14-Jan-87,1890,1895,1870,1887,47466,133558,0,0
13-Jan-87,1875,1888,1866,1881,46673,131854,0,0
12-Jan-87,1905,1918,1885,1896,56627,129644,0,0
09-Jan-87,1840,1880,1838,1877,59112,126923,0,0
08-Jan-87,1834,1859,1830,1856,60813,122398,0,0
07-Jan-87,1825,1828,1810,1825,44819,122941,0,0
06-Jan-87,1791,1823,1788,1822,54935,121602,0,0
05-Jan-87,1815,1829,1793,1795,45678,123244,0,0
02-Jan-87,1790,1819,1790,1813,27038,119569,0,0
31-Dec-86,1785,1800,1780,1794,32058,121248,0,0
30-Dec-86,1758,1767,1745,1765,32221,116994,0,0
29-Dec-86,1740,1772,1740,1765,37000,120061,0,0
24-Dec-86,1698,1730,1688,1727,26451,121899,0,0
23-Dec-86,1715,1719,1689,1691,47578,118988,0,0
22-Dec-86,1730,1750,1710,1722,66770,120101,0,0
19-Dec-86,1675,1699,1630,1639,87408,128288,0,0
18-Dec-86,1585,1670,1560,1638,97200,122798,0,0
17-Dec-86,1625,1631,1602,1611,58188,115544,0,0
16-Dec-86,1638,1663,1616,1639,55935,120056,0,0
15-Dec-86,1640,1685,1640,1658,73054,117845,0,0
12-Dec-86,1620,1645,1580,1629,69744,122694,0,0
11-Dec-86,1540,1579,1538,1568,53909,116400,0,0
10-Dec-86,1503,1534,1502,1524,39173,106834,0,0
09-Dec-86,1501,1514,1498,1510,27833,105141,0,0
08-Dec-86,1523,1530,1510,1513,20109,103607,0,0
05-Dec-86,1531,1537,1518,1526,16212,102581,0,0
04-Dec-86,1507,1522,1496,1520,25576,102889,0,0
03-Dec-86,1524,1528,1508,1512,23663,101687,0,0
02-Dec-86,1535,1538,1517,1519,23798,98699,0,0
01-Dec-86,1511,1533,1511,1531,21603,98757,0,0
26-Nov-86,1515,1524,1495,1500,25238,100411,0,0
25-Nov-86,1478,1505,1472,1495,37267,100703,0,0
24-Nov-86,1544,1544,1488,1499,31809,103674,0,0
21-Nov-86,1525,1540,1520,1538,18834,98647,0,0
20-Nov-86,1555,1558,1528,1532,50601,113104,0,0
19-Nov-86,1567,1580,1561,1562,33817,112527,0,0
18-Nov-86,1548,1569,1542,1567,39197,118049,0,0
17-Nov-86,1585,1590,1555,1563,31313,120229,0,0
14-Nov-86,1582,1593,1560,1576,45827,120181,0,0
13-Nov-86,1534,1580,1530,1567,46730,119287,0,0
12-Nov-86,1550,1559,1538,1549,27503,118549,0,0
11-Nov-86,1548,1560,1545,1558,21997,116136,0,0
10-Nov-86,1550,1557,1529,1543,26485,116265,0,0
07-Nov-86,1550,1557,1525,1532,34153,117083,0,0
06-Nov-86,1534,1544,1530,1532,21632,114972,0,0
05-Nov-86,1520,1537,1515,1522,24833,113372,0,0
04-Nov-86,1499,1535,1497,1519,45671,114849,0,0
03-Nov-86,1515,1523,1468,1471,36617,112506,0,0
31-Oct-86,1550,1565,1521,1527,51609,114505,0,0
30-Oct-86,1400,1512,1390,1504,64962,116628,0,0
29-Oct-86,1425,1425,1352,1373,62537,117814,0,0
28-Oct-86,1415,1448,1410,1413,40213,112074,0,0
27-Oct-86,1485,1485,1440,1441,36168,111354,0,0
24-Oct-86,1514,1520,1495,1502,20279,108104,0,0
23-Oct-86,1505,1520,1493,1508,29021,109971,0,0
22-Oct-86,1560,1560,1515,1519,42612,112455,0,0
21-Oct-86,1540,1585,1535,1568,57174,121939,0,0
20-Oct-86,1538,1553,1527,1551,49641,121725,0,0
17-Oct-86,1460,1515,1458,1512,55389,130190,0,0
16-Oct-86,1487,1494,1450,1479,46968,123243,0,0
15-Oct-86,1490,1518,1485,1508,48096,125817,0,0
14-Oct-86,1450,1484,1429,1480,49276,123616,0,0
13-Oct-86,1520,1525,1435,1453,37225,127922,0,0
10-Oct-86,1534,1543,1510,1514,28155,126903,0,0
09-Oct-86,1555,1561,1515,1537,37694,122638,0,0
08-Oct-86,1575,1585,1556,1568,38245,120969,0,0
07-Oct-86,1535,1573,1535,1569,45183,116869,0,0
06-Oct-86,1490,1539,1485,1512,32797,115103,0,0
03-Oct-86,1525,1543,1505,1512,36483,109400,0,0
02-Oct-86,1525,1540,1518,1536,41613,106807,0,0
01-Oct-86,1477,1520,1477,1516,31342,102241,0,0
30-Sep-86,1510,1515,1470,1477,15478,100805,0,0
29-Sep-86,1460,1490,1460,1489,25481,99279,0,0
26-Sep-86,1435,1465,1435,1443,19478,98526,0,0
25-Sep-86,1435,1453,1425,1427,22953,95508,0,0
24-Sep-86,1460,1478,1448,1457,26335,97017,0,0
23-Sep-86,1395,1450,1395,1445,30390,96302,0,0
22-Sep-86,1450,1457,1422,1429,31941,108493,0,0
19-Sep-86,1490,1494,1466,1474,31362,111460,0,0
18-Sep-86,1440,1475,1435,1472,28795,113468,0,0
17-Sep-86,1398,1437,1395,1416,34470,114445,0,0
16-Sep-86,1400,1430,1391,1407,45109,115796,0,0
15-Sep-86,1490,1492,1434,1447,34672,109496,0,0
12-Sep-86,1510,1519,1485,1509,22667,111014,0,0
11-Sep-86,1507,1515,1445,1503,47678,111312,0,0
10-Sep-86,1520,1530,1480,1487,43109,105588,0,0
09-Sep-86,1528,1553,1520,1534,33647,101131,0,0
08-Sep-86,1615,1620,1530,1562,52449,103371,0,0
05-Sep-86,1642,1652,1633,1637,19221,101372,0,0
04-Sep-86,1613,1632,1605,1621,25124,101281,0,0
03-Sep-86,1656,1656,1609,1613,29716,101524,0,0
02-Sep-86,1618,1649,1612,1646,29103,101256,0,0
29-Aug-86,1590,1592,1575,1590,15155,97455,0,0
28-Aug-86,1580,1584,1558,1581,18909,97546,0,0
27-Aug-86,1598,1607,1553,1579,25492,97397,0,0
26-Aug-86,1570,1590,1565,1583,17215,92095,0,0
25-Aug-86,1541,1565,1541,1551,8322,93349,0,0
22-Aug-86,1540,1557,1538,1549,10737,93143,0,0
21-Aug-86,1575,1589,1535,1546,25517,95393,0,0
20-Aug-86,1505,1560,1500,1556,39368,104102,0,0
19-Aug-86,1525,1545,1513,1516,40325,109981,0,0
18-Aug-86,1610,1617,1558,1565,30242,113247,0,0
15-Aug-86,1570,1600,1565,1591,32951,114765,0,0
14-Aug-86,1526,1550,1516,1548,26034,115179,0,0
13-Aug-86,1535,1565,1495,1536,48768,121647,0,0
12-Aug-86,1485,1563,1485,1524,46559,118228,0,0
11-Aug-86,1480,1500,1460,1463,29535,122291,0,0
08-Aug-86,1465,1480,1445,1465,43190,123187,0,0
07-Aug-86,1485,1520,1440,1508,40373,126766,0,0
06-Aug-86,1430,1470,1420,1464,58385,136578,0,0
05-Aug-86,1388,1388,1388,1388,60078,135585,0,0
04-Aug-86,1165,1238,1165,1238,57066,139015,0,0
01-Aug-86,1115,1140,1110,1138,23279,129564,0,0
31-Jul-86,1180,1190,1103,1115,41302,131234,0,0
30-Jul-86,1170,1180,1150,1173,42945,132214,0,0
29-Jul-86,1115,1183,1110,1141,45193,129678,0,0
28-Jul-86,1065,1110,1065,1107,21741,124737,0,0
25-Jul-86,1103,1118,1086,1090,22207,124503,0,0
24-Jul-86,1105,1127,1095,1105,28487,122348,0,0
23-Jul-86,1085,1112,1070,1085,48424,122751,0,0
22-Jul-86,1155,1180,1120,1126,47421,124563,0,0
21-Jul-86,1215,1241,1190,1208,43619,125678,0,0
18-Jul-86,1145,1230,1130,1184,55847,134833,0,0
17-Jul-86,1242,1245,1140,1148,54914,134703,0,0
16-Jul-86,1140,1220,1115,1212,52921,130308,0,0
15-Jul-86,1065,1161,1058,1151,57681,132368,0,0
14-Jul-86,1024,1065,1010,1061,43398,125842,0,0
11-Jul-86,1098,1100,1045,1054,38470,119706,0,0
10-Jul-86,1085,1115,1075,1099,33785,115745,0,0
09-Jul-86,1118,1120,1058,1061,46651,115221,0,0
08-Jul-86,1118,1136,1095,1128,37111,110290,0,0
07-Jul-86,1135,1150,1110,1119,34832,108058,0,0
02-Jul-86,1240,1247,1196,1199,31796,106500,0,0
01-Jul-86,1255,1260,1231,1238,30522,104670,0,0
30-Jun-86,1280,1300,1270,1278,30561,102404,0,0
27-Jun-86,1315,1355,1314,1340,19333,98896,0,0
26-Jun-86,1346,1363,1305,1314,24059,95821,0,0
25-Jun-86,1282,1352,1282,1326,31793,98451,0,0
24-Jun-86,1295,1295,1282,1288,14449,95911,0,0
23-Jun-86,1285,1320,1285,1300,22934,94717,0,0
20-Jun-86,1294,1310,1280,1294,42355,108291,0,0
19-Jun-86,1276,1310,1270,1304,26899,102658,0,0
18-Jun-86,1324,1324,1290,1296,31030,106724,0,0
17-Jun-86,1320,1330,1303,1324,29806,104950,0,0
16-Jun-86,1352,1369,1315,1322,29340,107821,0,0
13-Jun-86,1332,1362,1311,1352,28561,107316,0,0
12-Jun-86,1350,1380,1329,1366,34787,108483,0,0
11-Jun-86,1272,1359,1265,1349,37605,106905,0,0
10-Jun-86,1273,1290,1250,1256,22657,103327,0,0
09-Jun-86,1260,1285,1250,1263,20284,105128,0,0
06-Jun-86,1310,1318,1273,1276,26603,107144,0,0
05-Jun-86,1325,1353,1285,1323,31662,104936,0,0
04-Jun-86,1300,1325,1275,1310,40761,104792,0,0
03-Jun-86,1385,1410,1375,1387,26272,99792,0,0
02-Jun-86,1400,1405,1373,1381,34175,102681,0,0
30-May-86,1464,1480,1421,1430,24193,98292,0,0
29-May-86,1440,1468,1415,1454,36675,96971,0,0
28-May-86,1485,1510,1460,1483,29653,96360,0,0
27-May-86,1543,1547,1505,1510,24078,91758,0,0
23-May-86,1530,1570,1493,1559,20953,89566,0,0
22-May-86,1450,1520,1450,1516,29439,90891,0,0
21-May-86,1580,1590,1475,1482,39371,90335,0,0
20-May-86,1625,1630,1551,1551,46565,98260,0,0
19-May-86,1595,1655,1582,1651,54551,102853,0,0
16-May-86,1515,1575,1510,1559,23414,99989,0,0
15-May-86,1490,1518,1480,1515,24840,104116,0,0
14-May-86,1515,1540,1486,1493,35296,103789,0,0
13-May-86,1465,1525,1460,1521,32338,104374,0,0
12-May-86,1520,1552,1505,1515,28910,106261,0,0
09-May-86,1555,1590,1543,1586,27984,105929,0,0
08-May-86,1510,1578,1496,1574,38238,107174,0,0
07-May-86,1485,1534,1480,1521,36963,104754,0,0
06-May-86,1438,1452,1411,1432,23371,102980,0,0
05-May-86,1475,1485,1412,1433,29803,103484,0,0
02-May-86,1425,1495,1410,1473,42910,105906,0,0
01-May-86,1350,1390,1350,1381,22735,95182,0,0
30-Apr-86,1340,1380,1330,1334,24431,92863,0,0
29-Apr-86,1315,1365,1308,1351,20485,92797,0,0
28-Apr-86,1380,1395,1325,1336,32187,92973,0,0
25-Apr-86,1255,1355,1250,1339,22091,88948,0,0
24-Apr-86,1345,1392,1280,1298,39153,88203,0,0
23-Apr-86,1280,1348,1270,1321,36420,89617,0,0
22-Apr-86,1250,1265,1205,1260,37287,93492,0,0
21-Apr-86,1170,1230,1170,1226,30641,99679,0,0
18-Apr-86,1185,1215,1160,1187,30868,98078,0,0
17-Apr-86,1128,1190,1128,1180,15916,94249,0,0
16-Apr-86,1180,1215,1152,1152,40077,95363,0,0
15-Apr-86,1300,1315,1240,1252,27227,87372,0,0
14-Apr-86,1320,1360,1275,1280,24127,87832,0,0
11-Apr-86,1350,1400,1326,1346,31647,87213,0,0
10-Apr-86,1335,1363,1320,1331,23852,84687,0,0
09-Apr-86,1230,1340,1220,1300,29828,84172,0,0
08-Apr-86,1380,1385,1240,1247,37124,84844,0,0
07-Apr-86,1350,1440,1320,1433,37240,79580,0,0
04-Apr-86,1215,1280,1205,1274,31906,80786,0,0
03-Apr-86,1110,1188,1090,1175,31328,79671,0,0
02-Apr-86,1165,1245,1135,1152,37733,78797,0,0
01-Apr-86,1000,1140,975,1127,36081,77085,0,0
31-Mar-86,1111,1120,1030,1042,18687,72083,0,0
27-Mar-86,1180,1190,1135,1144,28257,73842,0,0
26-Mar-86,1215,1235,1200,1202,21741,72659,0,0
25-Mar-86,1200,1247,1195,1225,18791,71618,0,0
24-Mar-86,1225,1247,1100,1213,20704,72937,0,0
21-Mar-86,1275,1405,1260,1394,26601,75904,0,0
20-Mar-86,1350,1380,1297,1302,34604,79509,0,0
19-Mar-86,1440,1449,1350,1371,49356,78120,0,0
18-Mar-86,1420,1450,1344,1403,42840,76866,0,0
17-Mar-86,1265,1385,1245,1357,27933,74586,0,0
14-Mar-86,1320,1355,1268,1296,29246,72905,0,0
13-Mar-86,1450,1450,1334,1334,32747,74051,0,0
12-Mar-86,1400,1438,1366,1434,28723,72945,0,0
11-Mar-86,1330,1380,1295,1341,25978,71366,0,0
10-Mar-86,1210,1310,1190,1285,24677,71102,0,0
07-Mar-86,1360,1360,1210,1228,24238,71207,0,0
06-Mar-86,1250,1320,1225,1316,26318,76186,0,0
05-Mar-86,1200,1300,1149,1209,33809,72257,0,0
04-Mar-86,1225,1260,1190,1198,19842,67327,0,0
03-Mar-86,1281,1300,1215,1227,21168,65070,0,0
28-Feb-86,1300,1350,1270,1326,20226,64007,0,0
27-Feb-86,1425,1440,1370,1395,21977,64073,0,0
26-Feb-86,1470,1472,1415,1460,19776,62784,0,0
25-Feb-86,1539,1570,1400,1455,29798,63551,0,0
24-Feb-86,1420,1520,1395,1511,27769,61930,0,0
21-Feb-86,1455,1480,1340,1353,29508,60219,0,0
20-Feb-86,1570,1570,1440,1464,29277,67434,0,0
19-Feb-86,1483,1550,1467,1540,27573,67194,0,0
18-Feb-86,1605,1625,1523,1523,25443,65933,0,0
14-Feb-86,1675,1690,1620,1623,15892,66316,0,0
13-Feb-86,1555,1660,1550,1654,26480,70923,0,0
12-Feb-86,1620,1665,1570,1578,25793,71068,0,0
11-Feb-86,1650,1705,1610,1655,25004,70943,0,0
10-Feb-86,1820,1867,1640,1678,36274,72931,0,0
07-Feb-86,1700,1785,1700,1768,29119,69343,0,0
06-Feb-86,1625,1680,1595,1645,24344,67085,0,0
05-Feb-86,1630,1665,1570,1616,30853,69019,0,0
04-Feb-86,1620,1680,1535,1544,29479,68271,0,0
03-Feb-86,1800,1800,1705,1736,14214,64626,0,0
31-Jan-86,1920,1930,1875,1883,17117,66522,0,0
30-Jan-86,2000,2010,1950,1966,16461,64938,0,0
29-Jan-86,1960,2000,1940,1966,21289,65188,0,0
28-Jan-86,2115,2137,2014,2017,26882,65523,0,0
27-Jan-86,1985,2092,1970,2083,21530,66696,0,0
24-Jan-86,1980,2026,1940,1950,22088,68833,0,0
23-Jan-86,1890,2050,1860,1982,39314,72369,0,0
22-Jan-86,2120,2140,2032,2039,19419,67628,0,0
21-Jan-86,2160,2215,2010,2081,40854,77947,0,0
20-Jan-86,2175,2195,2160,2160,18076,76636,0,0
17-Jan-86,2285,2318,2237,2260,27240,78923,0,0
16-Jan-86,2325,2331,2286,2286,27173,78796,0,0
15-Jan-86,2390,2415,2376,2386,22284,74334,0,0
14-Jan-86,2385,2396,2350,2363,27783,73606,0,0
13-Jan-86,2415,2430,2368,2372,26662,72520,0,0
10-Jan-86,2445,2484,2427,2464,17609,69455,0,0
09-Jan-86,2565,2590,2530,2590,29644,69208,0,0
08-Jan-86,2550,2605,2550,2593,23065,65741,0,0
07-Jan-86,2641,2644,2606,2620,14004,63936,0,0
06-Jan-86,2625,2660,2620,2657,18614,64188,0,0
03-Jan-86,2590,2609,2551,2597,17884,63732,0,0
02-Jan-86,2595,2596,2520,2556,21215,63883,0,0
31-Dec-85,2650,2660,2625,2630,7179,61161,0,0
30-Dec-85,2701,2701,2638,2666,11027,60757,0,0
27-Dec-85,2650,2690,2641,2689,13073,60406,0,0
26-Dec-85,2580,2624,2575,2622,6648,60336,0,0
23-Dec-85,2570,2586,2553,2557,4402,59686,0,0
20-Dec-85,2625,2625,2565,2577,11439,59882,0,0
19-Dec-85,2600,2630,2592,2607,19489,59367,0,0
18-Dec-85,2540,2580,2490,2572,30267,63727,0,0
17-Dec-85,2550,2560,2501,2509,31720,67076,0,0
16-Dec-85,2650,2655,2596,2601,24500,64556,0,0
13-Dec-85,2630,2656,2593,2611,25585,66223,0,0
12-Dec-85,2720,2760,2710,2725,26285,66230,0,0
11-Dec-85,2500,2720,2480,2678,31191,67695,0,0
10-Dec-85,2705,2712,2505,2523,31113,65997,0,0
09-Dec-85,2795,2795,2745,2751,15712,65023,0,0
06-Dec-85,2900,2912,2868,2874,12979,63731,0,0
05-Dec-85,2890,2902,2862,2888,17153,62653,0,0
04-Dec-85,2875,2908,2855,2864,21980,60210,0,0
03-Dec-85,2980,2985,2900,2906,18030,58143,0,0
02-Dec-85,2935,2980,2874,2975,25316,56567,0,0
27-Nov-85,3042,3057,2974,2975,28503,57698,0,0
26-Nov-85,3092,3095,3071,3074,11758,57512,0,0
25-Nov-85,3098,3117,3098,3101,16316,59547,0,0
22-Nov-85,3075,3094,3068,3091,12899,58274,0,0
21-Nov-85,3071,3095,3053,3082,21733,59902,0,0
20-Nov-85,3027,3072,3017,3061,27910,61570,0,0
19-Nov-85,3002,3026,2996,3025,25387,64309,0,0
18-Nov-85,2972,2990,2956,2987,14060,66485,0,0
15-Nov-85,3010,3011,2978,2985,20795,71413,0,0
14-Nov-85,3035,3048,3028,3031,26711,72017,0,0
13-Nov-85,2998,3008,2991,2998,20252,70781,0,0
12-Nov-85,2973,2991,2965,2984,14240,69975,0,0
11-Nov-85,2965,2977,2963,2975,14188,69940,0,0
08-Nov-85,3032,3047,3032,3045,10561,68357,0,0
07-Nov-85,3044,3054,3034,3039,16847,68046,0,0
06-Nov-85,3005,3035,2996,3034,19677,68210,0,0
05-Nov-85,2999,3009,2993,2996,14469,65906,0,0
04-Nov-85,3020,3030,3005,3019,9311,64918,0,0
01-Nov-85,3036,3049,3031,3039,9090,64979,0,0
31-Oct-85,3030,3040,3016,3038,12862,64981,0,0
30-Oct-85,3001,3016,2988,3012,11374,63980,0,0
29-Oct-85,3010,3025,2998,3022,16496,64595,0,0
28-Oct-85,2975,3019,2975,3017,15305,64128,0,0
25-Oct-85,2953,2970,2949,2965,11627,63376,0,0
24-Oct-85,2943,2967,2933,2959,17910,62943,0,0
23-Oct-85,2895,2936,2885,2933,19490,62641,0,0
22-Oct-85,2918,2927,2873,2878,22444,66866,0,0
21-Oct-85,2870,2908,2870,2905,17408,67512,0,0
18-Oct-85,2869,2879,2866,2872,11078,66360,0,0
17-Oct-85,2873,2892,2861,2883,17076,67290,0,0
16-Oct-85,2886,2888,2852,2871,15271,67804,0,0
15-Oct-85,2855,2880,2853,2876,19246,67317,0,0
14-Oct-85,2808,2848,2799,2845,13019,69223,0,0
11-Oct-85,2792,2806,2787,2801,7688,68543,0,0
10-Oct-85,2805,2810,2784,2786,20969,68979,0,0
09-Oct-85,2852,2867,2828,2830,15541,68057,0,0
08-Oct-85,2860,2872,2843,2862,15043,67281,0,0
07-Oct-85,2885,2920,2876,2916,14256,66681,0,0
04-Oct-85,2895,2911,2888,2900,19988,66690,0,0
03-Oct-85,2945,2952,2930,2931,18715,65564,0,0
02-Oct-85,2915,2929,2907,2926,13632,65213,0,0
01-Oct-85,2912,2912,2889,2903,16778,63508,0,0
30-Sep-85,2885,2910,2880,2908,14343,64731,0,0
27-Sep-85,2900,2919,2890,2893,5047,64176,0,0
26-Sep-85,2860,2900,2858,2890,24985,62204,0,0
25-Sep-85,2840,2852,2839,2842,17095,61286,0,0
24-Sep-85,2795,2832,2795,2823,11291,59797,0,0
23-Sep-85,2810,2839,2803,2805,17502,56347,0,0
20-Sep-85,2785,2803,2778,2796,27816,63155,0,0
19-Sep-85,2742,2762,2736,2758,17173,62825,0,0
18-Sep-85,2747,2754,2732,2749,15531,62997,0,0
17-Sep-85,2726,2750,2716,2747,17348,64777,0,0
16-Sep-85,2722,2729,2708,2727,12479,65036,0,0
13-Sep-85,2810,2819,2788,2801,18950,65264,0,0
12-Sep-85,2795,2805,2783,2804,15938,65953,0,0
11-Sep-85,2775,2800,2768,2788,15663,66944,0,0
10-Sep-85,2775,2796,2775,2789,18733,66616,0,0
09-Sep-85,2763,2766,2737,2764,22111,63783,0,0
06-Sep-85,2797,2797,2770,2775,19137,62280,0,0
05-Sep-85,2819,2822,2796,2797,23246,62853,0,0
04-Sep-85,2826,2837,2820,2827,13995,58083,0,0
03-Sep-85,2820,2833,2816,2828,11388,55178,0,0
30-Aug-85,2788,2808,2787,2808,6930,53743,0,0
29-Aug-85,2795,2799,2782,2794,9065,53889,0,0
28-Aug-85,2815,2821,2786,2810,11737,53265,0,0
27-Aug-85,2825,2832,2807,2808,13864,51661,0,0
26-Aug-85,2797,2812,2790,2810,8816,51740,0,0
23-Aug-85,2796,2803,2786,2795,8876,51359,0,0
22-Aug-85,2800,2806,2793,2797,11397,51616,0,0
21-Aug-85,2774,2792,2771,2788,11733,49672,0,0
20-Aug-85,2743,2778,2738,2773,18739,58348,0,0
19-Aug-85,2752,2758,2744,2751,14953,53497,0,0
16-Aug-85,2755,2762,2736,2754,14032,57571,0,0
15-Aug-85,2737,2762,2732,2757,20245,58023,0,0
14-Aug-85,2721,2733,2720,2724,12357,57447,0,0
13-Aug-85,2708,2718,2697,2712,11706,56955,0,0
12-Aug-85,2696,2717,2696,2715,17544,59311,0,0
09-Aug-85,2673,2688,2673,2685,9696,57477,0,0
08-Aug-85,2662,2675,2657,2671,11028,56160,0,0
07-Aug-85,2735,2739,2720,2727,10520,56803,0,0
06-Aug-85,2729,2735,2720,2726,11417,56397,0,0
05-Aug-85,2745,2746,2729,2733,9238,55386,0,0
02-Aug-85,2724,2738,2716,2731,11935,56112,0,0
01-Aug-85,2712,2721,2701,2719,13907,54753,0,0
31-Jul-85,2723,2736,2710,2712,18503,52134,0,0
30-Jul-85,2730,2738,2722,2734,8658,51519,0,0
29-Jul-85,2734,2752,2725,2736,15229,52792,0,0
26-Jul-85,2722,2742,2715,2730,9179,52561,0,0
25-Jul-85,2730,2745,2715,2731,19521,52762,0,0
24-Jul-85,2710,2745,2709,2734,20744,53517,0,0
23-Jul-85,2701,2720,2696,2716,15833,53649,0,0
22-Jul-85,2665,2700,2652,2691,20536,59627,0,0
19-Jul-85,2668,2671,2656,2668,16127,59173,0,0
18-Jul-85,2662,2677,2660,2670,16232,59359,0,0
17-Jul-85,2662,2667,2652,2657,18952,60133,0,0
16-Jul-85,2642,2658,2636,2647,14176,61151,0,0
15-Jul-85,2635,2652,2624,2640,17324,62142,0,0
12-Jul-85,2660,2662,2635,2637,12847,61896,0,0
11-Jul-85,2670,2691,2661,2667,13283,61711,0,0
10-Jul-85,2728,2758,2728,2755,18355,62395,0,0
09-Jul-85,2713,2746,2713,2745,20693,61383,0,0
08-Jul-85,2680,2704,2669,2699,14501,62003,0,0
03-Jul-85,2700,2704,2687,2691,7783,60390,0,0
02-Jul-85,2670,2695,2658,2694,10880,60967,0,0
01-Jul-85,2679,2682,2665,2668,11130,59529,0,0
28-Jun-85,2713,2714,2685,2687,9924,57820,0,0
27-Jun-85,2700,2714,2693,2709,15552,56916,0,0
26-Jun-85,2683,2698,2677,2694,11221,55933,0,0
25-Jun-85,2689,2697,2674,2675,10096,56365,0,0
24-Jun-85,2681,2703,2677,2689,11133,57114,0,0
21-Jun-85,2664,2697,2664,2692,18183,58673,0,0
20-Jun-85,2658,2672,2647,2658,22445,63127,0,0
19-Jun-85,2640,2667,2625,2658,25166,65686,0,0
18-Jun-85,2635,2649,2628,2629,17259,64701,0,0
17-Jun-85,2612,2623,2602,2622,17259,65827,0,0
14-Jun-85,2656,2660,2618,2629,18495,64590,0,0
13-Jun-85,2630,2653,2629,2651,16754,63597,0,0
12-Jun-85,2595,2623,2595,2617,14171,62231,0,0
11-Jun-85,2610,2625,2603,2609,14345,62207,0,0
10-Jun-85,2606,2615,2585,2596,17692,63115,0,0
07-Jun-85,2695,2715,2685,2692,21500,61807,0,0
06-Jun-85,2710,2718,2686,2708,24122,61777,0,0
05-Jun-85,2740,2744,2698,2702,26425,60260,0,0
04-Jun-85,2730,2750,2730,2747,13014,54002,0,0
03-Jun-85,2760,2764,2735,2748,17460,52418,0,0
31-May-85,2792,2799,2777,2784,11794,50450,0,0
30-May-85,2775,2795,2755,2792,17427,50771,0,0
29-May-85,2760,2774,2754,2764,12046,51099,0,0
28-May-85,2755,2776,2751,2757,10026,49689,0,0
24-May-85,2755,2771,2748,2770,14142,49766,0,0
23-May-85,2703,2762,2698,2760,22442,50114,0,0
22-May-85,2714,2723,2709,2710,9778,47215,0,0
21-May-85,2707,2723,2705,2714,16678,53165,0,0
20-May-85,2688,2707,2677,2699,13893,55387,0,0
17-May-85,2706,2707,2688,2692,14021,56239,0,0
16-May-85,2712,2721,2706,2710,15843,56811,0,0
15-May-85,2692,2707,2687,2705,8921,54568,0,0
14-May-85,2712,2719,2691,2703,10775,53639,0,0
13-May-85,2675,2705,2668,2703,10087,52789,0,0
10-May-85,2712,2724,2676,2678,14298,52113,0,0
09-May-85,2685,2708,2683,2702,17486,51327,0,0
08-May-85,2649,2664,2641,2664,12035,50432,0,0
07-May-85,2664,2677,2658,2664,7134,49519,0,0
06-May-85,2663,2669,2656,2662,7228,50646,0,0
03-May-85,2740,2760,2715,2729,13605,50938,0,0
02-May-85,2728,2744,2710,2736,14778,49870,0,0
01-May-85,2740,2752,2731,2733,15636,48647,0,0
30-Apr-85,2764,2767,2751,2763,10086,45873,0,0
29-Apr-85,2784,2790,2764,2766,10307,45911,0,0
26-Apr-85,2795,2797,2770,2794,7702,45973,0,0
25-Apr-85,2777,2790,2748,2787,18002,45952,0,0
24-Apr-85,2823,2826,2791,2793,11312,43644,0,0
23-Apr-85,2843,2843,2815,2832,9854,41787,0,0
22-Apr-85,2831,2861,2830,2849,18019,47562,0,0
19-Apr-85,2806,2828,2802,2824,13489,49577,0,0
18-Apr-85,2797,2800,2774,2797,15908,49676,0,0
17-Apr-85,2820,2830,2788,2790,19478,50164,0,0
16-Apr-85,2815,2832,2806,2823,11045,48288,0,0
15-Apr-85,2796,2835,2779,2830,19375,50104,0,0
12-Apr-85,2823,2838,2775,2784,18973,49403,0,0
11-Apr-85,2864,2870,2812,2828,17928,47118,0,0
10-Apr-85,2872,2878,2864,2873,9876,44605,0,0
09-Apr-85,2909,2914,2897,2905,7116,44195,0,0
08-Apr-85,2892,2920,2890,2909,10215,45129,0,0
04-Apr-85,2865,2896,2860,2890,12563,44454,0,0
03-Apr-85,2878,2892,2870,2882,8929,43083,0,0
02-Apr-85,2880,2890,2864,2885,11373,43877,0,0
01-Apr-85,2836,2874,2834,2872,11039,44291,0,0
29-Mar-85,2815,2833,2808,2829,7581,44532,0,0
28-Mar-85,2820,2835,2797,2825,10172,44165,0,0
27-Mar-85,2850,2861,2812,2816,14709,43532,0,0
26-Mar-85,2809,2853,2803,2845,11031,43044,0,0
25-Mar-85,2803,2817,2794,2809,5363,43671,0,0
22-Mar-85,2833,2840,2820,2824,5928,43701,0,0
21-Mar-85,2810,2843,2783,2834,16058,43911,0,0
20-Mar-85,2835,2843,2796,2799,18182,47600,0,0
19-Mar-85,2805,2830,2794,2819,17709,48145,0,0
18-Mar-85,2784,2827,2780,2825,20490,49016,0,0
15-Mar-85,2760,2773,2747,2764,18461,50227,0,0
14-Mar-85,2738,2758,2735,2753,14087,51250,0,0
13-Mar-85,2747,2765,2710,2746,21456,52881,0,0
12-Mar-85,2770,2803,2766,2792,15831,52614,0,0
11-Mar-85,2775,2789,2756,2757,10588,53438,0,0
08-Mar-85,2792,2797,2773,2774,9023,53628,0,0
07-Mar-85,2795,2810,2783,2808,16729,53746,0,0
06-Mar-85,2747,2780,2745,2777,13099,54080,0,0
05-Mar-85,2755,2772,2745,2755,17856,56289,0,0
04-Mar-85,2722,2777,2722,2774,19817,56104,0,0
01-Mar-85,2682,2722,2682,2720,14375,58671,0,0
28-Feb-85,2665,2676,2655,2673,13815,57479,0,0
27-Feb-85,2685,2694,2662,2669,12104,56809,0,0
26-Feb-85,2640,2689,2632,2679,20858,56412,0,0
25-Feb-85,2640,2656,2638,2644,12405,55156,0,0
22-Feb-85,2680,2690,2673,2676,13565,54572,0,0
21-Feb-85,2716,2736,2706,2714,10344,52742,0,0
20-Feb-85,2711,2733,2709,2718,10790,52251,0,0
19-Feb-85,2735,2740,2708,2729,12540,51813,0,0
15-Feb-85,2707,2742,2707,2738,24480,58624,0,0
14-Feb-85,2715,2720,2683,2704,21381,60546,0,0
13-Feb-85,2656,2710,2630,2706,25760,59311,0,0
12-Feb-85,2715,2717,2652,2656,27196,60470,0,0
11-Feb-85,2713,2745,2705,2742,22502,59456,0,0
08-Feb-85,2685,2695,2671,2692,15799,61383,0,0
07-Feb-85,2680,2701,2669,2671,25150,63999,0,0
06-Feb-85,2642,2673,2625,2668,23566,66053,0,0
05-Feb-85,2611,2639,2609,2638,12497,64360,0,0
04-Feb-85,2670,2710,2643,2652,28578,64935,0,0
01-Feb-85,2635,2675,2627,2674,28963,65134,0,0
31-Jan-85,2595,2652,2587,2641,35607,63449,0,0
30-Jan-85,2570,2573,2535,2567,20255,57983,0,0
29-Jan-85,2530,2550,2521,2538,17106,57921,0,0
28-Jan-85,2485,2527,2466,2523,18008,56680,0,0
25-Jan-85,2536,2540,2521,2525,7264,55875,0,0
24-Jan-85,2542,2542,2513,2528,12772,55482,0,0
23-Jan-85,2540,2540,2502,2538,16904,54690,0,0
22-Jan-85,2584,2588,2542,2555,14919,53951,0,0
21-Jan-85,2591,2604,2580,2597,11720,52260,0,0
18-Jan-85,2570,2584,2546,2575,14290,57577,0,0
17-Jan-85,2575,2580,2557,2569,12968,59465,0,0
16-Jan-85,2585,2590,2548,2557,27285,60583,0,0
15-Jan-85,2634,2645,2587,2589,24364,62042,0,0
14-Jan-85,2605,2637,2598,2634,21581,58616,0,0
11-Jan-85,2583,2590,2572,2580,9773,55689,0,0
10-Jan-85,2585,2589,2566,2580,15634,55599,0,0
09-Jan-85,2550,2573,2535,2543,18532,55143,0,0
08-Jan-85,2580,2598,2546,2551,23340,56750,0,0
07-Jan-85,2570,2581,2536,2560,14683,47382,0,0
04-Jan-85,2574,2574,2515,2518,23567,52151,0,0
03-Jan-85,2607,2613,2575,2584,14615,49213,0,0
02-Jan-85,2620,2620,2586,2592,13551,49494,0,0
28-Dec-84,2630,2662,2629,2641,11782,49196,0,0
27-Dec-84,2674,2674,2632,2634,8749,47458,0,0
26-Dec-84,2658,2686,2655,2679,6889,47157,0,0
21-Dec-84,2645,2658,2635,2650,9024,46982,0,0
20-Dec-84,2632,2647,2604,2633,14121,46686,0,0
19-Dec-84,2669,2670,2633,2638,12871,45950,0,0
18-Dec-84,2684,2696,2676,2679,8384,45037,0,0
17-Dec-84,2670,2684,2647,2680,9110,46021,0,0
14-Dec-84,2686,2692,2659,2676,14815,50438,0,0
13-Dec-84,2675,2700,2661,2686,21356,49526,0,0
12-Dec-84,2724,2727,2670,2680,24934,50973,0,0
11-Dec-84,2723,2725,2697,2716,16561,44663,0,0
10-Dec-84,2720,2736,2716,2730,11821,43439,0,0
07-Dec-84,2751,2752,2730,2732,9177,42800,0,0
06-Dec-84,2764,2778,2755,2757,10288,42128,0,0
05-Dec-84,2738,2761,2737,2760,13025,42293,0,0
04-Dec-84,2732,2746,2730,2743,7992,40456,0,0
03-Dec-84,2725,2740,2718,2730,6767,40124,0,0
30-Nov-84,2754,2762,2728,2731,11247,39895,0,0
29-Nov-84,2725,2749,2722,2748,7198,39741,0,0
28-Nov-84,2728,2750,2725,2732,8409,40089,0,0
27-Nov-84,2700,2763,2700,2731,14663,39526,0,0
26-Nov-84,2745,2745,2703,2716,11435,36849,0,0
21-Nov-84,2780,2780,2770,2774,9620,35007,0,0
20-Nov-84,2786,2796,2778,2785,6578,33650,0,0
19-Nov-84,2803,2808,2780,2783,5112,33701,0,0
16-Nov-84,2825,2826,2801,2808,6670,33218,0,0
15-Nov-84,2820,2825,2812,2823,4118,32459,0,0
14-Nov-84,2817,2839,2817,2827,13007,36042,0,0
13-Nov-84,2810,2826,2807,2823,8662,38861,0,0
12-Nov-84,2829,2831,2806,2811,9632,39132,0,0
09-Nov-84,2850,2853,2840,2841,7182,38195,0,0
08-Nov-84,2865,2870,2853,2868,8816,38539,0,0
07-Nov-84,2882,2887,2858,2873,11638,38254,0,0
06-Nov-84,2855,2872,2851,2870,6474,39000,0,0
05-Nov-84,2865,2865,2848,2855,6011,38111,0,0
02-Nov-84,2870,2872,2854,2865,8355,37985,0,0
01-Nov-84,2839,2875,2831,2874,9918,37243,0,0
31-Oct-84,2838,2860,2835,2846,15190,37613,0,0
30-Oct-84,2815,2824,2804,2822,10626,36723,0,0
29-Oct-84,2851,2851,2830,2841,7828,35169,0,0
26-Oct-84,2858,2861,2851,2858,5431,34607,0,0
25-Oct-84,2865,2889,2855,2865,10009,35279,0,0
24-Oct-84,2830,2862,2829,2851,10296,37776,0,0
23-Oct-84,2855,2875,2820,2836,16531,36360,0,0
22-Oct-84,2805,2867,2801,2845,14815,35346,0,0
19-Oct-84,2730,2780,2730,2770,8843,35208,0,0
18-Oct-84,2693,2760,2693,2755,21481,40485,0,0
17-Oct-84,2868,2878,2781,2791,23378,39401,0,0
16-Oct-84,2867,2884,2835,2881,14836,36203,0,0
15-Oct-84,2927,2928,2886,2888,12704,37157,0,0
12-Oct-84,2936,2938,2915,2922,16005,36117,0,0
11-Oct-84,2946,2954,2940,2945,6614,34722,0,0
10-Oct-84,2962,2962,2940,2948,6685,33186,0,0
09-Oct-84,2942,2966,2942,2961,4662,33459,0,0
08-Oct-84,2946,2954,2932,2951,11333,34543,0,0
05-Oct-84,2961,2969,2950,2951,4824,34010,0,0
04-Oct-84,2958,2969,2953,2961,4878,32138,0,0
03-Oct-84,2979,2979,2963,2969,5729,31814,0,0
02-Oct-84,2970,2972,2958,2962,5259,31192,0,0
01-Oct-84,2966,2970,2959,2969,5366,31969,0,0
28-Sep-84,2963,2968,2957,2966,3975,32236,0,0
27-Sep-84,2957,2965,2948,2958,3842,31353,0,0
26-Sep-84,2970,2975,2953,2954,5132,30673,0,0
25-Sep-84,2948,2962,2947,2955,4355,30057,0,0
24-Sep-84,2953,2957,2948,2948,2148,30306,0,0
21-Sep-84,2953,2957,2943,2947,2657,30166,0,0
20-Sep-84,2963,2965,2955,2958,3008,30136,0,0
19-Sep-84,2980,2985,2960,2962,7270,30163,0,0
18-Sep-84,2935,2949,2934,2947,7717,32651,0,0
17-Sep-84,2945,2961,2928,2934,6615,33984,0,0
14-Sep-84,2950,2958,2946,2947,8731,34009,0,0
13-Sep-84,2955,2968,2950,2952,5148,33943,0,0
12-Sep-84,2962,2977,2943,2945,6971,35168,0,0
11-Sep-84,2981,2986,2967,2973,7874,35368,0,0
10-Sep-84,2945,2965,2933,2963,4467,34891,0,0
07-Sep-84,2918,2927,2906,2922,4399,34285,0,0
06-Sep-84,2913,2937,2913,2928,11969,34674,0,0
05-Sep-84,2888,2893,2884,2888,8708,33867,0,0
04-Sep-84,2903,2917,2903,2904,6214,32835,0,0
31-Aug-84,2929,2941,2922,2923,3843,32245,0,0
30-Aug-84,2961,2968,2919,2928,12493,32345,0,0
29-Aug-84,2986,2988,2974,2975,4147,30558,0,0
28-Aug-84,2980,2991,2976,2987,3611,30306,0,0
27-Aug-84,2994,2996,2980,2986,2779,29911,0,0
24-Aug-84,2962,2995,2962,2991,6695,29466,0,0
23-Aug-84,2988,2995,2973,2977,6958,29404,0,0
22-Aug-84,2995,3000,2975,2988,12282,29711,0,0
21-Aug-84,2957,2970,2957,2968,5376,30386,0,0
20-Aug-84,2942,2952,2935,2944,2342,30558,0,0
17-Aug-84,2933,2961,2928,2939,12446,33756,0,0
16-Aug-84,2926,2937,2922,2929,8229,34728,0,0
15-Aug-84,2944,2958,2933,2936,6150,36240,0,0
14-Aug-84,2940,2953,2938,2944,8966,36066,0,0
13-Aug-84,2922,2936,2909,2932,7974,37220,0,0
10-Aug-84,2958,2960,2921,2926,7403,38069,0,0
09-Aug-84,2948,2970,2947,2957,8520,38776,0,0
08-Aug-84,2949,2967,2946,2961,10962,38980,0,0
07-Aug-84,2965,2975,2928,2959,14219,38134,0,0
06-Aug-84,2894,2945,2882,2939,8845,37987,0,0
03-Aug-84,2895,2918,2866,2900,13733,39020,0,0
02-Aug-84,2818,2945,2818,2907,21264,40145,0,0
01-Aug-84,2778,2814,2773,2813,11179,39711,0,0
31-Jul-84,2775,2781,2755,2760,9751,37349,0,0
30-Jul-84,2762,2770,2757,2764,8003,37224,0,0
27-Jul-84,2765,2787,2763,2770,8393,36467,0,0
26-Jul-84,2790,2798,2770,2777,9560,37146,0,0
25-Jul-84,2780,2808,2778,2800,9887,35148,0,0
24-Jul-84,2845,2865,2814,2815,10383,34210,0,0
23-Jul-84,2825,2840,2807,2835,6662,33635,0,0
20-Jul-84,2860,2860,2836,2848,8799,32624,0,0
19-Jul-84,2892,2893,2863,2869,6702,32178,0,0
18-Jul-84,2904,2904,2883,2891,10233,34541,0,0
17-Jul-84,2915,2925,2912,2917,6457,33743,0,0
16-Jul-84,2917,2918,2910,2912,5075,33687,0,0
13-Jul-84,2927,2932,2924,2924,7408,33343,0,0
12-Jul-84,2950,2952,2933,2937,9358,32835,0,0
11-Jul-84,2964,2969,2956,2961,6483,31105,0,0
10-Jul-84,2956,2970,2952,2962,6644,30736,0,0
09-Jul-84,2959,2960,2945,2947,5332,30055,0,0
06-Jul-84,2964,2969,2957,2965,4209,29251,0,0
05-Jul-84,2945,2965,2940,2957,4476,29258,0,0
03-Jul-84,2953,2953,2941,2950,6692,29165,0,0
02-Jul-84,2983,2999,2956,2959,4406,29715,0,0
29-Jun-84,2954,2980,2947,2975,5871,28635,0,0
28-Jun-84,2928,2965,2928,2956,6282,28037,0,0
27-Jun-84,2930,2935,2918,2925,7561,27894,0,0
26-Jun-84,2953,2956,2931,2936,4696,26532,0,0
25-Jun-84,2930,2955,2930,2955,6777,26350,0,0
22-Jun-84,2925,2929,2904,2926,7112,26383,0,0
21-Jun-84,2965,2968,2932,2934,9924,25020,0,0
20-Jun-84,2983,2983,2971,2974,3887,22252,0,0
19-Jun-84,2990,2995,2976,2987,5540,21650,0,0
18-Jun-84,3003,3005,2984,2986,7749,23553,0,0
15-Jun-84,3018,3019,3012,3013,4366,22926,0,0
14-Jun-84,3015,3026,3013,3025,5100,24449,0,0
13-Jun-84,3000,3015,2992,3013,9972,25092,0,0
12-Jun-84,3017,3027,3017,3022,6415,23608,0,0
11-Jun-84,3040,3048,3015,3020,9638,24068,0,0
08-Jun-84,3045,3052,3042,3045,6537,23878,0,0
07-Jun-84,3053,3055,3044,3047,9172,24329,0,0
06-Jun-84,3056,3067,3050,3055,6981,23449,0,0
05-Jun-84,3075,3078,3068,3073,2837,23150,0,0
04-Jun-84,3074,3076,3062,3075,2298,23243,0,0
01-Jun-84,3085,3088,3059,3070,5748,24081,0,0
31-May-84,3085,3088,3078,3083,5014,23967,0,0
30-May-84,3060,3092,3060,3081,5367,23965,0,0
29-May-84,3088,3088,3070,3071,3301,24102,0,0
25-May-84,3090,3096,3085,3088,5225,24559,0,0
24-May-84,3070,3088,3065,3075,5172,23948,0,0
23-May-84,3055,3064,3050,3060,5847,23744,0,0
22-May-84,3083,3085,3066,3067,4589,23861,0,0
21-May-84,3120,3121,3080,3093,5921,24658,0,0
18-May-84,3128,3128,3108,3111,8773,28432,0,0
17-May-84,3110,3112,3093,3099,7881,29023,0,0
16-May-84,3170,3170,3105,3122,17886,30014,0,0
15-May-84,3075,3082,3064,3070,7381,27315,0,0
14-May-84,3046,3080,3046,3070,9139,26504,0,0
11-May-84,3032,3047,3032,3045,4818,25541,0,0
10-May-84,3031,3041,3029,3037,4864,25588,0,0
09-May-84,3020,3035,3018,3035,5411,26109,0,0
08-May-84,3017,3023,3011,3020,3949,25187,0,0
07-May-84,3024,3031,3016,3016,4787,26316,0,0
04-May-84,3017,3027,3016,3025,5216,27028,0,0
03-May-84,3015,3024,3010,3016,4726,26385,0,0
02-May-84,3022,3023,3015,3017,5938,25537,0,0
01-May-84,3023,3030,3022,3029,5208,25728,0,0
30-Apr-84,3036,3037,3020,3026,7768,26647,0,0
27-Apr-84,3042,3045,3035,3043,6929,26212,0,0
26-Apr-84,3063,3065,3046,3048,6036,23844,0,0
25-Apr-84,3059,3061,3055,3055,4296,24494,0,0
24-Apr-84,3060,3071,3057,3063,3892,24402,0,0
23-Apr-84,3051,3067,3051,3057,5982,24811,0,0
19-Apr-84,3050,3055,3048,3052,2020,25684,0,0
18-Apr-84,3052,3055,3042,3050,5643,26069,0,0
17-Apr-84,3055,3060,3049,3059,8103,28186,0,0
16-Apr-84,3058,3068,3058,3059,5683,28777,0,0
13-Apr-84,3062,3063,3056,3060,4647,29793,0,0
12-Apr-84,3071,3075,3063,3064,4406,29744,0,0
11-Apr-84,3061,3074,3061,3070,6893,29903,0,0
10-Apr-84,3050,3070,3048,3067,5754,30409,0,0
09-Apr-84,3052,3065,3051,3056,3105,30962,0,0
06-Apr-84,3054,3060,3047,3058,6819,32129,0,0
05-Apr-84,3069,3069,3056,3060,7252,31134,0,0
04-Apr-84,3064,3071,3061,3064,4160,28388,0,0
03-Apr-84,3080,3088,3078,3085,3430,28221,0,0
02-Apr-84,3081,3082,3074,3080,3409,28368,0,0
30-Mar-84,3083,3085,3074,3085,4167,28142,0,0
29-Mar-84,3080,3088,3074,3086,2989,28717,0,0
28-Mar-84,3090,3110,3058,3065,10528,28508,0,0
27-Mar-84,3057,3078,3056,3072,4922,27952,0,0
26-Mar-84,3065,3076,3058,3059,2436,27230,0,0
23-Mar-84,3055,3067,3055,3061,4534,27873,0,0
22-Mar-84,3045,3058,3038,3055,5664,27593,0,0
21-Mar-84,3060,3064,3040,3042,4376,27130,0,0
20-Mar-84,3042,3064,3042,3052,5684,27130,0,0
19-Mar-84,3022,3050,3013,3049,6839,25788,0,0
16-Mar-84,3043,3045,3022,3025,7999,26885,0,0
15-Mar-84,3058,3066,3040,3050,9928,27394,0,0
14-Mar-84,3065,3071,3045,3062,8287,25900,0,0
13-Mar-84,3074,3077,3063,3066,5043,24976,0,0
12-Mar-84,3080,3080,3071,3079,4118,25689,0,0
09-Mar-84,3072,3085,3072,3084,5190,26493,0,0
08-Mar-84,3055,3069,3052,3068,4883,26548,0,0
07-Mar-84,3064,3067,3045,3059,4621,25947,0,0
06-Mar-84,3063,3067,3056,3058,3667,26014,0,0
05-Mar-84,3057,3071,3055,3067,4273,25763,0,0
02-Mar-84,3055,3088,3044,3058,8201,28501,0,0
01-Mar-84,3060,3065,3047,3055,3124,27456,0,0
29-Feb-84,3040,3068,3029,3055,10082,27650,0,0
28-Feb-84,3060,3074,3029,3045,11481,26124,0,0
27-Feb-84,3010,3110,2997,3079,10666,27290,0,0
24-Feb-84,2993,3013,2988,3010,6054,24288,0,0
23-Feb-84,2965,2997,2955,2992,9376,23553,0,0
22-Feb-84,2984,2988,2975,2979,4549,23158,0,0
21-Feb-84,3000,3015,2977,2979,4114,23098,0,0
17-Feb-84,2975,2998,2975,2990,5039,23490,0,0
16-Feb-84,2955,2965,2950,2960,6173,24855,0,0
15-Feb-84,2935,2955,2925,2947,7353,24961,0,0
14-Feb-84,2932,2944,2915,2943,8665,25301,0,0
13-Feb-84,2962,2969,2926,2935,10602,24755,0,0
10-Feb-84,2964,2966,2957,2965,4035,23471,0,0
09-Feb-84,2976,2978,2955,2960,6740,23127,0,0
08-Feb-84,3008,3010,2999,3004,3018,22425,0,0
07-Feb-84,3015,3016,3000,3004,5110,22669,0,0
06-Feb-84,3007,3022,3001,3016,4023,23550,0,0
03-Feb-84,3022,3029,3007,3011,3266,23491,0,0
02-Feb-84,3027,3038,3014,3019,3886,23154,0,0
01-Feb-84,3015,3031,3015,3030,6475,23371,0,0
31-Jan-84,2994,3009,2986,2998,4722,23118,0,0
30-Jan-84,3005,3012,2985,2989,4979,22168,0,0
27-Jan-84,3000,3020,3000,3014,6351,21980,0,0
26-Jan-84,2968,3000,2964,2995,4411,22531,0,0
25-Jan-84,2973,2978,2965,2978,2613,22550,0,0
24-Jan-84,2950,2974,2940,2970,3979,23343,0,0
23-Jan-84,2997,3001,2947,2952,4851,22776,0,0
20-Jan-84,2995,3001,2980,2989,3363,21072,0,0
19-Jan-84,2985,3005,2980,2985,5826,20585,0,0
18-Jan-84,2943,2985,2940,2975,5997,22377,0,0
17-Jan-84,2985,2992,2963,2968,5980,22475,0,0
16-Jan-84,2968,2985,2965,2980,8047,22243,0,0
13-Jan-84,2940,2954,2937,2950,5043,23457,0,0
12-Jan-84,2925,2938,2910,2937,5445,22583,0,0
11-Jan-84,2945,2949,2922,2924,4855,22765,0,0
10-Jan-84,2925,2943,2910,2924,6118,22105,0,0
09-Jan-84,2883,2922,2883,2920,3309,22260,0,0
06-Jan-84,2895,2909,2868,2894,5856,21995,0,0
05-Jan-84,2950,2955,2865,2897,7762,21966,0,0
04-Jan-84,2909,2931,2907,2912,4284,22523,0,0
03-Jan-84,2957,2957,2925,2940,4891,22561,0,0
30-Dec-83,2966,2980,2936,2960,3613,21541,0,0
29-Dec-83,2965,2983,2954,2966,5646,20392,0,0
28-Dec-83,2970,3007,2962,2998,3749,20250,0,0
27-Dec-83,2959,3017,2959,2985,6647,21878,0,0
23-Dec-83,2915,2950,2915,2944,5135,22821,0,0
22-Dec-83,2893,2912,2876,2908,2883,22592,0,0
21-Dec-83,2900,2930,2873,2888,6959,24179,0,0
20-Dec-83,2847,2880,2845,2876,6749,24438,0,0
19-Dec-83,2827,2842,2827,2838,3751,22497,0,0
16-Dec-83,2868,2868,2815,2823,7635,23636,0,0
15-Dec-83,2882,2883,2865,2865,8701,23420,0,0
14-Dec-83,2878,2894,2873,2889,6282,22944,0,0
13-Dec-83,2896,2897,2880,2885,3771,22055,0,0
12-Dec-83,2903,2915,2892,2898,3176,22296,0,0
09-Dec-83,2888,2900,2888,2893,1067,21720,0,0
08-Dec-83,2870,2900,2870,2895,4765,21620,0,0
07-Dec-83,2863,2873,2850,2864,5223,21079,0,0
06-Dec-83,2883,2893,2877,2886,3165,20308,0,0
05-Dec-83,2912,2912,2895,2895,2278,19824,0,0
02-Dec-83,2908,2914,2896,2907,3533,19774,0,0
01-Dec-83,2925,2938,2925,2928,2819,19418,0,0
30-Nov-83,2937,2944,2911,2923,5676,19284,0,0
29-Nov-83,2965,2970,2933,2939,2807,18095,0,0
28-Nov-83,2945,2990,2943,2969,3646,17508,0,0
23-Nov-83,2918,2928,2911,2919,4214,16928,0,0
22-Nov-83,2913,2921,2903,2904,3414,16041,0,0
21-Nov-83,2905,2926,2905,2914,2129,14691,0,0
18-Nov-83,2920,2923,2884,2919,6101,14921,0,0
17-Nov-83,2925,2925,2872,2895,6230,13743,0,0
16-Nov-83,2975,2983,2935,2939,3348,12540,0,0
15-Nov-83,2965,2973,2959,2970,2201,13333,0,0
14-Nov-83,2970,2982,2967,2972,2096,13350,0,0
11-Nov-83,3031,3031,3010,3014,3976,14122,0,0
10-Nov-83,3028,3030,3020,3026,4429,12900,0,0
09-Nov-83,3040,3048,3035,3038,2336,12344,0,0
08-Nov-83,3038,3042,3031,3038,1789,12202,0,0
07-Nov-83,3041,3046,3036,3039,1055,12403,0,0
04-Nov-83,3042,3055,3035,3046,3082,12636,0,0
03-Nov-83,3040,3048,3039,3042,3367,11912,0,0
02-Nov-83,3041,3046,3035,3035,3061,11835,0,0
01-Nov-83,3042,3042,3031,3038,2050,11925,0,0
31-Oct-83,3016,3039,3016,3037,1314,11786,0,0
28-Oct-83,3035,3043,3023,3026,2605,11978,0,0
27-Oct-83,3025,3035,3018,3031,2042,12145,0,0
26-Oct-83,3025,3030,3018,3023,2196,12434,0,0
25-Oct-83,3047,3047,3038,3043,682,11590,0,0
24-Oct-83,3042,3048,3039,3044,968,11868,0,0
21-Oct-83,3025,3040,3025,3033,1048,11979,0,0
20-Oct-83,3020,3030,3015,3030,1781,11856,0,0
19-Oct-83,3053,3054,3025,3032,1375,11752,0,0
18-Oct-83,3051,3059,3048,3055,2102,12475,0,0
17-Oct-83,3042,3055,3033,3053,1990,13363,0,0
14-Oct-83,3065,3065,3040,3048,1154,13218,0,0
13-Oct-83,3046,3066,3046,3057,2111,13685,0,0
12-Oct-83,3048,3051,3032,3046,1719,13453,0,0
11-Oct-83,3065,3065,3042,3045,2657,13647,0,0
10-Oct-83,3065,3078,3062,3073,2188,13621,0,0
07-Oct-83,3028,3050,3027,3035,2089,13628,0,0
06-Oct-83,3015,3028,3010,3013,1871,13383,0,0
05-Oct-83,3045,3070,3010,3015,4521,13095,0,0
04-Oct-83,2964,3034,2955,3008,4882,12657,0,0
03-Oct-83,3025,3026,2975,2981,4736,12055,0,0
30-Sep-83,3056,3056,3015,3033,2750,10314,0,0
29-Sep-83,3083,3085,3044,3060,3133,9113,0,0
28-Sep-83,3099,3100,3070,3078,1820,7785,0,0
27-Sep-83,3118,3118,3108,3111,686,7452,0,0
26-Sep-83,3125,3125,3118,3120,522,7479,0,0
23-Sep-83,3132,3136,3126,3127,508,7340,0,0
22-Sep-83,3125,3143,3125,3125,850,7570,0,0
21-Sep-83,3123,3139,3118,3135,1991,7541,0,0
20-Sep-83,3145,3145,3128,3128,666,7691,0,0
19-Sep-83,3154,3154,3140,3142,341,7751,0,0
16-Sep-83,3145,3150,3132,3147,616,8724,0,0
15-Sep-83,3132,3151,3132,3143,1127,8791,0,0
14-Sep-83,3095,3145,3094,3130,1574,9138,0,0
13-Sep-83,3087,3117,3087,3111,1743,8749,0,0
12-Sep-83,3110,3112,3090,3093,949,8730,0,0
09-Sep-83,3123,3123,3105,3107,1816,8707,0,0
08-Sep-83,3108,3118,3103,3118,1423,8253,0,0
07-Sep-83,3130,3135,3115,3118,1090,7928,0,0
06-Sep-83,3133,3133,3114,3118,1157,7790,0,0
02-Sep-83,3142,3150,3140,3143,723,7433,0,0
01-Sep-83,3149,3150,3138,3143,1030,7102,0,0
31-Aug-83,3162,3162,3158,3159,711,6742,0,0
30-Aug-83,3162,3170,3156,3168,609,6496,0,0
29-Aug-83,3170,3175,3165,3166,598,6444,0,0
26-Aug-83,3177,3181,3175,3180,781,6298,0,0
25-Aug-83,3163,3175,3160,3173,1405,5779,0,0
24-Aug-83,3179,3180,3155,3157,824,5343,0,0
23-Aug-83,3155,3165,3150,3165,418,5119,0,0
22-Aug-83,3161,3162,3150,3153,437,5244,0,0
19-Aug-83,3162,3175,3158,3165,444,5318,0,0
18-Aug-83,3190,3192,3160,3163,625,5596,0,0
17-Aug-83,3196,3198,3187,3192,1012,5546,0,0
16-Aug-83,3205,3205,3198,3200,670,5865,0,0
15-Aug-83,3204,3208,3200,3205,697,5933,0,0
12-Aug-83,3200,3205,3196,3199,816,5791,0,0
11-Aug-83,3214,3214,3195,3196,1342,5559,0,0
10-Aug-83,3205,3220,3205,3207,1145,5409,0,0
09-Aug-83,3195,3197,3188,3188,803,5663,0,0
08-Aug-83,3190,3200,3190,3199,247,5631,0,0
05-Aug-83,3199,3210,3198,3208,351,5589,0,0
04-Aug-83,3230,3230,3209,3209,891,5620,0,0
03-Aug-83,3210,3214,3195,3211,1044,5525,0,0
02-Aug-83,3225,3225,3212,3212,679,5094,0,0
01-Aug-83,3200,3212,3190,3212,660,5017,0,0
29-Jul-83,3190,3202,3190,3200,1136,5140,0,0
28-Jul-83,3173,3188,3173,3182,1210,5426,0,0
27-Jul-83,3170,3180,3165,3173,913,5223,0,0
26-Jul-83,3142,3155,3142,3153,375,5301,0,0
25-Jul-83,3135,3145,3135,3140,327,5357,0,0
22-Jul-83,3155,3155,3143,3146,508,5389,0,0
21-Jul-83,3160,3160,3145,3151,431,5396,0,0
20-Jul-83,3165,3170,3165,3165,412,5256,0,0
19-Jul-83,3160,3162,3143,3162,998,5181,0,0
18-Jul-83,3175,3175,3155,3157,1442,5299,0,0
15-Jul-83,3180,3180,3166,3167,1107,5733,0,0
14-Jul-83,3175,3185,3170,3178,954,5554,0,0
13-Jul-83,3170,3183,3170,3180,2230,5782,0,0
12-Jul-83,3162,3170,3154,3155,1367,5536,0,0
11-Jul-83,3130,3150,3130,3146,535,5663,0,0
08-Jul-83,3120,3130,3120,3129,685,5881,0,0
07-Jul-83,3130,3140,3125,3140,1037,5884,0,0
06-Jul-83,3120,3120,3100,3120,2236,6012,0,0
05-Jul-83,3130,3130,3123,3127,447,5238,0,0
01-Jul-83,3140,3145,3130,3135,206,5184,0,0
30-Jun-83,3125,3140,3125,3138,723,5128,0,0
29-Jun-83,3120,3120,3115,3120,783,5060,0,0
28-Jun-83,3108,3125,3105,3124,884,5118,0,0
27-Jun-83,3125,3130,3115,3120,256,4899,0,0
24-Jun-83,3109,3124,3105,3120,315,4854,0,0
23-Jun-83,3115,3130,3110,3110,388,4812,0,0
22-Jun-83,3118,3120,3085,3095,1145,4711,0,0
21-Jun-83,3132,3135,3115,3118,268,4525,0,0
20-Jun-83,3137,3158,3137,3142,488,4573,0,0
17-Jun-83,3130,3136,3110,3129,881,4997,0,0
16-Jun-83,3110,3140,3102,3129,1301,4703,0,0
15-Jun-83,3105,3120,3105,3120,793,4629,0,0
14-Jun-83,3102,3115,3085,3091,1121,4618,0,0
13-Jun-83,3075,3100,3075,3090,1225,4511,0,0
10-Jun-83,3047,3063,3047,3063,1036,4288,0,0
09-Jun-83,3050,3058,3040,3040,637,4053,0,0
08-Jun-83,3050,3068,3050,3050,1372,4279,0,0
07-Jun-83,3040,3055,3040,3050,851,4031,0,0
06-Jun-83,3025,3030,3016,3027,241,4210,0,0
03-Jun-83,3020,3030,3015,3030,344,4287,0,0
02-Jun-83,3032,3045,3030,3030,225,4435,0,0
01-Jun-83,3010,3030,3001,3022,525,4338,0,0
31-May-83,3005,3045,3005,3025,365,4436,0,0
27-May-83,3025,3048,3015,3019,555,4565,0,0
26-May-83,3030,3050,3030,3031,741,4486,0,0
25-May-83,2995,3025,2995,3025,189,4439,0,0
24-May-83,3005,3007,2995,3005,553,4526,0,0
23-May-83,3025,3050,3025,3027,1072,4523,0,0
20-May-83,3010,3066,3010,3030,1599,4504,0,0
19-May-83,2995,3000,2991,2995,137,4528,0,0
18-May-83,2985,2991,2970,2990,373,4615,0,0
17-May-83,2985,3015,2985,2997,783,4618,0,0
16-May-83,2960,3005,2960,2999,1052,4723,0,0
13-May-83,2950,2954,2935,2954,1005,4567,0,0
12-May-83,2960,2960,2940,2949,1359,4429,0,0
11-May-83,2980,2985,2967,2972,684,4115,0,0
10-May-83,2980,3001,2975,3000,990,4089,0,0
09-May-83,3005,3006,2975,2985,1372,3951,0,0
06-May-83,3008,3025,3002,3015,798,3821,0,0
05-May-83,3030,3030,3005,3008,714,3673,0,0
04-May-83,3050,3055,3039,3042,843,3374,0,0
03-May-83,3070,3070,3045,3050,1003,3344,0,0
02-May-83,3066,3072,3057,3061,359,3166,0,0
29-Apr-83,3070,3074,3063,3063,636,3158,0,0
28-Apr-83,3073,3090,3068,3074,1206,3381,0,0
27-Apr-83,3080,3082,3078,3078,433,2962,0,0
26-Apr-83,3081,3085,3069,3071,417,2808,0,0
25-Apr-83,3078,3089,3078,3084,324,2761,0,0
22-Apr-83,3062,3085,3062,3075,530,2760,0,0
21-Apr-83,3075,3075,3058,3068,279,2675,0,0
20-Apr-83,3065,3077,3060,3070,398,2630,0,0
19-Apr-83,3070,3085,3070,3075,557,2575,0,0
18-Apr-83,3056,3080,3055,3075,262,2577,0,0
15-Apr-83,3055,3060,3035,3048,698,2606,0,0
14-Apr-83,3070,3086,3065,3069,695,2385,0,0
13-Apr-83,3060,3095,3060,3082,1418,2261,0,0
12-Apr-83,3050,3100,3050,3083,928,2053,0,0
11-Apr-83,3040,3041,3000,3026,797,1956,0,0
08-Apr-83,3065,3065,3025,3038,1028,1861,0,0
07-Apr-83,2990,3020,2986,3017,1469,1845,0,0
06-Apr-83,2990,2992,2965,2990,893,1647,0,0
05-Apr-83,2950,2980,2950,2971,478,1523,0,0
04-Apr-83,2930,2970,2929,2944,478,1410,0,0
31-Mar-83,2940,2960,2925,2929,1478,1381,0,0
30-Mar-83,2901,2956,2901,2940,1884,1057,0,0
