file ...hoxnc.csv,,,,
30-Dec-99,70.25,70.75,68.3,69.03
29-Dec-99,70.75,71.5,70.1,70.4
28-Dec-99,69.85,71,69.75,70.79
27-Dec-99,68.7,69.95,68.5,69.75
23-Dec-99,68,69,67.4,68.51
22-Dec-99,70,70,67.55,67.97
21-Dec-99,69.25,69.6,68.7,69.14
20-Dec-99,69,69.85,68.5,69.44
17-Dec-99,68.6,69.75,67.5,69.1
16-Dec-99,67.3,69,66.83,68.75
15-Dec-99,66.2,67.75,66,67.3
14-Dec-99,64.7,66.1,64.25,65.96
13-Dec-99,63.3,64.87,63.2,64.62
10-Dec-99,64.95,64.95,61.7,63.16
9-Dec-99,66.7,67,64.65,65
8-Dec-99,66.1,66.7,63.5,66.52
7-Dec-99,67.25,67.25,65.5,65.7
6-Dec-99,66,67.35,66,67.23
3-Dec-99,66.25,66.7,65.75,66
2-Dec-99,64.35,66.3,64.35,66.24
1-Dec-99,64.1,65.6,62.4,64.13
30-Nov-99,66.8,66.9,63.5,64.17
29-Nov-99,68.8,68.8,66.9,67.13
24-Nov-99,68,70,68,69.84
23-Nov-99,69.3,69.3,68,68.11
22-Nov-99,68.6,70.2,68.6,69.43
19-Nov-99,66.51,68.7,66.1,68.05
18-Nov-99,68.6,68.9,66.4,66.51
17-Nov-99,67.7,69.15,67.7,68.73
16-Nov-99,66.65,67.5,65.9,67.21
15-Nov-99,66.4,67.4,66.4,66.54
12-Nov-99,64.4,66.35,64,66.22
11-Nov-99,64.71,65.2,63.75,64.39
10-Nov-99,62.6,65.55,62.6,64.71
9-Nov-99,61.35,62.9,61.25,62.7
8-Nov-99,60.85,61.4,60.25,61.23
5-Nov-99,61.6,62.25,60.6,60.92
4-Nov-99,60.5,61.6,60.45,61.47
3-Nov-99,59.34,61.1,58.95,60.51
2-Nov-99,59.55,60.2,59.1,59.41
1-Nov-99,58.5,59.6,58.1,59.55
29-Oct-99,57.6,58.6,57.2,57.4
28-Oct-99,60.7,60.75,57.6,57.7
27-Oct-99,60.52,61.3,60.5,60.76
26-Oct-99,60.6,61.25,60.2,60.53
25-Oct-99,61.25,61.78,60.55,60.68
22-Oct-99,59.3,61.2,59.3,60.89
21-Oct-99,58.9,59.7,58.5,58.99
20-Oct-99,58.4,59.25,57.5,58.69
19-Oct-99,59.05,59.55,58.25,58.36
18-Oct-99,59.9,60,58.8,59.15
15-Oct-99,58.45,59.7,57.25,59.56
14-Oct-99,59.4,59.75,58.4,58.51
13-Oct-99,57.8,59.95,57.8,59.61
12-Oct-99,55.25,58.1,55.25,57.9
11-Oct-99,54.2,55.3,53.4,54.88
8-Oct-99,57.5,57.5,53.45,53.72
7-Oct-99,59.45,59.6,57.3,57.46
6-Oct-99,59.71,60,59.3,59.43
5-Oct-99,60.55,60.6,58.4,59.61
4-Oct-99,62.49,62.6,60.5,60.56
1-Oct-99,62.4,63.3,62.3,62.49
30-Sep-99,61.9,62.15,61.25,61.54
29-Sep-99,61.65,62.75,61.65,62.13
28-Sep-99,62.15,62.3,61.25,61.68
27-Sep-99,62.3,62.8,61.9,62.12
24-Sep-99,62.15,62.65,61.6,62.27
23-Sep-99,60.35,62.45,60.3,62.15
22-Sep-99,59.65,60.7,59.65,60.21
21-Sep-99,60.15,60.85,59.35,59.78
20-Sep-99,61.18,61.25,60,60.25
17-Sep-99,61.03,61.5,60.4,61.17
16-Sep-99,61.2,61.8,60.6,61.08
15-Sep-99,61.2,61.9,59.8,61.06
14-Sep-99,62.2,62.53,60.5,61.06
13-Sep-99,62,62.5,61.4,62.2
10-Sep-99,61.2,62.2,60.45,62.03
9-Sep-99,59.55,61.25,59.1,61.08
8-Sep-99,59.1,59.9,58.9,59.52
7-Sep-99,57.7,59.8,57.5,59.09
3-Sep-99,56.7,57.6,56.5,57.47
2-Sep-99,57.75,57.75,56.4,56.47
1-Sep-99,58.35,58.5,57.45,57.83
31-Aug-99,57.19,58.25,56.9,58.02
30-Aug-99,55.95,57.6,55.6,57.33
27-Aug-99,55.7,56.3,55.15,55.99
26-Aug-99,54.75,55.6,54.4,55.49
25-Aug-99,57.05,57.05,53.9,54.75
24-Aug-99,57.75,57.75,56.9,57
23-Aug-99,58,58.25,57.4,57.73
20-Aug-99,57.5,58.35,57.3,57.42
19-Aug-99,56.4,57.85,56.4,57.5
18-Aug-99,56.75,56.85,56.2,56.45
17-Aug-99,55.35,56.9,54.8,56.81
16-Aug-99,55.9,55.95,55.25,55.34
13-Aug-99,55.4,56.6,55.35,55.69
12-Aug-99,55.7,56,55.1,55.54
11-Aug-99,55,56.3,54.9,55.65
10-Aug-99,55.25,55.3,54.35,55.1
9-Aug-99,54.25,55.35,54.25,55.21
6-Aug-99,53.5,54.7,53.1,54.53
5-Aug-99,53.7,53.7,52.85,53.43
4-Aug-99,52.2,53.65,52.2,53.02
3-Aug-99,52.53,52.8,52,52.29
2-Aug-99,51.8,52.55,51.7,52.37
30-Jul-99,52.65,53.15,51,52.17
29-Jul-99,51.45,52.9,51.45,52.73
28-Jul-99,50.7,51.7,50.7,51.45
27-Jul-99,50.75,51.2,50.05,50.71
26-Jul-99,51.7,51.7,50.75,51.11
23-Jul-99,50.3,51.6,50.3,51.47
22-Jul-99,49.7,50.4,49,50.27
21-Jul-99,49.65,49.85,48.55,49.51
20-Jul-99,51.45,51.45,49.4,49.65
19-Jul-99,51.8,52.1,51.3,51.36
16-Jul-99,51.75,52,50.9,51.84
15-Jul-99,50.5,51.8,50,51.73
14-Jul-99,51.65,51.8,50.6,50.73
13-Jul-99,51.15,52.15,51.15,51.72
12-Jul-99,50.8,51.3,50.35,51.15
9-Jul-99,50.5,51.25,49.8,50.8
8-Jul-99,50.15,51.75,50.15,50.4
7-Jul-99,49.35,50.25,49.05,50.08
6-Jul-99,50.15,50.5,49,49.38
2-Jul-99,48.8,49.2,48.35,49.14
1-Jul-99,49.25,49.6,48.6,48.82
30-Jun-99,45.9,48.6,45.9,47.85
29-Jun-99,45.05,46.1,44.95,45.82
28-Jun-99,45.45,45.5,44.95,45.02
25-Jun-99,45.6,45.8,45.1,45.53
24-Jun-99,45.55,46.25,45.25,45.57
23-Jun-99,43.8,45.8,43.61,45.66
22-Jun-99,43.95,44.35,43.45,43.62
21-Jun-99,44.4,44.4,43.6,43.89
18-Jun-99,45.75,45.95,44.1,44.47
17-Jun-99,44.4,45.5,44.3,45.38
16-Jun-99,46.4,46.6,44.2,44.31
15-Jun-99,45,46.6,44.8,46.09
14-Jun-99,45,45.65,44.65,45.14
11-Jun-99,42.75,45.1,42.56,44.84
10-Jun-99,42.9,43.4,42.5,42.74
9-Jun-99,41.95,43.2,41.65,42.93
8-Jun-99,42.15,42.9,41.85,42.05
7-Jun-99,41.2,43.1,41.1,42.38
4-Jun-99,39.75,41.4,39.61,41.29
3-Jun-99,40.25,40.3,39.2,39.73
2-Jun-99,39.13,40.4,39.05,40.19
1-Jun-99,39.7,39.7,38.5,39.13
28-May-99,40.15,40.25,38.7,39.43
27-May-99,40.2,40.9,40,40.25
26-May-99,40.5,40.95,40.1,40.37
25-May-99,39.9,40.4,39.4,40.32
24-May-99,40.2,40.7,39.8,39.99
21-May-99,40,40.7,40,40.55
20-May-99,39.86,40.6,39.15,39.79
19-May-99,40.2,41,39.8,39.86
18-May-99,42.39,42.39,40.05,40.21
17-May-99,42.9,42.9,42,42.39
14-May-99,43.65,43.95,42.6,42.95
13-May-99,42.3,43.9,42.2,43.57
12-May-99,42.8,42.9,41.4,42.43
11-May-99,44.05,44.05,42.6,43.09
10-May-99,43.5,43.95,43.05,43.86
7-May-99,44.3,44.4,42.75,43.23
6-May-99,45.7,45.7,44.1,44.22
5-May-99,45.5,46.25,44.7,45.79
4-May-99,45.8,46.15,45.25,45.51
3-May-99,45.1,46.4,45.1,45.73
30-Apr-99,44.8,45.8,44,44.47
29-Apr-99,44.3,45,43.9,44.79
28-Apr-99,43.25,44.25,43.25,44.11
27-Apr-99,43.1,43.25,42.6,43.05
26-Apr-99,43.35,43.35,42.2,42.74
23-Apr-99,44.05,44.45,43.2,43.42
22-Apr-99,43.4,44.35,43.1,44.12
21-Apr-99,42.75,43.9,42.4,43.53
20-Apr-99,43.7,43.75,42.55,42.69
19-Apr-99,43.4,44.15,43.15,43.7
16-Apr-99,42.85,43.9,42.2,43.32
15-Apr-99,42.25,43.1,42.05,42.78
14-Apr-99,42.8,42.85,41.5,42.15
13-Apr-99,42,43,42,42.8
12-Apr-99,42.46,42.6,41.85,42
9-Apr-99,40.9,43.25,40.8,42.46
8-Apr-99,41.7,41.85,40.35,40.84
7-Apr-99,44.1,44.1,41.15,41.27
6-Apr-99,44.05,44.15,43.4,43.95
5-Apr-99,43.45,44.1,43,44.02
1-Apr-99,43.8,44,42.75,43.4
31-Mar-99,44.35,45.25,43.5,44.68
30-Mar-99,43.15,44.5,42.45,44.38
29-Mar-99,42.73,43.4,41.9,43.2
26-Mar-99,41.45,43.05,41.45,42.74
25-Mar-99,40.45,41.6,39.8,41.45
24-Mar-99,42.05,42.8,40.1,40.49
23-Mar-99,42.39,42.44,41.5,41.66
22-Mar-99,41.1,42.5,40.2,42.39
19-Mar-99,39.9,40.8,39.5,40.69
18-Mar-99,39.68,41,39,39.7
17-Mar-99,37.85,39.9,37.61,39.68
16-Mar-99,38.1,38.5,37.45,37.77
15-Mar-99,38.7,39.3,37.85,38.08
12-Mar-99,37.8,40,37.65,38.73
11-Mar-99,38.6,38.9,37.75,37.89
10-Mar-99,36.1,38.9,35.75,38.66
9-Mar-99,35.9,36.5,35.1,36.01
8-Mar-99,35.1,36.6,35.1,35.78
5-Mar-99,34.8,35.2,34.55,34.75
4-Mar-99,33.45,35.1,33.25,34.8
3-Mar-99,32.55,33.8,32.5,33.55
2-Mar-99,32.05,32.55,31.87,32.48
1-Mar-99,32.65,33.8,31.9,31.94
26-Feb-99,33,33.05,32.1,32.29
25-Feb-99,32,33.1,32,32.95
24-Feb-99,31.85,32.6,31.4,32.35
23-Feb-99,31,32.25,31,31.84
22-Feb-99,30.65,31.15,30.4,30.87
19-Feb-99,30.9,31.15,30.3,30.34
18-Feb-99,29.75,31.7,29.5,30.98
17-Feb-99,29.5,30.1,29.2,29.84
16-Feb-99,30.5,30.62,29.2,29.52
12-Feb-99,30.3,30.9,30.3,30.37
11-Feb-99,30.35,30.7,30.15,30.39
10-Feb-99,30.3,30.85,30.15,30.29
9-Feb-99,30.25,30.55,29.95,30.31
8-Feb-99,30.8,31.05,30.2,30.28
5-Feb-99,31.25,31.35,30.55,30.8
4-Feb-99,32.5,32.59,31.25,31.35
3-Feb-99,32.5,33.15,31.9,32.39
2-Feb-99,32.4,32.5,31.9,32.34
1-Feb-99,33.42,34,32.45,32.5
29-Jan-99,32.55,33.3,32.25,33.16
28-Jan-99,32.7,32.8,32.15,32.55
27-Jan-99,32,32.95,31.65,32.52
26-Jan-99,32.35,32.35,31.6,31.8
25-Jan-99,33,33.01,31.95,32.15
22-Jan-99,32.3,33.15,31.6,33.01
21-Jan-99,31.34,32.6,31.34,32.05
20-Jan-99,32.2,32.5,31.3,31.34
19-Jan-99,32.5,33.5,32.15,32.22
15-Jan-99,32.98,33.35,32.5,32.56
14-Jan-99,33.9,34.7,32.7,32.77
13-Jan-99,35.7,35.9,33.7,33.78
12-Jan-99,37.45,37.75,35.5,35.7
11-Jan-99,36.95,38.2,36,37.43
8-Jan-99,35.75,36.6,35.35,36.11
7-Jan-99,35.9,36.35,34.8,35.79
6-Jan-99,34.35,35.9,34.25,35.73
5-Jan-99,35.25,35.45,34.2,34.22
4-Jan-99,34.79,35.5,34.55,35.14
31-Dec-98,32.95,34.3,32.7,34
30-Dec-98,33.25,33.35,32.6,32.92
29-Dec-98,32.75,33.5,32.55,33.33
28-Dec-98,32.15,32.7,32,32.51
24-Dec-98,32.66,32.75,32.1,32.19
23-Dec-98,32.1,32.9,32.1,32.54
22-Dec-98,31.7,32.25,31.7,31.9
21-Dec-98,32.5,32.6,31.45,31.74
18-Dec-98,32.5,33.05,31.95,32.39
17-Dec-98,35.4,36.09,32.3,32.39
16-Dec-98,33.65,36.1,33.65,35.37
15-Dec-98,32.8,34.15,32.6,33.79
14-Dec-98,31.75,32.95,31.5,32.71
11-Dec-98,31.5,32.2,31.25,31.5
10-Dec-98,32.15,32.4,31.3,31.35
9-Dec-98,32.4,32.9,32,32.17
8-Dec-98,33,33.7,32.4,32.52
7-Dec-98,32.2,33.2,31.65,32.74
4-Dec-98,32.35,32.85,32.1,32.2
3-Dec-98,32.45,33.25,32.3,32.42
2-Dec-98,31.7,32.6,31.6,32.28
1-Dec-98,32.6,32.75,31.55,31.75
30-Nov-98,33,33.05,30.8,31.32
25-Nov-98,33.5,34,32.5,33.1
24-Nov-98,34.5,34.65,33.15,33.29
23-Nov-98,35.25,35.8,34.2,34.29
20-Nov-98,34.85,35.25,34.55,35.08
19-Nov-98,35.1,35.6,34.65,34.77
18-Nov-98,34.95,35.6,34.15,34.71
17-Nov-98,36,36.3,35.05,35.1
16-Nov-98,37.1,37.5,36,36.15
13-Nov-98,38.85,39.4,37.7,37.86
12-Nov-98,37.8,39.1,37.8,38.7
11-Nov-98,37.75,38.85,37.7,37.92
10-Nov-98,37.35,38,37.1,37.76
9-Nov-98,38.7,38.95,37.35,37.45
6-Nov-98,39,39.75,38.25,38.51
5-Nov-98,39.45,39.7,38.8,39.1
4-Nov-98,39.4,40.05,38.95,39.39
3-Nov-98,39.3,39.6,39.05,39.37
2-Nov-98,40.75,40.75,39.3,39.36
30-Oct-98,38.4,39.25,37.5,38.82
29-Oct-98,38.86,39,37.9,38.36
28-Oct-98,38.62,38.95,38.25,38.83
27-Oct-98,39.15,39.9,38.45,38.79
26-Oct-98,38.75,39.85,38.75,39.16
23-Oct-98,38.5,39.25,38.5,38.65
22-Oct-98,39.2,39.3,38.3,38.54
21-Oct-98,37.75,39.9,37.7,39.17
20-Oct-98,37.8,37.9,37.15,37.75
19-Oct-98,39.22,39.5,37.5,37.72
16-Oct-98,38.3,39.4,38.2,39.12
15-Oct-98,38.2,38.75,37.8,38.16
14-Oct-98,38.65,39.1,38.1,38.16
13-Oct-98,38.8,39.2,38.3,38.59
12-Oct-98,39.85,39.85,38.5,38.6
9-Oct-98,39.5,39.9,38.5,39.37
8-Oct-98,41,41.1,39.35,39.45
7-Oct-98,42.3,42.6,40.7,40.94
6-Oct-98,41.94,42.5,41.45,42.37
5-Oct-98,42.2,42.25,41.35,41.89
2-Oct-98,41.65,42.35,41.15,42.23
1-Oct-98,43.35,43.75,41.3,41.56
30-Sep-98,42.1,42.4,41.1,42.11
29-Sep-98,41.8,42.1,41.4,41.86
28-Sep-98,42.3,42.95,41.15,41.73
25-Sep-98,42.3,43.2,41.7,41.82
24-Sep-98,41.8,43,41.5,42.39
23-Sep-98,42.2,42.6,41.6,41.91
22-Sep-98,42,42.25,41.4,42.16
21-Sep-98,42.75,43.15,41.75,41.99
18-Sep-98,40.8,42.5,40.75,42.28
17-Sep-98,39.95,40.65,39.85,40.54
16-Sep-98,40.35,40.5,39.5,39.83
15-Sep-98,40.55,40.7,39.9,40.25
14-Sep-98,40.55,41.2,40.4,40.55
11-Sep-98,40.98,42.45,40.3,40.56
10-Sep-98,39,41.5,38.9,40.84
9-Sep-98,38.61,39.5,38.4,38.65
8-Sep-98,38.65,39.1,38.25,38.61
4-Sep-98,39,40.4,39,39.13
3-Sep-98,37.05,39.8,36.9,39.61
2-Sep-98,37.3,37.6,36.7,37.06
1-Sep-98,35.6,37.3,35.3,37.26
31-Aug-98,35.2,35.6,34.7,35.29
28-Aug-98,34.31,35.2,34.2,34.97
27-Aug-98,35.3,35.3,34.05,34.29
26-Aug-98,35.31,35.5,34.9,35.24
25-Aug-98,34.95,35.4,34.89,35.31
24-Aug-98,34.25,34.85,34,34.76
21-Aug-98,35.4,35.5,34.1,34.2
20-Aug-98,34,35.4,33.8,35.22
19-Aug-98,34.4,34.45,33.9,34.03
18-Aug-98,35.1,35.1,34.05,34.1
17-Aug-98,35.3,35.4,34.6,34.95
14-Aug-98,35.3,35.65,34.65,35.14
13-Aug-98,34.1,35.8,34.1,35.22
12-Aug-98,34.3,34.7,33.95,34.13
11-Aug-98,34.44,34.9,33.5,34.02
10-Aug-98,36.75,36.75,34.3,34.44
7-Aug-98,36.35,37.6,36.35,36.72
6-Aug-98,36.02,36.5,35.7,36.33
5-Aug-98,36.2,36.85,35.65,35.77
4-Aug-98,35.81,36.6,35.81,36.24
3-Aug-98,36.85,36.95,35.8,35.81
31-Jul-98,35.3,35.9,34.9,35.34
30-Jul-98,35.3,36,34.9,35.31
29-Jul-98,36.05,36.19,35.2,35.33
28-Jul-98,36.35,36.75,35.9,35.99
27-Jul-98,36,36.3,35.9,36.15
24-Jul-98,35.43,35.85,35.1,35.55
23-Jul-98,36.4,36.6,35.25,35.43
22-Jul-98,37.2,37.55,35.8,36.32
21-Jul-98,36.3,37.1,36.25,36.84
20-Jul-98,37.6,37.8,36.15,36.3
17-Jul-98,38.5,38.87,37.4,37.48
16-Jul-98,39.3,39.3,38.3,38.51
15-Jul-98,38.85,39.6,38.85,39.32
14-Jul-98,37.95,39.4,37.9,38.86
13-Jul-98,37.48,38.05,36.75,37.66
10-Jul-98,37.95,38.15,37.45,37.52
9-Jul-98,38,38.43,37.7,37.92
8-Jul-98,37.62,38.5,37.62,37.82
7-Jul-98,37.8,38.5,37.55,37.6
6-Jul-98,39.45,39.45,37.7,38.01
2-Jul-98,39.3,40.1,39.25,39.38
1-Jul-98,39.1,39.78,39.1,39.39
30-Jun-98,38.7,39.2,37.5,38.15
29-Jun-98,38.9,39,38.2,38.55
26-Jun-98,38.7,39.35,38.5,38.65
25-Jun-98,40.4,40.4,38.6,38.8
24-Jun-98,40.2,40.7,39.5,40.45
23-Jun-98,38.2,40.95,38.06,39.98
22-Jun-98,37.49,39,37.49,38.32
19-Jun-98,37.2,37.5,36.7,37.4
18-Jun-98,37.2,37.3,36.45,36.91
17-Jun-98,37,38.25,36.4,37.32
16-Jun-98,37,37.5,36.7,36.97
15-Jun-98,38.25,38.25,36.5,36.7
12-Jun-98,38.1,38.7,37.85,38.12
11-Jun-98,38.83,39.1,38,38.05
10-Jun-98,38.4,39.2,37.9,38.83
9-Jun-98,39.05,39.5,38.5,38.57
8-Jun-98,39.2,39.6,38.75,39.1
5-Jun-98,39.6,40.2,39.25,39.33
4-Jun-98,38.85,40.4,38.85,39.5
3-Jun-98,39.5,39.5,38.3,38.72
2-Jun-98,39.97,40.1,39.4,39.44
1-Jun-98,40.16,40.2,39.4,39.62
29-May-98,38.95,39.6,37.8,39.1
28-May-98,40,40,38.85,38.98
27-May-98,39.65,39.95,39.3,39.88
26-May-98,40.1,40.1,38.85,39.39
22-May-98,39.9,40.45,39.3,39.71
21-May-98,39.4,40.15,39.2,39.79
20-May-98,40.8,41.25,39.1,39.28
19-May-98,41.2,41.9,40.5,40.95
18-May-98,41.75,41.9,40.9,40.99
15-May-98,42.55,42.8,41.5,41.64
14-May-98,42.7,43.3,42.1,42.63
13-May-98,43.15,43.4,42.6,42.65
12-May-98,42.95,43.55,42.95,43.16
11-May-98,42.9,43.7,42.4,42.91
8-May-98,43.5,43.9,42.9,43.01
7-May-98,43.8,44.5,43.5,43.58
6-May-98,44.3,44.35,43.65,43.82
5-May-98,45.3,45.4,43.6,44.3
4-May-98,45.5,45.8,45,45.42
1-May-98,44.3,46.45,44,45.78
30-Apr-98,42.9,43.9,42.5,42.75
29-Apr-98,43.89,44.18,43,43.08
28-Apr-98,43.1,43.9,43.1,43.84
27-Apr-98,42.99,43.4,42.55,43.08
24-Apr-98,43,43.3,42.65,42.9
23-Apr-98,43.25,43.5,42.5,42.84
22-Apr-98,44.1,44.25,42.9,43.06
21-Apr-98,43.75,44.7,43.5,44.04
20-Apr-98,43.7,44.1,43.6,43.67
17-Apr-98,44.4,45.2,43.6,43.76
16-Apr-98,43.7,44.85,43.7,44.6
15-Apr-98,42.5,43.9,42.05,43.62
14-Apr-98,42.7,42.9,42.3,42.54
13-Apr-98,43.25,43.3,42.7,42.81
9-Apr-98,43.45,43.75,43.2,43.33
8-Apr-98,42.5,43.55,42.3,43.2
7-Apr-98,42.8,42.84,42.2,42.46
6-Apr-98,43.6,43.65,42.6,42.83
3-Apr-98,45.2,45.2,43.6,43.97
2-Apr-98,43.22,43.8,42.95,43.22
1-Apr-98,43.5,43.8,42.8,43.18
31-Mar-98,44.25,44.25,42.75,43.02
30-Mar-98,45.45,45.55,44,44.18
27-Mar-98,45.5,46.25,45.35,45.45
26-Mar-98,45.4,46.65,45.36,45.73
25-Mar-98,44,45.5,43.73,45.12
24-Mar-98,45.19,45.19,44,44.05
23-Mar-98,42.4,48,42.4,45.16
20-Mar-98,40.75,41.5,40.1,40.7
19-Mar-98,40.9,41.7,40.55,40.75
18-Mar-98,38.9,41.6,38.45,41.05
17-Mar-98,38.52,38.8,37.7,38.48
16-Mar-98,40.25,40.25,38.45,38.52
13-Mar-98,40.5,41.1,40.2,40.25
12-Mar-98,40.5,40.75,39.85,40.26
11-Mar-98,40.75,41.5,40.2,40.27
10-Mar-98,41.15,41.3,40.7,40.83
9-Mar-98,42.1,42.1,40.4,40.93
6-Mar-98,43,43.4,42.1,42.15
5-Mar-98,43.25,43.6,42.9,43.05
4-Mar-98,42.9,43.4,42.6,42.93
3-Mar-98,42.95,43.55,42.6,42.86
2-Mar-98,43.8,44.2,42.9,42.92
27-Feb-98,43.2,43.7,42.5,42.8
26-Feb-98,43.15,44.25,43.1,43.15
25-Feb-98,42.75,43.8,42.6,43.08
24-Feb-98,42.5,43.25,42.4,42.67
23-Feb-98,44.4,44.4,42.3,42.53
20-Feb-98,45.1,45.55,44.6,44.72
19-Feb-98,45.4,46,44.9,45.35
18-Feb-98,44.1,45.5,43.25,45.34
17-Feb-98,44.4,44.4,43.25,43.74
13-Feb-98,44.5,45.1,44.42,44.72
12-Feb-98,45.1,45.25,44.5,44.57
11-Feb-98,45.45,46.2,44.9,45.06
10-Feb-98,45.95,46.25,45.3,45.44
9-Feb-98,46.3,46.4,45.9,45.95
6-Feb-98,46.25,47.2,46.15,46.33
5-Feb-98,45.5,46.95,45.5,46.21
4-Feb-98,46.05,46.3,45.25,45.54
3-Feb-98,47.45,47.6,46,46.05
2-Feb-98,48.6,48.6,46.8,47.38
30-Jan-98,49.25,49.45,46.9,47.58
29-Jan-98,48.2,49.8,47.85,49.28
28-Jan-98,47.75,48,47.1,47.76
27-Jan-98,47.3,48.1,47,47.25
26-Jan-98,44.9,48.4,44.8,47.19
23-Jan-98,45.7,46.1,44.3,44.44
22-Jan-98,46.25,46.25,45.3,45.62
21-Jan-98,46.35,46.85,46,46.25
20-Jan-98,47.3,47.7,46.35,46.39
16-Jan-98,46.15,46.85,46.1,46.75
15-Jan-98,46.5,47,46.15,46.23
14-Jan-98,46.05,46.7,45.75,46.28
13-Jan-98,46.2,46.95,46,46.09
12-Jan-98,46.7,46.7,45.61,46.21
9-Jan-98,47.68,47.95,46.6,46.7
8-Jan-98,47.5,48.05,47.5,47.75
7-Jan-98,47.5,47.85,46.75,47.33
6-Jan-98,47.85,48.7,47.65,47.76
5-Jan-98,49.3,49.3,47.85,47.92
2-Jan-98,49.8,49.85,49.25,49.41
31-Dec-97,49.5,50,48.9,49.08
30-Dec-97,49.15,49.85,49,49.46
29-Dec-97,50.1,50.3,49.05,49.09
26-Dec-97,50.7,50.7,50,50.04
24-Dec-97,51,51.15,50.7,50.73
23-Dec-97,51.1,51.35,50.6,50.73
22-Dec-97,51.9,51.95,51,51.15
19-Dec-97,52.55,52.95,51.65,51.96
18-Dec-97,52,53,51.8,52.64
17-Dec-97,51.7,52.1,50.9,51.78
16-Dec-97,51.6,52.2,51.1,51.59
15-Dec-97,51.7,52.15,51.45,51.51
12-Dec-97,51.5,52.25,51.5,51.82
11-Dec-97,51.65,52.05,51.1,51.45
10-Dec-97,53.15,53.35,51.45,51.66
9-Dec-97,53.6,53.7,53.05,53.12
8-Dec-97,53.6,54.2,53.45,53.52
5-Dec-97,53.3,54.15,53.15,53.38
4-Dec-97,53.6,53.85,53.25,53.35
3-Dec-97,53.25,53.95,52.5,53.5
2-Dec-97,52.75,53.45,52.75,53.25
1-Dec-97,54.35,54.4,52.5,52.71
26-Nov-97,55.4,55.41,52.7,53.1
25-Nov-97,55.65,55.95,55.3,55.49
24-Nov-97,55.45,55.85,55,55.6
21-Nov-97,55.6,56.14,54.9,55.48
20-Nov-97,56.8,56.85,55.2,55.45
19-Nov-97,57.7,57.85,56.5,56.67
18-Nov-97,57.95,58.4,57.5,57.61
17-Nov-97,59.52,59.52,57.6,57.85
14-Nov-97,58.65,60.05,58.4,59.54
13-Nov-97,57.7,58.95,57.57,58.62
12-Nov-97,57.9,58.1,57.35,57.92
11-Nov-97,57.5,58.15,57.3,57.82
10-Nov-97,58.5,58.8,57.2,57.28
7-Nov-97,57.6,58.9,57.55,57.99
6-Nov-97,57.4,58,57.2,57.43
5-Nov-97,58,58.35,57.1,57.18
4-Nov-97,59,59.1,58.05,58.11
3-Nov-97,59.5,59.9,58.3,58.78
31-Oct-97,58.15,58.6,57,57.77
30-Oct-97,57.05,58.4,57.05,58.12
29-Oct-97,56.45,57.9,56.4,57.19
28-Oct-97,57.7,57.7,56,56.52
27-Oct-97,57.5,58.4,57.05,57.74
24-Oct-97,58,58.6,56.9,57.03
23-Oct-97,58.75,59,57.95,58.09
22-Oct-97,57.64,59.15,57.64,58.77
21-Oct-97,57.8,58.4,57.3,57.64
20-Oct-97,57.34,58.1,57.25,57.82
17-Oct-97,58.2,59.4,56.95,57.4
16-Oct-97,56.94,58.45,56.9,58.01
15-Oct-97,57.1,57.65,56.8,56.94
14-Oct-97,58.3,58.9,56.65,57.01
13-Oct-97,59.75,59.75,57.7,58.27
10-Oct-97,59.9,60.25,59.4,59.95
9-Oct-97,60,60.55,59.35,60.08
8-Oct-97,59.6,60.7,59.4,60.16
7-Oct-97,59.1,60.35,59.1,59.6
6-Oct-97,62.1,62.6,59.3,59.69
3-Oct-97,59.7,62.6,59.65,62.01
2-Oct-97,58.2,60.2,57.7,59.8
1-Oct-97,58.7,58.85,58,58.19
30-Sep-97,58.1,58.85,57.5,57.93
29-Sep-97,57.95,58.3,57.2,58.22
26-Sep-97,56.15,58.3,56.02,57.92
25-Sep-97,55.25,56.6,55.25,56.51
24-Sep-97,54.55,55.35,54.05,55.24
23-Sep-97,54.8,55.35,54.4,54.64
22-Sep-97,53.6,55.2,53.5,54.73
19-Sep-97,53.5,53.8,53.35,53.45
18-Sep-97,53.4,54.2,53.15,53.44
17-Sep-97,53.9,54.1,53.15,53.35
16-Sep-97,52.55,54.35,52.35,53.85
15-Sep-97,52.55,53,52.3,52.52
12-Sep-97,52.15,52.95,52,52.58
11-Sep-97,51.82,52.6,51.7,52.05
10-Sep-97,52.85,52.97,51.4,51.57
9-Sep-97,53.25,53.35,52.55,52.83
8-Sep-97,54,54,53.1,53.14
5-Sep-97,52.5,54.8,52.45,53.78
4-Sep-97,53.35,53.53,52.4,52.54
3-Sep-97,53.4,53.75,53.2,53.35
2-Sep-97,53.1,53.95,52.85,53.4
29-Aug-97,52.4,52.7,51.5,51.85
28-Aug-97,53.15,53.3,52.3,52.51
27-Aug-97,52.3,53.4,51.8,53.26
26-Aug-97,52.3,52.65,51.9,52.09
25-Aug-97,53,53.1,51.85,52.2
22-Aug-97,54,54,53.3,53.41
21-Aug-97,55.1,55.2,53.1,53.48
20-Aug-97,55.69,55.9,54.9,55.1
19-Aug-97,55,56.1,55,55.71
18-Aug-97,54.9,55.5,54.35,55.09
15-Aug-97,55.65,55.8,54.9,55.25
14-Aug-97,56,56.55,55.74,55.87
13-Aug-97,55.3,56.1,54.75,56.04
12-Aug-97,54.36,55.25,54.3,55.1
11-Aug-97,54.3,54.95,54.25,54.36
8-Aug-97,55.5,55.85,54.25,54.29
7-Aug-97,57.15,57.15,55.2,55.3
6-Aug-97,57.5,58.3,56.9,56.98
5-Aug-97,58.55,58.6,57.7,58.32
4-Aug-97,56.55,58.8,56.2,58.44
1-Aug-97,55.6,56.8,55.55,56.56
31-Jul-97,55.85,56.1,54,55.61
30-Jul-97,54.4,55.9,54.4,55.78
29-Jul-97,54.2,54.6,54,54.31
28-Jul-97,53.7,54.7,53.3,54.14
25-Jul-97,53.2,55.25,53,53.99
24-Jul-97,53.4,53.7,53.1,53.39
23-Jul-97,52.9,53.5,52.52,53.28
22-Jul-97,52.4,53.1,52.15,52.7
21-Jul-97,52.22,52.5,51.85,52.35
18-Jul-97,53.8,53.95,51.8,52.22
17-Jul-97,52.65,54.4,52.6,53.89
16-Jul-97,52.9,53.1,52.35,52.68
15-Jul-97,51.75,53.25,51.55,52.95
14-Jul-97,52.7,53,51.5,51.67
11-Jul-97,52.2,52.75,51.85,52.35
10-Jul-97,52.7,52.85,51.9,52.11
9-Jul-97,53.1,53.4,52.2,52.65
8-Jul-97,52.9,53.45,52.65,53
7-Jul-97,52.72,53,52.4,52.78
3-Jul-97,55.05,55.05,52.5,52.76
2-Jul-97,54.85,55.3,54,54.92
1-Jul-97,53.9,55.1,53.8,54.84
30-Jun-97,53.33,54,53.3,53.7
27-Jun-97,52.1,53.4,52.1,53.33
26-Jun-97,52.95,52.95,51.85,52.02
25-Jun-97,51.55,53.25,51.5,52.99
24-Jun-97,52,52.5,51.5,51.57
23-Jun-97,51.65,52.05,51.05,51.92
20-Jun-97,51.46,51.75,50.7,51.33
19-Jun-97,51.55,52,51.2,51.45
18-Jun-97,51.9,52.25,51.15,51.44
17-Jun-97,51.95,53.1,51.95,52.45
16-Jun-97,51.65,52.35,51.3,51.94
13-Jun-97,51.9,52.5,51.4,51.64
12-Jun-97,51.7,51.9,51.35,51.62
11-Jun-97,51.65,52.65,51.2,51.52
10-Jun-97,51.4,52.3,51.4,51.65
9-Jun-97,51.6,52.05,51.3,51.5
6-Jun-97,53.3,54,51.45,51.52
5-Jun-97,54.25,54.25,53.2,53.32
4-Jun-97,54.55,54.6,53.75,54.16
3-Jun-97,56.15,56.4,54.5,54.62
2-Jun-97,55.6,56.6,55.6,56.32
30-May-97,56.25,56.85,55.8,56.49
29-May-97,55.25,56.55,54.8,56
28-May-97,55.3,55.85,55.2,55.39
27-May-97,57.52,57.52,55,55.27
23-May-97,57.7,57.85,57.25,57.52
22-May-97,57.5,58.05,57.25,57.8
21-May-97,57.65,58,56.6,57.55
20-May-97,57.9,58.55,57.3,57.64
19-May-97,58.6,58.6,57.7,57.92
16-May-97,56.45,58.9,56.25,58.47
15-May-97,56.6,57,55.9,56.48
14-May-97,56.4,56.6,55.5,56.42
13-May-97,56.65,56.8,56,56.48
12-May-97,54.55,56.95,54.55,56.65
9-May-97,54.45,55.1,54,54.52
8-May-97,53.15,54.7,53.1,54.38
7-May-97,53.6,54.3,53,53.08
6-May-97,53.1,54.1,52.8,53.53
5-May-97,53.4,53.75,52.85,53.05
2-May-97,54.25,54.5,52.7,53.02
1-May-97,54.8,55.4,54.25,54.33
30-Apr-97,59,59,57.5,58.07
29-Apr-97,56.5,59.1,56.45,58.91
28-Apr-97,55.6,56.7,55.6,56.53
25-Apr-97,55.8,56.1,55.3,55.9
24-Apr-97,55.7,55.95,54.75,55.89
23-Apr-97,54.8,55.7,54.8,55.65
22-Apr-97,55.55,55.95,54.4,54.83
21-Apr-97,54.67,55.9,54.65,55.48
18-Apr-97,54.4,55,54.2,54.68
17-Apr-97,53.5,54.6,53.2,54
16-Apr-97,54.83,54.84,53.2,53.48
15-Apr-97,54.75,55.2,54.25,54.85
14-Apr-97,54.4,55.05,54.1,54.67
11-Apr-97,54.86,55.2,53.7,53.87
10-Apr-97,53,55.3,52.75,54.86
9-Apr-97,53,53.75,52.95,53.11
8-Apr-97,53.3,53.65,52.65,52.89
7-Apr-97,53.15,54.5,53.05,53.12
4-Apr-97,53.35,53.7,52.6,53.14
3-Apr-97,52.8,53.8,52.55,53.26
2-Apr-97,54.1,54.45,52.4,52.52
1-Apr-97,54.4,54.75,53.85,53.95
31-Mar-97,56.3,57.5,56,56.72
27-Mar-97,55.4,56.3,55.1,56.07
26-Mar-97,56.5,57.15,55.2,55.43
25-Mar-97,55.6,57.1,55.6,56.83
24-Mar-97,55.8,56.1,55.15,55.73
21-Mar-97,55.9,56.6,55.6,55.98
20-Mar-97,56.2,56.7,55.4,55.94
19-Mar-97,56.3,57.2,55.65,56.29
18-Mar-97,54.3,56.55,54.2,56.18
17-Mar-97,55.4,55.9,53.95,54.3
14-Mar-97,54.25,55.6,54.25,55.33
13-Mar-97,54.2,55,54.08,54.22
12-Mar-97,52.8,54.75,52.55,54.08
11-Mar-97,53.2,53.3,52.6,52.83
10-Mar-97,54.2,54.45,53,53.08
7-Mar-97,53.5,54.5,53.5,54.08
6-Mar-97,52.65,54.1,52.15,53.43
5-Mar-97,53.4,53.95,52.35,52.54
4-Mar-97,53.25,54.15,52.5,53.34
3-Mar-97,53.5,53.9,52.4,53.18
28-Feb-97,55.9,55.9,54,54.76
27-Feb-97,56.75,57,55.7,56.03
26-Feb-97,56.9,57.45,55.7,56.68
25-Feb-97,55.5,57.25,55.45,56.82
24-Feb-97,57.87,58.05,55.25,55.47
21-Feb-97,57.5,58.5,57.5,57.85
20-Feb-97,59.55,59.8,58,58.04
19-Feb-97,59.4,60.15,59.15,59.59
18-Feb-97,60.1,60.2,58.5,59.42
14-Feb-97,60.3,61,59.75,60.81
13-Feb-97,60.95,61.2,59.45,59.92
12-Feb-97,62.1,63.6,60.6,60.85
11-Feb-97,61.8,62.35,61.1,61.86
10-Feb-97,60.65,62.25,59.55,61.76
7-Feb-97,61.39,62.4,60.4,60.53
6-Feb-97,63.4,64.5,60.7,61.45
5-Feb-97,64.2,64.65,63.25,63.32
4-Feb-97,66.2,66.2,63.55,64.18
3-Feb-97,65.85,65.9,65.1,65.28
31-Jan-97,70,70.51,68.25,68.65
30-Jan-97,68.75,70.7,68.7,70.34
29-Jan-97,66.95,69,66.9,68.84
28-Jan-97,67.15,67.55,66.6,66.83
27-Jan-97,66.7,67.75,65.3,67.29
24-Jan-97,66,67,65.9,66.77
23-Jan-97,66.95,67.85,66.1,66.35
22-Jan-97,66.15,67.05,65.85,66.89
21-Jan-97,67.1,67.25,65.6,66.03
20-Jan-97,68.5,68.7,66.6,66.94
17-Jan-97,69.95,69.95,68.3,68.44
16-Jan-97,71.4,71.5,69.85,69.92
15-Jan-97,69.45,71.5,68.3,71.42
14-Jan-97,69.82,70.05,68.85,69.42
13-Jan-97,72.55,73.7,69.6,69.7
10-Jan-97,73.05,73.45,72.05,72.15
9-Jan-97,73.6,74.25,72.5,73.05
8-Jan-97,72.4,73.8,71.5,73.43
7-Jan-97,73.5,73.9,72,72.49
6-Jan-97,71.57,74.5,71.57,73.64
3-Jan-97,72.1,72.65,70.5,71.29
2-Jan-97,72,72.8,71,72.11
31-Dec-96,70.4,73.3,70.25,72.84
30-Dec-96,70.6,71.4,70.1,70.57
27-Dec-96,70.1,71.25,70.1,70.55
26-Dec-96,71.1,71.4,69.5,70.06
24-Dec-96,70.9,71.85,70.55,71.4
23-Dec-96,73,73,70.85,71.08
20-Dec-96,73.5,73.9,72.5,72.97
19-Dec-96,74.2,74.5,72.9,73.78
18-Dec-96,73.7,74.65,72.15,74.18
17-Dec-96,74.8,74.8,73.25,73.54
16-Dec-96,71.27,75.7,71.27,74.82
13-Dec-96,68.7,71.85,68.7,71.71
12-Dec-96,67.2,68.75,66.9,68.67
11-Dec-96,69.75,69.75,66.4,66.82
10-Dec-96,72.25,72.3,69.4,69.62
9-Dec-96,74.4,74.5,71.5,72.13
6-Dec-96,75.2,75.45,72.75,74.66
5-Dec-96,73.82,75.25,73.7,75.11
4-Dec-96,74.2,74.3,73,73.57
3-Dec-96,73.55,74.6,72.1,74.22
2-Dec-96,71.35,73.65,70,73.57
27-Nov-96,71.25,72.55,70.8,71.97
26-Nov-96,72.2,72.7,70.7,71.24
25-Nov-96,72.5,74,71.8,72.23
22-Nov-96,74.1,74.9,72.6,72.79
21-Nov-96,72.1,74,71.95,73.85
20-Nov-96,73.6,75.1,72,72.09
19-Nov-96,71.8,73.9,71.3,73.68
18-Nov-96,72.65,72.65,71.5,71.85
15-Nov-96,73.38,73.4,71.9,72.61
14-Nov-96,71.45,73.5,70.7,73.4
13-Nov-96,68.38,71.3,68.25,71.2
12-Nov-96,68.4,68.7,67.85,68.25
11-Nov-96,69.5,70.15,68.15,68.35
8-Nov-96,67,69,66.95,68.93
7-Nov-96,66.75,68.1,66.35,66.89
6-Nov-96,65.45,67.7,65.3,66.45
5-Nov-96,65.9,66.25,65.15,65.42
4-Nov-96,65.8,67.4,65.8,65.95
1-Nov-96,66.8,67.5,66.3,66.6
31-Oct-96,69.1,69.8,65.95,66.34
30-Oct-96,69.8,69.8,68,68.46
29-Oct-96,71.3,71.4,69.4,69.83
28-Oct-96,71.85,72.7,70.6,71.46
25-Oct-96,70.75,71.95,70.3,71.72
24-Oct-96,70.7,71.4,68.9,70.49
23-Oct-96,73.4,73.5,70.7,70.96
22-Oct-96,73.5,74.2,71.6,73.45
21-Oct-96,74,74.5,73.25,73.63
18-Oct-96,72.3,74.1,72.3,74.06
17-Oct-96,71.75,72.4,70.9,72.29
16-Oct-96,73.85,74.4,70.75,71.56
15-Oct-96,74,74.15,72.8,73.07
14-Oct-96,71.6,74.25,71.6,74.07
11-Oct-96,71.1,71.75,70.9,71.43
10-Oct-96,73.9,74,70.5,70.92
9-Oct-96,76.65,76.65,73.7,73.97
8-Oct-96,76.65,76.75,75,76.19
7-Oct-96,74.6,76.65,74.5,76.49
4-Oct-96,74.7,75.25,73.85,74.43
3-Oct-96,71.55,74.8,71.55,74.69
2-Oct-96,70.76,73.15,70.7,71.98
1-Oct-96,70.45,71.7,69.8,70.76
30-Sep-96,71.8,72.7,70,71.51
27-Sep-96,70.2,71.8,69.95,71.49
26-Sep-96,71.8,72.8,70.8,70.9
25-Sep-96,69.8,72.25,69.1,71.77
24-Sep-96,67.55,69.8,67.44,69.69
23-Sep-96,67.2,67.8,66.5,67.48
20-Sep-96,66.8,67.6,66,67.42
19-Sep-96,67.9,68.15,66,66.77
18-Sep-96,65.6,68,65.55,67.87
17-Sep-96,65.3,66.95,65.2,65.59
16-Sep-96,67.35,67.5,65.2,65.29
13-Sep-96,69.4,70.15,67.55,67.94
12-Sep-96,68.25,69.8,67.6,69.17
11-Sep-96,66.7,68.6,66.15,68.19
10-Sep-96,65.9,67.2,65.25,66.67
9-Sep-96,66.67,66.95,65.35,65.95
6-Sep-96,64.75,66.9,64.75,66.4
5-Sep-96,64.25,65.4,63.8,65.03
4-Sep-96,65.65,65.65,64.05,64.21
3-Sep-96,65.12,67.5,64.25,65.07
30-Aug-96,63.7,63.75,62.45,62.82
29-Aug-96,62.2,63.85,62.15,63.67
28-Aug-96,61.25,62.5,60.95,62.04
27-Aug-96,61,61.8,60.9,61.13
26-Aug-96,62,62.15,60.3,61.03
23-Aug-96,62.4,62.7,61.85,61.99
22-Aug-96,61.11,62.55,61.1,62.48
21-Aug-96,61.5,62,60.85,60.98
20-Aug-96,62.5,62.5,61.5,61.67
19-Aug-96,61.55,62.85,61.3,62.58
16-Aug-96,59.85,61.9,59.45,61.63
15-Aug-96,60.6,60.65,59.45,59.68
14-Aug-96,59.9,60.9,59.9,60.41
13-Aug-96,59.7,60.25,59,60.01
12-Aug-96,58.7,59.8,58.5,59.56
9-Aug-96,58.65,58.75,58.2,58.49
8-Aug-96,58.2,59.3,57.95,58.79
7-Aug-96,57.5,58.35,56.8,58.22
6-Aug-96,58.3,58.35,56.8,57.43
5-Aug-96,58.7,59.7,58.05,58.29
2-Aug-96,57.9,58.9,57,58.71
1-Aug-96,56.55,58,56,57.53
31-Jul-96,55.7,57.5,55.7,57.08
30-Jul-96,55.2,55.75,54.85,55.65
29-Jul-96,55.05,55.35,54.8,55.19
26-Jul-96,56.3,56.3,54.75,55.04
25-Jul-96,55.8,56.5,55.8,56.25
24-Jul-96,56.05,56.85,55.7,55.95
23-Jul-96,55.95,56.25,55.5,55.94
22-Jul-96,56.05,56.2,55.4,55.85
19-Jul-96,56.65,57.2,55.85,56.02
18-Jul-96,56.3,56.85,55.8,56.74
17-Jul-96,57.18,57.4,55.4,56.32
16-Jul-96,57.85,58.05,56.75,57.18
15-Jul-96,56.3,57.8,55.85,57.72
12-Jul-96,56.9,57.1,55.85,56.62
11-Jul-96,55.75,56.9,55.6,56.7
10-Jul-96,55.25,56,55.15,55.59
9-Jul-96,54.6,55.4,54.55,55.26
8-Jul-96,55.55,55.9,54.2,54.89
3-Jul-96,54.3,55.15,54.2,54.71
2-Jul-96,54.9,55.35,54.2,54.28
1-Jul-96,53.95,55.45,53.75,55.14
28-Jun-96,53.45,54.2,53.05,53.95
27-Jun-96,52.4,54.2,52.2,53.64
26-Jun-96,51.17,52.75,51.17,52.34
25-Jun-96,51.25,51.35,50.9,51.17
24-Jun-96,50.8,51.7,50.8,51.3
21-Jun-96,51.6,52,51.3,51.36
20-Jun-96,51.3,51.75,50.9,51.53
19-Jun-96,52.5,52.65,50.8,51.12
18-Jun-96,53.25,53.3,52.3,52.5
17-Jun-96,51.61,53.45,51.61,53.34
14-Jun-96,50.81,51.8,50.7,51.55
13-Jun-96,50.9,51.2,50.7,50.95
12-Jun-96,51,51.35,50.7,50.88
11-Jun-96,51.35,51.45,50.5,50.79
10-Jun-96,51.75,51.9,51.3,51.4
7-Jun-96,50.95,52.1,49.2,51.78
6-Jun-96,50.9,51.2,49.9,51.04
5-Jun-96,51.7,51.75,50.55,50.85
4-Jun-96,51.26,51.9,51.2,51.52
3-Jun-96,51.1,51.75,50.8,51.25
31-May-96,52.25,52.25,50.5,50.85
30-May-96,54.05,54.05,52,52.09
29-May-96,54.1,54.6,53.6,54.06
28-May-96,54.46,54.85,53.95,54.18
24-May-96,54.6,54.9,54.2,54.46
23-May-96,55.45,55.45,54.3,54.39
22-May-96,54,55.6,53.5,54.99
21-May-96,55.25,55.25,53.95,54.06
20-May-96,52.4,55.5,51.5,55.24
17-May-96,53,53.25,52.3,52.94
16-May-96,54.8,54.85,52.65,53
15-May-96,55.3,55.7,54.4,54.81
14-May-96,56.2,56.4,54.75,55.32
13-May-96,54.95,56.45,54.95,56.19
10-May-96,54.5,55.25,54.5,54.95
9-May-96,55,55.3,53.65,54.56
8-May-96,54.75,55.6,54.25,54.87
7-May-96,54.5,55.4,54.2,54.79
6-May-96,55,56.1,54.1,54.56
3-May-96,53.8,55.2,53.5,54.74
2-May-96,54.15,55.25,53.7,53.94
1-May-96,55.15,56.2,53.3,54.16
30-Apr-96,62.4,62.4,60.45,61.82
29-Apr-96,58.95,62.5,58.6,62.28
26-Apr-96,58.7,59.5,57.5,59.27
25-Apr-96,58,59.8,57.2,58.76
24-Apr-96,57.25,58.6,57.2,58.2
23-Apr-96,55.2,57.8,55.08,57.3
22-Apr-96,55.8,56.4,54.8,55.06
19-Apr-96,55.25,56.35,55,55.72
18-Apr-96,58.1,58.5,55,55.4
17-Apr-96,59.55,59.6,56.3,58.09
16-Apr-96,62.6,63.45,59.25,59.54
15-Apr-96,61.94,63.3,61.05,62.62
12-Apr-96,64.2,64.2,60.9,62.02
11-Apr-96,62.25,64.7,61.45,64.02
10-Apr-96,60.93,62.9,60.7,62.51
9-Apr-96,60.31,61.4,59.8,60.64
8-Apr-96,59.5,62.3,59.25,60.19
4-Apr-96,58,59.8,58,59.57
3-Apr-96,59.7,60,58.1,58.22
2-Apr-96,58.1,60.05,58,59.72
1-Apr-96,56.6,58.2,56.3,57.98
29-Mar-96,63.5,65.2,61.6,62.76
28-Mar-96,65.95,65.95,62.7,63.54
27-Mar-96,64.5,68,64.5,65.93
26-Mar-96,63.2,65,62.75,64.88
25-Mar-96,62.15,63.6,61.2,63.2
22-Mar-96,61.35,62.9,60.2,62.65
21-Mar-96,63.2,63.2,60.8,61.33
20-Mar-96,62.45,65.6,62.25,63.12
19-Mar-96,60.3,62.75,60.1,62.26
18-Mar-96,57.9,61.25,57.45,60.28
15-Mar-96,55.15,58,54.7,57.87
14-Mar-96,54.7,55.2,53.5,55.07
13-Mar-96,54.8,55.85,54.3,54.59
12-Mar-96,55.2,55.3,54.2,54.83
11-Mar-96,53.3,55.3,53.1,55.15
8-Mar-96,53.8,54.05,53,53.44
7-Mar-96,54.15,54.6,53.45,53.78
6-Mar-96,53.1,54.3,52.4,54.22
5-Mar-96,52.2,53.2,52.05,53
4-Mar-96,53.52,53.52,51.4,52.15
1-Mar-96,54.25,55,52.75,53.42
29-Feb-96,59.75,63.25,59.25,61.81
28-Feb-96,63.95,63.95,59.25,59.68
27-Feb-96,63,64.9,62.5,64.28
26-Feb-96,60.5,62.9,59.5,62.85
23-Feb-96,60.4,62.2,59.7,60.66
22-Feb-96,58.9,60.7,58.25,60.53
21-Feb-96,56.35,59.2,55.65,58.84
20-Feb-96,57,57.05,55.3,56.39
16-Feb-96,56.9,57,55.75,56.87
15-Feb-96,58,58.2,55.75,57
14-Feb-96,56.99,59,56.6,58.21
13-Feb-96,53.8,57,53.65,56.74
12-Feb-96,53.75,54.15,53.4,53.69
9-Feb-96,53.25,53.95,52.95,53.62
8-Feb-96,52.43,53.4,52.25,53.14
7-Feb-96,51.7,52.6,51.6,52.46
6-Feb-96,51.5,51.9,50.5,51.64
5-Feb-96,53.25,53.5,51.1,51.6
2-Feb-96,52,53.8,52,53.26
1-Feb-96,51.8,53.6,51.8,52.41
31-Jan-96,52.35,54.1,52,53.51
30-Jan-96,50.9,52.4,50.8,52.28
29-Jan-96,51.05,51.8,49.8,51.13
26-Jan-96,50.4,51,48.9,50.93
25-Jan-96,52.75,53.25,49.75,50.51
24-Jan-96,52.95,53.35,52.1,52.72
23-Jan-96,53.7,53.7,52.65,52.95
22-Jan-96,53.6,53.76,52.7,53.67
19-Jan-96,54.3,54.4,52.95,54.22
18-Jan-96,53.2,54.45,53.2,54.37
17-Jan-96,52.8,53.4,52.05,53.13
16-Jan-96,53.1,54.1,52.2,52.43
15-Jan-96,53.65,54.2,52.5,53.3
12-Jan-96,56,56.5,53.25,53.57
11-Jan-96,59.7,59.95,55.2,56.16
10-Jan-96,60.43,60.5,58.8,59.59
9-Jan-96,62.42,63,60.3,60.43
5-Jan-96,59.25,61,59.2,60.64
4-Jan-96,59.44,59.65,58.4,59.28
3-Jan-96,59.95,60.55,59.1,59.44
2-Jan-96,58.5,59.95,58.5,59.93
29-Dec-95,60.75,61.2,58.2,58.63
28-Dec-95,62.15,62.65,60.2,60.32
27-Dec-95,60.5,62.45,60.4,62.33
26-Dec-95,60,60.7,59.85,60.5
22-Dec-95,60,60.15,58.95,60.09
21-Dec-95,59.9,60.7,59.3,60.01
20-Dec-95,59.2,60.5,59.2,59.9
19-Dec-95,59.2,59.65,58.35,59.23
18-Dec-95,57.9,59.25,57.7,59.11
15-Dec-95,57.35,58.1,56.9,57.99
14-Dec-95,57.7,58.2,55.75,57.3
13-Dec-95,56.85,57.8,56.15,57.69
12-Dec-95,56.85,57,55.7,56.81
11-Dec-95,56.71,58,56.65,56.75
8-Dec-95,55.2,56.95,54.8,56.59
7-Dec-95,54.7,55.65,54.6,55.28
6-Dec-95,54.35,54.9,53.85,54.75
5-Dec-95,53.8,54.6,53.8,54.22
4-Dec-95,52.74,54.15,52.65,54.03
1-Dec-95,52.1,52.8,51.93,52.67
30-Nov-95,52.2,52.3,51.3,51.62
29-Nov-95,52.9,53,52.15,52.2
28-Nov-95,53.35,53.39,52.75,52.95
27-Nov-95,52.7,53.5,52.38,53.42
22-Nov-95,52.24,52.7,51.75,52.54
21-Nov-95,52.55,52.98,52.05,52.28
20-Nov-95,52.9,52.96,52.6,52.73
17-Nov-95,52.35,53.3,52.3,52.96
16-Nov-95,51.7,52.3,51.65,52.22
15-Nov-95,51.6,51.95,51.55,51.71
14-Nov-95,51.55,51.85,51.1,51.56
13-Nov-95,51.75,52.4,51.35,51.57
10-Nov-95,51.65,51.85,51.1,51.63
9-Nov-95,51.45,51.95,51.45,51.62
8-Nov-95,50.9,51.65,50.76,51.45
7-Nov-95,51.25,51.3,50.85,50.99
6-Nov-95,51.7,52.05,51.1,51.15
3-Nov-95,52,52.1,51.55,51.72
2-Nov-95,50.95,52.1,50.9,52.04
1-Nov-95,50.6,51.05,50.5,50.95
31-Oct-95,50.7,50.9,50,50.4
30-Oct-95,50.3,50.7,50.25,50.59
27-Oct-95,50.44,50.55,50.15,50.34
26-Oct-95,49.61,50.5,49.58,50.44
25-Oct-95,49.3,49.9,49.3,49.58
24-Oct-95,48.93,49.65,48.8,49.36
23-Oct-95,48.6,49.05,48.1,48.94
20-Oct-95,48.3,48.7,48.05,48.58
19-Oct-95,48.75,48.75,47.95,48.15
18-Oct-95,48.8,48.8,48.2,48.42
17-Oct-95,48.89,49.05,48.7,48.82
16-Oct-95,48.9,49.15,48.45,48.85
13-Oct-95,48.6,49.05,48.29,48.92
12-Oct-95,48.8,48.95,48.35,48.46
11-Oct-95,48.75,49.3,48.45,48.8
10-Oct-95,48.85,48.85,48.1,48.67
9-Oct-95,48.34,48.8,48.2,48.74
6-Oct-95,47.95,48.4,47.8,48.21
5-Oct-95,48.89,48.94,47.75,47.97
4-Oct-95,49.3,49.9,48.65,48.85
3-Oct-95,49.25,49.7,49.05,49.28
2-Oct-95,49.42,49.5,48.9,49.26
29-Sep-95,49.5,49.5,48.4,48.65
28-Sep-95,49.05,49.6,49,49.5
27-Sep-95,48.25,49.1,48.25,49.02
26-Sep-95,48.9,49.15,48.2,48.23
25-Sep-95,48.1,49.15,48.1,48.85
22-Sep-95,48.75,49.25,47.9,48.09
21-Sep-95,49.25,49.6,48.4,48.67
20-Sep-95,51.42,51.45,49.2,49.3
19-Sep-95,51.7,51.7,51.3,51.37
18-Sep-95,51.5,52.15,51.5,51.65
15-Sep-95,51.85,52.1,51.4,51.53
14-Sep-95,51.35,51.9,51.1,51.8
13-Sep-95,51.95,52.14,51,51.25
12-Sep-95,51.75,52.2,51.65,51.95
11-Sep-95,51.8,51.9,51.55,51.65
8-Sep-95,51.44,52.35,51.44,51.83
7-Sep-95,52.2,52.7,51.25,51.44
6-Sep-95,52.95,52.95,52.05,52.11
5-Sep-95,51.6,53,51.6,52.97
1-Sep-95,50.7,51.6,50.7,51.43
31-Aug-95,49.55,50.5,49.35,50.15
30-Aug-95,49.5,49.95,49.45,49.65
29-Aug-95,49.9,49.9,49.45,49.52
28-Aug-95,49.86,50.25,49.75,49.8
25-Aug-95,50.15,50.45,49.9,49.97
24-Aug-95,50.25,50.45,50.15,50.2
23-Aug-95,50.1,50.95,50.1,50.5
22-Aug-95,50.25,50.37,50,50.18
21-Aug-95,49.9,50.45,49.75,50.29
18-Aug-95,49.3,49.9,48.95,49.7
17-Aug-95,49.25,49.5,49.15,49.27
16-Aug-95,49.7,49.7,48.55,49.22
15-Aug-95,48.75,49.1,48.55,48.74
14-Aug-95,49.35,49.35,48.5,48.77
11-Aug-95,49.55,49.8,49.35,49.38
10-Aug-95,49.45,49.7,49.15,49.55
9-Aug-95,49.7,49.85,49.3,49.45
8-Aug-95,49.4,49.8,49,49.7
7-Aug-95,49.15,49.45,48.8,49.32
4-Aug-95,49.34,49.34,48.9,49.18
3-Aug-95,49.4,50.1,49.05,49.24
2-Aug-95,48.75,49.6,48.5,49.44
1-Aug-95,48.7,49.5,48.65,48.79
31-Jul-95,47.85,48.5,47.7,48.27
28-Jul-95,48.11,48.4,47.9,48
27-Jul-95,48.08,48.6,47.85,48.13
26-Jul-95,46.5,48.6,46.4,48.04
25-Jul-95,46.61,46.8,46.3,46.51
24-Jul-95,46.1,46.8,45.85,46.56
21-Jul-95,46.2,46.5,45.75,46.14
20-Jul-95,46.45,46.55,46,46.1
19-Jul-95,47.05,47.05,46.3,46.47
18-Jul-95,47,47.3,46.5,46.98
17-Jul-95,46.55,46.85,46.25,46.49
14-Jul-95,46.7,47,46.2,46.53
13-Jul-95,47.23,47.45,46.5,46.68
12-Jul-95,46.9,47.5,46.6,47.23
11-Jul-95,47.15,47.6,46.9,46.96
10-Jul-95,46.4,47.3,46,47.1
7-Jul-95,47.1,47.4,46.3,46.37
6-Jul-95,46.65,47.4,46.55,47.19
5-Jul-95,46.55,46.8,46.25,46.51
30-Jun-95,46.95,47.1,46.3,46.72
29-Jun-95,47.75,47.75,46.8,46.92
28-Jun-95,47.3,48.15,47.3,47.69
27-Jun-95,46.9,47.35,46.85,47.23
26-Jun-95,46.32,46.95,46.24,46.78
23-Jun-95,46.75,47.05,46.1,46.31
22-Jun-95,46.65,47,46.55,46.65
21-Jun-95,47.05,47.2,46.35,46.54
20-Jun-95,47.05,47.5,46.95,47.14
19-Jun-95,48.25,48.25,46.9,47
16-Jun-95,48.85,48.85,48.15,48.29
15-Jun-95,49.15,49.5,48.7,48.88
14-Jun-95,48.45,49.3,48.25,49.19
13-Jun-95,48.5,48.9,48.5,48.53
12-Jun-95,48.2,48.65,47.85,48.5
9-Jun-95,48.7,48.75,47.7,48.1
8-Jun-95,49,49,48.4,48.65
7-Jun-95,49.1,49.35,48.9,48.95
6-Jun-95,49.7,49.8,48.8,49.1
5-Jun-95,49.5,49.85,49.5,49.6
2-Jun-95,49.5,50.05,49.25,49.9
1-Jun-95,49.2,49.75,48.9,49.53
31-May-95,48.65,49.04,48.15,48.47
30-May-95,48.9,49.5,48.45,48.56
26-May-95,51.25,51.4,48.05,48.72
25-May-95,51.25,51.45,50.8,51.25
24-May-95,52.25,52.55,51,51.13
23-May-95,51.3,52.35,51.3,52.29
22-May-95,51,51.75,50.6,51.29
19-May-95,50.65,51.05,50.25,51.01
18-May-95,50.5,50.8,50.2,50.56
17-May-95,50.45,50.55,49.8,50.4
16-May-95,49.75,50.8,49.75,50.45
15-May-95,49.75,50.25,49.25,49.86
12-May-95,48.82,49.6,48.4,49.54
11-May-95,50,50.45,48.75,49.09
10-May-95,49.25,50.1,49.15,49.95
9-May-95,51.2,51.45,49.1,49.14
8-May-95,51.3,51.8,51.1,51.15
5-May-95,51.25,51.9,51.15,51.34
4-May-95,50.25,51.35,50.1,51.27
3-May-95,50.95,51.25,50,50.25
2-May-95,51.1,51.75,50.8,50.94
1-May-95,51,51.9,51,51.09
28-Apr-95,51.25,51.6,50.8,51.19
27-Apr-95,50.5,51.35,50.45,51.26
26-Apr-95,50.75,50.9,50.05,50.46
25-Apr-95,50.05,51.2,49.75,50.78
24-Apr-95,50.65,50.75,49.9,50.02
21-Apr-95,50.25,50.7,49.7,50.64
20-Apr-95,50.15,50.95,50,50.28
19-Apr-95,50.2,50.45,49.5,50.15
18-Apr-95,50.17,50.3,49.65,50.19
17-Apr-95,49.45,50.6,49.45,50.01
13-Apr-95,49.55,49.55,48.45,48.79
12-Apr-95,50.15,51,49.25,49.54
11-Apr-95,49.28,50.35,49.28,50.15
10-Apr-95,49.5,49.7,48.6,49.28
7-Apr-95,49.15,50.25,48.9,49.5
6-Apr-95,48,49.3,47.8,49.21
5-Apr-95,47.95,48.3,47.4,48.01
4-Apr-95,47.5,48,47.4,47.96
3-Apr-95,47.55,47.75,47,47.47
31-Mar-95,47.25,47.85,46.9,47.06
30-Mar-95,47.05,47.45,46.75,47.19
29-Mar-95,47.5,47.5,46.76,47.08
28-Mar-95,47.5,47.9,47.05,47.46
27-Mar-95,46.35,47.85,46.32,47.46
24-Mar-95,46.55,46.8,46.15,46.32
23-Mar-95,46.9,47.05,46.5,46.56
22-Mar-95,45.8,47.2,45.6,47.02
21-Mar-95,45.9,46.2,45.55,45.65
20-Mar-95,46.1,46.5,45.5,45.82
17-Mar-95,45.25,46.2,45.25,46.07
16-Mar-95,45.2,45.9,45.05,45.37
15-Mar-95,44.4,45.4,44.05,45.14
14-Mar-95,45.5,45.65,44.25,44.34
13-Mar-95,45.25,45.9,45,45.61
10-Mar-95,45.1,45.6,44.7,45.25
9-Mar-95,45.3,45.6,45.1,45.14
8-Mar-95,46.4,46.43,45.1,45.25
7-Mar-95,46.7,46.7,45.9,46.36
6-Mar-95,47.11,47.4,46.5,46.66
3-Mar-95,46.55,47.5,46.5,47.41
2-Mar-95,46.5,46.7,46.15,46.52
1-Mar-95,47.15,47.4,46.4,46.44
28-Feb-95,47.15,47.2,46.7,46.9
27-Feb-95,47.4,48.05,47.15,47.19
24-Feb-95,47.25,47.9,47.2,47.75
23-Feb-95,47.89,48.1,47.4,47.44
22-Feb-95,47.62,48.5,47.4,47.89
21-Feb-95,47.5,47.9,47.2,47.62
17-Feb-95,46.9,48,46.9,47.72
16-Feb-95,46.85,47.1,46.4,46.92
15-Feb-95,47.4,48,46.7,46.89
14-Feb-95,47.2,47.85,47.2,47.5
13-Feb-95,48.28,48.4,46.9,47.29
10-Feb-95,47.7,48.4,47.55,48.28
9-Feb-95,47.8,48.35,47.5,47.65
8-Feb-95,49.15,49.15,47.65,47.98
7-Feb-95,48.85,49.65,48.85,49.13
6-Feb-95,49.5,50.4,48.7,49.2
3-Feb-95,48.3,49.7,48.3,49.44
2-Feb-95,47.85,49.1,47.3,48.55
1-Feb-95,47,48.05,47,47.8
31-Jan-95,47.3,47.75,46.6,46.86
30-Jan-95,47.25,47.9,47.25,47.42
27-Jan-95,47.5,47.5,46.5,47.27
26-Jan-95,47.51,48.05,47.2,47.27
25-Jan-95,47.95,48.55,47.2,47.47
24-Jan-95,47.75,48.5,47.75,47.87
23-Jan-95,47.7,48.75,47.7,47.82
20-Jan-95,48.25,48.6,47.6,48.14
19-Jan-95,49.05,49.15,48.25,48.28
18-Jan-95,48,49.45,48,49.08
17-Jan-95,47.35,48.85,47.35,48.67
16-Jan-95,46.55,47.65,45.95,47.35
13-Jan-95,47.5,47.85,46.5,46.68
12-Jan-95,48,48.1,47.3,47.85
11-Jan-95,47.45,48.15,47,47.98
10-Jan-95,48.25,48.6,47.15,47.38
9-Jan-95,49.5,49.55,48.2,48.33
6-Jan-95,49.95,50.5,49.5,49.52
5-Jan-95,49.61,50.05,49.25,49.96
4-Jan-95,49.91,50.25,49.5,49.64
3-Jan-95,51.32,51.6,49.9,49.94
30-Dec-94,50.5,51.6,50.5,51.31
29-Dec-94,50,51.1,49.9,50.66
28-Dec-94,49.29,50.45,49.05,50.11
27-Dec-94,47.8,49.65,47.8,49.25
23-Dec-94,47.85,48.2,47.8,48.02
22-Dec-94,47.75,48.1,47.75,47.95
21-Dec-94,47.9,48.18,47.6,47.86
20-Dec-94,47.65,48.25,47.6,47.88
19-Dec-94,48.25,48.7,47.6,47.86
16-Dec-94,48.65,48.82,47.9,48.46
15-Dec-94,49.25,49.6,48.7,48.78
14-Dec-94,48.6,49.65,48.45,49.54
13-Dec-94,48,49.25,48,48.48
12-Dec-94,49.3,50.25,48.75,48.85
9-Dec-94,49.3,50.5,49,49.27
8-Dec-94,47.5,49.5,47.5,49.11
7-Dec-94,47.3,48.2,46,47.67
6-Dec-94,46.5,47.65,46.5,47.29
5-Dec-94,47,47.25,46.15,47.01
2-Dec-94,48.1,48.75,46.4,47.02
1-Dec-94,49.55,49.8,48.7,48.75
30-Nov-94,50,50.1,48.4,48.96
29-Nov-94,50.58,50.7,49.8,49.97
28-Nov-94,50.25,50.9,50.25,50.58
23-Nov-94,48.85,50.9,48.85,50.87
22-Nov-94,48.5,49.35,48.5,49.15
21-Nov-94,47.75,49.05,47.75,48.56
18-Nov-94,47.55,48.6,47.55,48.08
17-Nov-94,47.75,48.6,47.7,48.14
16-Nov-94,48.3,48.95,47.55,47.76
15-Nov-94,48.75,49.5,48.25,48.6
14-Nov-94,50.34,50.55,48.8,48.85
11-Nov-94,50.5,51.08,50.25,50.34
10-Nov-94,50.55,51.1,50,50.8
9-Nov-94,50.9,51.5,50.5,50.57
8-Nov-94,50.25,51.3,49.9,51.08
7-Nov-94,51.05,51.05,50.05,50.44
4-Nov-94,51.4,51.9,50.8,51
3-Nov-94,50.65,51.75,50.65,51.42
2-Nov-94,50.4,51.3,50.2,51.2
1-Nov-94,49.3,50.8,49.3,50.72
31-Oct-94,49.1,49.7,48.75,48.98
28-Oct-94,49.35,49.7,48.9,49.31
27-Oct-94,49.6,49.9,49.2,49.4
26-Oct-94,49.25,49.95,49.25,49.48
25-Oct-94,49.2,49.55,48.65,49.3
24-Oct-94,48.5,49.8,48.5,49.16
21-Oct-94,49.5,51.3,48.2,48.49
20-Oct-94,48.2,50.15,48.1,50.04
19-Oct-94,47.35,48.8,47.35,48.21
18-Oct-94,47.25,47.95,47.25,47.38
17-Oct-94,46.1,47.7,46.1,47.15
14-Oct-94,46.75,47.95,46.5,46.71
13-Oct-94,46.7,47.2,46.2,46.85
12-Oct-94,48.75,49.15,46.6,46.76
11-Oct-94,49.51,50.1,48.6,48.73
10-Oct-94,50.5,51.6,49.5,49.59
7-Oct-94,49.24,51.9,49.24,50.43
6-Oct-94,49.75,50.6,49.7,50.24
5-Oct-94,49.8,50.75,49.45,49.95
4-Oct-94,49.95,50.5,49.7,49.75
3-Oct-94,51,51.4,50.15,50.24
30-Sep-94,48.25,50.5,48.25,50.22
29-Sep-94,48.25,49.7,48.25,49.32
28-Sep-94,49.3,49.3,47.4,48.33
27-Sep-94,47.7,48.2,47.5,47.66
26-Sep-94,48.4,49.2,47.5,47.78
23-Sep-94,48.5,48.95,48.15,48.55
22-Sep-94,48.35,49,47.35,48.54
21-Sep-94,47.35,48.25,47.35,47.65
20-Sep-94,48.2,48.55,47.9,48.35
19-Sep-94,46.75,48.4,46.7,48.32
16-Sep-94,46.8,47.3,46.5,47.01
15-Sep-94,47,47.45,46.65,46.71
14-Sep-94,48.12,48.12,46.9,47.03
13-Sep-94,48.9,49.3,47.75,48.12
12-Sep-94,49.3,49.85,49,49.07
9-Sep-94,49.65,50.1,49.25,49.37
8-Sep-94,50.05,50.2,49.45,49.63
7-Sep-94,49.95,50.5,49.8,50.07
6-Sep-94,50.2,50.7,48.85,49.95
2-Sep-94,49.15,49.8,49.1,49.72
1-Sep-94,49.35,50.2,49,49.28
31-Aug-94,48.7,49.95,48.5,49.39
30-Aug-94,49.25,49.25,48.4,48.55
29-Aug-94,47.25,49.5,47.25,48.84
26-Aug-94,52,52,48,48.18
25-Aug-94,48,49,48,48.77
24-Aug-94,47.7,48.85,47.55,48.55
23-Aug-94,47.35,48.2,47.3,47.81
22-Aug-94,47.9,48.5,46.6,47.3
19-Aug-94,48.75,49.2,47.9,48.03
18-Aug-94,48.77,50.1,48.55,48.7
17-Aug-94,48.5,49.85,48.2,49.77
16-Aug-94,49.2,49.5,48.5,48.54
15-Aug-94,48.35,49.5,48.35,49.1
12-Aug-94,49.8,49.8,48.3,48.57
11-Aug-94,49.85,50.6,49.65,49.72
10-Aug-94,49.75,50.6,49.7,50.14
9-Aug-94,49.8,50.75,49.6,50.17
8-Aug-94,49.3,50.6,49.3,49.85
5-Aug-94,51.8,52.45,49,49.18
4-Aug-94,52.3,52.95,51.6,52.05
3-Aug-94,54.25,54.25,52.5,52.6
2-Aug-94,53.9,54.55,52.75,53.02
1-Aug-94,52.75,55.4,52.75,54.26
29-Jul-94,50.6,53.25,50.6,52.9
28-Jul-94,50,51.3,50,50.69
27-Jul-94,49.9,50.9,49.9,50.39
26-Jul-94,50.15,50.35,49.9,49.99
25-Jul-94,50.15,51,50.1,50.17
22-Jul-94,49.5,51.1,49.5,50.57
21-Jul-94,49.5,50.4,49.25,49.94
20-Jul-94,49.2,49.9,49.2,49.63
19-Jul-94,48.55,49.6,48.55,49.48
18-Jul-94,49.5,49.8,48.5,48.84
15-Jul-94,50.45,50.6,49.7,49.82
14-Jul-94,50.4,51,50.25,50.49
13-Jul-94,50.5,51.35,49.95,50.21
12-Jul-94,49.2,51.65,49.2,50.44
11-Jul-94,47.5,50,47.5,49.7
8-Jul-94,47.5,49.1,47.5,48.79
7-Jul-94,49,49.6,47.9,48.18
6-Jul-94,50.75,50.75,49,49.09
5-Jul-94,50.45,50.75,49.95,50.32
1-Jul-94,50.75,51,50.25,50.78
30-Jun-94,49.4,51.05,49.4,50.59
29-Jun-94,50.1,50.7,49.5,49.58
28-Jun-94,49.1,50.25,49,49.95
27-Jun-94,49.39,50.9,49.39,49.54
24-Jun-94,49.75,50.7,49.75,50.39
23-Jun-94,49.8,50.75,49.3,50.68
22-Jun-94,50.2,50.75,49.75,49.83
21-Jun-94,51.3,51.47,50.2,50.46
20-Jun-94,52.02,52.02,51.1,51.47
17-Jun-94,50.5,52.15,49.7,52.02
16-Jun-94,49.9,51.05,49.9,50.52
15-Jun-94,47.5,51,47.5,50.58
14-Jun-94,47.3,48.15,47.3,47.93
13-Jun-94,45.91,47.7,45.91,47.64
10-Jun-94,47.1,47.75,46.85,46.91
9-Jun-94,46.3,47.5,46.25,46.99
8-Jun-94,46.2,46.75,45.8,46.62
7-Jun-94,47.6,47.75,46.1,46.47
6-Jun-94,47.6,48.45,47.45,47.56
3-Jun-94,48.5,48.65,47.8,48.22
2-Jun-94,49.4,49.7,48.35,48.5
1-Jun-94,49.5,49.75,49.15,49.43
31-May-94,48.05,50,48.05,49.71
27-May-94,47.5,48.55,47.5,48.38
26-May-94,47.5,48.05,47.45,47.82
25-May-94,47.25,48.2,47.25,47.63
24-May-94,47.9,48,47.55,47.6
23-May-94,48,48.7,47.6,47.91
20-May-94,48,48.7,47.7,48.32
19-May-94,47.35,48.4,47.35,47.86
18-May-94,47,47.75,46.8,47.7
17-May-94,47.75,47.75,46.85,47.04
16-May-94,48.75,48.75,47.7,47.81
13-May-94,48.1,48.95,48.1,48.47
12-May-94,47.85,48.3,47.6,48.22
11-May-94,47.8,48.2,47.45,47.85
10-May-94,48.2,48.55,47.8,47.82
9-May-94,47.7,48.55,47.55,48.34
6-May-94,47.2,48.5,47.2,48.1
5-May-94,46.35,47.5,46.35,47.31
4-May-94,45.89,47.6,45.89,46.66
3-May-94,47.55,47.65,46.6,46.89
2-May-94,46.85,48.1,46.85,47.57
29-Apr-94,46.3,47.5,46,47.05
28-Apr-94,46.5,47.1,46.4,46.52
26-Apr-94,48.23,48.23,47.15,47.37
25-Apr-94,47.6,48.3,47.05,48.23
22-Apr-94,46.7,48,46.7,47.87
21-Apr-94,46,46.95,45.9,46.87
20-Apr-94,46.17,46.65,45.7,46.4
19-Apr-94,46.9,47,46.1,46.17
18-Apr-94,46.7,47.75,46.7,47.03
15-Apr-94,46.3,47.6,46,47.4
14-Apr-94,45.8,46.8,45.6,46.7
13-Apr-94,45.4,46.1,45.4,45.82
12-Apr-94,45.7,46.2,45.35,45.48
11-Apr-94,44.75,46,44.75,45.82
8-Apr-94,43.9,45.15,43.9,45.06
7-Apr-94,45,45.8,44.6,44.81
6-Apr-94,45,45.85,44.9,45.51
5-Apr-94,45.95,45.95,44.65,45.82
4-Apr-94,43.5,46.6,43.35,46.17
31-Mar-94,44.5,46,44.5,45.8
30-Mar-94,44.6,45.2,43.7,45.04
29-Mar-94,43.75,44.8,43.75,44.6
28-Mar-94,45.31,45.75,43.55,43.76
25-Mar-94,45.3,46.5,45.15,46.28
24-Mar-94,44.8,45.35,44.8,45.21
23-Mar-94,44.55,45.6,44.55,45.02
22-Mar-94,45.25,45.75,45,45.2
21-Mar-94,44.2,45.25,44.2,45.09
18-Mar-94,43.5,44.5,43.5,44.47
17-Mar-94,44.6,45,44.1,44.24
16-Mar-94,44,44.65,43.7,44.47
15-Mar-94,43.35,44.75,43.2,44.63
14-Mar-94,43.5,43.85,43.05,43.36
11-Mar-94,43.3,43.85,43.2,43.7
10-Mar-94,43.5,44,42.6,43.28
9-Mar-94,42.95,44.15,42.95,43.79
8-Mar-94,43.25,43.78,42.85,43.35
7-Mar-94,44.95,44.95,43.3,43.37
4-Mar-94,45,45.9,44.8,44.89
3-Mar-94,45,45.8,45,45.66
2-Mar-94,45.55,46,45.15,45.74
1-Mar-94,43.89,45.6,43.89,45.55
28-Feb-94,49.25,51.3,49.25,50.28
25-Feb-94,48.75,49.9,48.4,49.68
24-Feb-94,47,49.1,46.75,48.86
23-Feb-94,46.85,47.6,46.85,47.22
22-Feb-94,45.5,47.2,45.35,46.83
18-Feb-94,45.05,45.85,45.05,45.75
17-Feb-94,44.97,46.15,44.5,45.24
15-Feb-94,48.05,48.4,46.4,47.05
14-Feb-94,51.1,51.1,47.45,47.82
11-Feb-94,50.6,51.35,50.5,50.98
10-Feb-94,49.4,50.5,49.4,50.31
9-Feb-94,50.75,51,49.2,49.4
8-Feb-94,50.05,51,50.05,50.57
7-Feb-94,50.6,50.75,49.45,49.98
4-Feb-94,52.2,52.6,50.85,51.06
3-Feb-94,53.6,54.95,52.2,52.3
2-Feb-94,51.8,53.8,51.8,53.58
1-Feb-94,49.7,52,49.4,51.83
31-Jan-94,52.5,54.05,52.4,53.7
28-Jan-94,53,53.4,50.4,52.7
27-Jan-94,52.45,54.5,52,53.06
26-Jan-94,49.75,52.45,49.75,52.31
25-Jan-94,48.8,50.5,48.8,49.9
24-Jan-94,48,49.5,47.55,49.39
21-Jan-94,47.9,48.35,47.7,48.03
20-Jan-94,49.15,50.45,47.5,47.96
19-Jan-94,49.15,50.75,49.15,50.08
18-Jan-94,52.5,52.75,49.15,49.49
17-Jan-94,51.35,53.7,51.35,52.67
14-Jan-94,48.75,51.6,48.75,51.26
13-Jan-94,48,49.2,48,48.91
12-Jan-94,47.6,49.2,47.6,48.07
11-Jan-94,46.75,48.8,46.75,48.42
10-Jan-94,47.9,48.7,46.6,46.76
7-Jan-94,47.3,48.65,47.3,48.17
6-Jan-94,47.8,48.2,47,47.65
5-Jan-94,46,48.4,46,47.88
4-Jan-94,45.05,46.2,44.9,46.03
3-Jan-94,44.5,45.6,44.4,45.21
30-Dec-93,44.5,44.95,43.8,44.16
29-Dec-93,43.6,45.05,43.6,44.82
28-Dec-93,44.34,44.6,43.55,43.61
27-Dec-93,44.59,45.9,44,44.34
23-Dec-93,43.95,44.75,43.95,44.24
22-Dec-93,43.4,44.6,43.4,44.02
21-Dec-93,43.75,44.35,43.25,43.36
20-Dec-93,44,44.75,43.65,43.75
17-Dec-93,44.55,45.15,43.85,44.07
16-Dec-93,44.5,45.4,43.9,44.55
15-Dec-93,43.9,44.75,43.8,44.47
14-Dec-93,43.5,44.85,43.25,43.86
13-Dec-93,44.8,45.7,43.7,43.8
10-Dec-93,44.1,46,44.1,45.31
9-Dec-93,43.9,44.7,43.8,44.15
8-Dec-93,44.04,44.4,43.4,44.1
7-Dec-93,44.15,45.4,44.15,44.54
6-Dec-93,45.65,46.35,44.45,44.56
3-Dec-93,45.6,46.35,45.4,45.86
2-Dec-93,47.1,47.45,45.35,45.82
1-Dec-93,47.7,47.8,47.05,47.18
30-Nov-93,46.85,48.05,46.4,46.97
29-Nov-93,47.5,48.3,46.7,46.86
24-Nov-93,50.3,51.3,49.4,50.06
23-Nov-93,51.6,51.9,50.2,50.33
22-Nov-93,50.25,52.4,50.25,51.58
19-Nov-93,51.6,52.25,51.5,51.61
18-Nov-93,52.5,52.55,51.8,51.95
17-Nov-93,50.4,52.7,50.4,52.4
16-Nov-93,51.25,51.8,50.85,51.13
15-Nov-93,50.9,51.65,50.9,51.27
12-Nov-93,50.25,51.9,50.25,51.61
11-Nov-93,50.94,52.45,50.35,51.78
10-Nov-93,50.46,51.2,50.36,50.69
9-Nov-93,50.2,51.05,50.1,50.46
8-Nov-93,51.55,51.55,50.4,50.7
5-Nov-93,51.95,53,51.1,51.26
4-Nov-93,52.5,52.5,51.9,52.1
3-Nov-93,52.37,53.05,51.15,52.47
2-Nov-93,53.25,53.65,52.15,52.37
1-Nov-93,51.55,53.2,51.55,53.12
29-Oct-93,51.9,52.05,50.65,51.12
28-Oct-93,52.5,52.9,51.9,52.1
27-Oct-93,51.75,52.55,51.75,52.49
25-Oct-93,53.6,53.6,52.1,52.31
22-Oct-93,54.25,54.3,53.25,53.35
21-Oct-93,54,54.75,54,54.11
20-Oct-93,53.95,54.3,53.45,54.24
19-Oct-93,54,54.6,53.8,54
18-Oct-93,54.4,55.1,53.7,53.88
15-Oct-93,55.4,55.6,54.4,54.53
14-Oct-93,55.6,55.85,55.15,55.52
13-Oct-93,55.95,56.3,55.65,55.67
12-Oct-93,56.35,56.5,56,56.22
11-Oct-93,55,56.65,55,56.42
8-Oct-93,55.85,56.2,55.45,55.99
7-Oct-93,55,56.2,55,55.85
6-Oct-93,53.15,56.4,53.15,55.81
5-Oct-93,55.65,56.55,55.35,55.43
4-Oct-93,56.77,57.45,55.65,55.93
1-Oct-93,57.06,57.07,56.4,56.72
30-Sep-93,54.75,56.85,54.75,56.5
29-Sep-93,53.4,55.55,53.4,55.42
28-Sep-93,53.15,53.65,52.9,53.44
27-Sep-93,54,54,52.6,53.08
24-Sep-93,53.5,54,53,53.08
23-Sep-93,56.1,56.1,52.4,53.5
22-Sep-93,53.85,54.2,52.9,53.09
21-Sep-93,53.65,54.6,52.45,53.88
20-Sep-93,51.75,53.8,51.75,53.73
17-Sep-93,51.25,52,51.25,51.92
16-Sep-93,51.65,52.1,51.25,51.41
15-Sep-93,51.5,51.9,51.1,51.8
14-Sep-93,51.35,52.25,51.35,51.74
13-Sep-93,56.1,56.1,50.9,51.39
10-Sep-93,51.25,51.55,49.8,51.35
9-Sep-93,56.1,56.1,51,51.39
8-Sep-93,51,51.6,50.9,51.12
7-Sep-93,51.9,52.5,50.9,51.13
3-Sep-93,53.1,53.55,52.7,52.88
2-Sep-93,53,53.5,52.6,53.2
1-Sep-93,53.64,54.25,52.5,53.12
31-Aug-93,54.05,54.05,52.35,52.74
30-Aug-93,52.95,54.15,52.95,54.01
27-Aug-93,52.86,54,52.7,53.84
26-Aug-93,52,53,52,52.86
25-Aug-93,52.85,53.35,52.1,52.51
24-Aug-93,53.3,53.45,52.85,52.97
23-Aug-93,52.9,53.5,52.9,53.33
20-Aug-93,51.9,53.15,51.9,52.74
19-Aug-93,52.3,52.7,52,52.37
18-Aug-93,52.8,52.9,52.1,52.29
17-Aug-93,52.6,53.25,52.45,52.91
16-Aug-93,53.6,53.6,52.45,52.81
13-Aug-93,52.7,53.7,52.25,53.6
12-Aug-93,51.35,53,51.1,52.75
11-Aug-93,50,51.7,49.9,51.57
10-Aug-93,50.25,50.3,49.7,50.01
9-Aug-93,49.35,50.5,49.25,50.21
6-Aug-93,49.8,50.4,49.3,49.4
5-Aug-93,50.55,50.75,50,50.07
4-Aug-93,50.45,51.2,50.45,50.68
3-Aug-93,51,51.25,50.65,50.75
2-Aug-93,53.1,53.1,50.45,51.18
30-Jul-93,50.85,50.85,49,49.94
29-Jul-93,51.6,51.6,50.6,50.82
28-Jul-93,51.55,51.9,51,51.35
27-Jul-93,50.25,51.75,50.25,51.64
26-Jul-93,50.95,50.95,49.95,50.37
23-Jul-93,49.72,50.4,49.6,50.19
22-Jul-93,50.1,50.65,49.45,49.72
21-Jul-93,49.3,50.55,49.3,50.17
20-Jul-93,50.25,50.75,49.35,49.74
19-Jul-93,48.5,50.65,47.85,50.5
16-Jul-93,49.65,50,48.8,48.84
15-Jul-93,49.45,50.1,48.85,49.71
14-Jul-93,50.55,50.55,49.15,49.26
13-Jul-93,50.5,51.15,50.4,50.55
12-Jul-93,50.5,51.7,50.4,50.74
9-Jul-93,49.8,51,49.55,50.49
8-Jul-93,50.5,50.75,49.55,49.83
7-Jul-93,51.2,51.5,50.5,50.63
6-Jul-93,50.75,51.95,50.75,51.26
2-Jul-93,51.6,51.9,50.6,50.76
1-Jul-93,52.5,52.5,51.6,51.66
30-Jun-93,52.4,52.85,52.15,52.45
29-Jun-93,52.25,52.8,52.25,52.56
28-Jun-93,52.2,52.55,52.2,52.38
25-Jun-93,51.85,52.45,51.8,52.28
24-Jun-93,52.5,52.7,51.8,51.96
23-Jun-93,51.7,52.3,51.6,52.07
22-Jun-93,51.8,52.35,51.7,51.88
21-Jun-93,52.4,52.65,51.9,51.95
18-Jun-93,51.6,52.3,51.5,52.2
17-Jun-93,52.7,52.85,51.55,51.96
16-Jun-93,51.95,52.7,51.95,52.45
15-Jun-93,51.8,52.35,51.8,52
14-Jun-93,52.85,53,52.35,52.45
11-Jun-93,53.2,53.35,52.45,53.01
10-Jun-93,53.9,54.15,53,53.17
9-Jun-93,53.4,54.2,53.4,53.86
8-Jun-93,53.8,54.4,53.55,53.71
7-Jun-93,53.8,53.9,53.25,53.58
4-Jun-93,54.25,54.75,54.1,54.14
3-Jun-93,54.85,55.1,54.15,54.19
2-Jun-93,54.92,55.3,54.75,54.8
1-Jun-93,54.6,55.35,54.5,55.14
28-May-93,54.75,55.05,54.5,54.86
27-May-93,54.2,54.7,54.05,54.56
26-May-93,53.9,54.35,53.8,54.29
25-May-93,53.9,54.45,53.75,54.26
24-May-93,54.45,54.55,53.8,53.9
21-May-93,54.8,54.85,54.2,54.44
20-May-93,53.7,55,53.65,54.89
19-May-93,53.7,54.35,53.7,54.04
18-May-93,54.1,54.2,53.7,53.8
17-May-93,53.6,54.15,53.35,54.08
14-May-93,54.1,54.3,53.3,53.6
13-May-93,54.8,55.15,53.85,54.03
12-May-93,55.8,55.95,55.05,55.14
11-May-93,56.15,56.3,55.85,55.91
10-May-93,56.3,56.75,56.2,56.43
7-May-93,56.3,56.45,56.05,56.17
6-May-93,56,56.5,55.85,55.91
5-May-93,55.2,56.05,55.2,55.73
4-May-93,56.25,56.45,55.5,55.58
3-May-93,55.65,56.3,55.6,55.88
30-Apr-93,55.8,56.15,55.25,55.49
29-Apr-93,55.45,56.3,55.45,55.96
28-Apr-93,55.1,55.4,54.95,55.14
27-Apr-93,55.5,55.75,55.25,55.36
26-Apr-93,55.9,56.1,55.4,55.71
23-Apr-93,54.7,55.9,54.55,55.82
22-Apr-93,54.95,55.1,54.5,54.84
21-Apr-93,55.55,55.65,55.15,55.18
20-Apr-93,55.25,55.6,55,55.13
19-Apr-93,55.5,55.85,55.4,55.49
16-Apr-93,55.8,55.95,55.6,55.87
15-Apr-93,56.15,56.5,55.7,55.92
14-Apr-93,55.4,56.3,55.4,56.01
13-Apr-93,56.4,56.7,56.05,56.09
12-Apr-93,55.6,56.85,55.6,56.52
8-Apr-93,56.2,56.35,55,55.99
7-Apr-93,56,56.6,55.9,56.55
6-Apr-93,56.3,56.6,55.7,55.95
5-Apr-93,57.3,57.55,56.7,56.95
2-Apr-93,56.85,57.3,56.6,57.24
1-Apr-93,56.2,57.1,56.2,56.65
31-Mar-93,55.9,56.4,55.4,55.88
30-Mar-93,56.5,57,55.8,55.96
29-Mar-93,57.25,58.1,56.7,56.85
26-Mar-93,57.55,57.9,57.4,57.67
25-Mar-93,57.9,58.4,57.75,58.22
24-Mar-93,57.9,58.3,57.4,58.14
23-Mar-93,57.4,58.2,57.4,58.11
22-Mar-93,58.1,58.1,56.9,57.17
19-Mar-93,58.55,59.15,57.9,58.02
18-Mar-93,58.1,58.6,58,58.37
17-Mar-93,57.55,58.3,57.2,57.87
16-Mar-93,57.1,58.2,56.9,58.09
15-Mar-93,58.9,59.1,57.2,57.28
12-Mar-93,57.8,58.35,57.5,58.2
11-Mar-93,58.2,58.4,56.95,57.32
10-Mar-93,59,59.4,57.7,58.05
9-Mar-93,57.9,58.75,57.9,58.25
8-Mar-93,58.8,58.9,57.85,58.09
5-Mar-93,59.55,60.05,59.15,59.25
4-Mar-93,58.75,59.95,58.7,59.81
3-Mar-93,57.75,58.2,57.75,58.16
2-Mar-93,57.4,57.7,57.4,57.65
26-Feb-93,58.45,58.7,57.7,57.95
25-Feb-93,57.7,58.9,57.65,58.77
24-Feb-93,57.1,57.5,56.8,57.38
23-Feb-93,57.3,57.5,56.9,57.27
22-Feb-93,55.95,56.65,55.85,56.49
19-Feb-93,54.85,55.5,54.8,55.32
18-Feb-93,54.25,54.9,54.05,54.55
17-Feb-93,55.36,55.65,54.15,54.63
16-Feb-93,55.1,56.1,55.05,55.14
12-Feb-93,56.75,56.85,55.55,55.63
11-Feb-93,56.2,56.75,56.2,56.65
10-Feb-93,57.15,57.55,56.6,56.63
9-Feb-93,56.45,56.6,56.2,56.34
8-Feb-93,56.65,57.1,56.5,56.7
5-Feb-93,56.35,57.2,56.15,56.86
4-Feb-93,56.35,57.15,56.3,56.66
3-Feb-93,56.05,56.2,55.4,55.98
2-Feb-93,56.9,57.05,55.65,55.86
1-Feb-93,56.9,57.3,56.35,56.73
29-Jan-93,56.25,57.1,55.3,55.79
28-Jan-93,54.5,57.75,54.5,56.47
27-Jan-93,55,55.2,53.8,54.51
26-Jan-93,54.1,55.45,54.1,55.24
25-Jan-93,53.1,54.8,53.1,54.56
22-Jan-93,52.15,52.35,51.7,52.02
21-Jan-93,51.75,52.2,51.55,52
20-Jan-93,52.25,52.4,51.65,51.68
19-Jan-93,53,53.2,52.7,52.94
18-Jan-93,53.55,53.9,53.15,53.33
15-Jan-93,53.25,53.8,53.2,53.37
14-Jan-93,52.8,53.35,52.4,53.09
13-Jan-93,52.8,53.6,51.8,52.49
12-Jan-93,53.3,53.4,52.4,52.63
11-Jan-93,54.05,54.4,53.4,53.54
8-Jan-93,53.85,54.25,53.05,53.67
7-Jan-93,54.7,54.8,53.4,53.56
6-Jan-93,54.5,54.85,53.8,54.29
5-Jan-93,55.3,55.9,54.9,55.79
4-Jan-93,56.75,56.9,55.05,55.18
31-Dec-92,56.4,56.6,56,56.4
30-Dec-92,56.5,57,56.4,56.9
29-Dec-92,57.5,57.65,56.6,56.79
28-Dec-92,59.1,59.25,57.8,57.84
23-Dec-92,57.25,58.95,57.25,58.85
22-Dec-92,56.65,57.25,56.65,56.83
21-Dec-92,56,57.3,55.9,57.11
18-Dec-92,55.85,56.3,55.55,56.15
17-Dec-92,55.3,56.4,54.75,56.26
16-Dec-92,54.3,55.55,54.3,55.5
15-Dec-92,53.95,54.35,53.6,53.78
14-Dec-92,54.2,54.85,53.9,54.18
11-Dec-92,56.15,56.4,54.6,54.72
10-Dec-92,54.85,56,54.75,55.91
9-Dec-92,53.75,54.8,53.75,54.36
7-Dec-92,53.85,55.7,53.8,55.54
4-Dec-92,54.85,55.4,54.15,54.22
3-Dec-92,55.2,55.4,54,54.3
2-Dec-92,55.8,56.35,55.7,55.81
1-Dec-92,56,56.75,55.65,55.84
30-Nov-92,56.75,57.6,55.3,56.07
25-Nov-92,56.7,57.35,56.7,57.14
24-Nov-92,56.1,56.85,56.1,56.5
23-Nov-92,56.3,56.7,55.9,56
20-Nov-92,57.05,57.55,56.65,57.31
19-Nov-92,56.8,57.55,56.5,57.28
18-Nov-92,57.6,57.8,56.4,56.5
17-Nov-92,58.75,58.9,58,58.13
16-Nov-92,57.85,59.4,57.85,58.9
13-Nov-92,57.55,58.65,57.5,57.83
12-Nov-92,58.55,58.8,57.95,58.03
11-Nov-92,57.9,58.9,57.9,58.62
10-Nov-92,58.4,59,58,58.1
9-Nov-92,57.4,58.7,57.1,58.36
6-Nov-92,58.75,58.9,57.3,57.38
5-Nov-92,57.8,59.1,57.7,58.94
4-Nov-92,58.7,59,57.65,58.42
3-Nov-92,60.3,60.65,59.3,59.43
2-Nov-92,60.45,60.75,59.6,60.09
30-Oct-92,59,59.65,58.4,58.82
29-Oct-92,61.15,61.2,59.45,59.51
28-Oct-92,60.95,61.5,60.7,61.4
27-Oct-92,62.25,62.5,61.5,61.65
26-Oct-92,61.2,61.95,61.2,61.85
23-Oct-92,62.3,62.4,61.45,61.8
22-Oct-92,62.5,63,61.8,61.92
21-Oct-92,63.8,64.1,62.4,62.65
20-Oct-92,64.5,65,63.85,64.21
19-Oct-92,65.48,65.6,64.75,64.82
16-Oct-92,65.6,65.8,64.9,65.06
15-Oct-92,65.15,65.75,65.15,65.49
14-Oct-92,64.75,64.9,64.4,64.64
13-Oct-92,65.4,65.55,64.4,64.51
12-Oct-92,65.3,65.75,65.15,65.48
9-Oct-92,64.8,66.15,64.6,65.89
8-Oct-92,64.2,64.4,64.15,64.2
7-Oct-92,63.8,64.15,63.8,63.83
6-Oct-92,63.6,63.7,63.2,63.32
5-Oct-92,63.7,64,63.35,63.53
2-Oct-92,63.75,64.15,63.65,63.85
1-Oct-92,63.9,64.2,63.75,63.87
30-Sep-92,62.75,63.4,62.35,63.2
29-Sep-92,63.1,63.7,62.7,62.94
28-Sep-92,62.85,63.45,62.85,63.2
25-Sep-92,63,63.4,62.75,62.79
24-Sep-92,63.65,64,63.15,63.26
23-Sep-92,62.5,64.15,62.5,63.96
22-Sep-92,62.3,62.9,62.25,62.63
21-Sep-92,61.7,62.5,61.5,62.17
18-Sep-92,62,62.35,61.75,61.83
17-Sep-92,62.85,63,61.5,62.44
16-Sep-92,62.25,63.1,62.1,63.04
15-Sep-92,63.25,63.35,62.75,63.09
14-Sep-92,62.95,63.95,62.9,63.54
11-Sep-92,62.1,62.9,62.1,62.81
10-Sep-92,62.2,62.4,61.7,62.22
9-Sep-92,61.5,62.1,61.5,61.73
8-Sep-92,61.6,61.85,61.4,61.77
4-Sep-92,60.6,61.1,60.6,60.84
3-Sep-92,60.6,61.05,60.35,60.6
2-Sep-92,60.7,61.2,60.6,60.65
1-Sep-92,60.6,61.6,60.3,61.17
31-Aug-92,59.5,60.7,59.5,60.47
28-Aug-92,58.3,59.5,58.25,59.37
27-Aug-92,58.45,58.75,58,58.27
26-Aug-92,57.95,58.8,57.8,58.12
25-Aug-92,59.5,59.7,58.15,58.23
24-Aug-92,58.7,59.5,58.45,59.31
21-Aug-92,58.45,58.65,57.45,57.81
20-Aug-92,57.7,58.6,57.65,58.42
19-Aug-92,58.9,59,58.1,58.15
18-Aug-92,59.35,59.6,58.75,58.81
17-Aug-92,58.75,59.5,58.7,59.35
14-Aug-92,58.65,59.2,58.4,58.9
13-Aug-92,58.4,58.8,58.2,58.73
12-Aug-92,57.7,57.95,57.25,57.87
11-Aug-92,57.8,58.3,57.5,57.55
10-Aug-92,58.2,58.7,57.95,58.22
7-Aug-92,59.65,60,58.3,58.72
6-Aug-92,58.9,60.2,58.7,59.59
5-Aug-92,58.9,59.6,58.55,58.63
4-Aug-92,59.4,59.7,58.9,59.07
3-Aug-92,60.95,61.2,59.75,59.8
31-Jul-92,59.75,60.85,59.75,60.54
30-Jul-92,60.7,60.75,60.25,60.36
29-Jul-92,61.15,61.55,60.7,60.89
28-Jul-92,62.55,62.65,61.5,61.75
27-Jul-92,61.8,62.5,61.25,62.41
24-Jul-92,62.1,62.6,61.85,62.35
23-Jul-92,61.3,61.85,61.3,61.69
22-Jul-92,60.4,61.05,60.4,60.93
21-Jul-92,60.65,61.1,59.8,59.87
20-Jul-92,59.35,60.7,59.35,60.6
17-Jul-92,60.1,60.9,59.7,59.89
16-Jul-92,60.4,60.55,59.9,60.12
15-Jul-92,59.6,60.45,59.5,60.34
14-Jul-92,60.4,60.6,59.7,59.9
13-Jul-92,59.4,60.4,59.15,60.05
10-Jul-92,59.35,60,59.1,59.41
9-Jul-92,58.7,59.8,58.7,59.25
8-Jul-92,58.75,59.5,58.45,59.06
7-Jul-92,59.25,59.5,58.6,58.73
6-Jul-92,60.7,61.05,60.2,60.24
2-Jul-92,60.1,61.2,59.7,61.15
1-Jul-92,60.5,60.75,59.75,60.52
30-Jun-92,61.5,61.7,59.7,60.09
29-Jun-92,62.45,62.9,61.8,61.87
26-Jun-92,63.25,63.6,62.2,62.27
25-Jun-92,63.2,64.4,63,63.16
24-Jun-92,62.7,63.7,62.5,63.66
23-Jun-92,61.95,62.15,61.7,62.11
22-Jun-92,60.85,62.1,60.4,61.84
19-Jun-92,60.9,61.7,60.9,61.46
18-Jun-92,61,61.4,60.85,61.21
17-Jun-92,60.35,61.1,60.25,60.99
16-Jun-92,61.04,61.15,60.55,60.8
15-Jun-92,61.05,61.55,60.95,61.04
12-Jun-92,60.7,61.35,60.65,61.15
11-Jun-92,61.75,61.85,60.8,60.88
10-Jun-92,59.85,61.6,59.85,61.47
9-Jun-92,60.9,61.1,60.5,60.56
8-Jun-92,61.3,61.55,61.1,61.31
5-Jun-92,61.45,62,61.1,61.85
4-Jun-92,60.4,61,60.3,60.87
3-Jun-92,61,61.45,60.75,60.81
2-Jun-92,59.8,60.9,59.75,60.38
1-Jun-92,60.3,61,60.05,60.25
29-May-92,59.5,60.75,59.5,60.5
28-May-92,59.1,60.25,59.1,59.96
27-May-92,59.1,60.1,58.85,59.31
26-May-92,57.7,59.7,57.7,59.63
22-May-92,55.95,56.65,55.75,56.29
21-May-92,55.65,56.15,55.3,56.08
20-May-92,56.1,56.3,55.05,55.2
19-May-92,56.45,56.6,56,56.15
18-May-92,56.8,57.25,56.7,57.11
15-May-92,56.4,57.45,56.4,57.18
14-May-92,56.85,57.1,56.4,56.76
13-May-92,57.9,58,56.9,57.21
12-May-92,58.1,58.2,57.2,57.52
11-May-92,57.95,58.5,57.6,58.32
8-May-92,57.4,57.85,57.4,57.67
7-May-92,56.65,57.95,56.65,57.41
6-May-92,57,57.75,56.8,57.07
5-May-92,57,57.7,56.5,56.6
4-May-92,56.35,57.75,56.35,57.56
1-May-92,56.9,57.1,56.4,56.7
30-Apr-92,56.6,58.1,56.6,57.85
29-Apr-92,55.4,57,55.15,56.97
28-Apr-92,55.4,56.35,55.4,56.12
27-Apr-92,55.45,55.55,54.95,55.3
24-Apr-92,55.25,55.6,54.95,55.29
23-Apr-92,56.05,56.2,54.75,55.41
22-Apr-92,56.35,56.7,55.5,55.78
21-Apr-92,56.4,57.4,56.3,57.36
20-Apr-92,56,56.7,55.7,56.67
16-Apr-92,55.8,56.5,55.4,56.45
15-Apr-92,55.25,55.9,55,55.59
14-Apr-92,55.5,56.23,54.9,55.08
13-Apr-92,56.5,56.95,55.35,55.48
10-Apr-92,55.7,56.3,55.2,56.14
9-Apr-92,56.1,56.3,55.25,55.52
8-Apr-92,56.1,56.65,55.95,56.26
7-Apr-92,55.45,55.95,55.35,55.45
6-Apr-92,55.55,56.1,55.2,55.96
3-Apr-92,54.6,55.75,54.4,55.68
2-Apr-92,54,54.5,53.85,54.28
1-Apr-92,53.8,54.5,53.4,54.45
31-Mar-92,52.95,54.3,52.95,53.73
30-Mar-92,52.45,53.15,52.2,53.06
27-Mar-92,52.65,52.9,52.15,52.21
26-Mar-92,52.95,53.25,52.7,52.81
25-Mar-92,53.4,53.6,52.7,52.79
24-Mar-92,53.85,53.95,52.75,53.21
23-Mar-92,53.75,54.1,53.4,53.54
20-Mar-92,54.3,54.75,53.2,53.29
19-Mar-92,53.1,54.5,53.1,54.31
18-Mar-92,53.75,53.9,53,53.23
17-Mar-92,53.45,54.2,53.3,54.13
16-Mar-92,53.25,53.9,53.25,53.65
13-Mar-92,52.5,53.5,52.45,53.36
12-Mar-92,51.55,52.25,51.35,52.18
11-Mar-92,51.75,51.85,51.1,51.3
10-Mar-92,51.25,52.15,51.25,51.83
9-Mar-92,51.1,51.65,51,51.18
6-Mar-92,51.5,51.7,50.95,51.03
5-Mar-92,51.25,52.35,51.2,51.52
4-Mar-92,50.85,51.7,50.85,51.42
3-Mar-92,50.25,51,49.5,50.92
2-Mar-92,51.15,51.45,50.15,50.2
28-Feb-92,50.8,51.65,50.8,51.52
27-Feb-92,51.05,51.45,50.85,51.24
26-Feb-92,50.8,51.15,50.5,50.87
25-Feb-92,50.8,51.5,50.6,51.35
24-Feb-92,52.15,52.3,51.25,51.58
21-Feb-92,52.25,53.2,52.25,52.71
20-Feb-92,52.2,53.05,52.1,52.84
19-Feb-92,51.4,52.6,51.3,52.5
18-Feb-92,52.1,52.8,51.25,51.32
14-Feb-92,55.4,55.7,53.9,54.49
13-Feb-92,55.85,56,54.8,55.69
12-Feb-92,55.6,55.9,54.5,55.37
11-Feb-92,56,56.2,55.15,55.2
10-Feb-92,56.75,57,55.9,56.59
7-Feb-92,55.35,56.5,55.3,56.42
6-Feb-92,55.15,55.75,55.15,55.25
5-Feb-92,54.6,55.5,54.3,55.39
4-Feb-92,53.2,54.95,53.2,54.76
3-Feb-92,53.6,53.9,53.25,53.53
31-Jan-92,52.25,53.4,51.9,52.85
30-Jan-92,53.35,53.7,51.75,52.14
29-Jan-92,54.25,54.5,53.6,53.99
28-Jan-92,54.8,55,53.9,54.1
27-Jan-92,55.1,55.55,54.65,55.39
24-Jan-92,53.6,54.8,53.45,54.7
23-Jan-92,53.4,54,53.1,53.16
22-Jan-92,52.7,53,52.05,52.87
21-Jan-92,54.2,54.35,53.2,53.28
20-Jan-92,54.75,55.3,54.4,54.49
17-Jan-92,55.4,55.7,53.8,54.94
16-Jan-92,54.7,56.1,54.6,54.87
15-Jan-92,52.9,54.6,52.8,54.05
14-Jan-92,53.7,54.2,52.8,53.07
13-Jan-92,52.4,54.8,52.4,54.6
10-Jan-92,49.8,52.2,49.8,51.54
9-Jan-92,49.15,50.8,49.15,49.85
8-Jan-92,50.8,51.1,49.2,49.36
7-Jan-92,52,52.7,50.7,50.88
6-Jan-92,51.35,52.6,51.15,51.87
3-Jan-92,51.8,52.7,51.4,52.14
2-Jan-92,51,51.8,50.5,51.56
31-Dec-91,47.1,48.8,46.6,48.29
30-Dec-91,50.9,51,48,48.08
27-Dec-91,50.6,51.2,49.8,50.38
26-Dec-91,51.55,51.75,50.15,50.32
24-Dec-91,52.3,52.5,51.7,51.79
23-Dec-91,51.1,52.3,50.5,51.84
20-Dec-91,52.9,53.4,51,51.08
19-Dec-91,55.25,55.55,53.3,53.46
18-Dec-91,55.6,55.95,54.5,54.72
17-Dec-91,56.25,56.45,55.6,55.83
16-Dec-91,56.75,57.25,56.3,56.84
13-Dec-91,57.1,58.15,57,57.18
12-Dec-91,56.1,56.7,55.45,56.55
11-Dec-91,53.9,57,53.7,55.78
10-Dec-91,55.15,55.7,54.15,54.98
9-Dec-91,56.35,56.7,53.9,54.44
6-Dec-91,58.9,59.3,57,57.14
5-Dec-91,60,60.55,58.85,59.3
4-Dec-91,59.95,60.4,58.9,60.33
3-Dec-91,61.3,61.6,59.2,59.47
2-Dec-91,62.8,63,61.4,61.51
29-Nov-91,62.1,62.5,61.45,61.72
27-Nov-91,61.7,61.95,61.25,61.82
26-Nov-91,61.7,62.6,61.5,61.69
25-Nov-91,62.4,62.6,61.8,62.47
22-Nov-91,62.9,63.6,61.9,62.06
21-Nov-91,64.15,64.85,63.5,63.56
20-Nov-91,63.6,64,63.3,63.73
19-Nov-91,65.25,65.7,64.3,64.43
18-Nov-91,67.4,67.65,65.3,65.39
15-Nov-91,65.5,67.9,65.35,67.48
14-Nov-91,65.1,65.9,64.45,65.7
13-Nov-91,67.1,67.56,65.6,65.9
12-Nov-91,67.7,67.85,66.3,66.56
11-Nov-91,69.4,69.59,67.5,67.57
8-Nov-91,70.45,70.6,69.5,69.57
7-Nov-91,71.15,71.55,69.9,70.32
6-Nov-91,71.3,71.6,70.9,71.02
5-Nov-91,71.35,72.25,71.3,71.84
4-Nov-91,71.1,72.05,71.1,71.68
1-Nov-91,70.1,70.8,69.75,70.68
31-Oct-91,68.4,68.7,68,68.57
30-Oct-91,68.85,69,68.3,68.36
29-Oct-91,68.25,68.65,67.9,68.43
28-Oct-91,68.1,68.45,67.7,68.24
25-Oct-91,69.3,69.65,68.15,68.43
24-Oct-91,67.5,69.7,67.4,69.28
23-Oct-91,68.85,69.2,68,68.15
22-Oct-91,69.25,69.8,69.25,69.46
21-Oct-91,69.3,70.3,69.05,70.18
18-Oct-91,69.7,70.1,69.6,69.81
17-Oct-91,68.8,69.55,68.7,69.4
16-Oct-91,68.7,69.5,68.05,68.44
15-Oct-91,69.2,69.5,68.3,69.17
14-Oct-91,67.9,69.2,67.9,69.08
11-Oct-91,67.35,67.7,67,67.54
10-Oct-91,67.3,67.7,67,67.45
9-Oct-91,67.7,68.55,67.3,68.05
8-Oct-91,66.65,67.15,66.25,67.06
7-Oct-91,65.35,66.9,65.35,66.85
4-Oct-91,65.4,65.9,65.4,65.56
3-Oct-91,65.3,65.75,65.3,65.61
2-Oct-91,63.8,64.75,63.7,64.6
1-Oct-91,64.25,64.3,63.85,64.21
30-Sep-91,63.35,64,63.25,63.68
27-Sep-91,63.05,63.7,63.05,63.53
26-Sep-91,63.45,63.55,62.65,63.01
25-Sep-91,63.4,63.9,62.9,63.6
24-Sep-91,63.25,64.9,63.05,63.69
23-Sep-91,62.75,63.85,62.75,63.8
20-Sep-91,61.7,62.7,61.45,62.59
19-Sep-91,61.55,61.9,61.45,61.85
18-Sep-91,61.7,62,61.55,61.85
17-Sep-91,61.8,61.9,60.9,61.11
16-Sep-91,61.8,62.2,61.68,62.06
13-Sep-91,61.35,61.8,61.2,61.68
12-Sep-91,61.4,61.8,61.1,61.17
11-Sep-91,60.82,61.7,60.5,61.57
10-Sep-91,61.85,62,61.1,61.35
9-Sep-91,61.8,61.95,61.3,61.57
6-Sep-91,62.95,63.2,62.2,62.28
5-Sep-91,62.75,62.95,62.2,62.59
4-Sep-91,63.8,63.95,62.8,62.96
3-Sep-91,64.32,64.8,64.25,64.57
30-Aug-91,63.72,64.3,63.6,64.12
29-Aug-91,62.42,63.25,62.35,63.19
28-Aug-91,61.97,62.5,61.95,62.24
27-Aug-91,61.95,62.3,61.9,62.2
26-Aug-91,62,62.4,61.8,62.23
23-Aug-91,62.5,62.6,61.3,62
22-Aug-91,62,62.4,61.2,62.22
21-Aug-91,62.15,62.4,61.65,61.8
20-Aug-91,64.5,67.25,64.2,66.32
19-Aug-91,67.25,67.5,62.95,64.96
16-Aug-91,60.32,61,60.15,60.67
15-Aug-91,59.42,60.5,59.4,60.41
14-Aug-91,59.67,59.95,59.25,59.45
13-Aug-91,60,60.1,59.5,59.77
12-Aug-91,60.22,60.5,59.75,60.12
9-Aug-91,59.35,60.3,59.3,60
8-Aug-91,59.25,59.9,59.2,59.53
7-Aug-91,59.05,59.85,58.5,58.99
6-Aug-91,59.9,60,58.95,59.08
5-Aug-91,60.02,60.55,59.95,60.06
2-Aug-91,59.8,60.1,59.5,59.8
1-Aug-91,60.3,60.9,59.4,59.51
31-Jul-91,59.32,60.3,59.25,60.2
30-Jul-91,58.37,59.2,58.35,58.96
29-Jul-91,58.87,58.9,58.4,58.73
26-Jul-91,58.57,59.15,58.55,58.77
25-Jul-91,58.05,58.7,57.85,58.41
24-Jul-91,57.55,58.2,57.4,58.09
23-Jul-91,58.2,58.4,57.55,57.68
22-Jul-91,59.07,59.4,58.85,59.16
19-Jul-91,58.97,59.85,58.6,59.44
18-Jul-91,59.45,59.85,58.8,58.94
17-Jul-91,59.12,60,58.6,59.83
16-Jul-91,59.8,59.85,59.15,59.23
15-Jul-91,59.45,59.8,58.8,59.06
12-Jul-91,59.05,60.3,58.95,60.01
11-Jul-91,58.07,58.45,57.75,58.2
10-Jul-91,57.72,58.7,57.65,58.38
9-Jul-91,57.25,57.6,56.7,57.31
8-Jul-91,57.1,57.45,56.95,57.39
5-Jul-91,56.12,57.1,56,56.74
3-Jul-91,56.5,56.55,55.75,56.13
2-Jul-91,56.05,56.6,56,56.48
1-Jul-91,55.45,56.25,55.4,56.09
28-Jun-91,54.4,55.6,54.2,55.3
27-Jun-91,54.05,55.25,54,54.4
26-Jun-91,53.6,53.9,53.55,53.71
25-Jun-91,53.65,54.2,53.6,53.65
24-Jun-91,53.95,54.05,53.6,53.76
21-Jun-91,54.52,54.7,54.1,54.33
20-Jun-91,53.97,54.75,53.4,54.51
19-Jun-91,53.67,53.85,53.25,53.63
18-Jun-91,54.1,54.5,53.8,53.89
17-Jun-91,53.82,54.25,53.7,53.77
14-Jun-91,53.6,54.05,53.35,53.68
13-Jun-91,53.8,54.3,53.35,53.44
12-Jun-91,52.7,54.2,52.5,54.1
11-Jun-91,52.67,53.3,52.6,53.19
10-Jun-91,53.65,53.85,52.5,52.56
7-Jun-91,54.45,54.5,53.7,53.79
6-Jun-91,53.85,54.3,53.6,54.2
5-Jun-91,55.12,55.35,54.25,54.28
4-Jun-91,56.25,56.4,55.75,55.99
3-Jun-91,56.85,56.9,56.3,56.37
31-May-91,56.35,57.25,55.95,56.48
30-May-91,55.52,56.8,55.35,56.7
29-May-91,55.7,55.95,55.55,55.68
28-May-91,55.77,56.1,55.75,55.81
24-May-91,56.1,56.1,55.5,55.53
23-May-91,56.27,56.5,56,56.09
22-May-91,55.77,56.1,55.7,56.03
21-May-91,55.95,56.9,55.8,56.08
20-May-91,55.77,56.15,55.65,56.05
17-May-91,55.62,56.2,55.55,55.91
16-May-91,55.72,55.95,55.4,55.75
15-May-91,54.82,55.7,54.6,55.52
14-May-91,54.67,55.3,54.35,54.75
13-May-91,54.9,55.5,54.5,54.53
10-May-91,55.45,55.55,54.85,55.13
9-May-91,56.37,57,55.95,56.08
8-May-91,55.35,55.84,55.1,55.66
7-May-91,55.72,55.95,55.45,55.76
6-May-91,54.9,55.7,54.3,55.61
3-May-91,54.05,54.9,54,54.73
2-May-91,54.32,54.75,53.75,53.88
1-May-91,54,54.9,53.75,54.27
30-Apr-91,55.07,55.15,53.4,53.57
29-Apr-91,56.32,56.4,55.15,55.29
26-Apr-91,55.35,56,55.05,55.87
25-Apr-91,56.8,56.8,55.4,55.94
24-Apr-91,56.5,57.1,56.1,56.47
23-Apr-91,58.47,58.6,56.85,56.97
22-Apr-91,56.55,58.2,56.5,57.23
19-Apr-91,56.05,56.35,55.6,56.06
18-Apr-91,55.6,56.2,55.2,55.75
17-Apr-91,55.9,56.5,55.45,56.13
16-Apr-91,56.3,57.1,55.5,55.63
15-Apr-91,55.82,57.15,55.7,56.99
12-Apr-91,55.95,56.2,55.6,56.05
11-Apr-91,56.6,56.65,55.3,55.4
10-Apr-91,55.37,56.2,55.25,56.02
9-Apr-91,54.5,54.8,54.25,54.55
8-Apr-91,54.8,55.25,54.45,54.54
5-Apr-91,54.12,54.6,53.85,54.22
4-Apr-91,53.8,54.65,53.7,54.24
3-Apr-91,53.92,54.25,53.1,53.28
2-Apr-91,53.32,54.8,53.25,54.23
1-Apr-91,54.4,54.8,53.4,53.49
28-Mar-91,56.6,57.3,56.3,56.89
27-Mar-91,56.7,57.5,56.25,56.61
26-Mar-91,56.15,57.8,56.05,56.8
25-Mar-91,58.1,58.2,56.3,56.46
22-Mar-91,57.87,58.75,57.5,58.25
21-Mar-91,57.5,58.75,57,58.46
20-Mar-91,57.75,58.8,57.25,57.67
19-Mar-91,56.47,58.05,56.3,57.72
18-Mar-91,55.47,56.3,55.25,55.79
15-Mar-91,56.1,56.5,55.4,55.66
14-Mar-91,56,57,55.8,56.53
13-Mar-91,56.7,57.35,56.25,56.81
12-Mar-91,54.75,56,53.5,55.8
11-Mar-91,54.4,55.4,54.3,54.43
8-Mar-91,55.15,55.8,54.7,55.39
7-Mar-91,56.05,56.9,55.3,55.55
6-Mar-91,57.75,58.25,55.5,56.08
5-Mar-91,55.7,58,55.25,57.09
4-Mar-91,55.7,57,55.5,56.13
1-Mar-91,54.47,55.05,54.2,54.57
28-Feb-91,63.92,66.15,63.1,65.36
27-Feb-91,65.3,65.7,63.4,64.41
26-Feb-91,62.2,63.9,61.6,63.73
25-Feb-91,59.12,62.25,58.75,61.95
22-Feb-91,60.62,61.3,59.1,60.14
21-Feb-91,62.75,64.5,61,61.4
20-Feb-91,62.12,65,61.9,64.72
19-Feb-91,61.5,63.4,60.5,60.63
15-Feb-91,63.5,64.2,62,62.32
14-Feb-91,65.72,66.65,65.1,65.95
13-Feb-91,68.62,69.25,67,67.11
12-Feb-91,72.25,72.5,68.25,70.8
11-Feb-91,68.35,71.8,67.7,71.1
8-Feb-91,66,67.5,65.75,67.22
7-Feb-91,68.17,68.35,64.8,65.52
6-Feb-91,65.2,67.4,64.85,66.35
5-Feb-91,62.25,63.4,62,63.06
4-Feb-91,62.5,62.8,61.4,61.72
1-Feb-91,63.6,64.35,62,62.2
31-Jan-91,71.22,72.5,69.3,71.25
30-Jan-91,71.8,71.9,69.5,70.19
29-Jan-91,68.25,71,67.8,70.43
28-Jan-91,68,68.6,67.5,68.28
25-Jan-91,70.07,70.15,68.6,69.37
24-Jan-91,69.05,70.25,67.25,69.82
23-Jan-91,73.12,74.4,69.4,70.15
22-Jan-91,70.37,70.9,68.2,68.46
21-Jan-91,65.75,67.6,65.5,65.81
18-Jan-91,66,66.5,61.05,61.52
17-Jan-91,71.6,71.6,61.5,61.96
16-Jan-91,89.1,93,88.5,91.6
15-Jan-91,90.55,90.7,84,84.7
14-Jan-91,89,92,87.8,88.98
11-Jan-91,77.5,79.3,77,77.36
10-Jan-91,78.87,80.5,76.7,77.08
9-Jan-91,70.87,82,66.25,77.09
8-Jan-91,75.4,76.2,72.5,74.3
7-Jan-91,71,77.6,70.5,76.17
4-Jan-91,71.2,71.25,67.6,68.3
3-Jan-91,71.85,72.55,69.5,70.24
2-Jan-91,77.95,79,73,73.3
31-Dec-90,80.75,81.75,80.5,81.31
28-Dec-90,81.1,81.35,79.3,79.78
27-Dec-90,80.8,81.1,80.45,80.88
26-Dec-90,81.2,81.5,80.55,81.26
21-Dec-90,79.75,79.9,78.6,78.94
20-Dec-90,78.25,79.8,78,78.88
19-Dec-90,76.22,78.7,75.7,77.84
18-Dec-90,75.25,76.35,75,75.67
17-Dec-90,77.25,77.5,74.5,74.73
14-Dec-90,76.12,77.9,74.8,75.24
13-Dec-90,75.3,77.5,73.5,74.57
12-Dec-90,76.5,77.25,74.5,74.63
11-Dec-90,80.05,80.25,77,77.68
10-Dec-90,81.92,82.5,80.8,80.97
7-Dec-90,80.35,80.5,78.3,79.17
6-Dec-90,78.67,80,76.5,79.71
5-Dec-90,85.72,87.2,80.6,81.14
4-Dec-90,86.2,87.3,84.7,86.9
3-Dec-90,85.62,86.75,84.3,84.67
30-Nov-90,93.3,93.6,85,85.87
29-Nov-90,93.37,95.1,93,93.52
28-Nov-90,91.3,93,90.45,92.71
27-Nov-90,91.8,94,91.05,91.49
26-Nov-90,94.6,95,92.2,92.38
23-Nov-90,88.55,90.25,88,88.66
21-Nov-90,86.05,86.85,85,85.24
20-Nov-90,85.87,86.7,84.2,84.45
19-Nov-90,81.85,87.8,81.6,86.76
16-Nov-90,84.1,84.95,83.3,84.42
15-Nov-90,87.3,88.9,85.7,86.67
14-Nov-90,89.4,89.8,85.9,86.64
13-Nov-90,87.37,90.4,87.25,88.27
12-Nov-90,87.62,88,86.3,86.52
9-Nov-90,94,95.4,90,90.24
8-Nov-90,92.15,94.95,91.75,94.3
7-Nov-90,86.55,93.5,86.25,92.71
6-Nov-90,85.15,87.2,83.85,86.38
5-Nov-90,85.15,88,84.25,84.46
2-Nov-90,89.5,89.9,86.7,87.42
1-Nov-90,92.62,93.1,89.8,90.37
31-Oct-90,89.95,90.4,87.4,89.54
30-Oct-90,93.62,94,90,91.17
29-Oct-90,93.5,94,91,91.36
26-Oct-90,93.45,94.5,88,88.25
25-Oct-90,89.25,92.2,89,91.67
24-Oct-90,83.35,85.4,82.8,85.12
23-Oct-90,80,81.6,77,81.06
22-Oct-90,80.87,82,73.5,75.98
19-Oct-90,91.25,91.5,87.5,88.4
18-Oct-90,93.75,98.2,92.8,96.51
17-Oct-90,102.52,102.75,98.1,98.25
16-Oct-90,102.2,104.4,99.75,104
15-Oct-90,102.75,103.6,101.3,102.07
12-Oct-90,103.87,106.1,102.1,105.36
11-Oct-90,103.75,106.7,102.75,104.85
10-Oct-90,107.55,107.8,100.7,101.05
9-Oct-90,106.87,107.75,105.8,106.15
8-Oct-90,102.75,103.75,102.1,102.96
5-Oct-90,103.62,104,101.7,102.7
4-Oct-90,99.85,102.85,99,99.92
3-Oct-90,96.12,100.5,94.1,99.41
2-Oct-90,98.75,99.5,91.9,92.03
1-Oct-90,104.98,104.98,104.98,104.98
28-Sep-90,105,106.3,103,104.98
27-Sep-90,100.65,105.25,100.5,104.37
26-Sep-90,98.85,104,98.5,102.57
25-Sep-90,102,105,100.9,101.2
24-Sep-90,103.75,107.25,103,103.92
21-Sep-90,96.12,97.5,95,97.21
20-Sep-90,88.35,92.5,88.1,91.86
19-Sep-90,85,88.75,84.8,88.53
18-Sep-90,85.6,88.5,85.5,86.43
17-Sep-90,85.8,86.25,84.4,85.31
14-Sep-90,85.6,86,82,82.79
13-Sep-90,83.8,84.7,82.5,83.48
12-Sep-90,82.35,83,81,82.59
11-Sep-90,85.5,86,82.8,83.03
10-Sep-90,79.25,86.5,78.5,85.89
7-Sep-90,85.4,86.75,83.7,83.98
6-Sep-90,85.7,88.7,85.45,88.24
5-Sep-90,83.25,84.35,81,83.37
4-Sep-90,81.75,84.6,81,82.39
31-Aug-90,77.17,78.9,75,75.89
30-Aug-90,73.75,77.5,73.5,75.54
29-Aug-90,76.32,77.5,70.8,71.64
28-Aug-90,80.25,80.5,78.25,79.52
27-Aug-90,83.5,84.5,75,78.1
24-Aug-90,93.37,96,90,90.96
23-Aug-90,92.25,96.7,90,96.23
22-Aug-90,87.1,91.5,86.71,91.35
21-Aug-90,85,88.3,80.1,83.71
20-Aug-90,80.65,83.2,79.7,82.96
17-Aug-90,77.3,81,76.8,80.54
16-Aug-90,74,75.6,73.65,75.47
15-Aug-90,72.17,73.85,71.85,72.85
14-Aug-90,73.8,76.76,72,72.97
13-Aug-90,73.8,75.35,73.7,75.05
10-Aug-90,70.4,72.9,70.2,72.61
9-Aug-90,69.6,71.4,69.2,69.77
8-Aug-90,72.75,74.14,69.8,70.13
7-Aug-90,73.25,76.55,71.25,75.14
6-Aug-90,74.8,75.8,73.1,75.55
3-Aug-90,68,72.8,64,66.58
2-Aug-90,65,67.5,63.4,64.69
1-Aug-90,58.8,61.5,58.4,61.19
31-Jul-90,57.5,57.75,56.5,57.11
30-Jul-90,57.22,57.4,56.6,56.93
27-Jul-90,57.7,58.5,56.8,56.97
26-Jul-90,56.37,57.7,56.25,57.32
25-Jul-90,57.15,57.35,56.45,56.76
24-Jul-90,57.17,57.7,57,57.32
23-Jul-90,56.45,57.1,56.1,56.5
20-Jul-90,56.07,56.65,55.7,55.79
19-Jul-90,55.9,57.6,55.4,56.38
18-Jul-90,55.9,57.65,55.7,56.11
17-Jul-90,54.6,56.35,54.45,56.08
16-Jul-90,55.72,56.6,55.25,56.24
13-Jul-90,53.7,55.1,53,54.21
12-Jul-90,50.42,53.5,50.25,53.04
11-Jul-90,49.45,50.5,49.4,50.38
10-Jul-90,49.15,49.8,49.1,49.28
9-Jul-90,47.97,48.95,47.65,48.9
6-Jul-90,48.6,49.1,48.2,48.3
5-Jul-90,48.12,48.5,47.95,48.33
3-Jul-90,48.8,49,48.35,48.46
2-Jul-90,48.35,48.85,48.3,48.56
29-Jun-90,48.9,49.4,48.25,48.67
28-Jun-90,48,49.25,48,49.03
27-Jun-90,48.22,48.3,47.8,47.93
26-Jun-90,48.75,48.8,48.41,48.49
25-Jun-90,48.85,49.2,48.3,48.92
22-Jun-90,48.32,48.85,48.25,48.66
21-Jun-90,48.05,48.1,47.5,47.91
20-Jun-90,46.97,47.95,46.8,47.64
19-Jun-90,48.15,48.25,47,47.43
18-Jun-90,47.97,48.45,47.8,47.86
15-Jun-90,48.62,49.25,48.05,48.37
14-Jun-90,49.05,49.5,48.4,48.5
13-Jun-90,47.82,49,47.7,48.57
12-Jun-90,47.2,48.4,47.05,48.29
11-Jun-90,47.47,47.5,46.6,46.72
8-Jun-90,47.15,47.5,46.7,47.21
7-Jun-90,47.17,47.85,46.6,46.9
6-Jun-90,46.5,48.15,46.4,47.31
5-Jun-90,47,47.25,46.3,47.11
4-Jun-90,48.75,49.25,47.4,47.59
1-Jun-90,49.45,49.5,48.35,48.73
31-May-90,49.87,51,49.7,50.07
30-May-90,51.17,51.75,50.8,51.15
29-May-90,49.45,50.6,49.3,50.24
25-May-90,50.05,50.25,49.5,49.66
24-May-90,50.22,50.3,49.65,49.81
23-May-90,50.7,50.75,49.8,50.21
22-May-90,51.22,51.85,51.15,51.4
21-May-90,51.8,51.9,50.95,51.44
18-May-90,51.9,52.65,51.7,51.92
17-May-90,51.47,52.35,51.2,51.96
16-May-90,51.85,52.3,51.2,51.63
15-May-90,52,52.5,51.5,51.72
14-May-90,51.3,52.5,51.25,52.43
11-May-90,51.37,51.55,50.6,50.92
10-May-90,51.35,52.75,51.1,51.71
9-May-90,51.25,51.75,51,51.34
8-May-90,50.85,51.95,50.4,51.34
7-May-90,50.25,50.65,49.7,50.44
4-May-90,50.15,50.5,49.65,49.95
3-May-90,51.72,51.85,49.8,50
2-May-90,53.35,53.8,51.75,51.86
1-May-90,51.25,53.15,51.1,52.97
30-Apr-90,54.17,57,54,56.53
27-Apr-90,53,54,52.52,53.74
26-Apr-90,52.67,53.35,52.2,53.07
25-Apr-90,52.32,52.45,52,52.4
24-Apr-90,53.45,53.5,52.55,52.65
23-Apr-90,53.3,53.7,52.9,53.12
20-Apr-90,52.82,53.25,52,52.94
19-Apr-90,53.35,53.75,52.5,52.8
18-Apr-90,53.55,53.6,52.45,52.69
17-Apr-90,55.22,55.35,53.25,54.2
16-Apr-90,54.12,55.1,53.75,54.72
12-Apr-90,54.05,54.5,53.35,53.83
11-Apr-90,52.1,53.8,50,53.63
10-Apr-90,53.22,53.6,51.8,52.4
9-Apr-90,53.7,53.9,53.05,53.07
6-Apr-90,53.65,53.95,53,53.71
5-Apr-90,54.15,54.2,53.05,53.31
4-Apr-90,55.45,55.5,53.95,54.02
3-Apr-90,55.45,55.95,55.02,55.5
2-Apr-90,54.25,55.4,54.2,55.27
30-Mar-90,56.42,57.35,56.05,57.02
29-Mar-90,55.8,56.5,55.65,56.17
28-Mar-90,55.67,55.85,55,55.73
27-Mar-90,54.37,55.5,54.35,55.33
26-Mar-90,56.05,56.1,54.6,54.68
23-Mar-90,55.05,55.5,54.9,55.46
22-Mar-90,55.59,55.65,54.8,55.01
21-Mar-90,55.12,55.65,55,55.54
20-Mar-90,54.85,55.1,54.25,54.35
19-Mar-90,53.87,54.75,53.6,54.54
16-Mar-90,54.77,55.25,54.2,54.46
15-Mar-90,54.45,55.1,53.9,54.98
14-Mar-90,53.27,54.25,53.2,54.02
13-Mar-90,53.97,54.4,53.3,53.51
12-Mar-90,53.18,53.75,52.15,53.53
9-Mar-90,55.57,55.7,53.7,53.86
8-Mar-90,55.8,55.9,54.9,55.34
7-Mar-90,57.3,57.4,55.8,56.19
6-Mar-90,58.35,58.4,57,57.22
5-Mar-90,55.96,58.5,55.65,57.99
2-Mar-90,54.9,55.95,54.5,55.87
1-Mar-90,56.87,56.95,54.4,54.63
28-Feb-90,58.1,58.3,56.85,57.32
27-Feb-90,59.27,59.35,58.1,58.16
26-Feb-90,59.27,59.5,58.55,59.05
23-Feb-90,57.8,58.4,57.5,58.3
22-Feb-90,57.85,58.5,57.8,58.15
21-Feb-90,57.22,57.8,57.2,57.53
20-Feb-90,57,57.95,56.9,57.38
16-Feb-90,58.2,58.65,57,57.48
15-Feb-90,58.2,59.3,57.95,58.65
14-Feb-90,56.65,57.8,56.5,57.64
13-Feb-90,56.1,57.95,56,56.85
12-Feb-90,55.42,56.05,55.3,55.95
9-Feb-90,55.05,55.5,54.7,55.08
8-Feb-90,56.1,56.5,55.1,55.32
7-Feb-90,55.52,56,55.05,55.89
6-Feb-90,56,56.65,55.35,56.19
5-Feb-90,58.02,58.25,55.8,55.95
2-Feb-90,57.35,58.4,56.65,58.26
1-Feb-90,58,58.3,56.6,56.74
31-Jan-90,59.35,59.5,58.55,58.87
30-Jan-90,61,61.7,60.3,60.51
29-Jan-90,59.3,61.25,59.15,61.11
26-Jan-90,59.25,60.05,58.9,59.6
25-Jan-90,60.47,60.7,58.25,59.77
24-Jan-90,58.47,59.6,57.75,59.57
23-Jan-90,59.72,60.15,58.8,59.28
22-Jan-90,63.77,64,60.5,60.99
19-Jan-90,62.57,64.05,62,63.66
18-Jan-90,62.4,63,60.8,61.84
17-Jan-90,61.5,62.35,60.15,60.52
16-Jan-90,63.35,65.4,62.7,64.03
15-Jan-90,68.35,68.5,64.5,64.6
12-Jan-90,69.8,70.6,68.7,69.65
11-Jan-90,66.1,69.5,65.4,69.32
10-Jan-90,65.62,67,64.3,66.88
9-Jan-90,64.25,66.8,64,65.05
8-Jan-90,65.5,66.4,63,64.33
5-Jan-90,72.4,72.6,67.5,67.83
4-Jan-90,77.85,78.2,71.2,73.19
3-Jan-90,78.3,78.5,75.6,78.2
2-Jan-90,74.75,77.6,74.15,77.39
29-Dec-89,97.75,110,93.5,101.87
28-Dec-89,101.5,102,88,96.4
27-Dec-89,96.75,100,95.5,99.71
26-Dec-89,84.15,94.35,83.8,92.48
22-Dec-89,80.75,85,80,81.74
21-Dec-89,75.6,80,75.51,79.81
20-Dec-89,76.25,77,75.3,75.76
19-Dec-89,75.55,75.8,73.5,75.01
18-Dec-89,71.95,75.2,71.7,74.66
15-Dec-89,67.97,70.5,67.6,70.42
14-Dec-89,68.45,69,67.15,67.28
13-Dec-89,68.4,68.8,67.1,67.96
12-Dec-89,66.35,67.9,66.25,67.3
11-Dec-89,67.42,68.05,66.55,66.95
8-Dec-89,64.87,66.5,64.55,66.37
7-Dec-89,65.45,65.8,65,65.47
6-Dec-89,63.7,64.5,63.25,64.46
5-Dec-89,64.17,64.25,63.2,64.05
4-Dec-89,64.47,64.65,63.7,63.79
1-Dec-89,61.82,63.1,61.75,62.91
30-Nov-89,60.97,63,60.9,62.71
29-Nov-89,60.72,60.8,60.1,60.61
28-Nov-89,61.45,61.5,59.9,60.31
27-Nov-89,61.5,61.5,60.8,60.92
24-Nov-89,61.22,62.05,61.2,61.41
22-Nov-89,60.35,61.35,60.25,61.09
21-Nov-89,60.02,60.3,59.8,59.94
20-Nov-89,59.25,60.4,59,60.08
17-Nov-89,59,59.35,58.5,59.27
16-Nov-89,57.8,58.9,57.6,58.79
15-Nov-89,57.37,57.7,56.55,57.13
14-Nov-89,57.42,57.9,57.35,57.45
13-Nov-89,58.05,58.15,57.6,57.68
10-Nov-89,58.57,58.75,58.4,58.45
9-Nov-89,58.95,59.1,58.5,58.92
8-Nov-89,59.32,59.4,58.55,58.72
7-Nov-89,59.45,60.4,59.4,59.83
6-Nov-89,60.4,60.7,59.55,59.66
3-Nov-89,59.9,60.3,59.45,60.12
2-Nov-89,60.45,60.95,59.85,59.99
1-Nov-89,59.47,60.7,59.35,60.36
31-Oct-89,57.45,59,57.4,58.64
30-Oct-89,57.72,58.15,57.5,57.64
27-Oct-89,57.55,57.75,57.05,57.68
26-Oct-89,57.57,57.95,57,57.24
25-Oct-89,58.75,59.05,58.35,58.44
24-Oct-89,58.43,58.7,58,58.45
23-Oct-89,60.17,60.2,58.3,58.42
20-Oct-89,60.8,60.9,60.15,60.44
19-Oct-89,60.25,61,59.9,60.89
18-Oct-89,61.72,61.8,60.2,60.6
17-Oct-89,61.35,61.5,60.9,61.05
16-Oct-89,60.12,60.9,59.3,60.42
13-Oct-89,61.62,61.85,60.6,60.87
12-Oct-89,60.3,61.25,60.1,61.17
11-Oct-89,60.05,60.3,59.75,59.81
10-Oct-89,59.27,59.7,58.9,59.64
9-Oct-89,58.12,58.8,58.05,58.77
6-Oct-89,57.75,58.3,57.3,58.18
5-Oct-89,58.12,58.45,57.25,57.91
4-Oct-89,59.45,59.75,58.9,58.99
3-Oct-89,59.32,60.05,59.1,59.68
2-Oct-89,60.17,60.35,59.5,59.58
29-Sep-89,59.35,59.8,58.75,59.44
28-Sep-89,58.57,59.1,58.2,58.86
27-Sep-89,57.98,58.5,57,58.46
26-Sep-89,57.12,57.8,56.6,57.71
25-Sep-89,56.17,57.8,56.05,57.51
22-Sep-89,57.49,57.58,56.5,56.97
21-Sep-89,57.72,57.9,57,57.58
20-Sep-89,55.1,56.7,55,56.55
19-Sep-89,55.12,55.4,54.85,54.95
18-Sep-89,56.37,56.5,55.6,55.72
15-Sep-89,55.1,56.1,54.74,55.95
14-Sep-89,55.82,56.1,54.55,55.04
13-Sep-89,55.42,56.15,55.3,55.46
12-Sep-89,55.72,56.15,55.2,55.37
11-Sep-89,56.32,56.6,55.85,56.01
8-Sep-89,55.4,57,55.2,56.74
7-Sep-89,55.65,55.9,55.2,55.5
6-Sep-89,55.17,55.55,55.1,55.48
5-Sep-89,54.32,54.6,54.15,54.57
1-Sep-89,53.9,54.2,53.75,53.97
31-Aug-89,53.25,54,53.15,53.82
30-Aug-89,52.27,53.2,52.2,53.11
29-Aug-89,52,52.55,51.9,52.17
28-Aug-89,51.42,51.75,51.35,51.72
25-Aug-89,51.4,51.65,51.4,51.43
24-Aug-89,51.77,51.95,51.45,51.7
23-Aug-89,51.5,52.2,51.45,51.91
22-Aug-89,51.87,52.1,51.55,51.79
21-Aug-89,51.12,51.95,51,51.89
18-Aug-89,51,51.15,50.75,51.03
17-Aug-89,51.56,51.7,50.9,51.04
16-Aug-89,50.67,51.3,50.55,51.15
15-Aug-89,50.12,50.55,50.05,50.28
14-Aug-89,49.92,50.1,49.8,50.04
11-Aug-89,50.55,50.7,49.8,50.2
10-Aug-89,49.82,50.35,49.75,50.21
9-Aug-89,48.42,49.65,48.3,49.43
8-Aug-89,48.75,48.8,48.45,48.56
7-Aug-89,49.05,49.1,48.3,48.44
4-Aug-89,49.06,49.3,48.75,49.18
3-Aug-89,49.72,49.85,49,49.12
2-Aug-89,48.72,49.6,48.65,49.54
1-Aug-89,49.5,49.75,48.85,49.2
31-Jul-89,48.5,49,48.3,48.67
28-Jul-89,49.42,49.6,48,48.23
27-Jul-89,50.07,50.2,49.2,49.26
26-Jul-89,49.45,49.9,49.25,49.49
25-Jul-89,49.32,50.2,49.25,49.42
24-Jul-89,50.65,50.8,49.4,49.59
21-Jul-89,51.42,52.3,50.95,51.29
20-Jul-89,50.3,51.9,50.2,51.83
19-Jul-89,49.7,50.5,49.65,50.37
18-Jul-89,50.41,51.1,50.3,50.5
17-Jul-89,49.17,50.6,48.8,50.43
14-Jul-89,49.85,50,49.05,49.33
13-Jul-89,48.87,49.7,48.55,49.44
12-Jul-89,48.9,49.8,48.5,48.94
11-Jul-89,48.55,49.8,48.4,49.28
10-Jul-89,49.52,49.6,48.65,48.79
7-Jul-89,49.35,49.35,49.35,49.35
6-Jul-89,49.35,49.35,49.35,49.35
5-Jul-89,49.35,49.35,49.35,49.35
30-Jun-89,49.55,50,49.05,49.35
29-Jun-89,49,50.05,48.9,49.45
28-Jun-89,49.87,50.1,49.25,49.31
27-Jun-89,49.22,51,49.06,50.53
26-Jun-89,49.92,50.05,49.15,49.65
23-Jun-89,49.12,49.7,48.8,49.49
22-Jun-89,48,48.8,47.3,48.62
21-Jun-89,46,48.1,46,47.98
20-Jun-89,46.62,46.65,45.4,45.69
19-Jun-89,45.6,46.2,45.3,46.06
16-Jun-89,45.82,46.45,45.35,45.71
15-Jun-89,45.4,46.75,45,46.26
14-Jun-89,45.25,46.4,44.4,45.65
13-Jun-89,45.6,45.75,44.5,44.58
12-Jun-89,46.1,46.4,45.3,45.45
9-Jun-89,48.7,48.8,46.7,47.03
8-Jun-89,48.8,49,47.75,48.66
7-Jun-89,50.05,50.1,48,48.71
6-Jun-89,51.5,51.65,50.25,51
5-Jun-89,50.85,52.05,50.7,51.91
2-Jun-89,47.97,51,47.75,50.04
1-Jun-89,48.71,48.71,48.71,48.71
31-May-89,49.22,49.55,48.45,48.71
30-May-89,49.5,49.6,49.05,49.15
26-May-89,48.77,50,48.75,49.2
25-May-89,49.37,50.5,49,49.05
24-May-89,47.85,50.1,47.85,49.61
23-May-89,47.45,47.7,46.9,47.5
22-May-89,47.45,47.6,46.61,46.98
19-May-89,48.2,48.2,47.2,48.06
18-May-89,48.45,48.5,47.25,47.55
17-May-89,48.9,49.05,47.5,47.96
16-May-89,50.4,50.95,49.05,49.19
15-May-89,49.07,49.95,48.8,49.87
12-May-89,48.57,49.25,48.45,49.1
11-May-89,48.15,49.6,47.9,48.68
10-May-89,46.95,47.7,46.8,47.48
9-May-89,47.25,47.85,46.8,46.99
8-May-89,47.2,47.65,46.35,46.69
5-May-89,48.1,48.25,47.25,47.37
4-May-89,48.27,48.95,48.1,48.59
3-May-89,47.65,48.15,47,47.86
2-May-89,49.02,49.1,47.55,47.61
1-May-89,52.2,52.2,52.2,52.2
28-Apr-89,51.5,52.7,51.35,52.2
27-Apr-89,50.94,52,50.6,51.86
26-Apr-89,52.6,52.7,50.55,50.98
25-Apr-89,52.07,53,51.9,52.08
24-Apr-89,53,54.4,51.7,51.81
21-Apr-89,52.22,53.75,51.7,53.63
20-Apr-89,53.77,53.85,51.9,52.29
19-Apr-89,54,54.8,52.9,53.33
18-Apr-89,53.37,53.95,52.65,52.76
17-Apr-89,52.65,53.9,52.6,53.76
14-Apr-89,52.27,53.05,51.8,52.91
13-Apr-89,53.65,53.7,52.05,52.14
12-Apr-89,52.8,53.35,52.1,53.2
11-Apr-89,53.85,54.3,53,53.23
10-Apr-89,51.37,53.6,51.25,53.45
7-Apr-89,51.37,52.1,51.3,51.6
6-Apr-89,51.41,51.75,50.6,51.22
5-Apr-89,53.25,53.5,51.45,51.63
4-Apr-89,53.47,54.15,52.95,53.64
3-Apr-89,54.15,55,52.5,52.75
31-Mar-89,56.87,58.85,56.1,56.89
30-Mar-89,55.62,56.85,55.55,56.18
29-Mar-89,54.92,55.5,54.05,54.62
28-Mar-89,56.95,57,54.95,55.04
27-Mar-89,57.27,58.2,57,57.58
23-Mar-89,56.02,56.65,55.55,56.52
22-Mar-89,55.05,56.1,54.9,56
21-Mar-89,53.57,55.55,53.55,55.43
20-Mar-89,53.18,53.4,52.6,53.36
17-Mar-89,53.95,54,53.45,53.57
16-Mar-89,53.67,53.9,53.1,53.83
15-Mar-89,53.1,54.5,53,54.19
14-Mar-89,52.5,52.6,51.95,52.4
13-Mar-89,51.49,52.5,51.4,52.35
10-Mar-89,50.6,51.35,50.25,51.19
9-Mar-89,51.67,51.75,50.3,50.38
8-Mar-89,51.02,51.5,50.55,51.37
7-Mar-89,51.44,51.8,50.9,51.08
6-Mar-89,51.35,51.85,51.3,51.43
3-Mar-89,51.85,51.9,50.75,50.8
2-Mar-89,50.85,51.9,50.75,51.87
1-Mar-89,50.57,50.9,50,50.49
28-Feb-89,52.9,53.2,51.7,52.45
27-Feb-89,52.02,53.1,51.95,52.65
24-Feb-89,50.35,51.9,50.25,51.73
23-Feb-89,50.12,50.7,49.95,50.59
22-Feb-89,49,50.2,48.95,50.15
21-Feb-89,50.32,50.35,48.65,48.92
17-Feb-89,49.57,50.2,49.4,49.9
16-Feb-89,48.93,50.05,48.7,49.65
15-Feb-89,47.92,48.9,47.2,48.74
14-Feb-89,48.05,48.5,47.25,47.38
13-Feb-89,47.57,48.25,46.9,48.17
10-Feb-89,48.52,48.6,46.8,47.36
9-Feb-89,48.86,49.05,48.55,48.61
8-Feb-89,50.05,50.15,48.9,49.07
7-Feb-89,50.02,50.1,49.2,49.87
6-Feb-89,50.72,50.9,50.15,50.36
3-Feb-89,50.35,51.05,50,50.31
2-Feb-89,50.6,51.1,49.85,50.55
1-Feb-89,49.32,50.6,49.25,50.44
31-Jan-89,53.1,53.35,51.25,52.28
30-Jan-89,51.57,52.85,51.4,52.59
27-Jan-89,50.9,52.3,50.9,51.98
26-Jan-89,52.77,52.85,50.8,50.87
25-Jan-89,51.42,52.5,51.3,52.21
24-Jan-89,50.17,51.25,50,50.87
23-Jan-89,51.7,51.9,50.25,50.36
20-Jan-89,53.2,53.8,52.5,52.6
19-Jan-89,55.02,55.1,53.65,53.75
18-Jan-89,53.8,54.7,53.15,54.61
17-Jan-89,52.82,53.35,52.66,53.05
16-Jan-89,52.67,53.2,51.95,53.16
13-Jan-89,52.82,53.5,52.6,52.95
12-Jan-89,53.12,53.2,52.1,52.84
11-Jan-89,53.69,54.35,53.4,53.69
10-Jan-89,54.07,54.15,53.2,53.86
9-Jan-89,53.9,54.65,53.8,54.15
6-Jan-89,53.45,54.3,53.3,53.6
5-Jan-89,52.72,53.5,52.25,53.47
4-Jan-89,53.27,53.8,52.6,52.65
3-Jan-89,52.3,53.3,52.2,53.23
30-Dec-88,53.15,53.65,52.9,53.48
29-Dec-88,53.15,53.45,52.55,52.77
28-Dec-88,53.5,53.65,53.05,53.49
27-Dec-88,53.65,53.85,53.55,53.77
23-Dec-88,52.2,53.25,52.1,53.14
22-Dec-88,51.82,52.5,51.7,52.48
21-Dec-88,51.82,52.3,51.65,51.92
20-Dec-88,50.37,51.9,50.05,51.47
19-Dec-88,51.82,51.95,50.5,50.75
16-Dec-88,50.95,52.2,50.9,52.02
15-Dec-88,50.87,51.3,50.1,50.94
14-Dec-88,49.82,51.2,49.65,51.13
13-Dec-88,49.95,50.2,49.1,49.27
12-Dec-88,50.25,50.4,49.7,50.2
9-Dec-88,48.65,49.55,48.45,49.5
8-Dec-88,49.35,49.75,47.75,48.08
7-Dec-88,48.45,49,48.2,48.89
6-Dec-88,48.32,48.65,47.8,48.6
5-Dec-88,48.77,49.25,48.3,48.36
2-Dec-88,48.86,49.4,48.75,48.96
1-Dec-88,48.72,49.25,48.55,49.18
30-Nov-88,47.95,48.5,47.6,48.32
29-Nov-88,48.2,48.9,46.95,47.79
28-Nov-88,49.48,50.55,48,48.65
23-Nov-88,46.2,46.95,45.65,45.72
22-Nov-88,44.72,46.6,44,45.44
21-Nov-88,43.07,43.65,42.6,43.47
18-Nov-88,43.25,43.3,42.25,42.76
17-Nov-88,43.97,44.05,42.35,42.97
16-Nov-88,44.57,45,44.25,44.47
15-Nov-88,44.85,45.35,44.3,44.4
14-Nov-88,44.17,44.7,44.1,44.63
11-Nov-88,44.2,44.6,43.95,44.01
10-Nov-88,44.47,44.9,43.75,43.88
9-Nov-88,43.3,44.58,43.15,44.52
8-Nov-88,43.62,43.8,43.2,43.53
7-Nov-88,44.22,44.38,43.85,44.13
4-Nov-88,44.75,44.8,44,44.08
3-Nov-88,43.42,44.6,43.15,44.32
2-Nov-88,43.4,43.45,42.55,43.35
1-Nov-88,42.22,43.3,42.05,43.17
31-Oct-88,43.47,43.8,42.5,42.62
28-Oct-88,43.45,43.9,42.9,43.33
27-Oct-88,41.45,43.1,41.4,43.04
26-Oct-88,41.37,42.05,40.65,41.55
25-Oct-88,40.15,40.75,39.95,40.36
24-Oct-88,40.75,41.1,39.8,39.9
21-Oct-88,43.27,43.95,42.4,42.71
20-Oct-88,43.55,44.15,43,43.06
19-Oct-88,42.87,44.4,42.8,43.85
18-Oct-88,43.1,43.25,42.2,42.29
17-Oct-88,44.05,44.1,43.1,43.88
14-Oct-88,41.75,43.5,41.5,43.21
13-Oct-88,40.45,41.85,40.1,41.75
12-Oct-88,38.87,41,38.85,40.84
11-Oct-88,39.05,39.55,38.4,39.08
10-Oct-88,38.02,39.7,38,38.96
7-Oct-88,37.8,37.8,37.1,37.46
6-Oct-88,38.23,38.26,37.2,37.24
5-Oct-88,37.57,37.8,37,37.76
4-Oct-88,38.22,38.6,37.75,38.17
3-Oct-88,38.02,38.4,37.5,37.78
30-Sep-88,39.05,39.25,37.6,38.04
29-Sep-88,39.05,39.7,39,39.54
28-Sep-88,39.72,40.1,39.45,39.5
27-Sep-88,39.64,39.7,38.95,39.51
26-Sep-88,40.4,41.15,40,40.23
23-Sep-88,41.32,41.4,39.8,40.23
22-Sep-88,40.8,41.45,40.75,41.06
21-Sep-88,41.45,41.6,40.95,41.09
20-Sep-88,41.8,41.95,41.2,41.32
19-Sep-88,40.95,41.5,40.8,41.36
16-Sep-88,42.45,42.45,41.3,41.37
15-Sep-88,43.22,43.25,42.35,42.7
14-Sep-88,43.2,44.5,42.9,44.07
13-Sep-88,41.95,42.35,41.3,41.83
12-Sep-88,40.2,41.8,39.8,41.68
9-Sep-88,42.05,42.2,40.7,40.97
8-Sep-88,41.72,42.05,41.15,41.87
7-Sep-88,41.72,41.95,41.32,41.63
6-Sep-88,42.3,42.48,41.65,41.71
2-Sep-88,43.22,43.3,42.8,42.88
1-Sep-88,43.25,43.85,43.2,43.46
31-Aug-88,43.55,43.7,42.7,42.95
30-Aug-88,42.37,43.2,42.35,43.14
29-Aug-88,42.32,42.8,42.25,42.76
26-Aug-88,42.4,42.75,42.15,42.67
25-Aug-88,43.22,43.35,42.4,42.45
24-Aug-88,44.05,44.1,43.5,43.75
23-Aug-88,44.47,44.5,43.75,44.03
22-Aug-88,44.8,44.85,44.4,44.73
19-Aug-88,44.47,44.5,44.2,44.48
18-Aug-88,44.27,44.4,44,44.15
17-Aug-88,44.02,44.1,43.9,43.93
16-Aug-88,44.23,44.45,43.9,44.03
15-Aug-88,43.75,44.45,43.5,44.27
12-Aug-88,44.25,44.6,43.9,44
11-Aug-88,44.17,44.7,43.9,44.56
10-Aug-88,43.5,44.25,43.4,44.15
9-Aug-88,44.17,44.4,44,44.07
8-Aug-88,43.75,44.6,43.6,44.5
5-Aug-88,42.85,43.2,42.8,43.04
4-Aug-88,42.45,42.85,42.25,42.46
3-Aug-88,43.97,44.4,42.8,42.96
2-Aug-88,44.77,45.3,44.2,44.29
1-Aug-88,44.75,45.5,44.7,45.12
29-Jul-88,44.75,45.15,44.5,44.66
28-Jul-88,45.56,45.6,44.25,44.34
27-Jul-88,43.6,45.1,43.55,45.03
26-Jul-88,43.9,44.3,43.75,43.81
25-Jul-88,45,45.15,44.05,44.17
22-Jul-88,45,45.05,44.5,44.95
21-Jul-88,45.05,45.65,44.55,45.53
20-Jul-88,42.57,45.25,42.5,44.65
19-Jul-88,42.67,43.3,42.25,42.9
18-Jul-88,42.32,43.5,42,43.27
15-Jul-88,41.77,41.85,40.5,41.12
14-Jul-88,40.8,41.1,39.85,40.91
13-Jul-88,40.1,41,39.95,40.14
12-Jul-88,40.42,41.25,40.2,40.65
11-Jul-88,42.54,42.65,41.25,41.33
8-Jul-88,43.57,44.05,43.3,43.39
7-Jul-88,43.52,45,43.45,44.29
6-Jul-88,41.9,42.65,41.85,42.61
5-Jul-88,41.3,41.85,40.85,41.59
1-Jul-88,41.67,42.05,40.7,41.02
30-Jun-88,41.4,41.8,40.65,40.88
29-Jun-88,42.75,42.8,41.35,41.52
28-Jun-88,42.62,42.7,42.25,42.31
27-Jun-88,42.87,42.9,42.25,42.59
24-Jun-88,43.65,43.8,42.8,43.14
23-Jun-88,43.85,44,43.6,43.94
22-Jun-88,42.82,43.7,42.8,43.62
21-Jun-88,43.47,43.5,42.6,43.28
20-Jun-88,43.22,43.6,43.1,43.18
17-Jun-88,43.92,44,43.45,43.64
16-Jun-88,42.95,44.2,42.8,44.12
15-Jun-88,43.9,44.1,43.25,43.42
14-Jun-88,44.2,44.6,44.05,44.32
13-Jun-88,43.84,44,43.45,43.75
10-Jun-88,44.92,44.95,44.05,44.25
9-Jun-88,46.02,46.1,44.8,44.9
8-Jun-88,45.75,46.15,45.55,45.93
7-Jun-88,46.15,46.35,46,46.23
6-Jun-88,47,47.05,45.75,45.84
3-Jun-88,47.35,47.4,47.1,47.13
2-Jun-88,47.38,47.5,47.1,47.38
1-Jun-88,47.6,47.7,47.15,47.31
31-May-88,47.6,48.4,47.6,48.23
27-May-88,48.1,48.3,47.7,47.78
26-May-88,47.15,48.3,47.1,48.19
25-May-88,47.2,47.4,46.9,47.31
24-May-88,47,47.35,46.75,47.31
23-May-88,47.25,47.45,46.85,46.91
20-May-88,47.67,47.85,47.45,47.71
19-May-88,46.75,47.65,46.7,47.63
18-May-88,47.17,47.2,46.8,47.07
17-May-88,48.3,48.35,47.7,47.78
16-May-88,47.7,48.1,47.5,47.98
13-May-88,47.55,47.6,47.2,47.47
12-May-88,47.05,47.3,46.9,47.23
11-May-88,47.87,48.1,47.4,47.46
10-May-88,47.37,47.8,47.35,47.74
9-May-88,47.37,47.8,47.3,47.67
6-May-88,46.77,47.45,46.7,47.42
5-May-88,46.35,46.8,46.3,46.57
4-May-88,46.32,46.65,46.15,46.2
3-May-88,46.2,46.85,46.1,46.77
2-May-88,46.1,46.5,45.9,45.95
29-Apr-88,50.3,52.1,49.9,51.79
28-Apr-88,51.5,51.5,50.75,50.97
27-Apr-88,52.2,52.8,51.4,51.77
26-Apr-88,51.45,52.1,51.25,52.04
25-Apr-88,50.72,51.25,50.7,51.21
22-Apr-88,50.67,50.9,50.4,50.6
21-Apr-88,49.6,50.6,49.6,50.54
20-Apr-88,49.22,49.35,48.8,49.31
19-Apr-88,49.95,50.05,49.6,49.68
18-Apr-88,51.15,51.25,50.15,50.5
15-Apr-88,49.75,49.8,49.3,49.75
14-Apr-88,49.32,49.6,49.2,49.51
13-Apr-88,48.62,49.2,48.3,49.02
12-Apr-88,47.62,49,47.55,48.91
11-Apr-88,47.22,47.9,47.05,47.88
8-Apr-88,45.85,45.9,45.4,45.46
7-Apr-88,45.52,45.8,45.25,45.73
6-Apr-88,45.07,45.45,44.65,45.34
5-Apr-88,45.82,45.85,45.1,45.2
4-Apr-88,46.15,46.2,45.8,46
31-Mar-88,48.32,48.4,47.6,48.15
30-Mar-88,48.65,48.75,48.5,48.6
29-Mar-88,47.8,48.25,47.65,48.15
28-Mar-88,47.95,48.3,47.7,48.17
25-Mar-88,47.2,47.9,46.95,47.78
24-Mar-88,48.3,48.4,46.8,47.4
23-Mar-88,46.12,47.8,46,47.73
22-Mar-88,44.97,46.35,44.9,46.26
21-Mar-88,45.87,46.7,45,45.4
18-Mar-88,44.7,45.25,44.5,45.05
17-Mar-88,44.2,44.35,43.55,44.22
16-Mar-88,43.92,44.45,43.8,44.08
15-Mar-88,43.37,43.8,43.1,43.47
14-Mar-88,43.65,43.8,43.05,43.34
11-Mar-88,44.52,44.8,44.25,44.69
10-Mar-88,43.92,44.65,43.7,43.93
9-Mar-88,43.72,43.95,42.9,43.03
8-Mar-88,43.47,43.8,43.3,43.49
7-Mar-88,42.92,43.45,42.85,43.41
4-Mar-88,42.8,43.95,42.6,43.54
3-Mar-88,44.25,44.55,42.8,42.89
2-Mar-88,42.92,44.25,42.85,43.93
1-Mar-88,43.85,44,42.95,43.47
29-Feb-88,46.05,47.6,45.85,47.16
26-Feb-88,44.85,46.15,44.75,45.7
25-Feb-88,45.72,45.85,45,45.22
24-Feb-88,46.9,46.9,45.95,46.4
23-Feb-88,45.95,46.65,45.9,46.46
22-Feb-88,45.3,46,45.15,45.79
19-Feb-88,45.4,45.9,45.05,45.8
18-Feb-88,45.3,45.45,44.8,45.08
17-Feb-88,47.02,47.15,45.45,45.58
16-Feb-88,46.47,46.65,46.1,46.37
12-Feb-88,46.87,46.95,46.05,46.6
11-Feb-88,47.6,47.65,47,47.35
10-Feb-88,47.83,47.9,47.2,47.28
9-Feb-88,49.05,49.1,48.1,48.6
8-Feb-88,49.62,49.7,48.75,49.2
5-Feb-88,48.55,49.1,48.4,48.98
4-Feb-88,48.35,48.85,48,48.3
3-Feb-88,47.44,48.05,47.3,47.88
2-Feb-88,46.65,47.3,46.55,46.91
1-Feb-88,46.92,47,46.25,46.32
29-Jan-88,48.85,49.05,47.7,48.01
28-Jan-88,48.77,49.1,48.15,49.01
27-Jan-88,49.2,49.6,48.65,48.73
26-Jan-88,49.92,50.45,49.5,49.76
25-Jan-88,48.67,50.2,48.6,50.13
22-Jan-88,48.92,49.75,48.75,49.19
21-Jan-88,50.75,50.95,49,49.04
20-Jan-88,50.72,51,49.6,50.95
19-Jan-88,50.67,51.6,50.55,51.19
18-Jan-88,50.7,50.8,49.9,50.71
15-Jan-88,51.17,51.25,49.95,50.57
14-Jan-88,51,51.5,50,51.46
13-Jan-88,51.85,52,50.4,50.85
12-Jan-88,50.12,51.5,49.5,51.27
11-Jan-88,53.3,53.4,51.5,51.76
8-Jan-88,54.2,54.4,53.4,53.73
7-Jan-88,53.2,54.4,53,53.79
6-Jan-88,53.37,53.7,52.9,53.48
5-Jan-88,53.15,53.85,52.45,53.59
4-Jan-88,50.72,52.9,50.65,52.76
31-Dec-87,50.7,51.6,50.4,51.44
30-Dec-87,52.85,52.9,51,51.18
29-Dec-87,51.45,52.1,51.4,51.89
28-Dec-87,50.9,51.2,50.7,51.13
24-Dec-87,51.35,51.45,51.01,51.25
23-Dec-87,52.42,53.1,50.8,51.55
22-Dec-87,50.5,52.4,50.3,51.97
21-Dec-87,49.15,49.45,48.4,49.35
18-Dec-87,50.15,50.2,48.7,48.73
17-Dec-87,47.8,49.75,46.6,49.61
16-Dec-87,51.97,52.1,49.1,49.27
15-Dec-87,52.97,53.2,50.75,51
14-Dec-87,53.1,53.75,53,53.36
11-Dec-87,54.8,55.3,54.7,54.93
10-Dec-87,54.9,55.1,54.25,55.03
9-Dec-87,53.5,54.95,53.35,54.82
8-Dec-87,55.12,55.3,53.9,54.07
7-Dec-87,56.1,56.2,54.8,54.93
4-Dec-87,57.2,57.3,56.2,56.26
3-Dec-87,56.15,56.8,56.05,56.67
2-Dec-87,55,56.15,54.95,55.67
1-Dec-87,54.86,55.1,54.5,54.86
30-Nov-87,56.2,56.35,55.8,55.92
27-Nov-87,55.97,55.97,55.97,55.97
25-Nov-87,55.45,56,55.4,55.97
24-Nov-87,55.92,56.15,55.2,55.46
23-Nov-87,55.99,56.1,55.3,55.74
20-Nov-87,54.87,55.8,54.75,55.47
19-Nov-87,55.27,55.3,54.6,54.94
18-Nov-87,54.07,55,53.5,54.94
17-Nov-87,55.45,55.5,54.95,55.2
16-Nov-87,55.9,56.25,55.65,55.84
13-Nov-87,56.42,56.5,55.9,56.17
12-Nov-87,57.45,57.5,56.55,56.81
11-Nov-87,56.15,57.3,56.1,57.03
10-Nov-87,55.2,55.9,55.15,55.85
9-Nov-87,54.9,55.05,54.6,54.83
6-Nov-87,55.5,55.8,55,55.36
5-Nov-87,54.82,55.45,54.5,55.29
4-Nov-87,55.72,55.8,54.75,55.23
3-Nov-87,56.15,56.3,56,56.21
2-Nov-87,56.95,57.05,56.5,56.57
30-Oct-87,57.1,57.7,57.05,57.46
29-Oct-87,57.52,57.64,57.1,57.28
28-Oct-87,57.52,57.85,57.35,57.64
27-Oct-87,56.82,57.45,56.51,57.36
26-Oct-87,56.92,57.15,56.45,56.89
23-Oct-87,57.3,57.5,57.2,57.47
22-Oct-87,57.15,57.75,57.05,57.67
21-Oct-87,56.72,57.2,56.7,57.12
20-Oct-87,56.05,57.3,55,56.33
19-Oct-87,58.5,58.7,55.6,56.65
16-Oct-87,56.62,57.8,56.5,57.66
15-Oct-87,56.1,56.2,55.95,56.08
14-Oct-87,56.1,56.25,56,56.03
13-Oct-87,55.65,55.75,55.4,55.7
12-Oct-87,55.4,56,55.34,55.8
9-Oct-87,56,56,55.6,55.84
8-Oct-87,56.05,56.15,55.7,55.74
7-Oct-87,55.05,55.8,55,55.74
6-Oct-87,55.65,56,54.75,54.82
5-Oct-87,56.12,56.4,55.75,55.93
2-Oct-87,55.02,55.8,54.95,55.56
1-Oct-87,54.55,54.85,54.3,54.82
30-Sep-87,54.72,54.8,53.9,54.12
29-Sep-87,53.25,54.25,53.2,54.15
28-Sep-87,53.4,53.75,53.35,53.4
25-Sep-87,53.25,53.65,53.25,53.37
24-Sep-87,53.3,53.7,53.25,53.48
23-Sep-87,52.27,53.5,52.25,53.23
22-Sep-87,52.7,52.8,51.9,52.08
21-Sep-87,51.82,52.3,51.7,52.27
18-Sep-87,51.87,52.1,51.6,52.08
17-Sep-87,52.2,52.35,51.8,51.91
16-Sep-87,52.75,52.89,52,52.3
15-Sep-87,53.25,53.45,52.4,52.6
14-Sep-87,51.95,53,51.85,52.97
11-Sep-87,52.58,52.7,51.95,52.41
10-Sep-87,52.35,53.15,52.2,52.92
9-Sep-87,51.4,52.4,51.2,52.31
8-Sep-87,50.92,51,50.35,50.85
4-Sep-87,51.92,52.4,51.2,51.83
3-Sep-87,51.8,52.5,51.7,52.2
2-Sep-87,52.67,52.75,52.15,52.41
1-Sep-87,51.95,52.4,51.71,52.23
31-Aug-87,52.37,53,51.9,52.11
28-Aug-87,51.52,52.6,50.85,51.29
27-Aug-87,51.45,51.8,50.6,51.72
26-Aug-87,49.55,51.3,49.5,51.18
25-Aug-87,49.55,49.8,48.95,49.05
24-Aug-87,48.75,49.25,48.2,49
21-Aug-87,50.95,51,49.5,49.84
20-Aug-87,50.92,51,50.25,50.31
19-Aug-87,51.65,51.8,50.65,51.15
18-Aug-87,52.05,52.3,51.5,51.73
17-Aug-87,52.17,52.35,51.5,51.62
14-Aug-87,53.8,53.9,53.45,53.58
13-Aug-87,54.35,54.6,54.15,54.17
12-Aug-87,54.65,54.75,54.25,54.58
11-Aug-87,53.95,54.7,53.6,54.55
10-Aug-87,54.68,54.8,54,54.01
7-Aug-87,55.15,55.5,54.75,54.9
6-Aug-87,55.07,55.9,55.05,55.28
5-Aug-87,55.45,56.05,55.25,55.49
4-Aug-87,56.45,57.1,56.3,56.4
3-Aug-87,57.71,57.8,56.7,56.95
31-Jul-87,54.72,55,54.2,54.65
30-Jul-87,55.41,55.5,54.5,54.56
29-Jul-87,54.72,55.2,54.5,54.77
28-Jul-87,53.77,55.4,53.6,55.01
27-Jul-87,52.97,53.75,52.9,53.21
24-Jul-87,54.36,54.48,53,53.15
23-Jul-87,55.42,55.45,54.75,55.08
22-Jul-87,54.85,55.75,54.4,55.64
21-Jul-87,56.27,56.4,55.1,55.42
20-Jul-87,56.35,56.85,56.2,56.75
17-Jul-87,56.15,57,55.85,56.67
16-Jul-87,57,57.1,55.5,55.9
15-Jul-87,56.06,57,55.85,55.93
14-Jul-87,54.72,55.45,54.7,55.38
13-Jul-87,55.4,55.6,55,55.02
10-Jul-87,54.75,55.4,54.6,55.32
9-Jul-87,54.72,55.15,54.5,54.97
8-Jul-87,53.85,54.3,53.8,54.13
7-Jul-87,54.4,54.45,53.75,53.84
6-Jul-87,54.35,54.4,54.1,54.27
2-Jul-87,54.2,54.35,53.75,53.79
1-Jul-87,53.45,54,53.21,53.91
30-Jun-87,53.1,54.1,52.95,53.79
29-Jun-87,53.42,54.1,53.1,53.37
26-Jun-87,52.07,53.5,51.85,52.59
25-Jun-87,50.7,51.25,50.4,51.16
24-Jun-87,51.12,51.15,50.8,50.86
23-Jun-87,51.25,51.65,50.5,51.21
22-Jun-87,52.65,52.7,51,51.16
19-Jun-87,52.55,52.65,52.4,52.52
18-Jun-87,52.47,52.75,52.35,52.54
17-Jun-87,52.67,52.9,52.35,52.68
16-Jun-87,52.6,52.75,52.2,52.55
15-Jun-87,51.7,52.5,51.7,52.38
12-Jun-87,51.75,52,51.7,51.85
11-Jun-87,51.67,52,51.6,51.93
10-Jun-87,51.87,52.3,51.85,52.15
9-Jun-87,51.85,52.05,51.3,51.88
8-Jun-87,51.62,52.1,51.6,52
5-Jun-87,51.53,51.7,51.1,51.37
4-Jun-87,51.8,51.9,51.15,51.42
3-Jun-87,51,51.6,50.9,51.55
2-Jun-87,51.32,51.45,51.2,51.38
1-Jun-87,50.55,51.15,50.5,50.99
29-May-87,50.92,51.55,50.85,51.45
28-May-87,51.35,51.55,51.3,51.32
27-May-87,51.53,51.8,51.45,51.65
26-May-87,51.77,52.1,51.45,52
22-May-87,52.17,52.7,52.05,52.08
21-May-87,51.45,52.4,51.3,52.38
20-May-87,51.8,51.9,51.35,51.62
19-May-87,51.85,52.1,51.2,52.03
18-May-87,52.22,52.3,51.5,51.92
15-May-87,51.97,52.45,51.75,51.89
14-May-87,51.55,52.2,50.9,52.05
13-May-87,52.52,52.6,51.6,51.83
12-May-87,51.65,51.8,51.3,51.66
11-May-87,52,52.3,51.8,52.06
8-May-87,50.55,51.46,50.35,51.39
7-May-87,50.9,51.35,50.62,50.77
6-May-87,50.3,51.25,50.2,51.2
5-May-87,50.07,50.5,49.7,49.77
4-May-87,49.35,49.85,49.25,49.49
1-May-87,49.42,49.7,48.8,49.24
30-Apr-87,48.83,49.75,48.56,49.52
29-Apr-87,49.42,49.45,48.35,48.56
28-Apr-87,49.7,49.9,49.3,49.85
27-Apr-87,49.8,50.25,49.35,49.73
24-Apr-87,49.4,49.9,48.95,49.6
23-Apr-87,48.02,49.8,47.75,49.32
22-Apr-87,47.97,48.25,47.1,47.74
21-Apr-87,47.25,47.9,47,47.71
20-Apr-87,47.45,47.6,46.75,46.83
16-Apr-87,47.95,48,47.1,47.49
15-Apr-87,46.85,48,46.8,47.94
14-Apr-87,46.4,47.1,46.25,46.67
13-Apr-87,46.57,47.35,46.05,47.03
10-Apr-87,47.82,47.9,46.75,46.78
9-Apr-87,47.85,48,47.3,47.72
8-Apr-87,48.62,48.7,47.25,48.15
7-Apr-87,49.02,49.55,49,49.24
6-Apr-87,48.87,49.15,48.65,48.79
3-Apr-87,49.82,49.9,49.2,49.35
2-Apr-87,49.85,50,49.6,49.74
1-Apr-87,48.95,49.6,48.7,49.42
31-Mar-87,49.6,49.9,49.3,49.7
30-Mar-87,48.75,49.3,48.5,49.15
27-Mar-87,49.12,49.25,48.45,49.12
26-Mar-87,49.92,49.95,48.8,49.25
25-Mar-87,50.27,50.4,49.3,49.37
24-Mar-87,49.97,50.6,49.7,50.5
23-Mar-87,49.35,49.4,48.6,49.31
20-Mar-87,50.15,50.6,49.65,49.77
19-Mar-87,50.55,50.9,49.25,50.59
18-Mar-87,51.6,52.25,50.2,50.35
17-Mar-87,52.2,52.4,51.75,52.11
16-Mar-87,50.62,51.75,50.4,51.65
13-Mar-87,50.42,50.65,50.1,50.41
12-Mar-87,49.62,50.5,49.5,50.4
11-Mar-87,50.7,50.8,50.2,50.24
10-Mar-87,49.02,49.4,48.9,49.26
9-Mar-87,49.65,49.8,48.45,48.98
6-Mar-87,48.45,49.25,48.4,49.19
5-Mar-87,46.57,48,46.2,47.91
4-Mar-87,46.97,47.45,46.2,46.44
3-Mar-87,44.25,46.5,44,46.28
2-Mar-87,43,43.38,42.6,43.3
27-Feb-87,44.42,44.85,43.3,43.41
26-Feb-87,44.4,44.8,44.15,44.75
25-Feb-87,44.08,44.5,43.5,43.9
24-Feb-87,45.15,45.45,44.9,45.01
23-Feb-87,46.5,47,45.8,45.83
20-Feb-87,47.32,47.85,47.25,47.66
19-Feb-87,47.24,47.5,46.6,46.78
18-Feb-87,47.6,47.65,46.5,47.19
17-Feb-87,48.2,48.3,47.7,47.9
13-Feb-87,48.62,48.7,47.8,47.88
12-Feb-87,48,48.5,47.25,48.34
11-Feb-87,49.17,49.3,47.75,47.88
10-Feb-87,49.7,49.8,48.7,49.59
9-Feb-87,49.65,49.85,49.1,49.23
6-Feb-87,50.67,50.95,50.1,50.23
5-Feb-87,50.12,51.35,50.05,51.02
4-Feb-87,49.65,49.75,48.75,49.5
3-Feb-87,50.65,50.8,50,50.23
2-Feb-87,52.05,52.1,50.95,51.15
30-Jan-87,51.95,52.4,51.75,52.22
29-Jan-87,50.85,51.65,50.8,51.49
28-Jan-87,51.92,52.15,50.5,51.07
27-Jan-87,52,52.6,51.6,51.67
26-Jan-87,53.69,53.9,52.1,52.22
23-Jan-87,54.32,54.4,53.2,53.39
22-Jan-87,53.65,54.05,53.2,53.97
21-Jan-87,53.88,53.95,52.5,52.6
20-Jan-87,52.25,53.9,52.1,53.81
19-Jan-87,55.07,55.15,53.05,53.15
16-Jan-87,55.27,55.8,54.9,55.3
15-Jan-87,55.75,56.6,55.2,55.42
14-Jan-87,54.42,55.55,54.1,55.4
13-Jan-87,54.25,54.6,53.65,54.22
12-Jan-87,54.55,55.2,54.05,54.66
9-Jan-87,51.4,53.1,51.3,53.01
8-Jan-87,51.65,52.25,51.6,51.99
7-Jan-87,50.95,51.25,50.45,51.21
6-Jan-87,50.2,51,49.85,50.96
5-Jan-87,51.17,51.5,49.85,49.96
2-Jan-87,49.98,50.95,49.96,50.71
31-Dec-86,48.22,49.2,48.15,48.9
30-Dec-86,47.8,48,47.6,47.88
29-Dec-86,47.87,48.5,47.8,48.26
24-Dec-86,46.91,47.65,46.75,47.49
23-Dec-86,46.72,47.4,46.65,46.89
22-Dec-86,47.25,47.5,46.8,47.25
19-Dec-86,46.9,47.15,45,45.15
18-Dec-86,44.25,46.3,44.1,45.64
17-Dec-86,45.4,45.6,44.75,45.09
16-Dec-86,45.82,46.75,45.5,45.54
15-Dec-86,46.85,47.35,46.3,46.44
12-Dec-86,46.32,46.65,45.5,46.33
11-Dec-86,43.87,45.35,43.8,45.15
10-Dec-86,42.65,43.65,42.35,43.54
9-Dec-86,43.12,43.35,42.85,42.94
8-Dec-86,43.97,44.3,43.5,43.54
5-Dec-86,43.95,44.35,43.9,44.1
4-Dec-86,43.55,44.05,43.25,43.94
3-Dec-86,44.02,44.4,43.6,43.81
2-Dec-86,44.37,44.5,43.75,43.83
1-Dec-86,43.37,44.35,43.3,44.24
26-Nov-86,42.95,43.6,41,42.03
25-Nov-86,41.35,42.35,41.15,42.26
24-Nov-86,43.3,43.4,41.65,41.9
21-Nov-86,42.9,43.65,42.8,43.24
20-Nov-86,44.07,44.25,43.2,43.28
19-Nov-86,44.55,44.7,44.05,44.4
18-Nov-86,44.22,44.6,44.05,44.41
17-Nov-86,45.55,45.6,44.45,44.74
14-Nov-86,45.52,45.75,44.5,45.23
13-Nov-86,43.65,45.7,43.4,45.34
12-Nov-86,44.2,44.35,43.65,43.89
11-Nov-86,44.07,44.45,43.9,44.37
10-Nov-86,44.05,44.2,43.55,43.88
7-Nov-86,43.47,43.9,43.3,43.42
6-Nov-86,42.65,43.25,42.6,43.02
5-Nov-86,42.55,42.9,42.15,42.26
4-Nov-86,40.92,42.8,40.85,42.57
3-Nov-86,41.87,42.2,40.9,41.05
31-Oct-86,40.6,41.4,40.1,40.54
30-Oct-86,37.15,39.65,37.1,39.57
29-Oct-86,38.25,38.25,36.25,36.77
28-Oct-86,38.07,38.6,37.65,38.03
27-Oct-86,39.32,39.6,38.6,38.75
24-Oct-86,40.5,40.8,39.9,40.16
23-Oct-86,41,41.2,40.2,40.27
22-Oct-86,42.12,42.5,41.25,41.42
21-Oct-86,42.15,43.1,42.05,42.6
20-Oct-86,42.02,42.7,41.85,42.63
17-Oct-86,39.7,41.5,39.65,41.36
16-Oct-86,40.27,40.6,39.35,40.21
15-Oct-86,40.17,41.1,40.15,40.77
14-Oct-86,39,39.8,38.5,39.74
13-Oct-86,40.95,41,38.3,39.11
10-Oct-86,41.87,42,40,40.29
9-Oct-86,42.05,42.4,40.9,41.87
8-Oct-86,42.95,43,42.1,42.4
7-Oct-86,42.62,43,42.25,42.67
6-Oct-86,41.3,42.4,41.2,41.7
3-Oct-86,42.88,43.4,41.6,41.89
2-Oct-86,43.45,43.8,43.15,43.76
1-Oct-86,42.4,43.2,42.15,43.11
30-Sep-86,41.75,41.85,41,41.28
29-Sep-86,40.5,41.4,40.4,41.19
26-Sep-86,40.2,40.55,39.95,40.17
25-Sep-86,39.82,40.15,39.65,39.68
24-Sep-86,40.57,40.9,40.25,40.42
23-Sep-86,39.07,40.4,39,40.33
22-Sep-86,39.75,40.05,39.5,39.86
19-Sep-86,40.65,40.9,40.2,40.44
18-Sep-86,40.3,40.7,39.8,40.23
17-Sep-86,39.05,39.9,38.8,39.57
16-Sep-86,38.15,39.4,38,39.15
15-Sep-86,39.62,39.75,38.8,39.25
12-Sep-86,40.72,41.25,40.25,40.36
11-Sep-86,40.35,40.5,38.6,40.32
10-Sep-86,41.02,41.25,39.75,39.8
9-Sep-86,42.1,42.9,41.6,41.79
8-Sep-86,44.77,44.9,43.2,43.29
5-Sep-86,45.57,45.65,45.15,45.46
4-Sep-86,44.77,45.2,44.3,44.93
3-Sep-86,45.8,45.85,44.6,44.84
2-Sep-86,45.8,45.9,45.2,45.76
29-Aug-86,42.5,43.6,42.5,43.27
28-Aug-86,42.32,42.75,41.9,42.67
27-Aug-86,43.35,43.45,42.15,42.64
26-Aug-86,43.25,43.85,43.2,43.52
25-Aug-86,42.9,43.3,42.9,42.92
22-Aug-86,42.93,43.15,42.65,43.12
21-Aug-86,43.38,43.5,42.6,43.16
20-Aug-86,41.4,42.9,41.3,42.86
19-Aug-86,42.3,42.75,41.65,41.92
18-Aug-86,44.05,44.4,43.25,43.32
15-Aug-86,43.1,43.55,42.9,43.41
14-Aug-86,41.83,42.7,41.65,42.6
13-Aug-86,42.63,42.85,41.5,42.25
12-Aug-86,41.78,42.85,41.5,42.25
11-Aug-86,41.25,42,40.75,40.94
8-Aug-86,41.4,41.85,40.5,40.93
7-Aug-86,42.05,43.2,41.6,42.49
6-Aug-86,41.98,42.2,41.05,42.06
5-Aug-86,46.25,47,41.8,42.79
4-Aug-86,34.25,38.6,34.25,38.33
1-Aug-86,33.24,34.1,33.1,33.73
31-Jul-86,35,35,31.6,31.98
30-Jul-86,34.35,34.7,33.9,34.43
29-Jul-86,32.5,34.2,32.1,33.58
28-Jul-86,31.2,32.45,31.15,32.12
25-Jul-86,32.85,32.9,31.75,32.01
24-Jul-86,32.95,33.5,32.5,32.53
23-Jul-86,32.83,33.25,32.15,32.72
22-Jul-86,34.4,34.9,33.2,33.63
21-Jul-86,35.63,36.45,34.75,35.56
18-Jul-86,33.68,35.9,33.4,34.97
17-Jul-86,35.65,35.9,32.3,34.04
16-Jul-86,32.61,35.35,32.1,35.12
15-Jul-86,31.55,33.65,31.4,32.92
14-Jul-86,30.9,31.3,29.95,31.06
11-Jul-86,32.55,32.7,31.55,31.8
10-Jul-86,32.7,33,32.05,32.7
9-Jul-86,32.9,33,31.7,31.78
8-Jul-86,32.83,33.3,32.5,33.15
7-Jul-86,33.75,33.9,32.8,32.92
2-Jul-86,36.48,36.5,35.2,35.31
1-Jul-86,36.45,36.65,36,36.08
30-Jun-86,37.15,38,36.7,37.27
27-Jun-86,38.13,38.4,37.7,38.27
26-Jun-86,38.35,38.5,37.4,37.69
25-Jun-86,36.6,38.5,36.6,37.51
24-Jun-86,36.6,36.85,36.2,36.73
23-Jun-86,36.9,37.45,36.4,36.63
20-Jun-86,37.73,37.85,36.12,36.63
19-Jun-86,37.1,38.3,37,38.25
18-Jun-86,37.28,37.7,36.9,37.49
17-Jun-86,37.75,38.2,37,37.62
16-Jun-86,39.55,39.6,37.4,37.79
13-Jun-86,38.88,40,38.6,39.7
12-Jun-86,37.95,39.65,37.9,39.43
11-Jun-86,36.4,38.9,36.3,38.35
10-Jun-86,36.75,37.45,36,36.02
9-Jun-86,36.53,37.68,36.1,36.59
6-Jun-86,37.88,38,36.3,37.18
5-Jun-86,36.4,37.9,36.05,37.42
4-Jun-86,35.4,36,35,35.8
3-Jun-86,38,38.4,37.65,37.98
2-Jun-86,38.08,38.4,37.3,37.8
30-May-86,42.62,42.7,40,40.13
29-May-86,41.6,42.85,41,42.3
28-May-86,42.7,42.8,42,42.17
27-May-86,44.15,44.5,43.3,43.34
23-May-86,44.9,45.05,43.5,44.89
22-May-86,42.77,44.9,42.65,44.77
21-May-86,44.25,44.3,42.5,43.03
20-May-86,44.35,45.1,43.1,43.57
19-May-86,45.08,45.75,44.9,45.51
16-May-86,43.4,44.7,43.1,44.54
15-May-86,42.8,43.75,42.2,43.62
14-May-86,43,43.8,42.65,42.9
13-May-86,41.98,43,41.73,42.79
12-May-86,44,44.45,42.4,42.98
9-May-86,44,44.5,43.45,44.32
8-May-86,43.6,45.7,43.1,44.99
7-May-86,43.9,44.4,43.4,43.82
6-May-86,42.15,42.7,41.8,42.08
5-May-86,43.05,43.8,41.4,41.9
2-May-86,39,39,38.75,38.75
1-May-86,41,41,39,39
30-Apr-86,43.82,45.5,43.65,44.83
29-Apr-86,44.8,44.9,43.5,44.06
28-Apr-86,46.35,46.35,44.5,44.73
25-Apr-86,43.08,45.95,42.9,45.58
24-Apr-86,44.25,45.5,43,43.93
23-Apr-86,41.5,44.4,41.3,43.5
22-Apr-86,40.1,41.5,40.1,41.03
21-Apr-86,41.25,41.25,39.5,41.24
18-Apr-86,39.2,40.2,39.2,39.8
17-Apr-86,38.85,39.5,38.5,38.84
16-Apr-86,38.75,39.5,38.1,38.77
15-Apr-86,42.3,42.75,40.7,40.78
14-Apr-86,42.6,44.15,41.3,41.65
11-Apr-86,43.1,44.5,42.3,43.4
10-Apr-86,41.7,42.75,41.6,42.64
9-Apr-86,38.63,41.7,38.25,40.61
8-Apr-86,43.08,43.4,38.5,39.1
7-Apr-86,42.9,45.5,41.9,44.43
4-Apr-86,38.8,40.7,38.15,39.92
3-Apr-86,38.05,38.05,38.05,38.05
2-Apr-86,38.25,38.25,38.25,38.25
1-Apr-86,37.5,37.5,37.5,37.5
31-Mar-86,43,43,41.55,42.78
27-Mar-86,44.95,45.05,43.3,43.88
26-Mar-86,48,48.5,46.5,46.59
25-Mar-86,48.28,48.8,46.75,48.23
24-Mar-86,47.9,49,45,47.69
21-Mar-86,49.55,52.9,48.4,52.83
20-Mar-86,52.5,52.5,50.05,50.47
19-Mar-86,52.9,54,51.8,52.62
18-Mar-86,51.35,52.9,50,51.21
17-Mar-86,44.88,49.85,44.75,49.45
14-Mar-86,46.33,46.65,44.7,46.2
13-Mar-86,49.95,50.7,45.6,45.9
12-Mar-86,49.63,50.25,48.7,50.21
11-Mar-86,46.23,47.9,46.15,47.57
10-Mar-86,44.53,46.9,44,45.83
7-Mar-86,49.25,49.7,45.1,45.33
6-Mar-86,45.7,48.5,45.4,48.06
5-Mar-86,43.05,46.5,42.2,44.01
4-Mar-86,42.6,43.51,42.1,42.48
3-Mar-86,44.33,44.5,41.5,41.72
28-Feb-86,51,54.26,51,53
27-Feb-86,54.25,55,53.1,54.05
26-Feb-86,57.9,58,55.55,56.66
25-Feb-86,56.6,58.3,54.2,56.48
24-Feb-86,53.8,56,52.5,55.15
21-Feb-86,50.94,52.85,50.1,50.25
20-Feb-86,52.38,52.5,49.5,50.22
19-Feb-86,49.8,51.6,49.6,51.23
18-Feb-86,52.5,52.9,49.4,49.88
14-Feb-86,53.25,53.6,51.7,52.56
13-Feb-86,50.45,52.9,50.3,52.57
12-Feb-86,50.98,52.2,50.1,50.81
11-Feb-86,51.25,52.5,49.7,51.42
10-Feb-86,57.4,58.4,49.6,50.72
7-Feb-86,52.25,55.3,52,55.16
6-Feb-86,49.37,50.9,48.8,50.2
5-Feb-86,47.63,50.3,45.6,49.56
4-Feb-86,49.5,49.5,49.5,49.5
31-Jan-86,57.6,58.8,56.5,57.83
30-Jan-86,60.5,60.6,59.25,59.35
29-Jan-86,57.95,59.7,57.5,59.62
28-Jan-86,63.05,63.7,60,60.63
27-Jan-86,58.63,62.1,58.5,62.02
24-Jan-86,57.75,59.2,57.6,57.75
23-Jan-86,56.55,58.6,55.6,58.44
22-Jan-86,61.3,61.65,59.4,59.61
21-Jan-86,61.03,62.3,57.5,59.92
20-Jan-86,61.88,62,58.4,59
17-Jan-86,65.43,65.85,63.1,63.89
16-Jan-86,66.85,67.2,64.8,65.55
15-Jan-86,68.64,69.4,67.8,68.75
14-Jan-86,70.2,70.4,67.6,67.68
13-Jan-86,71.15,71.25,69.55,69.63
10-Jan-86,72.45,73.7,71.9,72.53
9-Jan-86,73.15,73.5,71.85,73.36
8-Jan-86,74.2,75.5,74.1,74.54
7-Jan-86,75.85,76.2,75.25,75.67
6-Jan-86,75.73,76.8,75.55,76.73
3-Jan-86,76,76.25,73.6,74.94
2-Jan-86,75.8,76.2,75.1,75.22
31-Dec-85,79.93,80.6,79.75,80.55
30-Dec-85,82.58,82.75,80.6,80.72
27-Dec-85,82.03,82.7,81.85,82.45
26-Dec-85,80.85,81.5,80.8,81.47
23-Dec-85,80.1,80.6,80,80.19
20-Dec-85,81.6,81.7,80.15,80.44
19-Dec-85,80.13,81.25,80.05,80.92
18-Dec-85,78.75,78.9,77.4,78.82
17-Dec-85,77.9,78.4,76.8,77.14
16-Dec-85,80.95,81.5,79.25,79.29
13-Dec-85,80.05,80.4,79.25,79.96
12-Dec-85,79.63,80.15,78.95,79.55
11-Dec-85,76.5,79.35,74.8,78.7
10-Dec-85,79,79.1,74.8,75.11
9-Dec-85,79.8,81.05,79.4,79.6
6-Dec-85,84.58,84.7,83.05,83.17
5-Dec-85,85.05,85.05,83.7,84.21
4-Dec-85,84.63,85.6,84.05,84.1
3-Dec-85,87.03,87.45,85.8,85.86
2-Dec-85,85.13,87.3,84.5,87.27
27-Nov-85,87.6,88.35,86.9,87.05
26-Nov-85,88.78,89.15,88.45,88.99
25-Nov-85,89.63,90.15,89,89.1
22-Nov-85,88.33,89.4,88.25,89.34
21-Nov-85,87.93,88.85,87.5,88.64
20-Nov-85,86.4,87.25,86.1,86.99
19-Nov-85,86.95,87.2,86.5,86.74
18-Nov-85,86,86.5,85.8,86.44
15-Nov-85,87.3,87.35,86.1,86.53
14-Nov-85,88.1,88.6,87.8,87.86
13-Nov-85,87.52,87.6,86.6,86.67
12-Nov-85,87.45,87.55,86.95,87.08
11-Nov-85,87.69,87.9,87.4,87.63
8-Nov-85,86.85,87.25,86.65,86.95
7-Nov-85,87.1,87.55,86.85,87.01
6-Nov-85,85.98,86.9,85.3,86.68
5-Nov-85,85.8,86.3,85.5,85.75
4-Nov-85,86.98,87.1,86.35,86.59
1-Nov-85,87.65,87.9,87.05,87.52
31-Oct-85,87.5,87.7,87.15,87.44
30-Oct-85,87.25,87.4,86.5,87
29-Oct-85,87.35,88.35,87.25,88.24
28-Oct-85,86.25,87.6,86.2,87.48
25-Oct-85,85.08,85.75,85,85.7
24-Oct-85,85.3,86,84.7,85.23
23-Oct-85,83.73,85,83.6,84.75
22-Oct-85,83.98,84.05,82.8,83.2
21-Oct-85,82.51,83.45,82.5,83.42
18-Oct-85,82.8,82.8,82.4,82.61
17-Oct-85,82.75,83.35,82.5,83.14
16-Oct-85,83.7,83.7,82.5,82.66
15-Oct-85,82.68,83.2,82.45,83.15
14-Oct-85,81.65,82.15,81.3,82.05
11-Oct-85,80.58,81.6,80.55,81.44
10-Oct-85,81.08,81.25,80.4,80.52
9-Oct-85,83.33,83.45,82.2,82.25
8-Oct-85,83.83,83.9,83.35,83.41
7-Oct-85,82.8,83.6,82.55,83.56
4-Oct-85,82.08,83.4,82,83.22
3-Oct-85,84.13,84.25,83.2,83.54
2-Oct-85,83.3,83.5,83,83.34
1-Oct-85,82.55,83,81.8,82.62
30-Sep-85,82.5,82.5,81.5,81.95
27-Sep-85,83.3,83.7,82.8,82.8
26-Sep-85,81.78,82.6,81.4,82.49
25-Sep-85,80.65,81.05,80.3,80.84
24-Sep-85,79.33,79.95,79.3,79.76
23-Sep-85,79.5,79.8,79.3,79.44
20-Sep-85,79.13,79.25,78.7,78.98
19-Sep-85,78.25,78.75,78.2,78.56
18-Sep-85,78.38,78.75,78.25,78.6
17-Sep-85,76.65,78.1,76.55,78.07
16-Sep-85,77.58,77.7,76.75,76.85
13-Sep-85,79.35,79.6,77,77.85
12-Sep-85,79.18,79.25,77.25,78.6
11-Sep-85,79.8,80,78.2,78.69
10-Sep-85,79.93,80.9,79.8,80.41
9-Sep-85,79.23,79.55,78,79.37
6-Sep-85,79.1,80.15,78.85,79.81
5-Sep-85,78.8,79.2,78.55,78.64
4-Sep-85,78.93,79.85,78.9,79.07
3-Sep-85,78.43,79.65,78.25,79.18
30-Aug-85,76.25,77.75,76.2,77.5
29-Aug-85,76.18,76.5,76.05,76.28
28-Aug-85,76.4,76.7,75.8,76.57
27-Aug-85,76.45,76.8,76,76.1
26-Aug-85,75.23,75.85,75.1,75.74
23-Aug-85,74.98,75.2,74.65,75.18
22-Aug-85,75.15,75.45,74.8,74.84
21-Aug-85,74.03,74.8,74,74.63
20-Aug-85,72.85,74.25,72.7,74.05
19-Aug-85,73.75,74.05,73.15,73.3
16-Aug-85,74.13,74.35,73.8,74.02
15-Aug-85,74.35,74.5,73.9,74.48
14-Aug-85,74.08,74.25,73.85,73.9
13-Aug-85,73.63,73.9,73.35,73.54
12-Aug-85,73.83,74.1,73.6,73.76
9-Aug-85,72.93,73.25,72.7,73.11
8-Aug-85,72.15,73,72.05,72.65
7-Aug-85,71.88,72.35,71.75,72.26
6-Aug-85,71.68,71.8,71,71.39
5-Aug-85,72.25,72.55,71.4,71.6
2-Aug-85,70.92,71.8,70.88,71.73
1-Aug-85,70.58,71,70.05,70.88
31-Jul-85,70.11,70.6,69.6,69.88
30-Jul-85,70.15,70.7,70.1,70.52
29-Jul-85,70.85,71.3,70.3,70.39
26-Jul-85,70.1,70.85,70,70.64
25-Jul-85,69.13,70.7,68.9,70.35
24-Jul-85,68.45,69.4,68.45,69.34
23-Jul-85,68.7,68.85,68.3,68.57
22-Jul-85,67.9,68.6,67.5,68.28
19-Jul-85,68.75,68.75,67.8,68.08
18-Jul-85,69,69.4,68.6,68.7
17-Jul-85,69.9,69.9,68.65,68.77
16-Jul-85,69.47,69.7,69.2,69.44
15-Jul-85,68.65,69.5,68.45,69.44
12-Jul-85,69.48,69.5,68.65,68.76
11-Jul-85,69.75,70.1,69.4,69.83
10-Jul-85,68.55,70.2,68.5,70.15
9-Jul-85,68.28,69,68.2,68.94
8-Jul-85,67.18,67.7,66.85,67.37
3-Jul-85,67.55,68.25,67.5,67.64
2-Jul-85,67.05,67.84,66.9,67.72
1-Jul-85,67.9,68,67.05,67.1
28-Jun-85,69,69.25,68,68.46
27-Jun-85,69.25,69.35,68.7,69.05
26-Jun-85,68.65,69.25,68.5,69.06
25-Jun-85,69.45,69.5,68.55,68.61
24-Jun-85,69.8,70,69.2,69.33
21-Jun-85,69.5,70.15,69.25,69.9
20-Jun-85,68.43,69.15,68.25,69.05
19-Jun-85,68.4,68.8,67.75,68.34
18-Jun-85,68.7,68.8,68,68.02
17-Jun-85,67.3,68.1,67,68.05
14-Jun-85,69.35,69.4,67.35,67.8
13-Jun-85,69.2,69.4,68.7,69.01
12-Jun-85,67.95,68.7,67.85,68.38
11-Jun-85,68.15,68.5,67.8,67.91
10-Jun-85,67.75,68.15,67.25,67.68
7-Jun-85,67.9,68.6,67.5,68.01
6-Jun-85,68.8,68.95,68,68.43
5-Jun-85,70.35,70.4,68.1,68.26
4-Jun-85,70.7,71,70.4,70.72
3-Jun-85,70.65,71.15,70.25,71.08
31-May-85,71.7,71.8,71.25,71.5
30-May-85,71.5,71.8,71.1,71.38
29-May-85,70.66,71.2,70.61,71
28-May-85,71.13,71.5,70.6,70.61
24-May-85,71.95,71.95,70.75,71.56
23-May-85,69.8,71.15,69.7,71.09
22-May-85,70.6,70.75,70.15,70.17
21-May-85,70.93,71,70.6,70.67
20-May-85,70.05,70.5,69.93,70.49
17-May-85,70.15,70.5,69.94,70.19
16-May-85,70.68,70.75,70.05,70.16
15-May-85,70.15,70.4,69.8,70.32
14-May-85,71.05,71.25,69.85,70.4
13-May-85,70.1,70.9,70,70.83
10-May-85,71.35,71.45,70.2,70.27
9-May-85,70.78,71.25,70.55,70.8
8-May-85,70.04,70.25,70,70.22
7-May-85,70.5,70.9,70.2,70.42
6-May-85,70.69,70.9,69.95,70.36
3-May-85,71.9,72.1,70.6,70.78
2-May-85,71.55,71.85,71.05,71.59
1-May-85,71.6,72.25,71.55,71.89
30-Apr-85,74.8,76,74.7,75.74
29-Apr-85,75.08,75.2,74.55,74.84
26-Apr-85,76.18,76.2,75.2,75.42
25-Apr-85,76.13,76.25,75.75,76.04
24-Apr-85,76.35,77.15,76.3,76.62
23-Apr-85,76.75,76.8,76.1,76.58
22-Apr-85,76.28,77.3,76.1,77.2
19-Apr-85,75.6,76.05,75.5,75.74
18-Apr-85,74.65,75.15,74.2,74.97
17-Apr-85,74.9,75.8,74.2,74.43
16-Apr-85,75.45,75.9,75.05,75.25
15-Apr-85,74.1,76,73.25,75.95
12-Apr-85,75,75.55,73.3,73.45
11-Apr-85,76.85,77,74.75,74.94
10-Apr-85,77.53,77.6,76.8,77.25
9-Apr-85,77.28,77.45,76.95,77.32
8-Apr-85,76.98,77.55,76.9,77.16
4-Apr-85,76.35,77.15,76.05,76.99
3-Apr-85,76.73,77.3,76.6,76.93
2-Apr-85,77.15,77.3,76.05,76.81
1-Apr-85,76.13,77.55,76,77.2
29-Mar-85,79.65,81,79.35,80.92
28-Mar-85,81.78,82.2,80.1,80.27
27-Mar-85,82.95,83.25,81.6,81.72
26-Mar-85,81.65,82.5,81.3,82.37
25-Mar-85,80.35,81.7,80.1,81.5
22-Mar-85,81.85,82.75,81.15,81.42
21-Mar-85,79.85,81.9,79.7,81.76
20-Mar-85,80.09,80.2,78.6,78.69
19-Mar-85,78.55,79.1,78.2,78.98
18-Mar-85,77.9,79.2,77.8,79.03
15-Mar-85,77.2,77.35,76.4,77.1
14-Mar-85,74.9,76.6,74.9,76.53
13-Mar-85,75.1,75.6,74.6,75.13
12-Mar-85,74.3,75.1,74.05,74.68
11-Mar-85,74.28,74.75,73.6,73.83
8-Mar-85,74.85,75.25,73.95,74.14
7-Mar-85,74.98,75.5,74.65,75.46
6-Mar-85,73.58,74.65,73.45,74.43
5-Mar-85,73.9,74.7,73.5,73.66
4-Mar-85,73.2,74.8,73.1,74.56
1-Mar-85,72.53,72.9,72.35,72.86
28-Feb-85,75.25,76.6,75.25,76.53
27-Feb-85,75.43,75.75,75.3,75.4
26-Feb-85,74,75.8,73.9,75.17
25-Feb-85,73.15,74,73,73.91
22-Feb-85,73.35,74.7,73.1,74.06
21-Feb-85,73.6,74.25,73.4,73.93
20-Feb-85,73.62,74,73.4,73.72
19-Feb-85,74.43,74.5,73.3,74.23
15-Feb-85,73.95,74.7,73.8,74.68
14-Feb-85,73.85,73.95,73.1,73.74
13-Feb-85,71.9,73.7,71.5,73.61
12-Feb-85,73.4,73.7,71.75,71.88
11-Feb-85,74.73,74.95,74.25,74.53
8-Feb-85,73.35,73.85,73.05,73.67
7-Feb-85,73.65,73.85,72.8,72.89
6-Feb-85,73.25,73.4,72.25,73.07
5-Feb-85,72.18,73.3,72.1,73.2
4-Feb-85,72.88,73.7,72.3,72.36
1-Feb-85,71.49,72.8,71.05,72.64
31-Jan-85,72.83,73.5,72.25,73.5
30-Jan-85,73.2,73.3,71.65,72.23
29-Jan-85,72.4,73.2,72.35,72.67
28-Jan-85,71.75,72.3,70.25,72.06
25-Jan-85,74.6,74.7,73.3,73.51
24-Jan-85,75.83,75.9,73.55,74.25
23-Jan-85,75.53,76.3,74.6,75.59
22-Jan-85,79.55,79.7,75.3,76.05
21-Jan-85,80.75,81,79.6,80.32
18-Jan-85,78.4,79,78.2,78.73
17-Jan-85,77.43,78.4,77.1,78.17
16-Jan-85,77.08,77.45,76.05,76.34
15-Jan-85,78.03,78.7,76.25,76.8
14-Jan-85,77.1,77.9,76.8,77.86
11-Jan-85,75.48,75.85,75,75.79
10-Jan-85,74.74,75.95,74.05,75.27
9-Jan-85,72.7,73.4,72.5,72.88
8-Jan-85,73.1,73.5,72.25,72.35
7-Jan-85,71.98,72.55,71.25,72.25
4-Jan-85,70.55,71,69.85,70.24
3-Jan-85,71.75,72.1,70.85,71.18
2-Jan-85,72.4,72.5,70.7,71.14
28-Dec-84,73.4,73.6,72.25,72.4
27-Dec-84,74.1,74.15,73.1,73.23
26-Dec-84,74.03,74.37,74,74.32
21-Dec-84,73.9,74.4,73.6,73.82
20-Dec-84,73.65,74,72.5,73.43
19-Dec-84,74.9,75.2,73.65,73.87
18-Dec-84,75.35,75.8,75.1,75.14
17-Dec-84,75.1,75.2,74.65,75.09
14-Dec-84,75.95,76.2,75.2,75.47
13-Dec-84,75.75,76.2,75.1,76.05
12-Dec-84,75,75,75,75
30-Nov-84,76.07,76.4,75.1,75.59
29-Nov-84,74.82,75.95,74.75,75.87
28-Nov-84,75.75,76.35,75.15,75.29
27-Nov-84,75.05,76.75,74.55,75.53
26-Nov-84,76.35,76.5,75,75.32
21-Nov-84,77.87,77.95,77.25,77.51
20-Nov-84,77.67,78.35,77.65,77.9
19-Nov-84,78.07,78.3,77.5,77.55
16-Nov-84,78.72,78.8,77.85,78.28
15-Nov-84,78.67,78.85,78.4,78.69
14-Nov-84,78.87,79.45,78.4,78.76
13-Nov-84,78.05,78.8,78,78.71
12-Nov-84,78.25,78.55,78,78.02
9-Nov-84,78.95,79.1,78.65,78.71
8-Nov-84,79.49,79.6,78.8,79.38
7-Nov-84,79.8,79.9,79,79.58
6-Nov-84,77.95,79.1,77.95,78.96
5-Nov-84,78.4,78.7,78,78.05
2-Nov-84,79.35,79.65,78.4,78.51
1-Nov-84,78.7,79.7,78.4,79.65
31-Oct-84,76.6,78,76.45,77.7
30-Oct-84,75.8,76.05,75.5,75.83
29-Oct-84,77.5,77.5,76.4,76.74
26-Oct-84,78.15,78.2,77.6,77.99
25-Oct-84,78.35,78.8,77.9,78.32
24-Oct-84,77.05,77.95,76.5,77.84
23-Oct-84,77.67,78.5,76.5,77.05
22-Oct-84,76.37,77.7,76.3,77.45
19-Oct-84,74.47,75.55,74.25,75.44
18-Oct-84,72.75,74.9,72.5,74.63
17-Oct-84,77.75,78.25,75.2,75.48
16-Oct-84,77.22,78.15,76.2,78.06
15-Oct-84,78.97,79,77.7,77.84
12-Oct-84,79.05,79.05,78.05,78.49
11-Oct-84,80.1,80.6,79.75,79.76
10-Oct-84,81.49,81.6,80.2,80.34
9-Oct-84,80.65,81.65,80.55,81.64
8-Oct-84,81.4,81.5,80.51,81.02
5-Oct-84,82.3,82.45,81.75,81.78
4-Oct-84,82.25,82.7,81.95,82.35
3-Oct-84,82.95,83,82.2,82.73
2-Oct-84,83.82,83.85,83.05,83.18
1-Oct-84,83.05,83.84,83,83.78
28-Sep-84,81.97,82,81.5,81.65
27-Sep-84,82.12,82.34,82.05,82.1
26-Sep-84,82.55,82.7,82.1,82.1
25-Sep-84,81.2,81.9,81.15,81.77
24-Sep-84,81.5,81.5,80.96,81.25
21-Sep-84,81.65,81.7,81.2,81.36
20-Sep-84,82.15,82.2,81.41,81.69
19-Sep-84,81.87,82.15,81.6,82.04
18-Sep-84,80.5,80.55,80.2,80.42
17-Sep-84,80.17,80.85,80.15,80.28
14-Sep-84,80.25,80.45,80.05,80.18
13-Sep-84,80.37,80.7,79.95,80.29
12-Sep-84,80.3,81,80.2,80.23
11-Sep-84,80.42,80.65,80.2,80.63
10-Sep-84,79.15,79.75,78.85,79.7
7-Sep-84,79.15,79.65,78.7,78.9
6-Sep-84,78.4,79.5,78.3,79.42
5-Sep-84,78.05,78.1,77.5,77.53
4-Sep-84,78.6,78.79,78.35,78.36
31-Aug-84,78.25,78.4,77.7,78.35
30-Aug-84,78.65,78.65,77.35,77.8
29-Aug-84,79.05,79.45,78.9,79.02
28-Aug-84,79.02,79.7,78.6,79.2
27-Aug-84,79.75,79.8,79.1,79.1
24-Aug-84,78.9,79.9,78.7,79.88
23-Aug-84,79.65,79.8,79,79.02
22-Aug-84,79.35,80.1,79.15,80.02
21-Aug-84,78.75,78.8,78.45,78.75
20-Aug-84,77.85,78.3,77.8,78.1
17-Aug-84,77.72,78.45,77.65,77.82
16-Aug-84,76.72,77.15,76.4,77.15
15-Aug-84,76.67,77.2,76.6,76.81
14-Aug-84,76.42,76.95,76.25,76.74
13-Aug-84,75.95,76.15,75.55,75.83
10-Aug-84,77.07,77.1,75.8,76
9-Aug-84,77.15,77.4,76.75,77
8-Aug-84,77.6,77.7,77,77.31
7-Aug-84,77.87,78,76.5,77.53
6-Aug-84,75.87,77.3,75.85,77.2
3-Aug-84,75.86,76.65,75.05,76.19
2-Aug-84,75.1,77.4,75,76.98
1-Aug-84,72.95,74.6,72.8,74.54
31-Jul-84,72.62,72.8,72.2,72.54
30-Jul-84,72.2,72.5,71.9,72.2
27-Jul-84,73.15,73.15,71.85,72.08
26-Jul-84,73.07,73.5,72.4,72.69
25-Jul-84,72.96,73.25,72.6,73.08
24-Jul-84,75.4,75.6,73.8,73.84
23-Jul-84,74.4,74.75,74.25,74.67
20-Jul-84,75.1,75.35,74.9,75.15
19-Jul-84,75.57,76.05,75.4,75.54
18-Jul-84,76.07,76.15,75.71,75.75
17-Jul-84,76.55,76.85,76.35,76.63
16-Jul-84,76.05,76.5,75.9,76.43
13-Jul-84,76.17,76.3,76.05,76.2
12-Jul-84,76.7,77.12,76.35,76.44
11-Jul-84,76.65,77.5,76.4,76.98
10-Jul-84,76.35,77.8,76.2,76.98
9-Jul-84,77.05,77.1,76.5,76.55
6-Jul-84,77.3,77.45,76.9,77.19
5-Jul-84,77,77.55,76.75,77
3-Jul-84,76.77,77.35,76.6,76.95
2-Jul-84,78.42,78.55,77.2,77.38
29-Jun-84,76.5,78,76.3,77.45
28-Jun-84,77.05,77.35,76.3,76.6
27-Jun-84,76.6,76.7,76.05,76.65
26-Jun-84,78.42,78.45,76.9,77.15
25-Jun-84,77.7,78.8,77.4,78.75
22-Jun-84,75.65,76.8,75.3,76.73
21-Jun-84,76.52,76.75,76,76.22
20-Jun-84,76.47,77,76.45,76.87
19-Jun-84,75.8,76.9,75.75,76.75
18-Jun-84,75.77,76.1,75.5,76.01
15-Jun-84,76.82,77,76.25,76.25
14-Jun-84,77.18,77.4,76.9,77.12
13-Jun-84,76.5,77.3,76.4,76.97
12-Jun-84,77.85,77.9,76.8,77.2
11-Jun-84,78.22,78.25,77,77.42
8-Jun-84,79.1,79.2,78.4,78.61
7-Jun-84,79.7,80.1,79,79.07
6-Jun-84,81.02,81.1,80.25,80.43
5-Jun-84,81.63,82.2,81.55,81.82
4-Jun-84,81.15,81.75,80.91,81.72
1-Jun-84,82.45,82.6,80.55,81.39
31-May-84,80.9,81.65,80.8,81.61
30-May-84,79.92,81.35,79.85,80.81
29-May-84,81.17,81.25,80.5,80.55
25-May-84,82.12,82.25,81.5,81.51
24-May-84,81.37,81.75,81,81.48
23-May-84,82.2,82.25,81.1,81.21
22-May-84,81.85,82.2,81.5,82.01
21-May-84,83.35,83.8,82.1,82.52
18-May-84,83.75,84.2,83.7,83.71
17-May-84,83.12,83.75,83,83.43
16-May-84,82.93,84.2,82.5,83.85
15-May-84,82.1,82.2,80.9,81.37
14-May-84,82.52,82.75,81.7,81.75
11-May-84,81.95,82.2,81.3,81.56
10-May-84,80.7,82.1,80.65,82
9-May-84,79.97,81.1,79.85,80.99
8-May-84,78.94,79.6,78.5,79.43
7-May-84,79.92,80.4,78.6,78.8
4-May-84,78.9,80.1,78.75,79.71
3-May-84,78.05,78.6,77.8,78.57
2-May-84,78.12,78.6,77.7,78.09
1-May-84,78.1,78.7,77.85,78.63
30-Apr-84,80.5,83.5,80.5,83.04
27-Apr-84,80.89,81.25,80.4,80.92
26-Apr-84,82.6,82.7,81.4,81.48
25-Apr-84,83.53,83.65,82.25,82.38
24-Apr-84,83.1,84.05,83,83.75
23-Apr-84,81.3,83,81.2,82.83
19-Apr-84,80.6,81.3,80.5,81.26
18-Apr-84,79.5,80.4,79.4,80.12
17-Apr-84,79.87,80.1,79.7,79.75
16-Apr-84,79.27,80.15,79.2,80.04
13-Apr-84,79.27,79.55,78.8,79.21
12-Apr-84,80.7,80.8,79.35,79.74
11-Apr-84,80.2,80.8,80.1,80.7
10-Apr-84,78.6,79.95,78.55,79.74
9-Apr-84,79.05,79.1,78.4,78.71
6-Apr-84,78.37,78.9,78.15,78.84
5-Apr-84,79.65,79.75,78.25,78.92
4-Apr-84,78.92,79.9,78.5,79.63
3-Apr-84,78.22,79.05,78.15,78.93
2-Apr-84,77.95,78.1,77.55,78.02
30-Mar-84,81.39,81.4,79.75,80.47
29-Mar-84,82.05,82.3,81.2,81.39
28-Mar-84,82.5,82.9,81.3,81.36
27-Mar-84,80.35,81.5,80.3,81.34
26-Mar-84,79.62,80.4,79.35,80.21
23-Mar-84,77.92,79.2,77.9,79
22-Mar-84,77.35,78.25,77.25,77.84
21-Mar-84,77.25,78.15,77.25,77.42
20-Mar-84,77.15,77.6,76.65,76.85
19-Mar-84,75.25,77,75.05,76.92
16-Mar-84,76.32,76.5,75.75,75.79
15-Mar-84,77.35,77.4,76.65,76.89
14-Mar-84,77.62,78.2,77.35,77.55
13-Mar-84,78.5,78.9,78.3,78.37
12-Mar-84,79.03,79.1,78.8,78.99
9-Mar-84,79.12,79.5,79.05,79.31
8-Mar-84,78.27,78.75,78.1,78.51
7-Mar-84,79.4,79.5,78.1,78.38
6-Mar-84,78.92,79.2,78.55,78.81
5-Mar-84,78.25,79.25,78.1,79.23
2-Mar-84,78,79.05,77.65,78.48
1-Mar-84,78.3,78.55,78.1,78.36
29-Feb-84,78.7,79.2,77.75,78.58
28-Feb-84,78.9,81.2,78.8,79.17
27-Feb-84,77.95,81.5,77.85,80.39
24-Feb-84,77.05,78.8,77,78.08
23-Feb-84,77.07,77.5,76.2,77.32
22-Feb-84,77.75,78.6,77.5,77.92
21-Feb-84,80,80.1,77.8,77.86
17-Feb-84,79.92,80.1,79,79.2
16-Feb-84,79.8,79.9,78.5,78.97
15-Feb-84,78.55,80.4,77.35,79.12
14-Feb-84,77.65,79.6,77,79.5
13-Feb-84,81.02,81.25,78.1,78.55
10-Feb-84,81.95,82,80.85,81.9
9-Feb-84,83.42,83.75,81.6,81.75
8-Feb-84,84.34,84.95,83.75,84.34
7-Feb-84,84,84.2,83.5,83.97
6-Feb-84,85.22,86.5,84.3,84.48
3-Feb-84,87.2,87.3,84.85,85.4
2-Feb-84,89.8,90.3,86.6,86.92
1-Feb-84,89.75,90.85,89,90.09
31-Jan-84,101.1,103.3,100,100.37
30-Jan-84,104.28,104.47,99.5,100.95
27-Jan-84,102.37,105.3,102,104.97
26-Jan-84,97.95,102,97.8,101.33
25-Jan-84,96.12,98,95.7,97.96
24-Jan-84,94.6,97,94.3,96.46
23-Jan-84,98.25,98.85,94.9,95.35
20-Jan-84,94.3,98.5,93,97.7
19-Jan-84,91.34,94.1,91,93.45
18-Jan-84,87.92,89.99,87.8,89.68
17-Jan-84,88.65,88.8,86.8,88.32
16-Jan-84,86.75,87.9,86.6,87.8
13-Jan-84,84.9,85.8,84.8,85.52
12-Jan-84,83.97,84.5,83.8,84.01
11-Jan-84,84.15,84.6,83.7,84.02
10-Jan-84,83.45,83.6,82.4,83.05
9-Jan-84,81.2,82.7,81,82.68
6-Jan-84,80.15,81,78.9,80.97
5-Jan-84,83.2,83.4,79.5,79.72
4-Jan-84,82.25,82.4,81.15,81.64
3-Jan-84,81.47,81.8,80.6,81.1
30-Dec-83,84.9,85,84,84.24
29-Dec-83,84.55,85.15,84.05,84.35
28-Dec-83,84.25,85.3,84,85.03
27-Dec-83,84.45,85.55,84.4,85.2
23-Dec-83,81.1,82.9,81,82.7
22-Dec-83,79.75,80.75,79.5,80.68
21-Dec-83,80.7,81.2,79.45,79.76
20-Dec-83,77.99,79.1,77.94,79.03
19-Dec-83,76.75,77.5,76.5,77.37
16-Dec-83,77.12,77.15,75.8,76.02
15-Dec-83,78.4,78.4,76.9,77.05
14-Dec-83,78.45,78.94,78.4,78.56
13-Dec-83,78.6,79,78.55,78.79
12-Dec-83,79.17,79.3,78.85,79.09
9-Dec-83,78.4,78.9,78.3,78.65
8-Dec-83,78.2,78.85,78.1,78.6
7-Dec-83,77.7,78.2,77.6,77.8
6-Dec-83,77.82,78.75,77.75,78.68
5-Dec-83,78.37,78.6,77.95,78.43
2-Dec-83,78.55,78.8,78.2,78.25
1-Dec-83,78.2,78.4,77.75,78.17
30-Nov-83,79.35,79.5,78.05,78.21
29-Nov-83,80.25,80.5,79.6,79.72
28-Nov-83,80.12,81,80,80.67
23-Nov-83,79.67,79.85,79,79.11
22-Nov-83,80.4,80.45,79.4,79.46
21-Nov-83,80.2,80.55,79.9,80.16
18-Nov-83,80.32,80.5,78.9,80.44
17-Nov-83,79.5,80.3,79,79.39
16-Nov-83,82.3,82.7,81.5,81.75
15-Nov-83,81.5,82.2,81.2,81.83
14-Nov-83,81.21,82.4,81.12,81.81
11-Nov-83,82.5,82.6,81.6,81.77
10-Nov-83,82.67,82.9,82.25,82.28
9-Nov-83,83.6,83.9,83.06,83.15
8-Nov-83,82.42,83.14,82.35,82.81
7-Nov-83,83.1,83.3,82.65,82.74
4-Nov-83,83.19,83.5,82.8,83.47
3-Nov-83,82.45,83.4,82.4,83.38
2-Nov-83,81.95,82.3,81.7,82.24
1-Nov-83,81.5,81.5,81.5,81.5
31-Oct-83,79.75,80.2,79.5,79.98
28-Oct-83,80.2,80.35,80,80.07
27-Oct-83,79.75,79.8,79.4,79.78
26-Oct-83,80.25,80.25,79.55,79.62
25-Oct-83,80.65,81,80.55,80.89
24-Oct-83,80.97,81,80.4,80.78
21-Oct-83,80.3,80.6,80.1,80.56
20-Oct-83,80.5,80.6,80.05,80.37
19-Oct-83,81.5,81.55,80.85,80.95
18-Oct-83,81.85,82.15,81.6,81.6
17-Oct-83,81.37,81.8,81.1,81.75
14-Oct-83,82.3,82.85,81.4,81.65
13-Oct-83,81.87,82.3,81.85,82.16
12-Oct-83,82.05,82.1,81.4,81.57
11-Oct-83,82.32,82.45,81.95,82
10-Oct-83,82.35,82.9,82.1,82.83
7-Oct-83,81.47,81.6,81.25,81.44
6-Oct-83,81.25,81.3,80.65,80.95
5-Oct-83,81.95,82.25,80.7,80.98
4-Oct-83,80,81.15,78.25,80.5
3-Oct-83,80.7,80.8,78.35,78.72
30-Sep-83,81.5,81.5,79.4,80.41
29-Sep-83,82.47,82.5,80.85,81.4
28-Sep-83,83.12,83.2,82.1,82.3
27-Sep-83,83.65,83.85,83.3,83.46
26-Sep-83,84.5,84.55,83.9,83.9
23-Sep-83,84.95,85,84.5,84.61
22-Sep-83,85.22,85.3,84.7,84.74
21-Sep-83,84.1,85.35,83.85,85.32
20-Sep-83,84.85,84.9,84.1,84.28
19-Sep-83,84.75,84.95,84.35,84.8
16-Sep-83,84.55,85,84.5,84.81
15-Sep-83,84.32,84.6,83.9,84.55
14-Sep-83,82.7,84.35,82.6,83.76
13-Sep-83,82.43,83.27,82.37,83.23
12-Sep-83,83.22,83.33,82.55,82.57
9-Sep-83,83.6,83.65,83.05,83.09
8-Sep-83,83.5,83.6,83.25,83.35
7-Sep-83,84.2,84.75,84,84.07
6-Sep-83,83.65,84.1,83.5,83.83
2-Sep-83,84.4,84.9,84.3,84.52
1-Sep-83,84.97,85.05,84.5,84.55
31-Aug-83,84.95,85,84,84.19
30-Aug-83,84.67,85.05,84.4,84.91
29-Aug-83,85.2,85.2,84.65,84.65
26-Aug-83,84.87,85.2,84.85,85.05
25-Aug-83,84.95,85,84.45,84.93
24-Aug-83,85.47,85.6,84.75,84.79
23-Aug-83,84.85,85.2,84.8,85.07
22-Aug-83,85.32,85.55,84.9,84.96
19-Aug-83,85.5,86,85.3,85.68
18-Aug-83,86.1,86.2,85.8,85.9
17-Aug-83,85.4,86.1,85.3,85.88
16-Aug-83,85.9,85.9,85.7,85.82
15-Aug-83,86.1,86.3,86,86.1
12-Aug-83,85.6,85.95,85.55,85.85
11-Aug-83,85.45,85.55,85.1,85.3
10-Aug-83,85,85.7,84.9,85.2
9-Aug-83,84.47,84.5,84,84.07
8-Aug-83,84.66,84.72,84.2,84.46
5-Aug-83,84.87,85.05,84.75,84.97
4-Aug-83,85.07,85.24,84.75,85.09
3-Aug-83,84.65,84.95,84.35,84.58
2-Aug-83,85.02,85.5,84.7,85.2
1-Aug-83,84.8,85.3,84.2,84.98
29-Jul-83,82.9,83.25,82.5,83.23
28-Jul-83,82.45,82.5,81.9,82.29
27-Jul-83,82.27,82.8,82.1,82.23
26-Jul-83,81.3,82.05,81.3,81.68
25-Jul-83,81.4,81.65,81.3,81.54
22-Jul-83,81.8,82.2,81.6,81.98
21-Jul-83,82.83,82.9,81.9,82.1
20-Jul-83,82.92,83.3,82.5,83.23
19-Jul-83,82.6,82.9,82,82.73
18-Jul-83,83.45,83.9,82.5,82.54
15-Jul-83,82.85,83.45,82.6,83.17
14-Jul-83,83.4,83.85,82.8,82.94
13-Jul-83,83.4,84.09,83.15,83.86
12-Jul-83,82.76,82.9,82.35,82.65
11-Jul-83,81.98,82.5,81.86,82.17
8-Jul-83,81.4,82.25,81.3,81.75
7-Jul-83,80.22,82,80.2,81.79
6-Jul-83,80.3,80.6,80,80.04
5-Jul-83,81.87,82,81,81.15
1-Jul-83,82.15,82.45,81.6,82
30-Jun-83,80.77,81.6,80.75,81.02
29-Jun-83,80.75,81,80.35,80.46
28-Jun-83,80.9,81.4,80.6,80.83
27-Jun-83,81.95,82.1,81.2,81.72
24-Jun-83,80.97,81.8,80.8,81.7
23-Jun-83,81.1,81.75,80.7,81.23
22-Jun-83,81.33,81.75,79.9,80.01
21-Jun-83,82.15,82.4,81.2,81.22
20-Jun-83,82.62,83.35,82.6,82.76
17-Jun-83,82.5,82.6,81.85,82.28
16-Jun-83,81.25,82.9,81.2,82.43
15-Jun-83,80.5,81.7,80.35,81.4
14-Jun-83,81,81.1,80,80.14
13-Jun-83,80.05,81,80,80.99
10-Jun-83,79.85,80,79.5,79.68
9-Jun-83,79.87,80.3,79.5,79.53
8-Jun-83,80.85,81.2,79.9,80.16
7-Jun-83,78.85,80.1,78.8,80.04
6-Jun-83,78.5,79.2,78.35,78.68
3-Jun-83,78.42,79,78.15,78.83
2-Jun-83,78.75,79.3,78.55,78.79
1-Jun-83,78.2,78.5,77.7,78.44
31-May-83,79.3,80.25,79.25,79.5
27-May-83,80.05,80.25,79.5,79.56
26-May-83,79.47,80.25,79.25,80.21
25-May-83,77.95,78.85,77.9,78.75
24-May-83,78.35,78.8,78.1,78.2
23-May-83,78.62,80,78.5,79.23
20-May-83,78.4,79.25,77.75,79.11
19-May-83,77.7,77.7,76.8,77.33
18-May-83,76.74,77.4,76.65,77.26
17-May-83,76.4,77.75,76.35,77.3
16-May-83,75.25,77.25,75.1,76.68
13-May-83,74.5,74.99,74,74.63
12-May-83,74.5,74.8,74.15,74.3
11-May-83,75.4,75.8,75.1,75.41
10-May-83,75.45,76,75.1,75.9
9-May-83,77.22,77.3,75,75.06
6-May-83,77.47,78.6,77.47,77.77
5-May-83,77.55,77.6,76.8,77.47
4-May-83,77.75,78.15,76.8,77.55
3-May-83,78.37,78.75,77.2,77.33
2-May-83,79.45,79.95,78.25,78.33
29-Apr-83,83.4,84,83.3,83.69
28-Apr-83,83.5,83.5,83.1,83.42
27-Apr-83,83.75,84.25,83.6,83.98
26-Apr-83,84.32,84.4,83.5,83.51
25-Apr-83,84,84.9,83.8,84.54
22-Apr-83,82.55,84.5,82.5,83.43
21-Apr-83,82.95,83.1,82.5,82.72
20-Apr-83,81.72,82.6,81.4,82.6
19-Apr-83,80.95,82.4,80.66,81.83
18-Apr-83,80.17,80.99,80.05,80.84
15-Apr-83,79.9,80,79.4,79.44
14-Apr-83,80.6,80.75,80.1,80.19
13-Apr-83,80.7,80.8,80.1,80.55
12-Apr-83,80.3,81.4,80.05,81.04
11-Apr-83,78.9,79.85,78.75,79.6
8-Apr-83,79.71,79.85,78.65,79.24
7-Apr-83,77.7,78.85,77.4,78.72
6-Apr-83,77.25,78.2,76.55,77.95
5-Apr-83,76.62,77.4,76.4,76.84
4-Apr-83,74.85,74.9,74.85,74.9
31-Mar-83,75.37,77,75.15,75.51
30-Mar-83,75.62,75.75,75.4,75.58
29-Mar-83,76.7,76.7,75.35,75.45
28-Mar-83,74.75,75.75,74.4,75.75
25-Mar-83,74.87,75,74.1,74.34
24-Mar-83,74.95,75.75,74.5,75.05
23-Mar-83,72.85,73.9,72.8,73.6
22-Mar-83,72.55,73.75,72.5,73.52
21-Mar-83,71.8,72.1,71.3,72.02
18-Mar-83,72.55,72.6,71.85,71.99
17-Mar-83,72.64,72.79,72,72
16-Mar-83,73,73.8,72.8,73.03
15-Mar-83,73.4,74,72.5,73.95
14-Mar-83,73.2,74.39,72.3,74.23
11-Mar-83,69.55,71.8,69.5,71.4
10-Mar-83,72.95,73.15,69.65,70.37
9-Mar-83,70.52,71.7,70.5,71.43
8-Mar-83,69.8,70.5,69.6,70.25
7-Mar-83,70.67,71.3,70.25,70.58
4-Mar-83,71.3,71.6,70.75,70.92
3-Mar-83,71.3,72.4,70.85,71.98
2-Mar-83,73.1,73.3,71.55,71.86
1-Mar-83,71.1,72.5,70.9,72.36
28-Feb-83,72.87,73.4,72.47,72.84
25-Feb-83,73.35,74.2,73.2,73.97
24-Feb-83,73.67,74.45,73.4,74.12
23-Feb-83,71,73.15,70.5,73.04
22-Feb-83,69.5,70.5,68,70
18-Feb-83,75.12,75.25,74.5,74.68
17-Feb-83,75.95,76.15,74.05,74.25
16-Feb-83,75.92,76.25,75.65,75.93
15-Feb-83,76.55,76.9,76.1,76.58
14-Feb-83,77.57,77.8,76.6,76.74
11-Feb-83,76.35,76.7,76.1,76.34
10-Feb-83,75.39,75.9,75.15,75.53
9-Feb-83,74.4,76.25,74.2,75.78
8-Feb-83,76.37,76.55,74.9,75.36
7-Feb-83,76.37,77.45,76.25,76.67
4-Feb-83,74.15,75.8,74.1,75.65
3-Feb-83,74.62,75.4,74.15,74.35
2-Feb-83,73.97,74.9,73.2,74.45
1-Feb-83,71.9,75,71.4,74.85
31-Jan-83,78.2,79.25,77.25,78.38
28-Jan-83,79.25,80,79,79.21
27-Jan-83,78.32,79.25,77.6,78.94
26-Jan-83,77.95,78.75,77.3,78.43
25-Jan-83,76.77,78.8,76.54,78.35
24-Jan-83,80.25,80.5,78.5,78.54
21-Jan-83,84.37,84.8,82.9,83.36
20-Jan-83,84.82,85.7,84.65,85.57
19-Jan-83,83.15,84,83.05,84
18-Jan-83,83.55,83.8,82.35,82.94
17-Jan-83,83.07,83.9,82.9,83.7
14-Jan-83,82.5,82.95,82.35,82.46
13-Jan-83,82.17,82.6,81.75,82.29
12-Jan-83,81.45,82.3,81.3,81.99
11-Jan-83,80.94,81.7,80.65,81.46
10-Jan-83,82.32,82.5,81.15,81.89
7-Jan-83,82.55,83,81.75,82.69
6-Jan-83,83.47,83.85,82,82.34
5-Jan-83,83.05,84,82.9,83.92
4-Jan-83,83.3,83.65,82.5,82.81
30-Dec-82,83.1,83.65,82.5,82.81
29-Dec-82,82.95,83.95,82.85,83.75
28-Dec-82,81.32,82.75,81.25,82.52
27-Dec-82,82.95,83,81.15,81.2
23-Dec-82,85.3,85.3,83.3,83.56
22-Dec-82,83.45,84.5,82.6,83.94
21-Dec-82,82.87,83.1,82.2,82.89
20-Dec-82,87.07,87.1,84.75,84.81
17-Dec-82,86.71,87.65,86.4,87.5
16-Dec-82,86.17,86.9,85.9,86.62
15-Dec-82,85.87,87.1,85.4,86.35
14-Dec-82,89.92,90.05,86.5,86.58
13-Dec-82,88.95,89.8,88.75,89.01
10-Dec-82,90.3,90.6,87.25,88.23
9-Dec-82,87.25,89,86.5,88.83
8-Dec-82,82.85,85.95,82.7,85.81
7-Dec-82,83.47,85.6,83.25,84.08
6-Dec-82,81.35,82.9,80.75,82.36
3-Dec-82,81.35,84.7,80.7,82.54
2-Dec-82,85.27,85.3,83,83.01
1-Dec-82,85.8,85.8,85.8,85.8
30-Nov-82,89.5,89.7,86.5,88
29-Nov-82,86.9,89,85.6,88.78
26-Nov-82,85.85,86.4,85.25,85.85
24-Nov-82,89.4,90.5,87.6,87.82
23-Nov-82,90.42,90.45,88.3,88.92
22-Nov-82,91.87,92,90,90.25
19-Nov-82,94,94.1,91.5,91.57
18-Nov-82,92.62,93.8,92.5,93.43
17-Nov-82,94.05,94.1,93.1,93.17
16-Nov-82,93.9,94.2,93,93.46
15-Nov-82,95.81,96,94.6,94.77
12-Nov-82,95.43,96.75,95.37,96.23
11-Nov-82,96.07,96.3,95.2,96.17
10-Nov-82,97.82,98.4,97.7,97.93
9-Nov-82,97.27,98.25,97,97.62
8-Nov-82,98.32,98.4,97.45,97.64
5-Nov-82,98.9,99.6,98.4,98.75
4-Nov-82,97.17,100,97,99.69
3-Nov-82,96.6,98.05,96.6,96.85
1-Nov-82,99.3,99.35,98.45,99.02
29-Oct-82,99.1,99.1,98.4,99
28-Oct-82,100,100,98,98.5
27-Oct-82,100.72,100.85,99,99.24
26-Oct-82,100.17,100.5,99.95,100.44
25-Oct-82,100.97,101.2,100.4,100.4
22-Oct-82,100.75,102.8,100,101.35
21-Oct-82,103.1,103.1,101.7,101.8
20-Oct-82,103.5,103.8,103.2,103.6
19-Oct-82,103.87,104.2,103.05,103.5
18-Oct-82,102.67,104,102.65,103.44
15-Oct-82,102.5,103.05,102.5,102.8
14-Oct-82,102.63,103.25,102.4,102.75
13-Oct-82,101.12,102.9,100.9,102.76
12-Oct-82,100.77,101.15,100.7,101
11-Oct-82,100.5,101.15,100.2,100.85
8-Oct-82,100.5,101,100.35,100.5
7-Oct-82,101.05,101.4,100.8,100.8
6-Oct-82,100.27,100.5,100,100.25
5-Oct-82,100.67,101.5,100.25,100.45
4-Oct-82,100.35,101.25,100.25,100.97
1-Oct-82,100.3,100.75,100.29,100.73
30-Sep-82,99.17,99.2,98.5,99.1
29-Sep-82,100.16,100.22,99,99.42
28-Sep-82,99.7,99.9,99.5,99.72
27-Sep-82,99.4,99.95,99.25,99.6
24-Sep-82,99.2,99.75,99,99.61
23-Sep-82,99.8,100,99.3,99.73
22-Sep-82,97.95,99.8,97.9,98.9
21-Sep-82,96.8,97.7,96.7,97.5
20-Sep-82,97.15,97.15,96.5,96.98
17-Sep-82,96.89,97.4,96.75,97.4
16-Sep-82,96.8,97.4,96.75,97.4
15-Sep-82,96.12,96.7,96.1,96.6
14-Sep-82,95.5,96,95.5,95.75
13-Sep-82,94.6,95.4,94.4,95.35
10-Sep-82,95.55,95.6,94.8,94.94
9-Sep-82,95.75,96.3,95.6,95.92
8-Sep-82,95.2,96.01,95.1,95.64
7-Sep-82,96.72,96.8,95.3,96.01
3-Sep-82,95,95.1,94.4,94.98
2-Sep-82,94.2,94.9,94,94.28
31-Aug-82,93.1,94.25,92.9,93.89
30-Aug-82,92,92.9,92,92.9
27-Aug-82,91.9,92.1,91.75,92.1
26-Aug-82,91.55,92.15,91.25,92.15
25-Aug-82,91.1,91.5,90.5,91.5
24-Aug-82,92.3,92.3,90.75,90.75
23-Aug-82,91.4,91.6,91.25,91.5
20-Aug-82,90.44,90.85,90.4,90.85
19-Aug-82,90.15,90.4,89.75,90.39
18-Aug-82,90.05,90.3,89.6,90.25
17-Aug-82,88.65,89.1,88.6,89.1
16-Aug-82,89.12,89.25,88.65,88.75
13-Aug-82,89.75,89.75,89.1,89.14
12-Aug-82,90.12,90.8,89.25,89.42
11-Aug-82,91.4,92.5,90.9,90.93
10-Aug-82,91.25,92.25,90.1,91.89
9-Aug-82,89.15,90.9,89,90.8
6-Aug-82,89.25,89.5,88.9,89.49
5-Aug-82,88.55,90.1,88.5,89.89
4-Aug-82,88.4,88.5,88,88.35
30-Jul-82,88.95,88.95,87,87.7
29-Jul-82,88,88.5,87.75,88.5
28-Jul-82,88.37,88.5,87.7,88.23
27-Jul-82,87.4,88.2,87.3,87.77
26-Jul-82,87.5,87.55,87,87.5
23-Jul-82,89.7,90,88.3,88.45
22-Jul-82,89,89.6,88.75,89.25
21-Jul-82,89.37,89.5,88.25,88.33
20-Jul-82,88.65,89.45,88.5,88.83
19-Jul-82,90.02,90.24,88.6,88.78
16-Jul-82,91.12,92.25,90.75,91.52
15-Jul-82,89.1,90.5,88.8,90.19
14-Jul-82,90.55,90.9,88,88.66
13-Jul-82,86.5,88.65,86.25,88.51
12-Jul-82,87.5,88,86.55,86.59
9-Jul-82,89.7,90.75,89.6,90.45
8-Jul-82,89.7,89.9,88.9,89.35
7-Jul-82,89.05,89.6,88.76,89.5
6-Jul-82,89.7,90.15,88.9,89.88
2-Jul-82,88.5,90.25,88,90.08
1-Jul-82,91.93,91.93,91.93,91.93
30-Jun-82,92.45,92.9,91.85,91.93
29-Jun-82,92.7,93,92.4,93
28-Jun-82,92.47,93.75,92.25,93.25
25-Jun-82,91.95,93.1,91.55,92.07
24-Jun-82,90,92.2,89.75,91.35
23-Jun-82,89.85,91,89.8,90.94
22-Jun-82,91.25,91.5,89.5,90.03
21-Jun-82,90.07,90.6,88.5,90.04
18-Jun-82,90.85,91.4,90.8,91.08
17-Jun-82,90.87,91.1,90,90.87
16-Jun-82,92.27,92.8,91.8,92
15-Jun-82,91.02,92.7,90.55,91.99
14-Jun-82,92.87,92.9,92.1,92.82
11-Jun-82,94.2,94.45,92.9,93.13
10-Jun-82,96,96.1,95.2,95.35
9-Jun-82,96.12,97.25,95.5,95.5
8-Jun-82,93.9,97.15,93.5,96.74
7-Jun-82,93.6,95.1,93.2,95.05
4-Jun-82,89.99,91.99,89.88,91.58
3-Jun-82,91.32,91.5,90.15,90.38
2-Jun-82,88.37,92.66,88.25,90.66
1-Jun-82,90.3,91.4,89.2,89.68
28-May-82,94.77,95.5,94,94
27-May-82,94.5,94.7,94.2,94.59
26-May-82,94.77,95.5,94.6,95
25-May-82,94.2,94.75,94,94.57
24-May-82,94.77,94.8,93.75,94.6
21-May-82,93.07,94.5,93,94.43
20-May-82,91.5,92.8,91.5,92.6
19-May-82,91.6,92.8,91.5,92.52
18-May-82,92.1,92.2,91.25,91.25
17-May-82,102.5,102.5,102.5,102.5
30-Apr-82,91.85,91.85,90,90.5
29-Apr-82,90.9,91.5,90.49,91.36
28-Apr-82,90.12,91,89.25,91
27-Apr-82,90.75,91.35,90,90.24
26-Apr-82,93.55,93.6,92.25,92.74
23-Apr-82,91.87,92.25,91,92.13
22-Apr-82,91.45,92.4,90.65,91.37
21-Apr-82,86.92,88.5,85.7,88.36
20-Apr-82,83.35,86.5,82.75,86.25
19-Apr-82,85.9,85.9,83.3,83.5
16-Apr-82,86.4,86.5,85.95,86.07
15-Apr-82,86.82,87.15,86,86.95
14-Apr-82,87.6,88.4,85.9,87.01
13-Apr-82,84.15,86.8,84,86.35
12-Apr-82,84.55,85.1,84.1,84.37
8-Apr-82,87.05,87.5,85.5,86.04
7-Apr-82,84.2,86.8,84.1,86.15
6-Apr-82,82.75,85.1,82.5,84.67
5-Apr-82,82.62,85.25,82,84.73
2-Apr-82,77.87,79.2,77.8,79.08
1-Apr-82,78.35,79.3,77.4,78.21
31-Mar-82,82,83,81.75,82
30-Mar-82,80.37,81.03,80.25,80.98
29-Mar-82,80.7,81.9,80.2,80.2
26-Mar-82,78.9,80.7,78.8,80.5
25-Mar-82,79.37,80.6,78.4,80.05
24-Mar-82,77.42,79.25,77.1,77.83
23-Mar-82,78.17,78.4,77.25,77.4
22-Mar-82,75.24,77.5,75.1,77
19-Mar-82,76.82,76.9,75.85,76.38
18-Mar-82,77.87,78.25,77.5,77.93
17-Mar-82,75.89,76.75,75.75,76.66
16-Mar-82,75.64,75.89,75.1,75.68
15-Mar-82,76.57,76.75,75.45,75.89
12-Mar-82,76.8,77.3,75.9,76.29
11-Mar-82,75,76.2,74,75.56
10-Mar-82,74.85,79.25,74.3,78.33
9-Mar-82,72.25,74,70.79,73.61
8-Mar-82,72.38,72.75,70.01,70.2
5-Mar-82,75.1,75.7,73,73.06
4-Mar-82,74.82,75.85,74.65,75.45
3-Mar-82,76.57,76.9,76.03,76.07
2-Mar-82,78.07,78.15,77.65,77.98
1-Mar-82,77.17,77.8,76.7,77.69
26-Feb-82,87.4,88.6,87.3,87.84
25-Feb-82,86.62,88.85,86.5,88.5
24-Feb-82,84.9,85.9,84.45,85.74
23-Feb-82,83.95,84.6,83.75,84.53
22-Feb-82,85.35,85.4,84.78,85.2
19-Feb-82,85.7,86,85.35,85.5
18-Feb-82,85.8,86.8,85.7,86.3
17-Feb-82,85.87,86.95,85.25,86.68
16-Feb-82,86.7,87,86,86.88
12-Feb-82,87.75,88.25,85.5,85.73
11-Feb-82,83.65,86.25,83.5,85.93
10-Feb-82,82.42,84.3,82.05,84.06
9-Feb-82,81.62,81.95,81.35,81.46
8-Feb-82,85.15,85.35,83.1,83.43
5-Feb-82,85.47,86.65,85.2,86.1
4-Feb-82,84.19,85,83.9,84.78
3-Feb-82,85.78,85.9,84.2,84.41
2-Feb-82,83.35,85,83.3,84.66
1-Feb-82,85.62,85.8,83.8,83.89
29-Jan-82,89.87,89.95,89.5,89.7
28-Jan-82,91.05,91.2,90.2,90.48
27-Jan-82,92.37,92.45,91.4,91.5
26-Jan-82,93.65,93.9,93.2,93.3
25-Jan-82,93.4,94.75,93.25,94.62
22-Jan-82,92.97,93.15,92.75,93.05
21-Jan-82,94.57,94.65,92.95,93.08
20-Jan-82,94.82,97.2,94.7,94.85
19-Jan-82,96.3,96.4,95.5,95.55
18-Jan-82,97.32,97.4,96.65,97.05
15-Jan-82,96.07,97.2,95.9,97
14-Jan-82,94.87,95.45,94.75,95.25
13-Jan-82,94.75,95.7,94.55,95.68
12-Jan-82,95.55,95.6,95.05,95.09
11-Jan-82,96.05,96.1,95.3,95.44
8-Jan-82,95.2,95.9,94.7,95.26
7-Jan-82,96.05,96.4,95.5,95.73
6-Jan-82,95.62,95.75,95.05,95.69
5-Jan-82,95.42,95.9,94.85,95.13
4-Jan-82,96.22,96.4,95,95.14
31-Dec-81,97.4,97.4,96.95,97.1
30-Dec-81,101,101,101,101
23-Dec-81,102,102,102,102
22-Dec-81,99,99,99,99
21-Dec-81,101,101,101,101
18-Dec-81,102,102,102,102
17-Dec-81,102,102,102,102
16-Dec-81,102,102,102,102
15-Dec-81,94.75,94.75,94.75,94.75
14-Dec-81,94.75,94.75,94.75,94.75
11-Dec-81,98.5,98.5,98.5,98.5
10-Dec-81,96,96,96,96
8-Dec-81,98.7,98.7,98.7,98.7
30-Nov-81,101.17,101.2,100.9,101
27-Nov-81,101.37,101.4,101.1,101.3
25-Nov-81,103,103,103,103
24-Nov-81,103,103,103,103
23-Nov-81,103.25,103.25,103.25,103.25
20-Nov-81,105.5,105.5,105.5,105.5
17-Nov-81,104.5,104.5,104.5,104.5
16-Nov-81,104,104,104,104
13-Nov-81,105,105,105,105
12-Nov-81,104.5,104.5,104.5,104.5
11-Nov-81,103.5,103.5,103.5,103.5
9-Nov-81,103,103,103,103
6-Nov-81,107,107,107,107
5-Nov-81,107.5,107.5,107.5,107.5
4-Nov-81,107,107,107,107
3-Nov-81,105,105,105,105
2-Nov-81,100.75,100.8,100.55,100.65
30-Oct-81,99.7,99.75,99.5,99.6
29-Oct-81,98.6,99.25,98.6,99.25
28-Oct-81,98.85,99.15,98.7,99.1
27-Oct-81,99.37,99.45,99.25,99.25
26-Oct-81,99.05,99.2,98.7,99
23-Oct-81,98.09,98.4,98,98.3
22-Oct-81,98.85,98.95,98,98.08
21-Oct-81,99.32,99.45,99.15,99.4
20-Oct-81,99.15,99.15,99,99.05
19-Oct-81,98.8,98.95,98.7,98.95
16-Oct-81,99.05,99.1,98.5,98.74
15-Oct-81,98.42,99,98.4,98.98
14-Oct-81,98.19,98.28,98.15,98.25
13-Oct-81,97.75,99.15,97.65,98.08
12-Oct-81,98.2,98.2,97.69,97.9
9-Oct-81,98.27,98.5,98.26,98.38
8-Oct-81,97.87,98.15,97.85,98.12
7-Oct-81,97.42,97.6,97.35,97.55
6-Oct-81,97.22,97.8,97.2,97.58
5-Oct-81,97.1,97.35,97,97.25
2-Oct-81,96.99,97,96.7,96.89
1-Oct-81,96.82,96.9,96.65,96.83
30-Sep-81,95.5,95.7,93.3,95.5
29-Sep-81,95.27,95.35,95.15,95.35
28-Sep-81,94.9,95.2,94.8,95.12
25-Sep-81,95.36,95.4,95,95.4
24-Sep-81,95.25,95.65,94.9,95.56
23-Sep-81,94.2,94.9,94.2,94.7
22-Sep-81,94.25,94.25,94.15,94.15
21-Sep-81,94.35,94.45,94.15,94.16
18-Sep-81,94.15,94.25,94.1,94.17
17-Sep-81,94.3,94.3,94.1,94.25
16-Sep-81,94.85,94.85,94.35,94.6
15-Sep-81,94.62,94.9,94.5,94.85
14-Sep-81,94.1,94.1,93.9,94
11-Sep-81,93.77,93.8,93.6,93.72
10-Sep-81,93.85,93.95,93.66,93.75
9-Sep-81,93.92,93.99,93.56,93.61
8-Sep-81,94.35,94.35,94.1,94.15
4-Sep-81,95.1,95.15,94.7,94.72
3-Sep-81,94.8,94.85,94.35,94.85
2-Sep-81,93.64,93.64,93.64,93.64
1-Sep-81,93.64,93.64,93.64,93.64
31-Aug-81,94.12,94.15,93.5,93.64
28-Aug-81,94.2,94.4,94,94.15
27-Aug-81,93.8,93.85,93.4,93.85
26-Aug-81,95.2,95.3,93.9,93.99
25-Aug-81,94.08,94.2,94.02,94.15
24-Aug-81,94.72,94.8,94.25,94.43
21-Aug-81,95.15,95.8,94.82,95
20-Aug-81,95.7,95.8,95.4,95.42
19-Aug-81,95.32,95.75,95.25,95.56
18-Aug-81,95.55,95.75,95.3,95.45
17-Aug-81,95.75,96,95.75,95.92
14-Aug-81,95.25,95.6,95.16,95.58
13-Aug-81,94.7,95.2,94.6,95.16
12-Aug-81,95.45,95.5,94.9,94.9
11-Aug-81,94.67,95.3,94.55,95.29
10-Aug-81,94.9,95,94.75,94.8
7-Aug-81,95.2,95.4,95.2,95.25
6-Aug-81,95.66,95.7,95.31,95.54
5-Aug-81,95.25,95.7,95.25,95.48
4-Aug-81,94.65,95.19,94.55,95.1
3-Aug-81,95.4,95.4,94.8,94.87
31-Jul-81,94.1,94.25,94,94.15
30-Jul-81,93.65,94,93.65,93.7
29-Jul-81,93.6,93.85,93.6,93.65
28-Jul-81,93.22,93.55,93.03,93.4
27-Jul-81,93.65,93.65,93.3,93.4
24-Jul-81,94,94,93.8,93.8
23-Jul-81,94.65,94.8,93.9,94.05
22-Jul-81,94.35,94.45,93.95,93.95
21-Jul-81,94.8,94.9,94.5,94.9
20-Jul-81,95.25,96,95,95.58
17-Jul-81,94.25,94.65,94.2,94.65
16-Jul-81,94.34,94.5,94,94.02
15-Jul-81,93.6,94.35,93.5,94.04
14-Jul-81,94.25,94.4,93.7,93.78
13-Jul-81,93.9,94.2,93.7,94.08
10-Jul-81,93.02,93.5,92.8,93.5
9-Jul-81,92.45,92.65,92.4,92.45
8-Jul-81,92.4,92.45,92.2,92.43
7-Jul-81,92.67,92.85,92.31,92.41
6-Jul-81,92.1,92.5,92.1,92.35
2-Jul-81,91.65,92.1,91.6,92.1
1-Jul-81,91.8,91.9,91.55,91.75
30-Jun-81,91,91.25,90.9,91.19
29-Jun-81,91.12,91.35,91,91.07
26-Jun-81,90.92,90.95,90.75,90.95
25-Jun-81,91.22,91.5,90.8,91
24-Jun-81,90.7,90.95,90.6,90.85
23-Jun-81,90.9,91,90.55,90.75
22-Jun-81,90.3,90.8,90.3,90.65
19-Jun-81,90.22,90.5,90.15,90.5
18-Jun-81,90.25,90.5,89.9,90.4
17-Jun-81,90.43,90.6,90.35,90.42
16-Jun-81,90.95,91,90.65,90.8
15-Jun-81,90.85,91.3,90.7,91.14
12-Jun-81,91.27,91.75,91,91.05
11-Jun-81,90.45,91.35,90.4,91.1
10-Jun-81,90.25,90.8,90.1,90.75
9-Jun-81,89.9,90.75,89.8,90.52
8-Jun-81,90.75,91,89.45,89.9
5-Jun-81,91.22,91.35,89.8,90.06
4-Jun-81,91.15,91.49,91.05,91.45
3-Jun-81,91.95,92.1,91.7,91.72
2-Jun-81,91.67,92.45,91.6,92.01
1-Jun-81,91.55,92.05,91.4,91.95
29-May-81,91.67,91.9,91.5,91.5
28-May-81,91.95,92.49,91.9,92.1
27-May-81,91.77,92,91.55,91.9
26-May-81,92.25,92.75,92.1,92.73
22-May-81,92.22,92.55,92.2,92.5
21-May-81,92.6,92.8,92.25,92.3
20-May-81,93,93,92.8,92.86
19-May-81,93,93.5,92.9,93.4
18-May-81,92.3,92.86,92.3,92.75
15-May-81,92.15,92.5,92.15,92.46
14-May-81,92.75,92.75,92.3,92.45
13-May-81,93.65,93.8,93.05,93.06
12-May-81,92.57,93.65,92.55,93.2
11-May-81,92.55,92.65,92.4,92.64
8-May-81,93.57,93.65,92.5,92.55
7-May-81,92.25,93.1,92.1,93.04
6-May-81,91.6,91.75,91.3,91.32
5-May-81,90.97,91.2,90.9,91.05
4-May-81,91.2,91.86,91.05,91.2
1-May-81,92.95,93.15,91,91.49
30-Apr-81,92.95,93.5,92.5,93
29-Apr-81,92.35,92.4,92.2,92.25
28-Apr-81,93.07,93.15,92.75,92.75
27-Apr-81,93.5,93.5,93.25,93.35
24-Apr-81,93.8,93.8,93.45,93.5
23-Apr-81,94.1,94.15,93.8,93.8
22-Apr-81,94.5,94.94,94.41,94.45
21-Apr-81,94.33,94.7,94.25,94.7
20-Apr-81,95.1,95.2,94.7,94.77
16-Apr-81,95.96,96,95.65,95.75
15-Apr-81,95.5,96,95.45,95.92
14-Apr-81,95.05,95.6,95,95.55
13-Apr-81,95.15,95.55,95.1,95.32
10-Apr-81,96.07,96.1,95.75,95.85
9-Apr-81,96.95,97,96.35,96.5
8-Apr-81,96.5,97.05,96.2,96.95
7-Apr-81,96.88,97,96,96.6
6-Apr-81,95.75,97.5,95.52,96.5
3-Apr-81,94.85,95.2,94.65,95.2
2-Apr-81,94.42,94.55,94.3,94.5
1-Apr-81,93.85,94.65,93.75,94.35
31-Mar-81,94.52,94.6,93.85,94.09
30-Mar-81,94.35,94.5,94.25,94.5
27-Mar-81,94.32,94.5,94.25,94.4
26-Mar-81,94.25,94.25,93.9,94.25
25-Mar-81,93.59,94.45,93.59,94.37
24-Mar-81,94.12,94.3,93.8,93.9
23-Mar-81,94.67,94.85,94.35,94.6
20-Mar-81,95.47,95.75,95.2,95.2
19-Mar-81,96.37,96.5,95.75,95.85
18-Mar-81,96.9,97.15,96.4,96.65
17-Mar-81,96.05,96.5,96.05,96.5
16-Mar-81,96.25,96.5,95.6,95.67
13-Mar-81,95.82,95.95,95.5,95.8
12-Mar-81,96.47,96.53,96.05,96.1
11-Mar-81,96.3,96.8,96.2,96.75
10-Mar-81,96.65,96.8,96.3,96.35
9-Mar-81,96.65,97,96.6,96.8
6-Mar-81,96.9,97.24,96.8,96.85
5-Mar-81,97.2,97.3,97,97.05
4-Mar-81,97.73,97.85,97.1,97.55
3-Mar-81,96.95,97.5,96.75,97.45
2-Mar-81,97.27,97.3,96.45,96.75
27-Feb-81,99.37,99.5,99,99.2
26-Feb-81,99.8,100,99.44,99.6
25-Feb-81,99.8,100.25,99.5,99.8
24-Feb-81,99.4,99.9,99.35,99.7
23-Feb-81,99,99.6,99,99.4
20-Feb-81,99.65,100.04,99.25,99.5
19-Feb-81,99.15,99.8,99,99.7
18-Feb-81,99.25,99.5,98.7,99
17-Feb-81,101,101.49,100.7,100.8
13-Feb-81,100.55,102.2,100.5,101.4
12-Feb-81,100.7,101.6,100.1,100.65
11-Feb-81,101.7,101.9,100.5,101.05
10-Feb-81,101.37,101.95,101.25,101.8
9-Feb-81,103.27,103.45,101.15,101.25
6-Feb-81,103.97,104.2,103.5,103.85
5-Feb-81,104.5,104.6,103.85,104.2
4-Feb-81,104.82,104.95,104.25,104.5
3-Feb-81,103.95,104.2,103.75,104.2
2-Feb-81,103.62,103.85,102.95,103.75
30-Jan-81,103.1,103.25,102.8,102.8
29-Jan-81,102.3,102.6,102,102.5
28-Jan-81,103.27,103.5,102.45,102.45
27-Jan-81,100.45,102.3,100.3,102.3
26-Jan-81,101.32,101.4,100.29,100.35
23-Jan-81,102.6,102.7,101.5,102
22-Jan-81,102.26,102.26,101.5,101.85
21-Jan-81,102.32,102.4,101.8,101.85
20-Jan-81,102.12,102.3,101.6,102.25
19-Jan-81,102.65,103.25,102.5,102.51
16-Jan-81,102.05,102.95,102.01,102.7
15-Jan-81,102.1,102.57,101.95,102.15
14-Jan-81,103.15,104.1,102.8,103
13-Jan-81,104.95,105,104.3,104.6
12-Jan-81,103.87,104.35,103.7,104.3
9-Jan-81,103.12,104.5,102,102.7
8-Jan-81,103.45,103.9,101,103.08
7-Jan-81,102.94,103.09,102.25,102.6
6-Jan-81,102.12,102.25,101.25,102.05
5-Jan-81,101.5,102.15,101,101.88
31-Dec-80,96.55,97.25,96,96.9
30-Dec-80,96.25,96.5,96,96.42
29-Dec-80,94.75,95.6,94.6,95.38
24-Dec-80,94,94.4,93.85,94.35
23-Dec-80,94.62,94.75,93.6,94.1
22-Dec-80,94.1,94.5,93.85,94.28
19-Dec-80,93.75,94,93.4,93.75
18-Dec-80,92.6,93.15,92.5,93
17-Dec-80,91.72,92,91.5,92
16-Dec-80,91.95,92,91.1,91.5
15-Dec-80,92,92.1,91.35,91.4
12-Dec-80,89.65,91.3,89.25,90.82
11-Dec-80,90.75,90.75,89.65,89.95
10-Dec-80,91.62,91.75,90.5,91.39
9-Dec-80,91.25,91.5,90.65,90.88
8-Dec-80,92.7,93,92,92.16
5-Dec-80,94.45,94.5,93.3,93.8
4-Dec-80,93.75,94.8,93.75,94.75
3-Dec-80,94.65,94.9,93.85,94.08
2-Dec-80,96.7,96.9,95.3,95.54
1-Dec-80,96.45,97.1,96.3,96.86
28-Nov-80,90.52,92.25,89.8,92.1
26-Nov-80,92.75,92.75,91,91.25
25-Nov-80,89,90.05,89,90
24-Nov-80,90.15,90.3,89.35,89.5
21-Nov-80,92.3,92.5,90.6,90.7
20-Nov-80,92.75,93.6,92.25,92.97
19-Nov-80,92.25,94,91.5,93.5
18-Nov-80,97.18,97.36,94.6,95.22
17-Nov-80,92.42,94.55,92.25,94.36
14-Nov-80,90.45,90.8,90.4,90.78
13-Nov-80,90.12,90.5,90.05,90.18
12-Nov-80,89.1,89.7,89,89.55
11-Nov-80,87.75,88.5,87.7,88.2
10-Nov-80,87.4,87.75,87.25,87.7
7-Nov-80,86.5,87.7,86,87.5
6-Nov-80,88.04,88.19,87.25,87.43
5-Nov-80,87.9,88,87.5,87.8
3-Nov-80,86.77,87.3,86.55,87.3
31-Oct-80,83.65,84,83.6,83.85
30-Oct-80,83.5,83.7,83.5,83.55
29-Oct-80,83.72,83.75,83.25,83.4
28-Oct-80,83,83.25,82.9,83.25
27-Oct-80,83.15,83.25,82.95,83
24-Oct-80,82.4,83.25,82.4,83.05
23-Oct-80,82.35,82.85,82,82.85
22-Oct-80,83.95,84,82.5,82.8
21-Oct-80,84.02,84.1,83.25,84
20-Oct-80,82.7,83.75,82.6,82.9
17-Oct-80,82.6,82.85,82.15,82.4
16-Oct-80,81.5,82.4,81.5,82.35
15-Oct-80,81.25,81.6,81.25,81.5
14-Oct-80,81.17,81.25,81,81.1
13-Oct-80,81.05,81.25,81,81.25
10-Oct-80,81,81,80.55,81
9-Oct-80,80.37,80.7,80.2,80.5
8-Oct-80,80.23,80.25,79.9,80
7-Oct-80,80.25,80.25,80,80.25
6-Oct-80,80.22,80.25,80,80.2
3-Oct-80,80.25,80.25,79.9,80.1
2-Oct-80,80.75,80.75,80.4,80.7
1-Oct-80,81.37,81.5,81,81
30-Sep-80,78.65,80,78.65,79.11
29-Sep-80,79.25,79.25,78.25,78.65
26-Sep-80,80.02,80.05,79,79.2
25-Sep-80,83.4,83.4,79.5,80.5
24-Sep-80,83.25,84,81,83.5
23-Sep-80,79.6,81.45,79,79.5
22-Sep-80,77,77.3,77,77.3
19-Sep-80,76,76,75.85,76
18-Sep-80,75.9,75.9,75.75,75.75
17-Sep-80,76.3,76.3,76,76
16-Sep-80,76.5,76.5,76.3,76.5
15-Sep-80,76.7,76.7,76.45,76.45
12-Sep-80,77,77,76.91,77
11-Sep-80,77,77,77,77
10-Sep-80,77.15,77.35,77.15,77.25
9-Sep-80,77.25,77.25,76.91,77.1
8-Sep-80,77.25,77.25,76.7,76.7
5-Sep-80,76.75,76.75,76.65,76.65
4-Sep-80,77.12,77.25,77,77.25
3-Sep-80,77,77,76.8,76.9
2-Sep-80,76.1,76.1,75.95,76
29-Aug-80,75,75,74.5,75
28-Aug-80,74.32,74.45,74.15,74.2
27-Aug-80,74.27,74.35,74.1,74.25
26-Aug-80,74.1,74.2,74.1,74.2
25-Aug-80,74.17,74.2,74.15,74.18
22-Aug-80,74.22,74.25,74.1,74.15
21-Aug-80,74.2,74.2,74,74.05
20-Aug-80,74.5,74.5,74.5,74.5
19-Aug-80,74.75,74.75,74.75,74.75
18-Aug-80,75.1,75.1,75.1,75.1
15-Aug-80,74.8,75.25,74.75,75.25
14-Aug-80,74.25,75.1,74.25,75.1
13-Aug-80,74,74.1,74,74.1
12-Aug-80,74.4,74.55,74.3,74.3
11-Aug-80,74.87,74.99,74.2,74.6
8-Aug-80,75.25,75.5,75,75
7-Aug-80,75.8,76,75.3,75.5
6-Aug-80,76.7,76.8,76.25,76.6
5-Aug-80,77.12,77.15,77,77.01
4-Aug-80,77.35,77.45,77.25,77.4
1-Aug-80,77.25,77.5,77.25,77.5
30-Jul-80,77,77,76.85,76.85
29-Jul-80,77.05,77.05,77,77
28-Jul-80,77.5,77.5,77,77.05
25-Jul-80,77.5,77.5,77.4,77.4
24-Jul-80,77.5,77.5,77.5,77.5
23-Jul-80,77.55,77.6,77.51,77.6
22-Jul-80,77.75,77.75,77.75,77.75
21-Jul-80,77.75,77.75,77.7,77.75
18-Jul-80,77.6,77.6,77.2,77.6
17-Jul-80,77.5,77.65,77.5,77.6
16-Jul-80,77.75,77.75,77.75,77.75
15-Jul-80,77.75,77.75,77.65,77.65
14-Jul-80,77.75,77.75,77.6,77.75
11-Jul-80,77.49,77.95,77.45,77.95
10-Jul-80,77.4,77.5,77.4,77.5
9-Jul-80,77.5,77.5,77.5,77.5
8-Jul-80,77.35,77.5,77.3,77.43
7-Jul-80,77.4,77.5,77.3,77.4
3-Jul-80,76.85,77,76.75,77
2-Jul-80,76.87,77,76.75,76.95
1-Jul-80,76.87,76.9,76.75,76.75
30-Jun-80,76,76,75.71,76
27-Jun-80,76.5,76.5,75.6,75.9
26-Jun-80,76.52,76.55,76.5,76.5
25-Jun-80,77,77,76.75,76.75
24-Jun-80,76.5,76.95,76.5,76.75
23-Jun-80,76.5,76.55,76.25,76.55
20-Jun-80,76.45,76.5,76.34,76.5
19-Jun-80,76.45,76.5,76.3,76.5
18-Jun-80,76.5,76.5,76.5,76.5
17-Jun-80,76.75,76.75,76.4,76.5
16-Jun-80,76.87,77,76.5,76.83
13-Jun-80,77.07,77.15,77,77.1
12-Jun-80,77.7,77.7,77,77.25
11-Jun-80,77.5,77.65,77.35,77.6
10-Jun-80,77.7,77.7,77.3,77.35
9-Jun-80,77.7,77.7,77.5,77.7
6-Jun-80,77.55,77.75,77.25,77.75
5-Jun-80,78.25,78.25,77,77.75
4-Jun-80,78.5,78.55,78.25,78.45
3-Jun-80,78.6,78.75,78.55,78.55
2-Jun-80,78.95,79.15,78.7,78.75
30-May-80,78,78,77.9,78
29-May-80,78.25,78.25,77.75,78.05
28-May-80,78.3,78.5,78.2,78.2
27-May-80,78.35,78.35,78.25,78.35
23-May-80,78.5,78.5,78.25,78.3
22-May-80,78.5,78.5,78.3,78.35
21-May-80,78.9,79.1,78.1,78.45
20-May-80,78.5,78.65,78.45,78.65
19-May-80,78.42,78.45,78.3,78.3
16-May-80,78.1,78.1,78.1,78.1
15-May-80,78.3,78.3,78.3,78.3
14-May-80,77.8,78.55,77.8,78.55
13-May-80,78.1,78.1,77.7,77.75
12-May-80,78.25,78.25,78.2,78.2
9-May-80,78.52,78.55,78.25,78.3
8-May-80,78.6,78.6,78.5,78.5
7-May-80,78.65,78.7,78.5,78.6
6-May-80,78.2,79,78.2,78.8
5-May-80,78.15,78.25,78.15,78.25
2-May-80,78.07,78.15,77.95,78
1-May-80,78,78,77.75,78
30-Apr-80,77,78.05,77,77.8
29-Apr-80,77,77.25,77,77.05
28-Apr-80,77,77.25,77,77
25-Apr-80,77.2,77.7,76.8,77.5
24-Apr-80,76.67,76.75,76.5,76.6
23-Apr-80,77,78.3,77,77.1
22-Apr-80,77.45,77.5,77.1,77.1
21-Apr-80,77.5,77.5,77.4,77.4
18-Apr-80,77.52,77.69,77.5,77.69
17-Apr-80,77.67,77.85,77.5,77.5
16-Apr-80,76.6,77.3,76.6,77
15-Apr-80,77,77,76.5,76.6
14-Apr-80,77.65,77.65,77.05,77.05
11-Apr-80,78.25,78.25,78,78
10-Apr-80,77.5,78.25,77.25,78
9-Apr-80,78.17,78.35,77.5,77.6
8-Apr-80,77.9,78.5,77.7,78.1
7-Apr-80,79,79,77.5,77.7
3-Apr-80,77.15,78.75,77.05,78.5
2-Apr-80,76.8,77.1,76.5,77.1
1-Apr-80,76,76.25,75.85,76.25
31-Mar-80,75.75,76.5,75,75.5
28-Mar-80,75.5,75.5,75,75.2
27-Mar-80,75.37,76.25,75.25,75.8
26-Mar-80,75.2,75.5,74.75,75
25-Mar-80,74.5,74.75,74.49,74.75
24-Mar-80,74.5,74.5,74.5,74.5
21-Mar-80,74.75,74.75,74.5,74.5
20-Mar-80,74.25,74.5,74,74.5
19-Mar-80,74.05,74.05,73.5,73.75
18-Mar-80,74.75,74.75,74.75,74.75
17-Mar-80,75.1,76,74.8,75.5
14-Mar-80,74.75,75.25,74.25,75.1
13-Mar-80,74,75.5,73.35,74.15
12-Mar-80,72.5,73.5,72.5,73.25
11-Mar-80,73.6,73.7,72.25,72.5
10-Mar-80,73.75,73.75,73.5,73.55
7-Mar-80,74.15,74.15,73,74
6-Mar-80,74.75,76,74.5,74.7
5-Mar-80,74.5,74.8,74.12,74.8
4-Mar-80,74.85,74.85,74.5,74.7
3-Mar-80,74.1,74.5,74.1,74.27
29-Feb-80,73.25,73.5,73,73
28-Feb-80,74,74.2,73.25,73.8
27-Feb-80,73.25,74.25,73.25,73.75
26-Feb-80,74.25,74.25,73.25,73.5
25-Feb-80,74,75,73.75,74
22-Feb-80,74,74,73.5,73.76
21-Feb-80,73.85,74.5,73.25,74.45
20-Feb-80,73,73.5,72.6,73.15
19-Feb-80,74.5,74.5,72.7,73.3
15-Feb-80,74.75,74.85,74.4,74.7
14-Feb-80,74.5,74.75,74.2,74.23
13-Feb-80,74.75,75.6,74.1,75.6
12-Feb-80,76.1,76.1,75,75.2
11-Feb-80,77,77.2,76.5,76.55
8-Feb-80,77.55,77.55,75.9,76.25
7-Feb-80,77.9,78,77.25,78
6-Feb-80,79.8,79.8,77.5,77.95
5-Feb-80,80,80.7,79.51,80.2
4-Feb-80,81.75,81.9,79.25,80.6
1-Feb-80,81.85,81.85,81.1,81.28
31-Jan-80,79.5,79.5,77.26,78.25
30-Jan-80,77.5,78.5,77,77
29-Jan-80,75.25,76.5,75.25,76.5
28-Jan-80,75.75,75.75,75.1,75.15
25-Jan-80,75.75,75.75,75,75.1
24-Jan-80,74.6,75.5,74.6,75.4
23-Jan-80,77.5,79,74.5,75.4
22-Jan-80,73.26,75.4,73.25,75
21-Jan-80,72.5,72.5,71.7,72.12
18-Jan-80,73.62,73.75,72.5,72.75
17-Jan-80,74.12,74.25,73,73
16-Jan-80,74,74,73,73
15-Jan-80,75.12,75.95,74.5,75
14-Jan-80,76,76.5,75.1,75.75
11-Jan-80,78.25,79.01,77,77.6
10-Jan-80,80,82,79,79.75
9-Jan-80,77,79.5,77,79.15
8-Jan-80,81.87,82,78.55,78.55
7-Jan-80,84.25,84.25,82.6,82.75
4-Jan-80,83.6,85.25,82.75,85
3-Jan-80,81.25,82.75,80,82.7
