  Date,   Open,   High,    Low,  Close
31-Dec-92,0.6795,0.6798,0.6768,0.6781
30-Dec-92,0.6812,0.6829,0.6787,0.68
29-Dec-92,0.675,0.6794,0.675,0.6783
28-Dec-92,0.6858,0.6869,0.674,0.676
24-Dec-92,0.6902,0.6902,0.6855,0.686
23-Dec-92,0.6905,0.691,0.6868,0.6871
22-Dec-92,0.6957,0.6957,0.6866,0.6871
21-Dec-92,0.7038,0.7038,0.7011,0.7026
18-Dec-92,0.7058,0.7065,0.7009,0.7051
17-Dec-92,0.7153,0.7176,0.7081,0.7088
16-Dec-92,0.7085,0.7123,0.7081,0.7098
15-Dec-92,0.7043,0.7067,0.7035,0.7041
14-Dec-92,0.7059,0.7068,0.7029,0.7047
11-Dec-92,0.7048,0.7076,0.7032,0.7052
10-Dec-92,0.7023,0.7105,0.7012,0.7049
9-Dec-92,0.702,0.7074,0.7006,0.7045
8-Dec-92,0.7153,0.7162,0.7074,0.7118
7-Dec-92,0.702,0.714,0.7006,0.7122
4-Dec-92,0.7076,0.709,0.6965,0.6998
3-Dec-92,0.7091,0.7129,0.7055,0.7064
2-Dec-92,0.7096,0.7182,0.708,0.716
1-Dec-92,0.6975,0.714,0.6965,0.712
30-Nov-92,0.6911,0.6972,0.6903,0.6962
27-Nov-92,0.6902,0.6938,0.6892,0.6918
25-Nov-92,0.6984,0.7015,0.6947,0.6985
24-Nov-92,0.691,0.6975,0.6887,0.6973
23-Nov-92,0.6897,0.6984,0.6889,0.696
20-Nov-92,0.6997,0.7027,0.687,0.6893
19-Nov-92,0.694,0.7042,0.6895,0.7032
18-Nov-92,0.6904,0.6904,0.6843,0.6894
17-Nov-92,0.685,0.689,0.6836,0.6888
16-Nov-92,0.6962,0.6966,0.6918,0.6934
13-Nov-92,0.7054,0.7072,0.701,0.7044
12-Nov-92,0.6951,0.6987,0.694,0.6984
11-Nov-92,0.6936,0.6981,0.6921,0.6962
10-Nov-92,0.693,0.6966,0.6903,0.6935
9-Nov-92,0.697,0.702,0.6949,0.6956
6-Nov-92,0.7,0.7015,0.6933,0.6949
5-Nov-92,0.704,0.7056,0.7012,0.7017
4-Nov-92,0.7145,0.718,0.707,0.7074
3-Nov-92,0.7112,0.719,0.7112,0.712
2-Nov-92,0.719,0.719,0.711,0.7118
30-Oct-92,0.7259,0.727,0.7229,0.7247
29-Oct-92,0.7253,0.7292,0.7227,0.7253
28-Oct-92,0.7292,0.7311,0.721,0.7238
27-Oct-92,0.7268,0.734,0.7235,0.7338
26-Oct-92,0.7246,0.7305,0.7238,0.7272
23-Oct-92,0.7324,0.7345,0.7245,0.7307
22-Oct-92,0.74,0.7419,0.7352,0.7401
21-Oct-92,0.7345,0.7409,0.7324,0.7335
20-Oct-92,0.7398,0.7401,0.7272,0.7341
19-Oct-92,0.7528,0.7561,0.7435,0.7445
16-Oct-92,0.7614,0.7654,0.7515,0.7534
15-Oct-92,0.7678,0.7705,0.7626,0.7652
14-Oct-92,0.7595,0.7655,0.7565,0.7642
13-Oct-92,0.751,0.762,0.7489,0.7596
12-Oct-92,0.7548,0.762,0.7545,0.7617
9-Oct-92,0.7588,0.7619,0.751,0.7571
8-Oct-92,0.7642,0.7695,0.7537,0.7548
7-Oct-92,0.798,0.8001,0.7802,0.7808
6-Oct-92,0.8007,0.8007,0.794,0.7968
5-Oct-92,0.812,0.8209,0.8009,0.8012
2-Oct-92,0.8035,0.808,0.787,0.8076
1-Oct-92,0.8041,0.8072,0.7948,0.7986
30-Sep-92,0.8073,0.8081,0.7988,0.8023
29-Sep-92,0.7975,0.8076,0.7915,0.807
28-Sep-92,0.7762,0.7841,0.7737,0.7821
25-Sep-92,0.766,0.7685,0.7619,0.7665
24-Sep-92,0.7655,0.7658,0.752,0.7607
23-Sep-92,0.755,0.7615,0.7539,0.7588
22-Sep-92,0.7684,0.7716,0.758,0.761
21-Sep-92,0.7565,0.7628,0.752,0.7612
18-Sep-92,0.7661,0.7698,0.757,0.7607
17-Sep-92,0.7595,0.7695,0.757,0.7679
16-Sep-92,0.7565,0.7584,0.7461,0.755
15-Sep-92,0.7593,0.7637,0.75,0.7502
14-Sep-92,0.7533,0.7558,0.746,0.7509
11-Sep-92,0.7781,0.7785,0.7646,0.7683
10-Sep-92,0.7872,0.7955,0.7825,0.7827
9-Sep-92,0.7915,0.7949,0.7875,0.7888
8-Sep-92,0.796,0.8023,0.7955,0.7998
4-Sep-92,0.7817,0.802,0.7817,0.7994
3-Sep-92,0.8032,0.8036,0.7888,0.7906
2-Sep-92,0.8078,0.8081,0.8025,0.8048
1-Sep-92,0.805,0.808,0.8015,0.8077
31-Aug-92,0.7922,0.8025,0.7922,0.799
28-Aug-92,0.7939,0.7965,0.7909,0.7915
27-Aug-92,0.7883,0.7926,0.7862,0.7919
26-Aug-92,0.7935,0.7976,0.7907,0.7929
25-Aug-92,0.7983,0.8055,0.794,0.8006
24-Aug-92,0.7923,0.8044,0.7923,0.8026
21-Aug-92,0.7742,0.7879,0.7686,0.7849
20-Aug-92,0.7688,0.7748,0.7683,0.7742
19-Aug-92,0.7614,0.767,0.7598,0.7668
18-Aug-92,0.759,0.763,0.7578,0.7628
17-Aug-92,0.7552,0.7584,0.7551,0.7563
14-Aug-92,0.7542,0.7553,0.7497,0.7546
13-Aug-92,0.7533,0.762,0.7503,0.7617
12-Aug-92,0.7513,0.7551,0.751,0.754
11-Aug-92,0.754,0.7544,0.749,0.7543
10-Aug-92,0.7556,0.7581,0.7543,0.7576
7-Aug-92,0.7517,0.7592,0.746,0.7582
6-Aug-92,0.7471,0.75,0.7458,0.7496
5-Aug-92,0.7505,0.7528,0.744,0.745
4-Aug-92,0.7513,0.7547,0.7502,0.7514
3-Aug-92,0.7546,0.7554,0.7518,0.755
31-Jul-92,0.7557,0.7572,0.752,0.7532
30-Jul-92,0.7506,0.7532,0.7463,0.753
29-Jul-92,0.7603,0.7607,0.7515,0.7538
28-Jul-92,0.7604,0.763,0.7557,0.7622
27-Jul-92,0.7558,0.7587,0.7542,0.7578
24-Jul-92,0.7558,0.7563,0.7444,0.7455
23-Jul-92,0.7528,0.7553,0.7514,0.7538
22-Jul-92,0.753,0.7545,0.7475,0.7528
21-Jul-92,0.743,0.7518,0.7412,0.7483
20-Jul-92,0.7775,0.7778,0.7457,0.7503
17-Jul-92,0.7525,0.764,0.7516,0.7637
16-Jul-92,0.7411,0.749,0.7375,0.7475
15-Jul-92,0.7407,0.7428,0.7388,0.7406
14-Jul-92,0.7387,0.7408,0.7346,0.7387
13-Jul-92,0.7371,0.7432,0.7368,0.7426
10-Jul-92,0.7256,0.7321,0.7247,0.7312
9-Jul-92,0.7292,0.7292,0.7198,0.7246
8-Jul-92,0.7345,0.7393,0.7315,0.7391
7-Jul-92,0.7377,0.7394,0.7327,0.7391
6-Jul-92,0.729,0.7317,0.7285,0.731
2-Jul-92,0.7242,0.737,0.7238,0.731
1-Jul-92,0.7247,0.7284,0.7206,0.723
30-Jun-92,0.718,0.7204,0.7158,0.7202
29-Jun-92,0.7223,0.7244,0.7205,0.7224
26-Jun-92,0.7126,0.7178,0.7104,0.7166
25-Jun-92,0.7085,0.7137,0.7076,0.7136
24-Jun-92,0.7001,0.7064,0.6997,0.7046
23-Jun-92,0.6993,0.6998,0.6956,0.6977
22-Jun-92,0.6962,0.6989,0.6959,0.6976
19-Jun-92,0.6968,0.6997,0.6942,0.6955
18-Jun-92,0.6962,0.7002,0.6954,0.6985
17-Jun-92,0.6973,0.6982,0.6935,0.6974
16-Jun-92,0.6964,0.7028,0.6951,0.7026
15-Jun-92,0.6987,0.699,0.6945,0.6975
12-Jun-92,0.692,0.6944,0.6896,0.6911
11-Jun-92,0.6815,0.6905,0.6808,0.6894
10-Jun-92,0.6766,0.6801,0.6765,0.6785
9-Jun-92,0.6807,0.682,0.6753,0.6766
8-Jun-92,0.6798,0.6808,0.6773,0.6803
5-Jun-92,0.6865,0.692,0.6848,0.6878
4-Jun-92,0.6779,0.6839,0.6771,0.6819
3-Jun-92,0.6806,0.6822,0.6773,0.6791
2-Jun-92,0.6803,0.6851,0.6787,0.6818
1-Jun-92,0.6868,0.6868,0.6814,0.6863
29-May-92,0.6823,0.6867,0.681,0.6853
28-May-92,0.6737,0.6765,0.6724,0.676
27-May-92,0.6683,0.6718,0.667,0.6699
26-May-92,0.6749,0.6758,0.6718,0.6727
22-May-92,0.667,0.6709,0.6662,0.6699
21-May-92,0.6719,0.6729,0.6701,0.6718
20-May-92,0.6802,0.6822,0.6762,0.677
19-May-92,0.6815,0.6829,0.6802,0.6823
18-May-92,0.676,0.6805,0.6752,0.6801
15-May-92,0.6708,0.6763,0.668,0.6697
14-May-92,0.673,0.6778,0.6712,0.677
13-May-92,0.6664,0.6734,0.6638,0.673
12-May-92,0.658,0.6621,0.657,0.6614
11-May-92,0.6522,0.6527,0.6498,0.6521
8-May-92,0.6588,0.6594,0.6498,0.6521
7-May-92,0.6619,0.663,0.6565,0.6567
6-May-92,0.6599,0.6653,0.6595,0.6642
5-May-92,0.6605,0.6631,0.658,0.6609
4-May-92,0.6601,0.6623,0.6558,0.6579
1-May-92,0.6574,0.6642,0.657,0.6615
30-Apr-92,0.652,0.6589,0.6515,0.6576
29-Apr-92,0.6538,0.6543,0.6513,0.6536
28-Apr-92,0.6518,0.6564,0.6508,0.6549
27-Apr-92,0.6489,0.6522,0.6475,0.6516
24-Apr-92,0.6495,0.6523,0.6468,0.6494
23-Apr-92,0.6434,0.6457,0.6414,0.644
22-Apr-92,0.6435,0.646,0.6426,0.6434
21-Apr-92,0.6449,0.6454,0.6411,0.6421
20-Apr-92,0.642,0.6465,0.6405,0.646
16-Apr-92,0.6472,0.6473,0.6413,0.6423
15-Apr-92,0.6518,0.6538,0.646,0.6473
14-Apr-92,0.6541,0.6567,0.6518,0.652
13-Apr-92,0.6535,0.6553,0.6514,0.6522
10-Apr-92,0.6652,0.6661,0.6566,0.6573
9-Apr-92,0.6603,0.669,0.66,0.6683
8-Apr-92,0.665,0.6665,0.6629,0.6635
7-Apr-92,0.6618,0.666,0.6616,0.6654
6-Apr-92,0.6659,0.6678,0.6637,0.6638
3-Apr-92,0.6623,0.667,0.661,0.6662
2-Apr-92,0.6567,0.6612,0.6567,0.6592
1-Apr-92,0.6558,0.657,0.654,0.6559
31-Mar-92,0.6602,0.6618,0.6573,0.6604
30-Mar-92,0.6589,0.6605,0.6556,0.6602
27-Mar-92,0.6553,0.664,0.6548,0.6638
26-Mar-92,0.6575,0.6587,0.6526,0.653
25-Mar-92,0.6572,0.6608,0.6566,0.6592
24-Mar-92,0.6549,0.6554,0.652,0.6545
23-Mar-92,0.6525,0.6547,0.6517,0.6529
20-Mar-92,0.6508,0.6539,0.6452,0.6521
19-Mar-92,0.6568,0.6578,0.6521,0.6533
18-Mar-92,0.6616,0.6646,0.6605,0.6614
17-Mar-92,0.6593,0.6665,0.657,0.6642
16-Mar-92,0.6562,0.6578,0.6553,0.6569
13-Mar-92,0.6562,0.6582,0.6544,0.6558
12-Mar-92,0.6555,0.6566,0.6507,0.6558
11-Mar-92,0.6513,0.6578,0.6509,0.6573
10-Mar-92,0.6579,0.6579,0.6511,0.6521
9-Mar-92,0.6559,0.6574,0.6544,0.6562
6-Mar-92,0.6578,0.665,0.653,0.6598
5-Mar-92,0.6532,0.6563,0.6511,0.6542
4-Mar-92,0.6603,0.6614,0.654,0.6564
3-Mar-92,0.664,0.6648,0.6599,0.6616
2-Mar-92,0.6739,0.6745,0.6676,0.6706
28-Feb-92,0.6715,0.6752,0.6705,0.6717
27-Feb-92,0.6719,0.6747,0.6687,0.6743
26-Feb-92,0.663,0.6684,0.6602,0.668
25-Feb-92,0.6689,0.676,0.6618,0.662
24-Feb-92,0.6652,0.6703,0.6651,0.6679
21-Feb-92,0.6672,0.6699,0.665,0.6652
20-Feb-92,0.6658,0.6728,0.6654,0.671
19-Feb-92,0.6711,0.6735,0.6688,0.671
18-Feb-92,0.6692,0.6725,0.6681,0.6699
14-Feb-92,0.6833,0.6865,0.6755,0.6814
13-Feb-92,0.6931,0.694,0.6812,0.6834
12-Feb-92,0.6961,0.697,0.6906,0.6919
11-Feb-92,0.7012,0.7032,0.698,0.6986
10-Feb-92,0.7124,0.7132,0.7065,0.7078
7-Feb-92,0.7072,0.718,0.7067,0.717
6-Feb-92,0.7083,0.7102,0.7056,0.7083
5-Feb-92,0.7057,0.7065,0.7019,0.7056
4-Feb-92,0.6988,0.704,0.6982,0.7014
3-Feb-92,0.6965,0.7,0.6957,0.6973
31-Jan-92,0.6943,0.7005,0.691,0.6942
30-Jan-92,0.6976,0.7011,0.6883,0.6941
29-Jan-92,0.7031,0.7059,0.694,0.6961
28-Jan-92,0.6964,0.7023,0.6961,0.6988
27-Jan-92,0.6975,0.6988,0.6924,0.6961
24-Jan-92,0.6947,0.7115,0.6947,0.7024
23-Jan-92,0.7047,0.7064,0.694,0.6973
22-Jan-92,0.7091,0.71,0.7032,0.7053
21-Jan-92,0.7063,0.7104,0.703,0.7067
20-Jan-92,0.7077,0.7078,0.7023,0.7051
17-Jan-92,0.6905,0.709,0.686,0.7069
16-Jan-92,0.6941,0.695,0.6891,0.6919
15-Jan-92,0.6922,0.6922,0.6835,0.6872
14-Jan-92,0.7119,0.7137,0.7006,0.7022
13-Jan-92,0.7094,0.7105,0.7061,0.7071
10-Jan-92,0.716,0.716,0.7017,0.7035
9-Jan-92,0.7309,0.7324,0.704,0.7129
8-Jan-92,0.7376,0.7398,0.7327,0.7392
7-Jan-92,0.7377,0.7392,0.7338,0.7389
6-Jan-92,0.7319,0.7395,0.731,0.7384
3-Jan-92,0.7236,0.7258,0.7191,0.7224
2-Jan-92,0.7325,0.737,0.7232,0.7279
31-Dec-91,0.7319,0.7323,0.7277,0.73
30-Dec-91,0.7338,0.734,0.7303,0.7315
27-Dec-91,0.7344,0.7364,0.7315,0.7339
26-Dec-91,0.7367,0.7393,0.7365,0.738
24-Dec-91,0.7347,0.736,0.7309,0.735
23-Dec-91,0.7338,0.7394,0.7326,0.7368
20-Dec-91,0.7186,0.7301,0.7186,0.7268
19-Dec-91,0.7144,0.7184,0.7124,0.7181
18-Dec-91,0.7139,0.7143,0.71,0.7123
17-Dec-91,0.7131,0.7154,0.7101,0.7118
16-Dec-91,0.709,0.7117,0.709,0.7107
13-Dec-91,0.707,0.7105,0.7053,0.7059
12-Dec-91,0.7138,0.7152,0.7072,0.7083
11-Dec-91,0.7061,0.7125,0.7054,0.711
10-Dec-91,0.7104,0.7136,0.7051,0.7112
9-Dec-91,0.7124,0.7153,0.7118,0.7131
6-Dec-91,0.7118,0.7218,0.7118,0.7216
5-Dec-91,0.7065,0.7124,0.7048,0.7117
4-Dec-91,0.7025,0.705,0.6984,0.7045
3-Dec-91,0.6997,0.7012,0.6985,0.7009
2-Dec-91,0.7013,0.7031,0.6997,0.6999
29-Nov-91,0.6949,0.698,0.6942,0.6965
27-Nov-91,0.7012,0.7024,0.6979,0.6988
26-Nov-91,0.7051,0.7137,0.6933,0.6966
25-Nov-91,0.7096,0.7102,0.7053,0.7067
22-Nov-91,0.7071,0.711,0.7053,0.7089
21-Nov-91,0.7006,0.705,0.7004,0.7017
20-Nov-91,0.7025,0.7037,0.7005,0.7025
19-Nov-91,0.7013,0.7079,0.6992,0.7059
18-Nov-91,0.7025,0.7036,0.6978,0.6979
15-Nov-91,0.6898,0.6919,0.686,0.6915
14-Nov-91,0.6881,0.6914,0.6875,0.6902
13-Nov-91,0.6877,0.6905,0.6849,0.6869
12-Nov-91,0.6895,0.6902,0.6856,0.6867
11-Nov-91,0.6848,0.6899,0.6844,0.6894
8-Nov-91,0.685,0.6893,0.6847,0.6871
7-Nov-91,0.6899,0.6947,0.687,0.6886
6-Nov-91,0.6893,0.695,0.6851,0.6869
5-Nov-91,0.6877,0.6913,0.6861,0.6891
4-Nov-91,0.6901,0.6964,0.6901,0.6924
1-Nov-91,0.6801,0.6923,0.6793,0.6916
31-Oct-91,0.6775,0.6815,0.6769,0.6786
30-Oct-91,0.6757,0.6824,0.6742,0.68
29-Oct-91,0.6637,0.6776,0.6616,0.6744
28-Oct-91,0.6648,0.6658,0.6595,0.6608
25-Oct-91,0.669,0.6702,0.6681,0.6693
24-Oct-91,0.6686,0.6712,0.6674,0.6685
23-Oct-91,0.6677,0.6688,0.6647,0.6651
22-Oct-91,0.6707,0.674,0.6701,0.6717
21-Oct-91,0.6744,0.6745,0.6705,0.6714
18-Oct-91,0.6724,0.6755,0.6716,0.6754
17-Oct-91,0.6692,0.67,0.6665,0.6696
16-Oct-91,0.6686,0.67,0.6668,0.6669
15-Oct-91,0.6669,0.6682,0.6648,0.6658
14-Oct-91,0.6718,0.6721,0.6686,0.6692
11-Oct-91,0.6709,0.6734,0.6665,0.6723
10-Oct-91,0.6746,0.6749,0.6686,0.6706
9-Oct-91,0.6671,0.6736,0.667,0.6725
8-Oct-91,0.6718,0.6728,0.6682,0.6685
7-Oct-91,0.6759,0.6764,0.6738,0.6747
4-Oct-91,0.6837,0.6854,0.6735,0.6763
3-Oct-91,0.6846,0.6849,0.6821,0.6837
2-Oct-91,0.6852,0.6861,0.6811,0.6823
1-Oct-91,0.6838,0.685,0.6826,0.6835
30-Sep-91,0.6857,0.6869,0.6845,0.6857
27-Sep-91,0.6773,0.6847,0.6757,0.6841
26-Sep-91,0.6792,0.6815,0.6762,0.6775
25-Sep-91,0.6793,0.6805,0.6775,0.6788
24-Sep-91,0.6818,0.6867,0.6767,0.6781
23-Sep-91,0.6821,0.6837,0.6804,0.682
20-Sep-91,0.671,0.677,0.67,0.6763
19-Sep-91,0.6747,0.6765,0.6715,0.6738
18-Sep-91,0.6748,0.6774,0.6694,0.6749
17-Sep-91,0.6813,0.6835,0.6793,0.681
16-Sep-91,0.6739,0.6816,0.6737,0.6795
13-Sep-91,0.6707,0.6747,0.663,0.6725
12-Sep-91,0.6712,0.6765,0.6704,0.6747
11-Sep-91,0.67,0.6706,0.6666,0.6699
10-Sep-91,0.6698,0.6737,0.6688,0.6712
9-Sep-91,0.6629,0.671,0.6623,0.6696
6-Sep-91,0.6551,0.664,0.6522,0.6635
5-Sep-91,0.655,0.6556,0.6535,0.6548
4-Sep-91,0.6571,0.6582,0.6536,0.6557
3-Sep-91,0.6538,0.6572,0.6519,0.656
30-Aug-91,0.6562,0.658,0.6505,0.6543
29-Aug-91,0.6584,0.6612,0.6535,0.6551
28-Aug-91,0.6533,0.6594,0.6533,0.6577
27-Aug-91,0.6544,0.6574,0.6543,0.6553
26-Aug-91,0.6539,0.6567,0.6518,0.6557
23-Aug-91,0.6596,0.6605,0.6505,0.6538
22-Aug-91,0.6578,0.6645,0.6575,0.6613
21-Aug-91,0.649,0.6638,0.6462,0.6608
20-Aug-91,0.6442,0.6471,0.6426,0.6458
19-Aug-91,0.64,0.6469,0.6392,0.6426
16-Aug-91,0.6501,0.6529,0.6452,0.6454
15-Aug-91,0.656,0.663,0.6476,0.6493
14-Aug-91,0.6559,0.6582,0.6547,0.6559
13-Aug-91,0.6615,0.6622,0.6582,0.6588
12-Aug-91,0.6602,0.6625,0.6575,0.6614
9-Aug-91,0.6633,0.6667,0.6575,0.6588
8-Aug-91,0.6653,0.6655,0.6612,0.6642
7-Aug-91,0.6659,0.6678,0.6632,0.6663
6-Aug-91,0.6685,0.6701,0.6659,0.6686
5-Aug-91,0.6603,0.6675,0.6595,0.6673
2-Aug-91,0.6484,0.6634,0.6476,0.6593
1-Aug-91,0.6544,0.6544,0.6486,0.6504
31-Jul-91,0.655,0.6578,0.6528,0.6552
30-Jul-91,0.6548,0.657,0.6512,0.6516
29-Jul-91,0.6531,0.6542,0.65,0.6529
26-Jul-91,0.6544,0.6602,0.6544,0.6555
25-Jul-91,0.6549,0.656,0.6482,0.6497
24-Jul-91,0.6562,0.6619,0.6558,0.6588
23-Jul-91,0.6506,0.655,0.6503,0.6537
22-Jul-91,0.6562,0.658,0.6526,0.6539
19-Jul-91,0.654,0.6604,0.6528,0.6602
18-Jul-91,0.6485,0.6511,0.6469,0.6475
17-Jul-91,0.6383,0.6428,0.6379,0.6404
16-Jul-91,0.6412,0.6413,0.6372,0.6381
15-Jul-91,0.6412,0.645,0.6406,0.6443
12-Jul-91,0.6312,0.6456,0.6309,0.6443
11-Jul-91,0.6343,0.6344,0.6254,0.6266
10-Jul-91,0.6306,0.6356,0.6302,0.6339
9-Jul-91,0.6365,0.6372,0.6324,0.6326
8-Jul-91,0.6371,0.6398,0.636,0.6391
5-Jul-91,0.628,0.634,0.6277,0.6317
3-Jul-91,0.63,0.6343,0.6284,0.6304
2-Jul-91,0.6354,0.636,0.6284,0.6299
1-Jul-91,0.6411,0.6426,0.6352,0.6365
28-Jun-91,0.6384,0.6436,0.637,0.6423
27-Jun-91,0.6408,0.6448,0.6404,0.6424
26-Jun-91,0.6417,0.6463,0.6413,0.643
25-Jun-91,0.6429,0.6444,0.6393,0.6422
24-Jun-91,0.6431,0.6518,0.6431,0.6491
21-Jun-91,0.646,0.646,0.6415,0.6433
20-Jun-91,0.6475,0.6497,0.6447,0.6484
19-Jun-91,0.6394,0.6484,0.6393,0.6466
18-Jun-91,0.6373,0.6407,0.6363,0.6365
17-Jun-91,0.6442,0.6449,0.6426,0.6445
14-Jun-91,0.6447,0.6506,0.644,0.6465
13-Jun-91,0.646,0.65,0.6432,0.6486
12-Jun-91,0.6533,0.6538,0.6487,0.6507
11-Jun-91,0.6571,0.6593,0.6554,0.6566
10-Jun-91,0.657,0.6597,0.657,0.6589
7-Jun-91,0.664,0.6641,0.6568,0.6578
6-Jun-91,0.6675,0.6676,0.6635,0.6639
5-Jun-91,0.6681,0.6698,0.665,0.6677
4-Jun-91,0.6683,0.6738,0.6678,0.6701
3-Jun-91,0.6682,0.6718,0.6671,0.6701
31-May-91,0.6793,0.6807,0.6726,0.6731
30-May-91,0.6851,0.687,0.6797,0.682
29-May-91,0.6904,0.6917,0.6818,0.6837
28-May-91,0.6862,0.6932,0.6859,0.6918
24-May-91,0.6878,0.6881,0.6848,0.6872
23-May-91,0.6817,0.688,0.6803,0.6859
22-May-91,0.6868,0.6877,0.6827,0.6844
21-May-91,0.6879,0.6905,0.6865,0.6897
20-May-91,0.679,0.686,0.6767,0.6829
17-May-91,0.6918,0.6945,0.6785,0.679
16-May-91,0.6971,0.6976,0.6924,0.6947
15-May-91,0.6975,0.7015,0.6955,0.7
14-May-91,0.6911,0.7,0.6891,0.6977
13-May-91,0.6852,0.6944,0.6842,0.6932
10-May-91,0.6806,0.6866,0.6793,0.6842
9-May-91,0.6782,0.6828,0.676,0.6821
8-May-91,0.6815,0.6838,0.6803,0.6817
7-May-91,0.6819,0.686,0.6798,0.6851
6-May-91,0.6771,0.6822,0.6745,0.6792
3-May-91,0.6885,0.6892,0.6723,0.6744
2-May-91,0.6823,0.6861,0.681,0.6838
1-May-91,0.694,0.6957,0.685,0.6887
30-Apr-91,0.681,0.692,0.6792,0.6907
29-Apr-91,0.669,0.681,0.6666,0.6761
26-Apr-91,0.6759,0.6776,0.672,0.6755
25-Apr-91,0.6766,0.681,0.6745,0.6796
24-Apr-91,0.6852,0.6855,0.6768,0.6813
23-Apr-91,0.678,0.6864,0.6773,0.6859
22-Apr-91,0.6738,0.6795,0.6705,0.678
19-Apr-91,0.681,0.6858,0.6769,0.6785
18-Apr-91,0.693,0.6964,0.6828,0.6846
17-Apr-91,0.7015,0.7033,0.6977,0.7005
16-Apr-91,0.7041,0.7054,0.6989,0.7032
15-Apr-91,0.7007,0.7045,0.699,0.7029
12-Apr-91,0.704,0.7064,0.6942,0.6972
11-Apr-91,0.6995,0.7087,0.696,0.704
10-Apr-91,0.7039,0.7049,0.6941,0.6964
9-Apr-91,0.6968,0.7075,0.6965,0.7064
8-Apr-91,0.6966,0.6973,0.693,0.6934
5-Apr-91,0.7081,0.7143,0.6999,0.7006
4-Apr-91,0.7022,0.7132,0.702,0.7093
3-Apr-91,0.7011,0.7043,0.7002,0.7014
2-Apr-91,0.692,0.7031,0.6906,0.7024
1-Apr-91,0.6907,0.697,0.6884,0.6969
28-Mar-91,0.682,0.6858,0.6811,0.6841
27-Mar-91,0.6838,0.6879,0.681,0.6818
26-Mar-91,0.6908,0.6951,0.6875,0.6943
25-Mar-91,0.6951,0.6996,0.6908,0.6928
22-Mar-91,0.7035,0.7084,0.7024,0.7058
21-Mar-91,0.7073,0.7094,0.7035,0.7078
20-Mar-91,0.6942,0.704,0.6941,0.7033
19-Mar-91,0.7074,0.708,0.6895,0.7021
18-Mar-91,0.7116,0.7135,0.7027,0.7063
15-Mar-91,0.7225,0.7236,0.7125,0.7135
14-Mar-91,0.7288,0.7299,0.723,0.7258
13-Mar-91,0.7278,0.7303,0.7244,0.73
12-Mar-91,0.7318,0.7331,0.728,0.7296
11-Mar-91,0.7271,0.7294,0.7232,0.7261
8-Mar-91,0.7372,0.7395,0.7302,0.7305
7-Mar-91,0.7409,0.744,0.7392,0.7412
6-Mar-91,0.7439,0.747,0.7384,0.7458
5-Mar-91,0.7523,0.754,0.7433,0.7437
4-Mar-91,0.7489,0.7501,0.7457,0.7486
1-Mar-91,0.7501,0.7547,0.7477,0.7479
28-Feb-91,0.7582,0.7594,0.752,0.7534
27-Feb-91,0.7604,0.763,0.7574,0.759
26-Feb-91,0.7642,0.7662,0.7608,0.764
25-Feb-91,0.7708,0.7708,0.7648,0.7664
22-Feb-91,0.7826,0.7827,0.7722,0.7725
21-Feb-91,0.7838,0.7864,0.7822,0.7841
20-Feb-91,0.7836,0.7847,0.7776,0.7804
19-Feb-91,0.7812,0.7841,0.7792,0.7811
15-Feb-91,0.7885,0.791,0.7845,0.7864
14-Feb-91,0.7973,0.7984,0.7923,0.7941
13-Feb-91,0.8003,0.8015,0.7956,0.7958
12-Feb-91,0.8006,0.8033,0.7995,0.8019
11-Feb-91,0.8031,0.8096,0.8021,0.8083
8-Feb-91,0.8015,0.8038,0.7998,0.8028
7-Feb-91,0.8083,0.8103,0.8021,0.8033
6-Feb-91,0.8043,0.8108,0.8027,0.8106
5-Feb-91,0.7992,0.8033,0.7972,0.803
4-Feb-91,0.8,0.8002,0.7939,0.7975
1-Feb-91,0.7923,0.7985,0.7917,0.7964
31-Jan-91,0.7904,0.796,0.7886,0.7944
30-Jan-91,0.7885,0.7905,0.7841,0.7886
29-Jan-91,0.7948,0.795,0.7863,0.7874
28-Jan-91,0.7919,0.7929,0.7895,0.7915
25-Jan-91,0.797,0.797,0.7883,0.7896
24-Jan-91,0.7973,0.7995,0.7925,0.7937
23-Jan-91,0.7905,0.7995,0.7905,0.798
22-Jan-91,0.7975,0.7981,0.7913,0.7922
21-Jan-91,0.7931,0.8013,0.7929,0.8008
18-Jan-91,0.7828,0.796,0.7828,0.7957
17-Jan-91,0.7797,0.7884,0.7767,0.7878
16-Jan-91,0.7754,0.7767,0.7722,0.7745
15-Jan-91,0.7759,0.7777,0.7738,0.7764
14-Jan-91,0.7739,0.78,0.7732,0.7761
11-Jan-91,0.7745,0.7818,0.7736,0.7809
10-Jan-91,0.7762,0.7767,0.7735,0.7761
9-Jan-91,0.7788,0.786,0.7705,0.7721
8-Jan-91,0.7717,0.7752,0.7684,0.7688
7-Jan-91,0.7675,0.7754,0.7675,0.7714
4-Jan-91,0.7905,0.7918,0.78,0.7824
3-Jan-91,0.7874,0.7904,0.785,0.7887
2-Jan-91,0.79,0.7931,0.7868,0.7893
31-Dec-90,0.7792,0.7905,0.7785,0.7875
28-Dec-90,0.7715,0.784,0.7705,0.7835
27-Dec-90,0.7612,0.7652,0.7604,0.7649
26-Dec-90,0.7633,0.7656,0.759,0.7601
24-Dec-90,0.76,0.7613,0.7536,0.7594
21-Dec-90,0.767,0.7678,0.7575,0.7609
20-Dec-90,0.7785,0.7802,0.7669,0.7672
19-Dec-90,0.7867,0.7869,0.7833,0.7862
18-Dec-90,0.7826,0.7865,0.7824,0.7839
17-Dec-90,0.7821,0.7829,0.7804,0.7825
14-Dec-90,0.7853,0.7855,0.7805,0.7812
13-Dec-90,0.7921,0.7921,0.786,0.7874
12-Dec-90,0.7916,0.7919,0.7875,0.791
11-Dec-90,0.7924,0.7935,0.7851,0.7866
10-Dec-90,0.7949,0.7968,0.7895,0.7905
7-Dec-90,0.7898,0.7989,0.7894,0.7984
6-Dec-90,0.7853,0.7892,0.7846,0.786
5-Dec-90,0.7838,0.7838,0.7773,0.7817
4-Dec-90,0.7784,0.782,0.7768,0.7794
3-Dec-90,0.7754,0.7768,0.7714,0.7737
30-Nov-90,0.779,0.788,0.7781,0.7829
29-Nov-90,0.7885,0.7902,0.7771,0.7788
28-Nov-90,0.7934,0.795,0.7865,0.7873
27-Nov-90,0.7908,0.7975,0.7906,0.7942
26-Nov-90,0.7904,0.793,0.7871,0.7923
23-Nov-90,0.7981,0.7981,0.7917,0.7935
21-Nov-90,0.8018,0.8029,0.7986,0.8024
20-Nov-90,0.8011,0.804,0.8004,0.8029
19-Nov-90,0.805,0.8065,0.7989,0.8026
16-Nov-90,0.799,0.8061,0.7984,0.8027
15-Nov-90,0.7997,0.8006,0.7968,0.7986
14-Nov-90,0.7995,0.803,0.7995,0.8023
13-Nov-90,0.7993,0.802,0.7965,0.799
12-Nov-90,0.8023,0.8028,0.7981,0.8005
9-Nov-90,0.7982,0.8021,0.798,0.8001
8-Nov-90,0.7948,0.8033,0.7948,0.8004
7-Nov-90,0.8029,0.8068,0.7995,0.8008
6-Nov-90,0.7972,0.803,0.7961,0.7973
5-Nov-90,0.7933,0.8017,0.7915,0.7999
2-Nov-90,0.788,0.7935,0.7831,0.7922
1-Nov-90,0.7745,0.7861,0.7745,0.7852
31-Oct-90,0.7762,0.7798,0.7751,0.7775
30-Oct-90,0.775,0.7824,0.7696,0.7808
29-Oct-90,0.7822,0.7828,0.772,0.7739
26-Oct-90,0.7815,0.7827,0.7788,0.7801
25-Oct-90,0.7849,0.7863,0.7792,0.7806
24-Oct-90,0.7819,0.7892,0.7814,0.7876
23-Oct-90,0.7796,0.7826,0.779,0.7801
22-Oct-90,0.785,0.7857,0.776,0.7782
19-Oct-90,0.788,0.79,0.7845,0.7883
18-Oct-90,0.7868,0.795,0.7833,0.7945
17-Oct-90,0.79,0.7908,0.7816,0.7856
16-Oct-90,0.7756,0.786,0.7751,0.7845
15-Oct-90,0.7761,0.7792,0.7725,0.7743
12-Oct-90,0.7823,0.7841,0.7763,0.7775
11-Oct-90,0.7772,0.7882,0.772,0.7876
10-Oct-90,0.7827,0.7849,0.7786,0.78
9-Oct-90,0.7822,0.7856,0.78,0.7844
8-Oct-90,0.7776,0.7835,0.7766,0.7821
5-Oct-90,0.78,0.7826,0.769,0.7731
4-Oct-90,0.7839,0.785,0.7785,0.7803
3-Oct-90,0.7763,0.7813,0.775,0.7792
2-Oct-90,0.7691,0.7755,0.7691,0.7747
1-Oct-90,0.7788,0.7804,0.7696,0.7715
28-Sep-90,0.771,0.7732,0.7683,0.7704
27-Sep-90,0.7647,0.776,0.762,0.7747
26-Sep-90,0.7642,0.7695,0.7618,0.7677
25-Sep-90,0.7722,0.7735,0.7633,0.7642
24-Sep-90,0.7681,0.7748,0.7647,0.7729
21-Sep-90,0.7565,0.762,0.7551,0.757
20-Sep-90,0.7615,0.7635,0.753,0.7583
19-Sep-90,0.7742,0.775,0.7626,0.7629
18-Sep-90,0.777,0.783,0.7736,0.7741
17-Sep-90,0.779,0.7842,0.7767,0.7838
14-Sep-90,0.7678,0.7778,0.7651,0.7721
13-Sep-90,0.7517,0.7663,0.7505,0.7659
12-Sep-90,0.7572,0.7578,0.751,0.7514
11-Sep-90,0.7487,0.7538,0.7487,0.7527
10-Sep-90,0.7594,0.76,0.7559,0.7588
7-Sep-90,0.7697,0.7707,0.7646,0.7659
6-Sep-90,0.7713,0.7723,0.767,0.7717
5-Sep-90,0.7695,0.773,0.7666,0.7726
4-Sep-90,0.7613,0.7636,0.7572,0.7622
31-Aug-90,0.771,0.7724,0.7618,0.7624
30-Aug-90,0.7688,0.7727,0.7673,0.7719
29-Aug-90,0.783,0.7837,0.773,0.7743
28-Aug-90,0.7832,0.7835,0.7769,0.7776
27-Aug-90,0.7884,0.7892,0.7817,0.7853
24-Aug-90,0.7858,0.795,0.7847,0.7872
23-Aug-90,0.795,0.7975,0.792,0.7961
22-Aug-90,0.7813,0.7868,0.7808,0.7826
21-Aug-90,0.7692,0.7798,0.7683,0.7746
20-Aug-90,0.7757,0.7757,0.7694,0.7707
17-Aug-90,0.7765,0.7818,0.7725,0.7802
16-Aug-90,0.7658,0.776,0.764,0.7755
15-Aug-90,0.7685,0.7729,0.7644,0.7651
14-Aug-90,0.7602,0.768,0.7594,0.7673
13-Aug-90,0.757,0.7622,0.7569,0.7592
10-Aug-90,0.7423,0.7474,0.741,0.7471
9-Aug-90,0.7443,0.747,0.7426,0.7432
8-Aug-90,0.7438,0.748,0.7404,0.7473
7-Aug-90,0.7507,0.7525,0.7471,0.7483
6-Aug-90,0.7527,0.755,0.747,0.7506
3-Aug-90,0.7405,0.7433,0.7358,0.7396
2-Aug-90,0.7245,0.7412,0.7238,0.737
1-Aug-90,0.7382,0.7406,0.7349,0.7376
31-Jul-90,0.738,0.743,0.7366,0.7423
30-Jul-90,0.7322,0.735,0.7301,0.7348
27-Jul-90,0.7276,0.7337,0.7273,0.7336
26-Jul-90,0.7259,0.728,0.722,0.7252
25-Jul-90,0.7227,0.7283,0.7217,0.7239
24-Jul-90,0.7221,0.7285,0.7197,0.7258
23-Jul-90,0.7137,0.7241,0.7131,0.7237
20-Jul-90,0.7102,0.7122,0.7078,0.7116
19-Jul-90,0.7068,0.7112,0.7065,0.7099
18-Jul-90,0.7098,0.7126,0.7038,0.7057
17-Jul-90,0.705,0.7132,0.7026,0.7111
16-Jul-90,0.7073,0.7099,0.7021,0.7027
13-Jul-90,0.7157,0.7194,0.7131,0.7134
12-Jul-90,0.7093,0.7207,0.7084,0.7181
11-Jul-90,0.716,0.7161,0.7113,0.7142
10-Jul-90,0.7204,0.7212,0.714,0.7168
9-Jul-90,0.7169,0.7181,0.714,0.7147
6-Jul-90,0.7131,0.715,0.7107,0.7139
5-Jul-90,0.7148,0.7161,0.7105,0.713
3-Jul-90,0.7131,0.7195,0.7122,0.7168
2-Jul-90,0.7122,0.7144,0.7106,0.7143
29-Jun-90,0.7049,0.7071,0.7028,0.7045
28-Jun-90,0.7065,0.709,0.7015,0.7031
27-Jun-90,0.7107,0.7123,0.7076,0.7087
26-Jun-90,0.7072,0.7146,0.7049,0.7144
25-Jun-90,0.7103,0.7121,0.7055,0.7071
22-Jun-90,0.7054,0.7097,0.705,0.7074
21-Jun-90,0.7052,0.7071,0.7044,0.7068
20-Jun-90,0.7063,0.7073,0.7028,0.7067
19-Jun-90,0.7048,0.7099,0.7042,0.709
18-Jun-90,0.6972,0.7067,0.697,0.705
15-Jun-90,0.6949,0.6988,0.6906,0.6971
14-Jun-90,0.7006,0.7014,0.6945,0.6956
13-Jun-90,0.6964,0.7021,0.6959,0.7013
12-Jun-90,0.6966,0.6972,0.6929,0.6943
11-Jun-90,0.6945,0.6945,0.692,0.6926
8-Jun-90,0.6905,0.6911,0.6882,0.6894
7-Jun-90,0.6957,0.6965,0.6915,0.6922
6-Jun-90,0.7,0.7013,0.6959,0.6967
5-Jun-90,0.6946,0.7003,0.6936,0.6996
4-Jun-90,0.6954,0.6962,0.6917,0.6958
1-Jun-90,0.6983,0.7042,0.6938,0.6953
31-May-90,0.702,0.7036,0.6973,0.6985
30-May-90,0.7101,0.7103,0.7016,0.7021
29-May-90,0.7084,0.7111,0.7068,0.7082
25-May-90,0.7018,0.7027,0.7002,0.7005
24-May-90,0.7044,0.706,0.6997,0.6999
23-May-90,0.7074,0.7119,0.7035,0.7048
22-May-90,0.7034,0.7065,0.7029,0.7046
21-May-90,0.7052,0.7057,0.7015,0.703
18-May-90,0.7121,0.7128,0.7097,0.7121
17-May-90,0.7139,0.7163,0.7089,0.7111
16-May-90,0.7136,0.7152,0.7124,0.7134
15-May-90,0.7183,0.7187,0.7121,0.7162
14-May-90,0.7155,0.7182,0.7147,0.7182
11-May-90,0.7162,0.7205,0.7113,0.7134
10-May-90,0.7165,0.718,0.7128,0.7179
9-May-90,0.7101,0.7163,0.7083,0.7134
8-May-90,0.6966,0.699,0.6953,0.6984
7-May-90,0.6944,0.6996,0.6942,0.698
4-May-90,0.6869,0.6938,0.6866,0.6929
3-May-90,0.6866,0.6882,0.6859,0.6867
2-May-90,0.684,0.6888,0.6838,0.6867
1-May-90,0.6851,0.6883,0.6847,0.6869
30-Apr-90,0.6856,0.6902,0.684,0.6886
27-Apr-90,0.6846,0.6888,0.6816,0.6877
26-Apr-90,0.6843,0.686,0.683,0.6846
25-Apr-90,0.6752,0.6845,0.6746,0.6837
24-Apr-90,0.6698,0.6722,0.6689,0.6703
23-Apr-90,0.67,0.6705,0.6678,0.6686
20-Apr-90,0.6727,0.6734,0.6681,0.6714
19-Apr-90,0.675,0.6763,0.6702,0.6728
18-Apr-90,0.6692,0.677,0.6686,0.6767
17-Apr-90,0.6691,0.6708,0.6683,0.6703
16-Apr-90,0.6712,0.6712,0.667,0.6702
12-Apr-90,0.6723,0.6756,0.6723,0.6747
11-Apr-90,0.672,0.6752,0.6715,0.6749
10-Apr-90,0.6661,0.6742,0.6658,0.6739
9-Apr-90,0.6678,0.6685,0.666,0.6662
6-Apr-90,0.6665,0.668,0.6645,0.6655
5-Apr-90,0.6647,0.6658,0.6639,0.6649
4-Apr-90,0.6635,0.6645,0.6622,0.6634
3-Apr-90,0.6646,0.6658,0.6637,0.6645
2-Apr-90,0.6633,0.6649,0.6619,0.6647
30-Mar-90,0.6654,0.6694,0.6632,0.6676
29-Mar-90,0.6629,0.6687,0.6629,0.6682
28-Mar-90,0.6574,0.6609,0.6568,0.6584
27-Mar-90,0.6563,0.6584,0.6547,0.6574
26-Mar-90,0.6578,0.6595,0.6528,0.6569
23-Mar-90,0.6605,0.6633,0.6561,0.6577
22-Mar-90,0.6558,0.663,0.6557,0.6614
21-Mar-90,0.6563,0.658,0.655,0.6564
20-Mar-90,0.6627,0.664,0.6542,0.6551
19-Mar-90,0.662,0.6637,0.6612,0.6621
16-Mar-90,0.6588,0.664,0.6585,0.6616
15-Mar-90,0.6539,0.6589,0.6533,0.6583
14-Mar-90,0.6549,0.6568,0.6531,0.6549
13-Mar-90,0.6533,0.6578,0.6512,0.6556
12-Mar-90,0.6593,0.6607,0.6521,0.6537
9-Mar-90,0.6628,0.6638,0.6605,0.663
8-Mar-90,0.6649,0.6657,0.6627,0.664
7-Mar-90,0.6653,0.6666,0.6615,0.665
6-Mar-90,0.6684,0.6691,0.6655,0.6665
5-Mar-90,0.6672,0.6692,0.6644,0.6684
2-Mar-90,0.664,0.667,0.6585,0.6627
1-Mar-90,0.6658,0.6668,0.66,0.6617
28-Feb-90,0.6725,0.6728,0.6655,0.6669
27-Feb-90,0.6711,0.6748,0.6704,0.6735
26-Feb-90,0.6753,0.6758,0.6693,0.6703
23-Feb-90,0.6779,0.6791,0.6759,0.6788
22-Feb-90,0.6768,0.6805,0.675,0.6766
21-Feb-90,0.6782,0.6793,0.6754,0.6766
20-Feb-90,0.6741,0.6763,0.6719,0.6761
16-Feb-90,0.664,0.6705,0.66,0.6703
15-Feb-90,0.669,0.6695,0.6626,0.6639
14-Feb-90,0.6681,0.6705,0.6676,0.6689
13-Feb-90,0.6647,0.6686,0.663,0.6664
12-Feb-90,0.6668,0.6689,0.6653,0.6657
9-Feb-90,0.6696,0.6707,0.6658,0.6699
8-Feb-90,0.671,0.671,0.6676,0.6702
7-Feb-90,0.6763,0.6767,0.6685,0.6696
6-Feb-90,0.6775,0.678,0.6744,0.6756
5-Feb-90,0.672,0.678,0.6717,0.6777
2-Feb-90,0.6669,0.6696,0.6649,0.6692
1-Feb-90,0.667,0.6697,0.6641,0.6695
31-Jan-90,0.6685,0.67,0.6634,0.6655
30-Jan-90,0.6714,0.6728,0.6595,0.6638
29-Jan-90,0.674,0.6744,0.6703,0.6728
26-Jan-90,0.6698,0.6708,0.6659,0.6698
25-Jan-90,0.6698,0.6725,0.668,0.671
24-Jan-90,0.6682,0.6711,0.664,0.6652
23-Jan-90,0.6571,0.6637,0.6568,0.6608
22-Jan-90,0.6541,0.6543,0.6483,0.6497
19-Jan-90,0.6544,0.6596,0.6544,0.6561
18-Jan-90,0.6585,0.6606,0.6538,0.6553
17-Jan-90,0.6616,0.6665,0.6604,0.6627
16-Jan-90,0.653,0.662,0.6527,0.6599
15-Jan-90,0.6654,0.6662,0.6586,0.6604
12-Jan-90,0.6656,0.6709,0.663,0.666
11-Jan-90,0.659,0.6644,0.6556,0.6623
10-Jan-90,0.66,0.6638,0.6572,0.6585
9-Jan-90,0.654,0.6588,0.6514,0.6569
8-Jan-90,0.6525,0.657,0.6523,0.655
5-Jan-90,0.6435,0.6515,0.6435,0.6481
4-Jan-90,0.6394,0.6511,0.6381,0.6495
3-Jan-90,0.634,0.6351,0.63,0.6313
2-Jan-90,0.6423,0.6427,0.6296,0.6298
29-Dec-89,0.648,0.6487,0.6457,0.6474
28-Dec-89,0.6531,0.6531,0.6448,0.6469
27-Dec-89,0.651,0.6538,0.6498,0.6531
26-Dec-89,0.6479,0.6479,0.6415,0.6456
22-Dec-89,0.6445,0.6468,0.6435,0.6448
21-Dec-89,0.6413,0.6442,0.6406,0.6415
20-Dec-89,0.638,0.6444,0.6373,0.6425
19-Dec-89,0.6438,0.6445,0.64,0.6413
18-Dec-89,0.6463,0.6497,0.6459,0.6492
15-Dec-89,0.6428,0.6485,0.6428,0.6452
14-Dec-89,0.6412,0.6431,0.6384,0.6404
13-Dec-89,0.6394,0.6437,0.6349,0.6405
12-Dec-89,0.6302,0.6372,0.6288,0.636
11-Dec-89,0.6274,0.6296,0.6263,0.6294
8-Dec-89,0.6277,0.631,0.6242,0.6269
7-Dec-89,0.63,0.6306,0.6271,0.629
6-Dec-89,0.6284,0.6316,0.6277,0.6298
5-Dec-89,0.6231,0.6302,0.6224,0.6286
4-Dec-89,0.6251,0.6265,0.6213,0.6217
1-Dec-89,0.6276,0.6285,0.6248,0.6254
30-Nov-89,0.6276,0.6297,0.6262,0.6284
29-Nov-89,0.6293,0.632,0.6264,0.6282
28-Nov-89,0.6228,0.6332,0.6228,0.6304
27-Nov-89,0.625,0.6257,0.622,0.6242
24-Nov-89,0.6217,0.6221,0.6192,0.622
22-Nov-89,0.6215,0.623,0.6181,0.6209
21-Nov-89,0.6178,0.6217,0.6165,0.6215
20-Nov-89,0.6132,0.615,0.6122,0.6142
17-Nov-89,0.6127,0.615,0.6116,0.6138
16-Nov-89,0.6127,0.6179,0.6095,0.6128
15-Nov-89,0.6156,0.6175,0.6135,0.6153
14-Nov-89,0.6106,0.6204,0.6102,0.6191
13-Nov-89,0.609,0.6104,0.6083,0.6097
10-Nov-89,0.6158,0.6158,0.6086,0.6094
9-Nov-89,0.6189,0.6198,0.6156,0.6159
8-Nov-89,0.62,0.6204,0.6182,0.619
7-Nov-89,0.6186,0.6201,0.6175,0.6195
6-Nov-89,0.616,0.6178,0.6156,0.6161
3-Nov-89,0.6195,0.6207,0.6165,0.6185
2-Nov-89,0.6168,0.6205,0.6159,0.6191
1-Nov-89,0.6201,0.6212,0.6149,0.6154
31-Oct-89,0.6217,0.6226,0.6193,0.6195
30-Oct-89,0.624,0.6249,0.6224,0.6236
27-Oct-89,0.6186,0.6277,0.6183,0.6266
26-Oct-89,0.621,0.6235,0.6186,0.6206
25-Oct-89,0.6208,0.6233,0.6202,0.6232
24-Oct-89,0.6192,0.6239,0.6176,0.6232
23-Oct-89,0.615,0.6189,0.6146,0.6183
20-Oct-89,0.617,0.6175,0.6143,0.6154
19-Oct-89,0.6216,0.625,0.6161,0.6183
18-Oct-89,0.6178,0.62,0.614,0.6164
17-Oct-89,0.6127,0.62,0.6112,0.6119
16-Oct-89,0.6193,0.6207,0.6095,0.6136
13-Oct-89,0.5987,0.6048,0.5945,0.6043
12-Oct-89,0.5989,0.6004,0.597,0.5983
11-Oct-89,0.5984,0.599,0.5951,0.5972
10-Oct-89,0.6086,0.6093,0.6001,0.6017
9-Oct-89,0.6089,0.6101,0.6073,0.6076
6-Oct-89,0.6062,0.6138,0.606,0.6102
5-Oct-89,0.6168,0.6216,0.6117,0.6127
4-Oct-89,0.6167,0.6178,0.615,0.6159
3-Oct-89,0.6161,0.6168,0.6119,0.6137
2-Oct-89,0.6172,0.6186,0.6147,0.6161
29-Sep-89,0.6202,0.6217,0.6165,0.6179
28-Sep-89,0.6123,0.6158,0.6119,0.6152
27-Sep-89,0.6156,0.6179,0.6136,0.6149
26-Sep-89,0.6064,0.613,0.6063,0.6115
25-Sep-89,0.6073,0.6091,0.6052,0.6088
22-Sep-89,0.5955,0.597,0.5918,0.5925
21-Sep-89,0.5958,0.5964,0.5941,0.5954
20-Sep-89,0.5952,0.5984,0.5952,0.5969
19-Sep-89,0.5921,0.5949,0.5917,0.5935
18-Sep-89,0.5887,0.5971,0.5887,0.5956
15-Sep-89,0.5878,0.601,0.5791,0.5947
14-Sep-89,0.5913,0.5925,0.5867,0.5881
13-Sep-89,0.5873,0.5914,0.5859,0.5903
12-Sep-89,0.5867,0.5877,0.584,0.5849
11-Sep-89,0.5832,0.5855,0.5827,0.5842
8-Sep-89,0.5848,0.5866,0.5808,0.581
7-Sep-89,0.5822,0.5851,0.5815,0.5848
6-Sep-89,0.5862,0.5875,0.5847,0.5854
5-Sep-89,0.5826,0.5843,0.5815,0.583
1-Sep-89,0.5889,0.5893,0.5844,0.586
31-Aug-89,0.5919,0.5938,0.5878,0.5894
30-Aug-89,0.5995,0.6013,0.5936,0.5942
29-Aug-89,0.5974,0.602,0.5952,0.5992
28-Aug-89,0.5911,0.5935,0.5904,0.5917
25-Aug-89,0.5922,0.5952,0.5919,0.5922
24-Aug-89,0.5922,0.5951,0.5907,0.5943
23-Aug-89,0.5963,0.5973,0.593,0.5949
22-Aug-89,0.5933,0.5997,0.5925,0.5988
21-Aug-89,0.5927,0.5958,0.5922,0.5937
18-Aug-89,0.5916,0.5946,0.591,0.5932
17-Aug-89,0.5941,0.5941,0.5885,0.5912
16-Aug-89,0.5979,0.6007,0.5962,0.5993
15-Aug-89,0.5969,0.5999,0.5955,0.5991
14-Aug-89,0.5977,0.5994,0.5947,0.595
11-Aug-89,0.6031,0.6057,0.5962,0.5975
10-Aug-89,0.6161,0.6165,0.6112,0.6118
9-Aug-89,0.6125,0.615,0.6108,0.6141
8-Aug-89,0.6148,0.6166,0.613,0.6149
7-Aug-89,0.6076,0.6125,0.607,0.6081
4-Aug-89,0.6213,0.6214,0.6095,0.6097
3-Aug-89,0.6276,0.6282,0.6195,0.6214
2-Aug-89,0.6291,0.6307,0.6265,0.6269
1-Aug-89,0.6227,0.632,0.6212,0.6313
31-Jul-89,0.6238,0.6252,0.6218,0.6242
28-Jul-89,0.6205,0.6208,0.6156,0.6201
27-Jul-89,0.6238,0.6246,0.62,0.6204
26-Jul-89,0.6202,0.6249,0.6189,0.6242
25-Jul-89,0.6155,0.6197,0.6133,0.6188
24-Jul-89,0.6101,0.6147,0.609,0.6131
21-Jul-89,0.613,0.6143,0.6082,0.6088
20-Jul-89,0.6078,0.6119,0.6068,0.609
19-Jul-89,0.6102,0.6115,0.6052,0.6054
18-Jul-89,0.6022,0.6133,0.602,0.6111
17-Jul-89,0.6079,0.611,0.606,0.6099
14-Jul-89,0.615,0.6185,0.6075,0.6079
13-Jul-89,0.6213,0.6222,0.6152,0.6163
12-Jul-89,0.6194,0.6234,0.6192,0.6217
11-Jul-89,0.62,0.6225,0.6188,0.6198
10-Jul-89,0.6285,0.6301,0.6252,0.6267
7-Jul-89,0.6191,0.625,0.617,0.6233
6-Jul-89,0.6189,0.6208,0.6169,0.6203
5-Jul-89,0.6132,0.6238,0.6124,0.6232
3-Jul-89,0.6062,0.6088,0.6043,0.6068
30-Jun-89,0.6001,0.602,0.5967,0.6007
29-Jun-89,0.6015,0.604,0.5954,0.5963
28-Jun-89,0.5937,0.5977,0.5935,0.5961
27-Jun-89,0.5969,0.6016,0.5944,0.5953
26-Jun-89,0.5986,0.5995,0.5937,0.5962
23-Jun-89,0.6008,0.6073,0.5989,0.6051
22-Jun-89,0.5958,0.6,0.5913,0.598
21-Jun-89,0.5829,0.5955,0.5829,0.5947
20-Jun-89,0.59,0.5902,0.583,0.5836
19-Jun-89,0.586,0.591,0.5852,0.5895
16-Jun-89,0.5805,0.5902,0.5805,0.5877
15-Jun-89,0.5689,0.5875,0.565,0.5852
14-Jun-89,0.5761,0.5766,0.5728,0.5729
13-Jun-89,0.5769,0.5781,0.5726,0.5769
12-Jun-89,0.5703,0.5763,0.57,0.5753
9-Jun-89,0.5805,0.5809,0.572,0.573
8-Jun-89,0.5852,0.5867,0.5835,0.5849
7-Jun-89,0.5893,0.5909,0.5848,0.5856
6-Jun-89,0.5801,0.5874,0.5793,0.5864
5-Jun-89,0.5915,0.5934,0.5843,0.5847
2-Jun-89,0.59,0.6011,0.5876,0.6005
1-Jun-89,0.5871,0.5915,0.586,0.5887
31-May-89,0.583,0.589,0.5787,0.5848
30-May-89,0.57,0.5763,0.5682,0.5762
26-May-89,0.584,0.586,0.5758,0.5787
25-May-89,0.5657,0.5744,0.5645,0.5732
24-May-89,0.5609,0.5619,0.559,0.5594
23-May-89,0.5617,0.5636,0.5582,0.559
22-May-89,0.5575,0.5598,0.5569,0.5587
19-May-89,0.5703,0.5715,0.5678,0.568
18-May-89,0.5673,0.5709,0.566,0.5685
17-May-89,0.5757,0.5765,0.5669,0.5687
16-May-89,0.5791,0.5795,0.5767,0.5784
15-May-89,0.5754,0.5774,0.5742,0.577
12-May-89,0.5853,0.593,0.5835,0.5837
11-May-89,0.588,0.5892,0.5862,0.5873
10-May-89,0.595,0.595,0.5915,0.593
9-May-89,0.5883,0.592,0.5871,0.5916
8-May-89,0.5922,0.5926,0.5868,0.5887
5-May-89,0.5933,0.5965,0.5899,0.5911
4-May-89,0.5975,0.5978,0.5931,0.5933
3-May-89,0.5965,0.5981,0.5943,0.5945
2-May-89,0.5961,0.5987,0.5961,0.5966
1-May-89,0.5962,0.5976,0.594,0.5954
28-Apr-89,0.6008,0.6018,0.5987,0.5989
27-Apr-89,0.6063,0.6071,0.6048,0.6057
26-Apr-89,0.6083,0.6096,0.6047,0.6056
25-Apr-89,0.611,0.6124,0.6101,0.6105
24-Apr-89,0.6152,0.6152,0.6107,0.612
21-Apr-89,0.6158,0.6169,0.6152,0.6165
20-Apr-89,0.6167,0.62,0.616,0.6168
19-Apr-89,0.6157,0.6166,0.6142,0.6149
18-Apr-89,0.6138,0.6194,0.6129,0.6184
17-Apr-89,0.6137,0.6156,0.6129,0.6137
14-Apr-89,0.6089,0.6126,0.6068,0.6116
13-Apr-89,0.6077,0.6165,0.6068,0.6127
12-Apr-89,0.6048,0.6064,0.6038,0.605
11-Apr-89,0.607,0.608,0.6046,0.6057
10-Apr-89,0.6084,0.6097,0.6065,0.6068
7-Apr-89,0.6143,0.617,0.6103,0.611
6-Apr-89,0.6138,0.616,0.6137,0.6145
5-Apr-89,0.6141,0.6166,0.6139,0.6149
4-Apr-89,0.6162,0.6202,0.6162,0.6191
3-Apr-89,0.6092,0.6141,0.6079,0.6137
31-Mar-89,0.6088,0.6091,0.6062,0.6072
30-Mar-89,0.6127,0.6133,0.607,0.6103
29-Mar-89,0.6116,0.615,0.6106,0.6117
28-Mar-89,0.6144,0.6155,0.6093,0.611
27-Mar-89,0.6169,0.6174,0.615,0.6156
23-Mar-89,0.6249,0.6259,0.6205,0.6216
22-Mar-89,0.6208,0.6251,0.6205,0.6239
21-Mar-89,0.625,0.629,0.6214,0.6233
20-Mar-89,0.6258,0.6289,0.624,0.6282
17-Mar-89,0.6292,0.6292,0.6242,0.6249
16-Mar-89,0.6297,0.6306,0.6265,0.6285
15-Mar-89,0.6324,0.6343,0.6277,0.6285
14-Mar-89,0.6337,0.6369,0.6336,0.6355
13-Mar-89,0.635,0.6353,0.6325,0.633
10-Mar-89,0.6371,0.6379,0.6344,0.6368
9-Mar-89,0.6356,0.6375,0.6356,0.6373
8-Mar-89,0.6376,0.6392,0.6348,0.6354
7-Mar-89,0.6379,0.6402,0.6372,0.6381
6-Mar-89,0.6409,0.6411,0.637,0.6377
3-Mar-89,0.6352,0.6371,0.634,0.6356
2-Mar-89,0.6369,0.6376,0.6331,0.6333
1-Mar-89,0.6373,0.6392,0.6357,0.6379
28-Feb-89,0.6425,0.6453,0.6422,0.6442
27-Feb-89,0.6474,0.6487,0.6436,0.6444
24-Feb-89,0.6423,0.6453,0.641,0.645
23-Feb-89,0.6446,0.6478,0.6427,0.6466
22-Feb-89,0.6385,0.6411,0.6377,0.6396
21-Feb-89,0.6353,0.6414,0.635,0.6386
17-Feb-89,0.6429,0.6463,0.6394,0.643
16-Feb-89,0.6397,0.643,0.6392,0.6423
15-Feb-89,0.6404,0.6458,0.6386,0.6418
14-Feb-89,0.6337,0.6409,0.6326,0.6398
13-Feb-89,0.6302,0.6322,0.629,0.632
10-Feb-89,0.6414,0.6417,0.6299,0.6308
9-Feb-89,0.6349,0.6396,0.6342,0.6384
8-Feb-89,0.63,0.632,0.6292,0.6307
7-Feb-89,0.6312,0.6333,0.6301,0.6305
6-Feb-89,0.6263,0.632,0.6263,0.6313
3-Feb-89,0.6283,0.6319,0.626,0.629
2-Feb-89,0.6302,0.634,0.6281,0.6296
1-Feb-89,0.629,0.6343,0.6289,0.6307
31-Jan-89,0.6334,0.634,0.6264,0.6274
30-Jan-89,0.6317,0.636,0.6315,0.6346
27-Jan-89,0.638,0.6398,0.6318,0.6322
26-Jan-89,0.6412,0.6423,0.6388,0.6399
25-Jan-89,0.6417,0.644,0.6381,0.6436
24-Jan-89,0.6499,0.6509,0.6425,0.6436
23-Jan-89,0.6424,0.651,0.6412,0.648
20-Jan-89,0.6391,0.645,0.6377,0.6443
19-Jan-89,0.6303,0.6378,0.6292,0.6371
18-Jan-89,0.635,0.6408,0.631,0.6312
17-Jan-89,0.6391,0.6402,0.6372,0.6391
16-Jan-89,0.6357,0.6369,0.634,0.6348
13-Jan-89,0.6406,0.6466,0.6385,0.64
12-Jan-89,0.6492,0.6501,0.6447,0.6461
11-Jan-89,0.6457,0.65,0.6456,0.6483
10-Jan-89,0.6457,0.6465,0.6413,0.6429
9-Jan-89,0.6462,0.6501,0.6448,0.6493
6-Jan-89,0.6535,0.6535,0.6482,0.6507
5-Jan-89,0.6638,0.6641,0.6543,0.6548
4-Jan-89,0.6665,0.6668,0.6623,0.6638
3-Jan-89,0.6761,0.6773,0.6711,0.6716
30-Dec-88,0.672,0.6742,0.6695,0.6728
29-Dec-88,0.667,0.6677,0.6651,0.6657
28-Dec-88,0.6664,0.6684,0.664,0.667
27-Dec-88,0.6738,0.674,0.6721,0.6725
23-Dec-88,0.6731,0.6756,0.6725,0.6752
22-Dec-88,0.6747,0.6757,0.6731,0.6754
21-Dec-88,0.6742,0.6774,0.6735,0.6751
20-Dec-88,0.6734,0.676,0.6708,0.6716
19-Dec-88,0.6812,0.6825,0.6769,0.6785
16-Dec-88,0.681,0.6841,0.6775,0.6812
15-Dec-88,0.6888,0.6896,0.6817,0.6835
14-Dec-88,0.6868,0.694,0.6866,0.6897
13-Dec-88,0.688,0.6889,0.6858,0.6868
12-Dec-88,0.6896,0.6907,0.6881,0.69
9-Dec-88,0.6838,0.687,0.6831,0.6842
8-Dec-88,0.682,0.6855,0.681,0.6844
7-Dec-88,0.6818,0.6829,0.6718,0.6755
6-Dec-88,0.6931,0.6935,0.6866,0.6869
5-Dec-88,0.695,0.695,0.6926,0.6936
2-Dec-88,0.6899,0.6963,0.681,0.6958
1-Dec-88,0.6904,0.6916,0.6895,0.6908
30-Nov-88,0.6884,0.6923,0.6875,0.6914
29-Nov-88,0.6917,0.6942,0.6901,0.6906
28-Nov-88,0.6912,0.6929,0.689,0.6902
25-Nov-88,0.6951,0.699,0.694,0.6972
23-Nov-88,0.6931,0.6978,0.6926,0.6966
22-Nov-88,0.6902,0.6941,0.6885,0.6936
21-Nov-88,0.6883,0.6919,0.6874,0.6897
18-Nov-88,0.6878,0.6894,0.6839,0.6874
17-Nov-88,0.6957,0.6961,0.6878,0.6933
16-Nov-88,0.6885,0.6962,0.6855,0.6948
15-Nov-88,0.6868,0.6875,0.6853,0.6863
14-Nov-88,0.6841,0.6871,0.6836,0.6844
11-Nov-88,0.6852,0.6908,0.6852,0.6888
10-Nov-88,0.679,0.6825,0.6783,0.682
9-Nov-88,0.6736,0.6811,0.6728,0.6796
8-Nov-88,0.6727,0.6727,0.668,0.6699
7-Nov-88,0.6719,0.6762,0.6708,0.6754
4-Nov-88,0.6755,0.6773,0.6671,0.6698
3-Nov-88,0.6758,0.6775,0.6739,0.6744
2-Nov-88,0.672,0.6788,0.6706,0.6775
1-Nov-88,0.6689,0.6714,0.666,0.6708
31-Oct-88,0.6755,0.6761,0.6659,0.6669
28-Oct-88,0.6698,0.6746,0.6677,0.6738
27-Oct-88,0.675,0.6765,0.6717,0.6723
26-Oct-88,0.6633,0.6708,0.6628,0.6701
25-Oct-88,0.6608,0.665,0.6608,0.6624
24-Oct-88,0.664,0.6663,0.664,0.6647
21-Oct-88,0.6656,0.6698,0.6647,0.6693
20-Oct-88,0.6613,0.6635,0.6613,0.6614
19-Oct-88,0.6598,0.6604,0.6574,0.6579
18-Oct-88,0.6586,0.6619,0.6586,0.6595
17-Oct-88,0.6581,0.6609,0.6581,0.6605
14-Oct-88,0.6556,0.6636,0.6553,0.6622
13-Oct-88,0.6518,0.6597,0.6517,0.6592
12-Oct-88,0.6472,0.6537,0.6471,0.6532
11-Oct-88,0.6434,0.6437,0.6422,0.6426
10-Oct-88,0.6408,0.6419,0.6402,0.6405
7-Oct-88,0.6369,0.6401,0.6362,0.6383
6-Oct-88,0.638,0.6385,0.6369,0.6371
5-Oct-88,0.6375,0.6388,0.6363,0.6381
4-Oct-88,0.64,0.6407,0.6377,0.6387
3-Oct-88,0.6387,0.6408,0.6379,0.6388
30-Sep-88,0.6358,0.6397,0.6353,0.6383
29-Sep-88,0.6349,0.6351,0.6341,0.6343
28-Sep-88,0.635,0.6364,0.6346,0.6362
27-Sep-88,0.6353,0.6372,0.6349,0.6363
26-Sep-88,0.6332,0.6363,0.6326,0.6354
23-Sep-88,0.6377,0.6393,0.637,0.6389
22-Sep-88,0.6377,0.6389,0.6358,0.6383
21-Sep-88,0.639,0.6404,0.6386,0.64
20-Sep-88,0.6412,0.6437,0.6409,0.6418
19-Sep-88,0.6406,0.6419,0.6397,0.6414
16-Sep-88,0.6395,0.6407,0.6386,0.6397
15-Sep-88,0.6397,0.6408,0.6383,0.6396
14-Sep-88,0.6479,0.6479,0.6371,0.6401
13-Sep-88,0.651,0.6511,0.6485,0.6492
12-Sep-88,0.6494,0.6527,0.6493,0.6512
9-Sep-88,0.642,0.6428,0.6393,0.6407
8-Sep-88,0.6412,0.6422,0.638,0.6414
7-Sep-88,0.6443,0.6452,0.6426,0.6444
6-Sep-88,0.6434,0.6467,0.643,0.6446
2-Sep-88,0.6343,0.644,0.6342,0.6436
1-Sep-88,0.6323,0.6347,0.6316,0.6336
31-Aug-88,0.6333,0.6335,0.6316,0.6326
30-Aug-88,0.6358,0.6379,0.6353,0.6358
29-Aug-88,0.6365,0.6373,0.6352,0.6354
26-Aug-88,0.6372,0.6412,0.6369,0.6397
25-Aug-88,0.638,0.6405,0.6355,0.639
24-Aug-88,0.6288,0.6342,0.6278,0.6332
23-Aug-88,0.6258,0.6286,0.6237,0.6241
22-Aug-88,0.6228,0.6285,0.6215,0.6268
19-Aug-88,0.6305,0.6317,0.6286,0.6306
18-Aug-88,0.6318,0.632,0.6254,0.6279
17-Aug-88,0.6299,0.6302,0.6248,0.6269
16-Aug-88,0.6362,0.645,0.63,0.6321
15-Aug-88,0.6366,0.6386,0.6353,0.6369
12-Aug-88,0.6368,0.64,0.6368,0.6383
11-Aug-88,0.6315,0.639,0.6302,0.6385
10-Aug-88,0.6267,0.631,0.6255,0.63
9-Aug-88,0.6346,0.6353,0.6251,0.6258
8-Aug-88,0.6323,0.6348,0.6315,0.6322
5-Aug-88,0.6408,0.6409,0.6351,0.6357
4-Aug-88,0.6407,0.6424,0.6399,0.6415
3-Aug-88,0.6432,0.6447,0.6425,0.6442
2-Aug-88,0.6461,0.6473,0.6432,0.6446
1-Aug-88,0.6435,0.6459,0.6425,0.6452
29-Jul-88,0.646,0.649,0.6426,0.6432
28-Jul-88,0.6522,0.6524,0.6468,0.6491
27-Jul-88,0.6464,0.6582,0.6462,0.6548
26-Jul-88,0.652,0.653,0.6496,0.652
25-Jul-88,0.6583,0.6597,0.6544,0.6549
22-Jul-88,0.664,0.6643,0.6621,0.6632
21-Jul-88,0.6593,0.661,0.6571,0.6593
20-Jul-88,0.6545,0.6568,0.6534,0.655
19-Jul-88,0.6515,0.6553,0.6498,0.6548
18-Jul-88,0.6416,0.6482,0.6415,0.6468
15-Jul-88,0.6544,0.6555,0.6469,0.6473
14-Jul-88,0.6577,0.6593,0.6564,0.6571
13-Jul-88,0.6605,0.6605,0.6565,0.659
12-Jul-88,0.6596,0.6642,0.6593,0.6627
11-Jul-88,0.6578,0.6601,0.6555,0.6573
8-Jul-88,0.6653,0.6655,0.6573,0.658
7-Jul-88,0.6686,0.6696,0.665,0.666
6-Jul-88,0.6668,0.6678,0.6654,0.6665
5-Jul-88,0.6643,0.6668,0.6625,0.6659
1-Jul-88,0.6664,0.6683,0.6651,0.6666
30-Jun-88,0.6684,0.6717,0.6659,0.6708
29-Jun-88,0.6695,0.6706,0.6646,0.6682
28-Jun-88,0.6776,0.6787,0.672,0.6725
27-Jun-88,0.6687,0.6724,0.6686,0.6699
24-Jun-88,0.6777,0.6787,0.67,0.6724
23-Jun-88,0.6822,0.6865,0.6816,0.6851
22-Jun-88,0.6868,0.6881,0.6841,0.6844
21-Jun-88,0.6913,0.6946,0.6908,0.6939
20-Jun-88,0.6933,0.6945,0.69,0.6905
17-Jun-88,0.6933,0.6957,0.692,0.6945
16-Jun-88,0.6946,0.6961,0.6916,0.6934
15-Jun-88,0.6901,0.6911,0.6886,0.6892
14-Jun-88,0.7012,0.7013,0.6905,0.6914
13-Jun-88,0.7014,0.7034,0.7006,0.7026
10-Jun-88,0.7068,0.7069,0.7031,0.7037
9-Jun-88,0.7052,0.7087,0.7039,0.7079
8-Jun-88,0.7086,0.7096,0.7041,0.7047
7-Jun-88,0.7109,0.7115,0.7088,0.7112
6-Jun-88,0.706,0.7092,0.7055,0.7089
3-Jun-88,0.6968,0.6983,0.6948,0.6957
2-Jun-88,0.694,0.698,0.6927,0.696
1-Jun-88,0.6979,0.6982,0.6939,0.6949
31-May-88,0.6964,0.6965,0.6923,0.6926
27-May-88,0.7,0.7009,0.6969,0.6977
26-May-88,0.7028,0.7047,0.7021,0.7039
25-May-88,0.7049,0.7054,0.7031,0.7039
24-May-88,0.7077,0.7085,0.7041,0.7064
23-May-88,0.7068,0.7086,0.7058,0.7081
20-May-88,0.7072,0.7072,0.7056,0.707
19-May-88,0.7098,0.7098,0.707,0.7074
18-May-88,0.7059,0.7078,0.7048,0.7077
17-May-88,0.7159,0.7173,0.7043,0.7055
16-May-88,0.7157,0.7164,0.7141,0.7142
13-May-88,0.7187,0.7187,0.7157,0.716
12-May-88,0.7179,0.7196,0.7172,0.7176
11-May-88,0.7206,0.721,0.7166,0.7175
10-May-88,0.7195,0.7219,0.7191,0.7205
9-May-88,0.7184,0.7187,0.7168,0.7176
6-May-88,0.7176,0.7181,0.715,0.7177
5-May-88,0.7202,0.7209,0.7145,0.7148
4-May-88,0.7173,0.7201,0.7168,0.7197
3-May-88,0.721,0.7214,0.7189,0.7192
2-May-88,0.7177,0.7199,0.7163,0.7193
29-Apr-88,0.7251,0.7254,0.719,0.7194
28-Apr-88,0.7265,0.7277,0.7258,0.7268
27-Apr-88,0.7238,0.7265,0.723,0.7258
26-Apr-88,0.7276,0.7287,0.7251,0.7252
25-Apr-88,0.7268,0.7272,0.7243,0.7255
22-Apr-88,0.7287,0.7289,0.7265,0.7269
21-Apr-88,0.7319,0.7331,0.7308,0.731
20-Apr-88,0.7342,0.7343,0.7318,0.7319
19-Apr-88,0.7327,0.7334,0.7313,0.7317
18-Apr-88,0.735,0.7357,0.7333,0.7339
15-Apr-88,0.735,0.736,0.7338,0.7348
14-Apr-88,0.7195,0.745,0.7187,0.7347
13-Apr-88,0.7201,0.722,0.7167,0.7175
12-Apr-88,0.723,0.7232,0.7209,0.721
11-Apr-88,0.7232,0.7242,0.7204,0.7224
8-Apr-88,0.7288,0.7302,0.7276,0.7292
7-Apr-88,0.7261,0.7285,0.7252,0.7278
6-Apr-88,0.7321,0.7333,0.7242,0.7254
5-Apr-88,0.7366,0.7375,0.7318,0.7329
4-Apr-88,0.7423,0.7452,0.7393,0.7415
31-Mar-88,0.7397,0.7421,0.7386,0.7401
30-Mar-88,0.7337,0.7373,0.7328,0.7366
29-Mar-88,0.7358,0.7368,0.7331,0.7343
28-Mar-88,0.7353,0.7405,0.7346,0.7404
25-Mar-88,0.7277,0.7302,0.7266,0.7288
24-Mar-88,0.7255,0.7299,0.7252,0.7294
23-Mar-88,0.721,0.7243,0.7204,0.7234
22-Mar-88,0.7227,0.7234,0.7208,0.723
21-Mar-88,0.7234,0.725,0.7223,0.7235
18-Mar-88,0.7218,0.7223,0.7188,0.7195
17-Mar-88,0.7296,0.7312,0.7193,0.7199
16-Mar-88,0.7331,0.7339,0.7298,0.7307
15-Mar-88,0.7355,0.7365,0.7335,0.7339
14-Mar-88,0.7408,0.741,0.7365,0.7372
11-Mar-88,0.7394,0.7397,0.7375,0.7386
10-Mar-88,0.7342,0.7356,0.7331,0.7336
9-Mar-88,0.734,0.7357,0.7337,0.7352
8-Mar-88,0.735,0.7376,0.7336,0.7365
7-Mar-88,0.7275,0.7335,0.7275,0.7331
4-Mar-88,0.7135,0.7163,0.7124,0.7152
3-Mar-88,0.7128,0.7138,0.7116,0.7126
2-Mar-88,0.7155,0.7168,0.7143,0.7147
1-Mar-88,0.7192,0.7203,0.7185,0.7191
29-Feb-88,0.7211,0.7217,0.7184,0.7193
26-Feb-88,0.721,0.7235,0.7208,0.7211
25-Feb-88,0.717,0.7207,0.7165,0.7202
24-Feb-88,0.72,0.7217,0.718,0.7188
23-Feb-88,0.7219,0.724,0.7193,0.7202
22-Feb-88,0.7189,0.7222,0.7187,0.7209
19-Feb-88,0.7172,0.7196,0.7159,0.7173
18-Feb-88,0.716,0.7173,0.7126,0.713
17-Feb-88,0.7146,0.7165,0.7138,0.716
16-Feb-88,0.7138,0.7185,0.7136,0.7164
12-Feb-88,0.7185,0.732,0.703,0.7128
11-Feb-88,0.7243,0.7254,0.7224,0.7227
10-Feb-88,0.7254,0.7275,0.7243,0.7252
9-Feb-88,0.72,0.724,0.7186,0.7231
8-Feb-88,0.7214,0.7261,0.721,0.7231
5-Feb-88,0.7265,0.7281,0.7196,0.721
4-Feb-88,0.7258,0.7316,0.7248,0.7306
3-Feb-88,0.7302,0.7328,0.7265,0.7267
2-Feb-88,0.7292,0.7335,0.7286,0.7325
1-Feb-88,0.7276,0.7297,0.7267,0.7286
29-Jan-88,0.736,0.7376,0.7343,0.7346
28-Jan-88,0.7417,0.7434,0.741,0.7428
27-Jan-88,0.7385,0.7425,0.7368,0.7414
26-Jan-88,0.7429,0.7429,0.7396,0.742
25-Jan-88,0.7428,0.7435,0.7384,0.7397
22-Jan-88,0.7438,0.7467,0.7413,0.7453
21-Jan-88,0.7454,0.7481,0.7435,0.7453
20-Jan-88,0.7446,0.7486,0.743,0.7482
19-Jan-88,0.7343,0.7411,0.7326,0.7372
18-Jan-88,0.7336,0.7375,0.7325,0.7359
15-Jan-88,0.7583,0.7589,0.72,0.7331
14-Jan-88,0.756,0.7579,0.7541,0.7577
13-Jan-88,0.761,0.7613,0.756,0.7579
12-Jan-88,0.7541,0.758,0.7535,0.757
11-Jan-88,0.754,0.7559,0.7517,0.7522
8-Jan-88,0.7437,0.7507,0.743,0.7487
7-Jan-88,0.7542,0.7552,0.7516,0.7523
6-Jan-88,0.7465,0.7513,0.744,0.7495
5-Jan-88,0.7682,0.7705,0.7563,0.7569
4-Jan-88,0.7868,0.7877,0.7818,0.7844
31-Dec-87,0.792,0.7955,0.7885,0.795
30-Dec-87,0.7802,0.7828,0.779,0.7812
29-Dec-87,0.786,0.786,0.78,0.7819
28-Dec-87,0.779,0.7846,0.7771,0.7817
24-Dec-87,0.7634,0.769,0.762,0.7672
23-Dec-87,0.7582,0.7598,0.7557,0.7585
22-Dec-87,0.7623,0.7658,0.7605,0.7646
21-Dec-87,0.7625,0.7638,0.7588,0.7635
18-Dec-87,0.7655,0.7659,0.7585,0.7611
17-Dec-87,0.7647,0.769,0.7621,0.7684
16-Dec-87,0.7596,0.7625,0.7566,0.7623
15-Dec-87,0.7633,0.7638,0.7576,0.7597
14-Dec-87,0.7636,0.7654,0.7606,0.7628
11-Dec-87,0.7602,0.7619,0.7568,0.7608
10-Dec-87,0.7435,0.765,0.7399,0.7584
9-Dec-87,0.745,0.745,0.7424,0.7445
8-Dec-87,0.742,0.7437,0.7401,0.7435
7-Dec-87,0.7417,0.7426,0.7377,0.7389
4-Dec-87,0.741,0.741,0.731,0.7347
3-Dec-87,0.7427,0.7427,0.735,0.7364
2-Dec-87,0.7413,0.7433,0.739,0.7394
1-Dec-87,0.7395,0.7436,0.7386,0.7388
30-Nov-87,0.7475,0.7487,0.744,0.7473
27-Nov-87,0.7371,0.7408,0.7356,0.7406
25-Nov-87,0.7303,0.7329,0.7286,0.7306
24-Nov-87,0.7246,0.73,0.7221,0.7299
23-Nov-87,0.7331,0.7334,0.7303,0.7318
20-Nov-87,0.7299,0.7373,0.717,0.7285
19-Nov-87,0.7291,0.7299,0.7247,0.728
18-Nov-87,0.7208,0.7276,0.7194,0.7248
17-Nov-87,0.7205,0.7235,0.7193,0.7232
16-Nov-87,0.71,0.7164,0.7097,0.7127
13-Nov-87,0.7205,0.7232,0.718,0.7227
12-Nov-87,0.728,0.732,0.7175,0.7203
11-Nov-87,0.7354,0.736,0.7284,0.7297
10-Nov-87,0.7405,0.7433,0.7295,0.7354
9-Nov-87,0.7291,0.7369,0.7291,0.7355
6-Nov-87,0.728,0.7323,0.725,0.7294
5-Nov-87,0.72,0.736,0.7187,0.726
4-Nov-87,0.7139,0.716,0.7094,0.7145
3-Nov-87,0.7151,0.7165,0.7075,0.7117
2-Nov-87,0.7072,0.7125,0.7058,0.7115
30-Oct-87,0.6983,0.7055,0.6982,0.7026
29-Oct-87,0.7,0.7051,0.6979,0.7004
28-Oct-87,0.6955,0.7042,0.6947,0.7026
27-Oct-87,0.6865,0.6968,0.6862,0.6927
26-Oct-87,0.6877,0.6897,0.6855,0.687
23-Oct-87,0.6719,0.6855,0.668,0.6823
22-Oct-87,0.6679,0.6725,0.6669,0.6678
21-Oct-87,0.672,0.6724,0.6645,0.6649
20-Oct-87,0.6735,0.6758,0.6665,0.6703
19-Oct-87,0.685,0.6875,0.6814,0.6834
16-Oct-87,0.6753,0.6775,0.6733,0.6771
15-Oct-87,0.6759,0.6788,0.6736,0.6741
14-Oct-87,0.6664,0.6748,0.6661,0.6743
13-Oct-87,0.6677,0.6686,0.6666,0.6672
12-Oct-87,0.67,0.6728,0.6686,0.6716
9-Oct-87,0.6697,0.6723,0.6668,0.6721
8-Oct-87,0.6627,0.668,0.662,0.6677
7-Oct-87,0.6622,0.6626,0.661,0.6623
6-Oct-87,0.6602,0.6611,0.6577,0.659
5-Oct-87,0.656,0.6585,0.6559,0.6582
2-Oct-87,0.6578,0.6583,0.655,0.6558
1-Oct-87,0.6567,0.6589,0.6542,0.6587
30-Sep-87,0.66,0.6607,0.6551,0.6558
29-Sep-87,0.6591,0.6616,0.6584,0.6597
28-Sep-87,0.6654,0.6664,0.6645,0.6649
25-Sep-87,0.6671,0.6675,0.666,0.6664
24-Sep-87,0.6681,0.6689,0.6669,0.6677
23-Sep-87,0.6652,0.6681,0.6647,0.6664
22-Sep-87,0.6693,0.6704,0.6681,0.6693
21-Sep-87,0.6723,0.6725,0.6695,0.6717
18-Sep-87,0.6748,0.6753,0.673,0.6741
17-Sep-87,0.6689,0.6712,0.6685,0.6701
16-Sep-87,0.6724,0.6728,0.668,0.6697
15-Sep-87,0.6706,0.6727,0.6696,0.672
14-Sep-87,0.6703,0.6715,0.6668,0.6688
11-Sep-87,0.6765,0.6835,0.6733,0.6735
10-Sep-87,0.6755,0.677,0.6745,0.6768
9-Sep-87,0.6815,0.6819,0.6752,0.6768
8-Sep-87,0.6798,0.682,0.6791,0.6813
4-Sep-87,0.6735,0.6748,0.6706,0.6725
3-Sep-87,0.6728,0.6775,0.6713,0.6748
2-Sep-87,0.671,0.6759,0.6707,0.6744
1-Sep-87,0.6709,0.6726,0.6686,0.67
31-Aug-87,0.6696,0.6719,0.6685,0.6692
28-Aug-87,0.6674,0.6721,0.6674,0.6709
27-Aug-87,0.6681,0.6728,0.6679,0.6726
26-Aug-87,0.6637,0.6668,0.6626,0.6651
25-Aug-87,0.6678,0.6697,0.6645,0.6648
24-Aug-87,0.6656,0.6697,0.6655,0.6681
21-Aug-87,0.6624,0.668,0.6624,0.667
20-Aug-87,0.6597,0.6623,0.6581,0.6596
19-Aug-87,0.655,0.659,0.655,0.6586
18-Aug-87,0.6531,0.6578,0.6519,0.6551
17-Aug-87,0.6434,0.645,0.643,0.6448
14-Aug-87,0.6369,0.6458,0.6365,0.6425
13-Aug-87,0.638,0.6407,0.6372,0.6394
12-Aug-87,0.6353,0.6393,0.6349,0.6375
11-Aug-87,0.6368,0.6373,0.6339,0.6368
10-Aug-87,0.6377,0.6399,0.6356,0.6377
7-Aug-87,0.6423,0.6426,0.6371,0.6373
6-Aug-87,0.643,0.6443,0.642,0.6423
5-Aug-87,0.644,0.6452,0.6431,0.6436
4-Aug-87,0.6453,0.6458,0.6401,0.6411
3-Aug-87,0.652,0.6527,0.6466,0.6468
31-Jul-87,0.653,0.6546,0.6516,0.6521
30-Jul-87,0.6518,0.654,0.6498,0.6534
29-Jul-87,0.6524,0.6531,0.6513,0.6524
28-Jul-87,0.6505,0.6548,0.6503,0.6543
27-Jul-87,0.6555,0.6555,0.6517,0.6523
24-Jul-87,0.6533,0.6548,0.6516,0.6533
23-Jul-87,0.6518,0.6543,0.6511,0.652
22-Jul-87,0.6508,0.6518,0.6484,0.6507
21-Jul-87,0.6504,0.6511,0.648,0.6493
20-Jul-87,0.6486,0.6499,0.6464,0.6467
17-Jul-87,0.6506,0.6528,0.6462,0.6464
16-Jul-87,0.6581,0.6592,0.6564,0.6577
15-Jul-87,0.6522,0.6625,0.6517,0.6607
14-Jul-87,0.6533,0.6546,0.6513,0.6516
13-Jul-87,0.6518,0.6554,0.6515,0.6538
10-Jul-87,0.6535,0.6545,0.6522,0.6533
9-Jul-87,0.6582,0.6594,0.6535,0.6539
8-Jul-87,0.6522,0.6578,0.6522,0.6549
7-Jul-87,0.6568,0.6582,0.654,0.6542
6-Jul-87,0.6562,0.6579,0.6548,0.6571
2-Jul-87,0.6632,0.6635,0.6605,0.6608
1-Jul-87,0.667,0.6675,0.6628,0.6638
30-Jun-87,0.6625,0.6661,0.6616,0.6658
29-Jun-87,0.6638,0.6643,0.6618,0.6627
26-Jun-87,0.6638,0.6664,0.6618,0.6629
25-Jun-87,0.663,0.6641,0.6615,0.6632
24-Jun-87,0.667,0.6679,0.6641,0.6673
23-Jun-87,0.6582,0.6648,0.6561,0.6625
22-Jun-87,0.6598,0.66,0.6543,0.6555
19-Jun-87,0.6635,0.6643,0.6607,0.6619
18-Jun-87,0.6663,0.6663,0.6627,0.6633
17-Jun-87,0.6634,0.6656,0.659,0.6603
16-Jun-87,0.666,0.6667,0.6612,0.6626
15-Jun-87,0.6667,0.6699,0.6648,0.6669
12-Jun-87,0.6783,0.6783,0.6706,0.6729
11-Jun-87,0.6815,0.6818,0.6785,0.6808
10-Jun-87,0.6849,0.6852,0.6764,0.6799
9-Jun-87,0.676,0.6831,0.6752,0.6827
8-Jun-87,0.6775,0.678,0.671,0.6718
5-Jun-87,0.6669,0.6682,0.6635,0.6638
4-Jun-87,0.6663,0.6678,0.6641,0.6655
3-Jun-87,0.6722,0.6735,0.669,0.6698
2-Jun-87,0.6667,0.6766,0.666,0.6754
1-Jun-87,0.6581,0.6599,0.6567,0.6594
29-May-87,0.6637,0.6643,0.6614,0.664
28-May-87,0.6656,0.6682,0.6644,0.6658
27-May-87,0.665,0.668,0.6616,0.6629
26-May-87,0.6781,0.6784,0.6698,0.6703
22-May-87,0.688,0.6901,0.6835,0.6844
21-May-87,0.6867,0.6885,0.6857,0.6879
20-May-87,0.6916,0.6924,0.6865,0.6894
19-May-87,0.6856,0.6899,0.6855,0.6891
18-May-87,0.6887,0.6892,0.6845,0.6858
15-May-87,0.6848,0.689,0.6848,0.6887
14-May-87,0.6808,0.6843,0.68,0.6835
13-May-87,0.6793,0.6832,0.6789,0.68
12-May-87,0.6838,0.6852,0.6822,0.6824
11-May-87,0.6783,0.681,0.677,0.6795
8-May-87,0.6843,0.6852,0.6797,0.682
7-May-87,0.6891,0.6895,0.6845,0.686
6-May-87,0.688,0.6928,0.688,0.6922
5-May-87,0.6935,0.6944,0.688,0.6894
4-May-87,0.6897,0.6953,0.6886,0.6951
1-May-87,0.6844,0.6912,0.6834,0.6898
30-Apr-87,0.6849,0.686,0.6782,0.6854
29-Apr-87,0.6794,0.6826,0.678,0.6814
28-Apr-87,0.6883,0.6883,0.6811,0.6845
27-Apr-87,0.692,0.692,0.6824,0.6829
24-Apr-87,0.6863,0.69,0.6845,0.6874
23-Apr-87,0.6744,0.6818,0.673,0.6816
22-Apr-87,0.6715,0.675,0.67,0.6728
21-Apr-87,0.6768,0.6774,0.6713,0.6733
20-Apr-87,0.6727,0.6759,0.6697,0.6753
16-Apr-87,0.6708,0.6738,0.6694,0.6728
15-Apr-87,0.6731,0.6765,0.6722,0.6745
14-Apr-87,0.676,0.6805,0.673,0.6802
13-Apr-87,0.672,0.6731,0.6704,0.6715
10-Apr-87,0.6734,0.6745,0.6687,0.6703
9-Apr-87,0.6629,0.6682,0.6616,0.6681
8-Apr-87,0.6596,0.6602,0.6567,0.6586
7-Apr-87,0.666,0.6666,0.6637,0.6648
6-Apr-87,0.6629,0.6635,0.6596,0.663
3-Apr-87,0.6641,0.6668,0.6605,0.6652
2-Apr-87,0.6595,0.6663,0.6588,0.6639
1-Apr-87,0.6617,0.6637,0.6582,0.6583
31-Mar-87,0.6686,0.6702,0.6659,0.6677
30-Mar-87,0.6684,0.6724,0.6672,0.672
27-Mar-87,0.6618,0.6648,0.6606,0.6647
26-Mar-87,0.6576,0.6597,0.6566,0.6578
25-Mar-87,0.6608,0.6614,0.6573,0.659
24-Mar-87,0.6641,0.6651,0.6579,0.6598
23-Mar-87,0.6589,0.6612,0.6585,0.661
20-Mar-87,0.6558,0.6561,0.654,0.6559
19-Mar-87,0.6552,0.6563,0.654,0.6551
18-Mar-87,0.654,0.6557,0.6523,0.6551
17-Mar-87,0.6571,0.6577,0.6531,0.6561
16-Mar-87,0.6515,0.6558,0.651,0.6556
13-Mar-87,0.6474,0.649,0.6462,0.6479
12-Mar-87,0.6443,0.6472,0.643,0.6445
11-Mar-87,0.6441,0.6449,0.6399,0.6429
10-Mar-87,0.6433,0.646,0.6424,0.6438
9-Mar-87,0.6446,0.6461,0.6406,0.6408
6-Mar-87,0.6468,0.6479,0.642,0.6423
5-Mar-87,0.6441,0.6498,0.6431,0.6476
4-Mar-87,0.6498,0.65,0.645,0.6458
3-Mar-87,0.6493,0.651,0.6476,0.6493
2-Mar-87,0.6521,0.6525,0.6467,0.6474
27-Feb-87,0.65,0.6532,0.6475,0.6519
26-Feb-87,0.653,0.6573,0.6508,0.6525
25-Feb-87,0.6505,0.6517,0.6492,0.6503
24-Feb-87,0.6444,0.6467,0.6418,0.6457
23-Feb-87,0.6476,0.649,0.6438,0.6444
20-Feb-87,0.6471,0.65,0.6471,0.6493
19-Feb-87,0.6401,0.6498,0.6391,0.6494
18-Feb-87,0.6488,0.6495,0.6454,0.6469
17-Feb-87,0.6555,0.6558,0.6502,0.6515
13-Feb-87,0.6462,0.6516,0.6458,0.6515
12-Feb-87,0.6526,0.6575,0.646,0.6483
11-Feb-87,0.6516,0.6549,0.6498,0.6527
10-Feb-87,0.6545,0.6627,0.6515,0.6529
9-Feb-87,0.6485,0.6588,0.6462,0.6575
6-Feb-87,0.6376,0.642,0.6345,0.6406
5-Feb-87,0.6486,0.6506,0.6467,0.6492
4-Feb-87,0.656,0.658,0.6527,0.6555
3-Feb-87,0.6622,0.6659,0.6598,0.6607
2-Feb-87,0.6548,0.6599,0.6542,0.6579
30-Jan-87,0.6582,0.6605,0.645,0.6494
29-Jan-87,0.6699,0.6709,0.6659,0.6679
28-Jan-87,0.675,0.6753,0.6658,0.671
27-Jan-87,0.6572,0.6663,0.6572,0.6654
26-Jan-87,0.6559,0.658,0.6531,0.6552
23-Jan-87,0.6575,0.6585,0.6524,0.6565
22-Jan-87,0.6565,0.6618,0.6555,0.6597
21-Jan-87,0.6461,0.6498,0.6452,0.6478
20-Jan-87,0.6538,0.6547,0.6486,0.6496
19-Jan-87,0.663,0.6646,0.6595,0.6607
16-Jan-87,0.6468,0.6525,0.6439,0.6504
15-Jan-87,0.6518,0.656,0.6472,0.6499
14-Jan-87,0.6438,0.6575,0.642,0.6531
13-Jan-87,0.6406,0.6406,0.6363,0.6381
12-Jan-87,0.6324,0.6363,0.6314,0.6337
9-Jan-87,0.6248,0.6271,0.6213,0.6259
8-Jan-87,0.6201,0.6267,0.6199,0.6262
7-Jan-87,0.6182,0.6215,0.6176,0.6191
6-Jan-87,0.6212,0.6251,0.62,0.6232
5-Jan-87,0.6197,0.6223,0.6144,0.6171
2-Jan-87,0.6253,0.6263,0.6212,0.6215
31-Dec-86,0.6206,0.625,0.6194,0.6247
30-Dec-86,0.6166,0.6192,0.6158,0.6178
29-Dec-86,0.6175,0.6199,0.6164,0.6181
26-Dec-86,0.611,0.614,0.6103,0.6127
24-Dec-86,0.6085,0.6122,0.6085,0.6113
23-Dec-86,0.6098,0.6128,0.607,0.6123
22-Dec-86,0.6046,0.6067,0.6033,0.605
19-Dec-86,0.5968,0.6002,0.5959,0.5989
18-Dec-86,0.5926,0.5968,0.5925,0.5959
17-Dec-86,0.59,0.592,0.5896,0.5899
16-Dec-86,0.5885,0.5905,0.588,0.5884
15-Dec-86,0.5928,0.594,0.5904,0.5915
12-Dec-86,0.5908,0.5954,0.5898,0.5948
11-Dec-86,0.5976,0.5977,0.5942,0.5957
10-Dec-86,0.595,0.5995,0.5943,0.598
9-Dec-86,0.5978,0.5978,0.5931,0.5933
8-Dec-86,0.5986,0.5994,0.5963,0.5987
5-Dec-86,0.6005,0.6023,0.5941,0.5952
4-Dec-86,0.6061,0.6098,0.599,0.5992
3-Dec-86,0.6067,0.6115,0.6064,0.6099
2-Dec-86,0.6083,0.6105,0.6063,0.6075
1-Dec-86,0.614,0.6149,0.6086,0.6102
28-Nov-86,0.6084,0.611,0.6084,0.6099
26-Nov-86,0.6056,0.6067,0.6021,0.6041
25-Nov-86,0.5961,0.6069,0.5961,0.6058
24-Nov-86,0.5915,0.5936,0.5907,0.5932
21-Nov-86,0.5953,0.5963,0.5903,0.5916
20-Nov-86,0.6003,0.6012,0.5977,0.5995
19-Nov-86,0.5977,0.6014,0.596,0.6002
18-Nov-86,0.5958,0.5991,0.5953,0.5979
17-Nov-86,0.6001,0.6005,0.5975,0.5978
14-Nov-86,0.6001,0.6038,0.5978,0.6027
13-Nov-86,0.5968,0.6017,0.5965,0.6008
12-Nov-86,0.5967,0.5987,0.5964,0.5986
11-Nov-86,0.595,0.595,0.5928,0.5932
10-Nov-86,0.5905,0.592,0.589,0.5903
7-Nov-86,0.5822,0.5859,0.5787,0.5845
6-Nov-86,0.581,0.5849,0.5807,0.5833
5-Nov-86,0.5815,0.5846,0.5795,0.5833
4-Nov-86,0.5861,0.5878,0.5845,0.5846
3-Nov-86,0.582,0.5857,0.5814,0.5838
31-Oct-86,0.584,0.5872,0.5824,0.5863
30-Oct-86,0.6013,0.6014,0.5884,0.5899
29-Oct-86,0.5993,0.5994,0.5963,0.5988
28-Oct-86,0.5984,0.5998,0.5968,0.5972
27-Oct-86,0.5943,0.5951,0.5909,0.5914
24-Oct-86,0.6006,0.6006,0.5963,0.5979
23-Oct-86,0.6117,0.6124,0.604,0.6059
22-Oct-86,0.6167,0.6179,0.6142,0.6153
21-Oct-86,0.6142,0.6166,0.6138,0.6154
20-Oct-86,0.6177,0.6177,0.614,0.6168
17-Oct-86,0.6204,0.6219,0.6186,0.6205
16-Oct-86,0.6216,0.6225,0.6185,0.6196
15-Oct-86,0.6205,0.6227,0.6189,0.6217
14-Oct-86,0.6204,0.6222,0.6204,0.6215
13-Oct-86,0.6221,0.6254,0.6218,0.6252
10-Oct-86,0.616,0.6212,0.6158,0.6203
9-Oct-86,0.6177,0.6179,0.6143,0.6164
8-Oct-86,0.6157,0.6183,0.6157,0.6169
7-Oct-86,0.6123,0.6174,0.6117,0.6166
6-Oct-86,0.6212,0.6217,0.6194,0.6204
3-Oct-86,0.6183,0.623,0.6178,0.6189
2-Oct-86,0.6124,0.6189,0.6124,0.6179
1-Oct-86,0.6108,0.6142,0.6106,0.6138
30-Sep-86,0.6146,0.615,0.6086,0.6112
29-Sep-86,0.6114,0.6152,0.6104,0.6144
26-Sep-86,0.6062,0.6068,0.6019,0.6022
25-Sep-86,0.6034,0.6064,0.6025,0.6057
24-Sep-86,0.6072,0.6076,0.6042,0.6057
23-Sep-86,0.6079,0.609,0.6032,0.6044
22-Sep-86,0.6137,0.614,0.6104,0.6115
19-Sep-86,0.6236,0.6268,0.622,0.6252
18-Sep-86,0.6174,0.6247,0.6172,0.6243
17-Sep-86,0.6107,0.6142,0.61,0.6135
16-Sep-86,0.6078,0.6092,0.6046,0.606
15-Sep-86,0.6065,0.6085,0.6047,0.6079
12-Sep-86,0.5966,0.605,0.5931,0.6019
11-Sep-86,0.5962,0.5965,0.5902,0.592
10-Sep-86,0.6023,0.6039,0.5987,0.6002
9-Sep-86,0.5977,0.6016,0.5962,0.5986
8-Sep-86,0.5965,0.5979,0.5932,0.5936
5-Sep-86,0.6081,0.6083,0.596,0.5975
4-Sep-86,0.612,0.6126,0.608,0.6081
3-Sep-86,0.6082,0.6131,0.6068,0.6118
2-Sep-86,0.6124,0.6134,0.6105,0.6127
29-Aug-86,0.6048,0.6124,0.6048,0.6119
28-Aug-86,0.6074,0.6096,0.6019,0.6033
27-Aug-86,0.6032,0.6106,0.6025,0.6089
26-Aug-86,0.6072,0.6073,0.6025,0.6029
25-Aug-86,0.6081,0.6089,0.6072,0.6087
22-Aug-86,0.6089,0.6091,0.6056,0.6068
21-Aug-86,0.6049,0.6097,0.6048,0.6089
20-Aug-86,0.6066,0.6089,0.6058,0.6078
19-Aug-86,0.5982,0.605,0.5977,0.6048
18-Aug-86,0.6022,0.6023,0.5965,0.5984
15-Aug-86,0.6035,0.6036,0.6018,0.6029
14-Aug-86,0.6034,0.6043,0.6021,0.6042
13-Aug-86,0.6005,0.6015,0.5985,0.6007
12-Aug-86,0.5995,0.6004,0.5962,0.5968
11-Aug-86,0.6071,0.6072,0.6044,0.6057
8-Aug-86,0.5996,0.6032,0.599,0.6022
7-Aug-86,0.6011,0.6022,0.5996,0.6008
6-Aug-86,0.5978,0.6005,0.5965,0.5983
5-Aug-86,0.591,0.5959,0.5907,0.5933
4-Aug-86,0.6017,0.6026,0.5975,0.5997
1-Aug-86,0.6015,0.6028,0.5966,0.6006
31-Jul-86,0.5979,0.6002,0.5961,0.5998
30-Jul-86,0.589,0.5944,0.5889,0.5917
29-Jul-86,0.5896,0.5942,0.587,0.5908
28-Jul-86,0.5808,0.5917,0.5801,0.5908
25-Jul-86,0.5765,0.579,0.5755,0.5779
24-Jul-86,0.5812,0.5824,0.5795,0.5804
23-Jul-86,0.5831,0.5851,0.5755,0.5845
22-Jul-86,0.5846,0.5854,0.5785,0.5831
21-Jul-86,0.5828,0.5863,0.5809,0.5855
18-Jul-86,0.5731,0.5823,0.5729,0.5816
17-Jul-86,0.5749,0.5763,0.5713,0.5746
16-Jul-86,0.5757,0.578,0.5739,0.5761
15-Jul-86,0.5711,0.5754,0.5675,0.5747
14-Jul-86,0.5601,0.5663,0.5593,0.5657
11-Jul-86,0.5631,0.5654,0.5565,0.5573
10-Jul-86,0.5658,0.5668,0.5636,0.5654
9-Jul-86,0.5623,0.5672,0.561,0.567
8-Jul-86,0.5699,0.5711,0.5631,0.5644
7-Jul-86,0.5715,0.5717,0.5617,0.5619
3-Jul-86,0.5702,0.5715,0.5668,0.5688
2-Jul-86,0.5634,0.5664,0.5629,0.566
1-Jul-86,0.5647,0.569,0.5636,0.5645
30-Jun-86,0.5604,0.5648,0.5592,0.5645
27-Jun-86,0.5526,0.559,0.5526,0.5587
26-Jun-86,0.5514,0.5528,0.5502,0.5519
25-Jun-86,0.5515,0.554,0.5473,0.5477
24-Jun-86,0.5475,0.5519,0.5472,0.5494
23-Jun-86,0.5388,0.5504,0.5383,0.548
20-Jun-86,0.5432,0.5441,0.5403,0.5409
19-Jun-86,0.5462,0.5468,0.5443,0.5464
18-Jun-86,0.5471,0.5489,0.5409,0.5468
17-Jun-86,0.5483,0.5502,0.5425,0.5437
16-Jun-86,0.555,0.5563,0.5502,0.5509
13-Jun-86,0.5474,0.5524,0.5466,0.5513
12-Jun-86,0.5503,0.5528,0.5499,0.5515
11-Jun-86,0.5515,0.5537,0.5492,0.5503
10-Jun-86,0.5479,0.5532,0.5479,0.5514
9-Jun-86,0.5437,0.5471,0.5434,0.545
6-Jun-86,0.543,0.5466,0.5415,0.5463
5-Jun-86,0.5368,0.5443,0.5368,0.5436
4-Jun-86,0.5332,0.5343,0.5301,0.5341
3-Jun-86,0.5303,0.5334,0.5297,0.5322
2-Jun-86,0.5178,0.5224,0.5164,0.5209
30-May-86,0.5232,0.5241,0.5166,0.5174
29-May-86,0.5289,0.5291,0.5237,0.5248
28-May-86,0.5328,0.535,0.5281,0.5298
27-May-86,0.5274,0.5343,0.5269,0.533
23-May-86,0.5289,0.5314,0.5273,0.5284
22-May-86,0.5325,0.534,0.5286,0.5294
21-May-86,0.5345,0.5382,0.5316,0.5323
20-May-86,0.5412,0.5412,0.533,0.5349
19-May-86,0.5396,0.544,0.536,0.5432
16-May-86,0.543,0.5448,0.5407,0.5409
15-May-86,0.55,0.5512,0.5475,0.5499
14-May-86,0.55,0.5525,0.5491,0.5506
13-May-86,0.5558,0.5573,0.5458,0.5519
12-May-86,0.5561,0.558,0.5549,0.5577
9-May-86,0.5531,0.5553,0.5506,0.5509
8-May-86,0.5542,0.5574,0.5485,0.5504
7-May-86,0.5452,0.5527,0.5438,0.5516
6-May-86,0.5387,0.5462,0.5384,0.5455
5-May-86,0.5496,0.5521,0.5466,0.5487
2-May-86,0.5421,0.5447,0.5392,0.5434
1-May-86,0.5458,0.5458,0.5373,0.538
30-Apr-86,0.5486,0.5556,0.5475,0.5493
29-Apr-86,0.5523,0.5542,0.551,0.5513
28-Apr-86,0.5522,0.5568,0.5521,0.5547
25-Apr-86,0.545,0.5557,0.5449,0.5555
24-Apr-86,0.5468,0.5473,0.5436,0.5458
23-Apr-86,0.5493,0.5503,0.545,0.5484
22-Apr-86,0.5473,0.5501,0.5425,0.5465
21-Apr-86,0.5403,0.5473,0.5399,0.5466
18-Apr-86,0.5405,0.5447,0.5377,0.5439
17-Apr-86,0.539,0.5451,0.5355,0.5397
16-Apr-86,0.5309,0.5334,0.5291,0.533
15-Apr-86,0.517,0.5232,0.5165,0.52
14-Apr-86,0.519,0.5213,0.5183,0.5203
11-Apr-86,0.523,0.525,0.5195,0.5205
10-Apr-86,0.5153,0.5267,0.5146,0.5254
9-Apr-86,0.5135,0.5166,0.5124,0.5141
8-Apr-86,0.5095,0.5125,0.5076,0.5123
7-Apr-86,0.5,0.501,0.498,0.5
4-Apr-86,0.5047,0.5065,0.5025,0.5052
3-Apr-86,0.5079,0.5086,0.503,0.5051
2-Apr-86,0.5117,0.512,0.5075,0.5092
1-Apr-86,0.5163,0.5187,0.5136,0.5151
31-Mar-86,0.5153,0.5187,0.5115,0.5175
27-Mar-86,0.5196,0.52,0.5152,0.5176
26-Mar-86,0.5128,0.5169,0.512,0.5136
25-Mar-86,0.5185,0.5185,0.5115,0.512
24-Mar-86,0.523,0.5263,0.5182,0.5185
21-Mar-86,0.5339,0.5385,0.5338,0.538
20-Mar-86,0.5325,0.534,0.532,0.5336
19-Mar-86,0.5309,0.5328,0.5302,0.5327
18-Mar-86,0.5355,0.5371,0.5335,0.5366
17-Mar-86,0.5358,0.5379,0.5336,0.5364
14-Mar-86,0.5306,0.5328,0.529,0.5311
13-Mar-86,0.5237,0.5242,0.5206,0.5218
12-Mar-86,0.5256,0.5265,0.5212,0.5248
11-Mar-86,0.524,0.528,0.5232,0.5249
10-Mar-86,0.525,0.5276,0.5202,0.5247
7-Mar-86,0.5277,0.5318,0.526,0.5287
6-Mar-86,0.528,0.53,0.5252,0.5292
5-Mar-86,0.5323,0.5327,0.521,0.5237
4-Mar-86,0.5357,0.538,0.5327,0.5362
3-Mar-86,0.534,0.5354,0.5319,0.5348
28-Feb-86,0.535,0.5375,0.5298,0.5316
27-Feb-86,0.5385,0.54,0.5296,0.5349
26-Feb-86,0.53,0.5338,0.528,0.529
25-Feb-86,0.5308,0.5342,0.5286,0.5316
24-Feb-86,0.5257,0.5291,0.5231,0.5282
21-Feb-86,0.517,0.5215,0.5163,0.5214
20-Feb-86,0.5249,0.5295,0.5209,0.5223
19-Feb-86,0.5246,0.5332,0.5202,0.5217
18-Feb-86,0.5134,0.5232,0.5132,0.5217
14-Feb-86,0.5133,0.5168,0.5123,0.5167
13-Feb-86,0.5099,0.5175,0.5085,0.5168
12-Feb-86,0.511,0.5111,0.5093,0.5105
11-Feb-86,0.5046,0.507,0.5035,0.5063
10-Feb-86,0.4985,0.5033,0.4979,0.5031
7-Feb-86,0.4958,0.4962,0.492,0.4956
6-Feb-86,0.4973,0.499,0.4943,0.4945
5-Feb-86,0.4935,0.4985,0.4935,0.4973
4-Feb-86,0.4912,0.4936,0.49,0.4929
3-Feb-86,0.496,0.4962,0.4931,0.4938
31-Jan-86,0.4957,0.497,0.4946,0.4964
30-Jan-86,0.4962,0.5004,0.4958,0.4987
29-Jan-86,0.4975,0.4981,0.4957,0.4962
28-Jan-86,0.4943,0.4961,0.4931,0.4958
27-Jan-86,0.494,0.495,0.4922,0.4943
24-Jan-86,0.4915,0.493,0.4893,0.4923
23-Jan-86,0.4843,0.4865,0.4835,0.4863
22-Jan-86,0.4809,0.4865,0.4793,0.4833
21-Jan-86,0.4828,0.4844,0.4813,0.482
20-Jan-86,0.4796,0.486,0.479,0.4857
17-Jan-86,0.4814,0.4833,0.4805,0.4808
16-Jan-86,0.485,0.485,0.4823,0.483
15-Jan-86,0.4827,0.4851,0.4825,0.484
14-Jan-86,0.4803,0.4825,0.4789,0.4802
13-Jan-86,0.4798,0.4831,0.4779,0.4814
10-Jan-86,0.4837,0.4857,0.48,0.4811
9-Jan-86,0.4835,0.4904,0.4811,0.4881
8-Jan-86,0.4869,0.487,0.4807,0.4819
7-Jan-86,0.489,0.4895,0.4865,0.4876
6-Jan-86,0.4837,0.4884,0.4837,0.4873
3-Jan-86,0.4879,0.4883,0.486,0.4864
2-Jan-86,0.4908,0.4947,0.4889,0.4936
31-Dec-85,0.4888,0.4928,0.4886,0.4908
30-Dec-85,0.4858,0.4875,0.4852,0.4871
27-Dec-85,0.4829,0.4864,0.4822,0.4862
26-Dec-85,0.4777,0.4795,0.4775,0.4777
24-Dec-85,0.4779,0.4798,0.477,0.479
23-Dec-85,0.4782,0.4797,0.4768,0.4774
20-Dec-85,0.4768,0.4792,0.4758,0.4787
19-Dec-85,0.4756,0.479,0.4753,0.4773
18-Dec-85,0.4777,0.4781,0.4745,0.4749
17-Dec-85,0.4798,0.4818,0.4786,0.4788
16-Dec-85,0.4784,0.4816,0.4764,0.4814
13-Dec-85,0.4802,0.4814,0.4781,0.4785
12-Dec-85,0.4784,0.4807,0.4775,0.4783
11-Dec-85,0.4746,0.4768,0.4725,0.4765
10-Dec-85,0.4765,0.4776,0.4759,0.4763
9-Dec-85,0.4796,0.4797,0.4776,0.4782
6-Dec-85,0.4764,0.4768,0.4744,0.4745
5-Dec-85,0.4759,0.4785,0.4754,0.4777
4-Dec-85,0.4782,0.4794,0.4774,0.4784
3-Dec-85,0.4742,0.4762,0.4735,0.4741
2-Dec-85,0.4829,0.4831,0.4755,0.4782
29-Nov-85,0.4819,0.483,0.4807,0.4819
27-Nov-85,0.4789,0.4804,0.477,0.4782
26-Nov-85,0.4756,0.4804,0.4753,0.4794
25-Nov-85,0.4773,0.4784,0.4764,0.4775
22-Nov-85,0.4738,0.4781,0.4733,0.4772
21-Nov-85,0.4727,0.4754,0.4715,0.4748
20-Nov-85,0.4718,0.473,0.4671,0.468
19-Nov-85,0.4697,0.4724,0.4676,0.4694
18-Nov-85,0.4672,0.47,0.4669,0.4698
15-Nov-85,0.4685,0.4686,0.4661,0.4675
14-Nov-85,0.4689,0.471,0.4673,0.4686
13-Nov-85,0.4694,0.4701,0.4673,0.4675
12-Nov-85,0.4661,0.4704,0.4655,0.4703
11-Nov-85,0.4658,0.4688,0.4652,0.4672
8-Nov-85,0.4668,0.4682,0.4646,0.4669
7-Nov-85,0.4705,0.4709,0.4628,0.465
6-Nov-85,0.4693,0.4707,0.4685,0.4706
5-Nov-85,0.4684,0.4693,0.4667,0.468
4-Nov-85,0.4722,0.4723,0.4695,0.4705
1-Nov-85,0.4682,0.4728,0.4669,0.4724
31-Oct-85,0.4682,0.4715,0.4668,0.468
30-Oct-85,0.4693,0.4705,0.4671,0.4675
29-Oct-85,0.4654,0.4696,0.4653,0.4693
28-Oct-85,0.4637,0.4642,0.4629,0.4639
25-Oct-85,0.4637,0.4648,0.4616,0.462
24-Oct-85,0.463,0.4633,0.4619,0.4623
23-Oct-85,0.4654,0.4672,0.4637,0.4645
22-Oct-85,0.4639,0.4656,0.4632,0.4655
21-Oct-85,0.4659,0.4667,0.4637,0.4651
18-Oct-85,0.4657,0.4669,0.4636,0.4661
17-Oct-85,0.459,0.4645,0.458,0.4642
16-Oct-85,0.4567,0.4577,0.455,0.4564
15-Oct-85,0.4605,0.4617,0.46,0.4607
14-Oct-85,0.462,0.4627,0.46,0.4605
11-Oct-85,0.4612,0.4638,0.4588,0.4623
10-Oct-85,0.4622,0.4632,0.4585,0.4593
9-Oct-85,0.465,0.4663,0.4627,0.4629
8-Oct-85,0.463,0.4657,0.463,0.4637
7-Oct-85,0.4662,0.4673,0.4638,0.465
4-Oct-85,0.4716,0.4728,0.4655,0.4686
3-Oct-85,0.4658,0.4719,0.4654,0.4705
2-Oct-85,0.4683,0.4701,0.4652,0.4664
1-Oct-85,0.4603,0.4698,0.4598,0.4695
30-Sep-85,0.4619,0.4619,0.4565,0.458
27-Sep-85,0.462,0.462,0.4575,0.4604
26-Sep-85,0.4618,0.4637,0.4573,0.4582
25-Sep-85,0.4523,0.4595,0.4516,0.4593
24-Sep-85,0.4532,0.4547,0.45,0.4536
23-Sep-85,0.4555,0.4558,0.4487,0.454
20-Sep-85,0.4257,0.4322,0.4257,0.432
19-Sep-85,0.4214,0.4244,0.4213,0.4237
18-Sep-85,0.4228,0.4248,0.4212,0.4221
17-Sep-85,0.4255,0.4275,0.4225,0.4234
16-Sep-85,0.4207,0.4267,0.4198,0.4264
13-Sep-85,0.4208,0.4236,0.4181,0.4213
12-Sep-85,0.4123,0.4179,0.4118,0.4162
11-Sep-85,0.4164,0.4165,0.4124,0.4141
10-Sep-85,0.4161,0.418,0.4147,0.4157
9-Sep-85,0.4144,0.4192,0.4144,0.4152
6-Sep-85,0.418,0.418,0.413,0.4151
5-Sep-85,0.4273,0.4281,0.4211,0.4219
4-Sep-85,0.4267,0.4294,0.4253,0.4275
3-Sep-85,0.4273,0.4275,0.4242,0.4243
30-Aug-85,0.4385,0.4389,0.4319,0.4329
29-Aug-85,0.4405,0.4414,0.4379,0.4398
28-Aug-85,0.442,0.4434,0.4407,0.4419
27-Aug-85,0.441,0.441,0.436,0.44
26-Aug-85,0.4437,0.4445,0.4404,0.4416
23-Aug-85,0.4435,0.4459,0.4426,0.4447
22-Aug-85,0.4455,0.4477,0.4405,0.442
21-Aug-85,0.4394,0.4449,0.4394,0.4444
20-Aug-85,0.4412,0.4412,0.4383,0.4401
19-Aug-85,0.4438,0.445,0.4425,0.4446
16-Aug-85,0.4422,0.4454,0.4422,0.4436
15-Aug-85,0.4411,0.4435,0.4391,0.4432
14-Aug-85,0.436,0.4377,0.4348,0.4366
13-Aug-85,0.4375,0.44,0.4361,0.4386
12-Aug-85,0.435,0.4379,0.4338,0.437
9-Aug-85,0.4286,0.4354,0.4272,0.4351
8-Aug-85,0.4274,0.4294,0.4272,0.4292
7-Aug-85,0.4262,0.4278,0.4248,0.4253
6-Aug-85,0.4274,0.4281,0.4238,0.4244
5-Aug-85,0.4352,0.4355,0.4301,0.4327
2-Aug-85,0.433,0.436,0.4319,0.4355
1-Aug-85,0.4378,0.4385,0.4316,0.4326
31-Jul-85,0.4404,0.441,0.4357,0.4401
30-Jul-85,0.4352,0.4392,0.4341,0.4353
29-Jul-85,0.4354,0.4395,0.4345,0.4348
26-Jul-85,0.427,0.4358,0.4257,0.4352
25-Jul-85,0.4291,0.4298,0.4258,0.4279
24-Jul-85,0.4255,0.4283,0.4236,0.4281
23-Jul-85,0.429,0.431,0.4257,0.4261
22-Jul-85,0.4236,0.4264,0.421,0.4262
19-Jul-85,0.422,0.4256,0.4212,0.4239
18-Jul-85,0.4296,0.4312,0.4204,0.4207
17-Jul-85,0.4268,0.4314,0.4261,0.4301
16-Jul-85,0.4184,0.4221,0.4171,0.4211
15-Jul-85,0.4205,0.4211,0.4165,0.4203
12-Jul-85,0.4156,0.4205,0.4146,0.4203
11-Jul-85,0.409,0.414,0.4083,0.4131
10-Jul-85,0.4095,0.412,0.4095,0.411
9-Jul-85,0.406,0.4077,0.4045,0.4051
8-Jul-85,0.3993,0.4039,0.3979,0.4028
5-Jul-85,0.3953,0.4015,0.3953,0.4011
3-Jul-85,0.3954,0.397,0.3951,0.3961
2-Jul-85,0.3936,0.3958,0.3933,0.3949
1-Jul-85,0.3956,0.3966,0.3941,0.3943
28-Jun-85,0.3926,0.3975,0.3926,0.3967
27-Jun-85,0.394,0.3944,0.3919,0.3935
26-Jun-85,0.3924,0.3969,0.3923,0.3949
25-Jun-85,0.3923,0.3925,0.3885,0.3921
24-Jun-85,0.3908,0.393,0.3904,0.3923
21-Jun-85,0.3895,0.3932,0.3893,0.3921
20-Jun-85,0.3957,0.3959,0.3892,0.3904
19-Jun-85,0.3991,0.3995,0.3937,0.3944
18-Jun-85,0.3934,0.3993,0.3928,0.3991
17-Jun-85,0.3902,0.3909,0.3896,0.3907
14-Jun-85,0.3897,0.3922,0.3888,0.3912
13-Jun-85,0.3849,0.387,0.3842,0.3859
12-Jun-85,0.3883,0.3887,0.3863,0.3865
11-Jun-85,0.387,0.3886,0.3867,0.3878
10-Jun-85,0.3865,0.3874,0.385,0.3871
7-Jun-85,0.3921,0.3921,0.3873,0.3876
6-Jun-85,0.3922,0.3933,0.3905,0.3915
5-Jun-85,0.3887,0.3896,0.3871,0.3895
4-Jun-85,0.3908,0.3923,0.3885,0.3892
3-Jun-85,0.3913,0.3928,0.3888,0.3918
31-May-85,0.3844,0.3916,0.3832,0.3912
30-May-85,0.3874,0.3881,0.3839,0.3856
29-May-85,0.383,0.3882,0.3819,0.3876
28-May-85,0.3825,0.3833,0.3806,0.3818
24-May-85,0.3857,0.3859,0.3816,0.3826
23-May-85,0.3855,0.3877,0.3846,0.3873
22-May-85,0.387,0.3886,0.3856,0.3878
21-May-85,0.3895,0.39,0.3844,0.3888
20-May-85,0.3932,0.3942,0.385,0.3859
17-May-85,0.3862,0.3897,0.3862,0.3885
16-May-85,0.385,0.388,0.3845,0.3868
15-May-85,0.3886,0.392,0.3875,0.3916
14-May-85,0.3886,0.3917,0.3854,0.39
13-May-85,0.3864,0.3892,0.3852,0.3884
10-May-85,0.3822,0.3843,0.3805,0.3839
9-May-85,0.383,0.3848,0.3815,0.3825
8-May-85,0.3744,0.3764,0.373,0.3746
7-May-85,0.3739,0.3775,0.3734,0.3769
6-May-85,0.3672,0.3716,0.3659,0.369
3-May-85,0.375,0.375,0.3682,0.3685
2-May-85,0.3782,0.3795,0.3762,0.3765
1-May-85,0.3807,0.3841,0.3797,0.3831
30-Apr-85,0.3881,0.3904,0.3832,0.3838
29-Apr-85,0.3849,0.3888,0.3827,0.3884
26-Apr-85,0.3827,0.3857,0.382,0.3836
25-Apr-85,0.3862,0.387,0.3814,0.3834
24-Apr-85,0.3861,0.3891,0.3848,0.3882
23-Apr-85,0.4017,0.404,0.3851,0.388
22-Apr-85,0.4041,0.4057,0.4003,0.4007
19-Apr-85,0.406,0.4075,0.4048,0.4061
18-Apr-85,0.4,0.4077,0.3995,0.4075
17-Apr-85,0.3977,0.4,0.3955,0.3969
16-Apr-85,0.4015,0.4021,0.3962,0.3991
15-Apr-85,0.3996,0.3996,0.3966,0.3974
12-Apr-85,0.3913,0.3934,0.3876,0.392
11-Apr-85,0.3851,0.3908,0.3851,0.3901
10-Apr-85,0.379,0.3818,0.3773,0.3803
9-Apr-85,0.379,0.3806,0.3764,0.3773
8-Apr-85,0.3735,0.3829,0.3735,0.3825
4-Apr-85,0.377,0.3795,0.3738,0.3776
3-Apr-85,0.3802,0.382,0.3774,0.3785
2-Apr-85,0.3779,0.384,0.3779,0.383
1-Apr-85,0.3833,0.3844,0.3814,0.3824
29-Mar-85,0.3874,0.3902,0.3845,0.3887
28-Mar-85,0.3818,0.3823,0.3786,0.3817
27-Mar-85,0.3785,0.3808,0.3768,0.3785
26-Mar-85,0.3674,0.3709,0.3671,0.3693
25-Mar-85,0.3678,0.368,0.3666,0.3671
22-Mar-85,0.3707,0.3715,0.3684,0.371
21-Mar-85,0.3663,0.3725,0.3663,0.3707
20-Mar-85,0.3655,0.3686,0.3635,0.3645
19-Mar-85,0.362,0.3697,0.3603,0.3695
18-Mar-85,0.351,0.3572,0.3509,0.3563
15-Mar-85,0.3485,0.3519,0.3482,0.3493
14-Mar-85,0.3511,0.3517,0.3492,0.3501
13-Mar-85,0.3555,0.3572,0.3522,0.3526
12-Mar-85,0.353,0.3562,0.3512,0.3558
11-Mar-85,0.3528,0.3551,0.3522,0.3546
8-Mar-85,0.3475,0.3512,0.3473,0.3487
7-Mar-85,0.3445,0.3452,0.3438,0.3443
6-Mar-85,0.3427,0.3481,0.3416,0.3471
5-Mar-85,0.3438,0.3442,0.342,0.3427
4-Mar-85,0.3463,0.3473,0.345,0.3468
1-Mar-85,0.3492,0.353,0.3474,0.3493
28-Feb-85,0.3535,0.3544,0.3491,0.3493
27-Feb-85,0.3549,0.356,0.3524,0.3544
26-Feb-85,0.3409,0.35,0.3408,0.3465
25-Feb-85,0.3456,0.3473,0.3423,0.3429
22-Feb-85,0.3506,0.3523,0.3502,0.3506
21-Feb-85,0.3545,0.3554,0.3532,0.3544
20-Feb-85,0.3561,0.3562,0.3543,0.355
19-Feb-85,0.3555,0.3569,0.3553,0.3561
15-Feb-85,0.3609,0.3618,0.3597,0.3615
14-Feb-85,0.3582,0.3595,0.3574,0.3577
13-Feb-85,0.3581,0.3583,0.3564,0.3569
12-Feb-85,0.3592,0.36,0.3577,0.3583
11-Feb-85,0.3605,0.3619,0.3584,0.3615
8-Feb-85,0.3624,0.3636,0.3611,0.3614
7-Feb-85,0.3662,0.3662,0.3634,0.3638
6-Feb-85,0.3672,0.3679,0.3658,0.3664
5-Feb-85,0.3665,0.3679,0.3658,0.367
4-Feb-85,0.3675,0.3682,0.3657,0.3663
1-Feb-85,0.3728,0.374,0.3689,0.369
31-Jan-85,0.3756,0.3765,0.3739,0.3743
30-Jan-85,0.3757,0.3769,0.3748,0.3759
29-Jan-85,0.3775,0.3777,0.3754,0.3763
28-Jan-85,0.3767,0.378,0.3765,0.3775
25-Jan-85,0.378,0.3784,0.376,0.3769
24-Jan-85,0.3763,0.3795,0.376,0.3778
23-Jan-85,0.3752,0.3764,0.3738,0.376
22-Jan-85,0.3762,0.377,0.3741,0.3746
21-Jan-85,0.3766,0.3775,0.3754,0.3768
18-Jan-85,0.3757,0.3787,0.3741,0.3784
17-Jan-85,0.3752,0.3761,0.3739,0.3754
16-Jan-85,0.3752,0.3764,0.3742,0.3745
15-Jan-85,0.3747,0.376,0.3734,0.3739
14-Jan-85,0.3787,0.3791,0.3741,0.3745
11-Jan-85,0.3816,0.3824,0.3781,0.3782
10-Jan-85,0.38,0.3827,0.3798,0.3809
9-Jan-85,0.38,0.3818,0.3792,0.3811
8-Jan-85,0.3836,0.3841,0.3796,0.3798
7-Jan-85,0.3817,0.386,0.3802,0.3843
4-Jan-85,0.3844,0.3856,0.3821,0.3829
3-Jan-85,0.3854,0.3863,0.3836,0.385
2-Jan-85,0.384,0.3858,0.3837,0.3841
31-Dec-84,0.387,0.3885,0.387,0.3879
28-Dec-84,0.3904,0.3907,0.3887,0.3894
27-Dec-84,0.3895,0.3903,0.3876,0.3885
26-Dec-84,0.391,0.3919,0.3898,0.3904
24-Dec-84,0.3919,0.3936,0.3894,0.3896
21-Dec-84,0.3922,0.3939,0.3911,0.3921
20-Dec-84,0.3932,0.3938,0.3913,0.3915
19-Dec-84,0.3957,0.3957,0.3916,0.3918
18-Dec-84,0.3955,0.3975,0.3952,0.3969
17-Dec-84,0.3955,0.397,0.3943,0.3953
14-Dec-84,0.3943,0.3992,0.3938,0.3962
13-Dec-84,0.3961,0.3963,0.3938,0.3943
12-Dec-84,0.3951,0.3965,0.3945,0.3952
11-Dec-84,0.3973,0.398,0.3947,0.3958
10-Dec-84,0.3966,0.398,0.395,0.3955
7-Dec-84,0.3989,0.3992,0.3965,0.3974
6-Dec-84,0.3995,0.4025,0.3977,0.4006
5-Dec-84,0.3955,0.3957,0.3913,0.3915
4-Dec-84,0.3929,0.3971,0.3929,0.3956
3-Dec-84,0.3903,0.393,0.3898,0.3927
30-Nov-84,0.3939,0.3945,0.3912,0.3915
29-Nov-84,0.3972,0.3975,0.3955,0.3958
28-Nov-84,0.3957,0.4003,0.3947,0.3957
27-Nov-84,0.3972,0.3982,0.3947,0.3953
26-Nov-84,0.398,0.398,0.3958,0.3959
23-Nov-84,0.4013,0.4018,0.3992,0.3994
21-Nov-84,0.4011,0.4037,0.3995,0.4016
20-Nov-84,0.4054,0.4063,0.4021,0.4033
19-Nov-84,0.4087,0.409,0.4046,0.405
16-Nov-84,0.4104,0.4111,0.4091,0.4099
15-Nov-84,0.4105,0.412,0.4091,0.4097
14-Nov-84,0.4135,0.4135,0.41,0.4117
13-Nov-84,0.4173,0.4175,0.412,0.4127
12-Nov-84,0.415,0.4165,0.414,0.4156
9-Nov-84,0.413,0.4162,0.413,0.4139
8-Nov-84,0.416,0.4169,0.4146,0.4163
7-Nov-84,0.4198,0.4208,0.4165,0.4196
6-Nov-84,0.415,0.4167,0.4138,0.4143
5-Nov-84,0.417,0.4191,0.4144,0.4177
2-Nov-84,0.4147,0.4169,0.4128,0.4162
1-Nov-84,0.4045,0.4102,0.4044,0.4097
31-Oct-84,0.4043,0.4059,0.4028,0.4058
30-Oct-84,0.4008,0.4043,0.4003,0.4035
29-Oct-84,0.4002,0.401,0.3988,0.3989
26-Oct-84,0.404,0.4052,0.4023,0.403
25-Oct-84,0.4055,0.408,0.4037,0.4072
24-Oct-84,0.4049,0.406,0.4034,0.4044
23-Oct-84,0.4004,0.4045,0.3997,0.4044
22-Oct-84,0.3974,0.3988,0.3969,0.397
19-Oct-84,0.3985,0.4,0.3966,0.3973
18-Oct-84,0.3929,0.397,0.3924,0.3959
17-Oct-84,0.3968,0.3968,0.3931,0.3933
16-Oct-84,0.3927,0.3936,0.3919,0.3927
15-Oct-84,0.3922,0.393,0.3915,0.3919
12-Oct-84,0.3966,0.3975,0.394,0.3947
11-Oct-84,0.3963,0.3981,0.3951,0.3956
10-Oct-84,0.3973,0.3995,0.3962,0.3979
9-Oct-84,0.3998,0.4007,0.3976,0.3979
8-Oct-84,0.4032,0.4041,0.4019,0.4037
5-Oct-84,0.4029,0.4038,0.4012,0.4029
4-Oct-84,0.404,0.4056,0.4032,0.4048
3-Oct-84,0.4071,0.4082,0.4035,0.4037
2-Oct-84,0.4038,0.4076,0.4036,0.4071
1-Oct-84,0.4065,0.4065,0.4023,0.403
28-Sep-84,0.406,0.4066,0.3993,0.4002
27-Sep-84,0.4055,0.4084,0.4044,0.4046
26-Sep-84,0.401,0.4068,0.3999,0.4035
25-Sep-84,0.4008,0.4033,0.4008,0.4031
24-Sep-84,0.4095,0.4104,0.4043,0.4052
21-Sep-84,0.394,0.406,0.3938,0.4052
20-Sep-84,0.4011,0.4014,0.3953,0.3957
19-Sep-84,0.4011,0.4022,0.3991,0.4003
18-Sep-84,0.3962,0.4008,0.3961,0.3999
17-Sep-84,0.4028,0.4032,0.3988,0.3993
14-Sep-84,0.4065,0.4079,0.4045,0.4047
13-Sep-84,0.406,0.4068,0.4045,0.4053
12-Sep-84,0.4096,0.4101,0.4074,0.4077
11-Sep-84,0.4085,0.4105,0.4072,0.409
10-Sep-84,0.4093,0.4116,0.4085,0.4101
7-Sep-84,0.4126,0.4131,0.409,0.4093
6-Sep-84,0.4065,0.4082,0.4065,0.4077
5-Sep-84,0.4075,0.4081,0.4064,0.4071
4-Sep-84,0.4111,0.4118,0.4084,0.4086
31-Aug-84,0.4166,0.4175,0.416,0.4163
30-Aug-84,0.4182,0.4188,0.417,0.4175
29-Aug-84,0.419,0.4208,0.4186,0.4201
28-Aug-84,0.4175,0.4203,0.4175,0.418
27-Aug-84,0.4201,0.4202,0.4168,0.4177
24-Aug-84,0.4199,0.4221,0.4185,0.4214
23-Aug-84,0.421,0.4228,0.4167,0.4183
22-Aug-84,0.4176,0.4213,0.4165,0.4209
21-Aug-84,0.4174,0.4187,0.4148,0.4152
20-Aug-84,0.4192,0.4205,0.4174,0.4185
17-Aug-84,0.4216,0.4239,0.4208,0.4216
16-Aug-84,0.4205,0.4254,0.4201,0.4215
15-Aug-84,0.4184,0.4233,0.4165,0.4227
14-Aug-84,0.4131,0.4195,0.4131,0.4175
13-Aug-84,0.41,0.4156,0.409,0.4144
10-Aug-84,0.4156,0.4163,0.4105,0.4112
9-Aug-84,0.4111,0.4152,0.4104,0.415
8-Aug-84,0.41,0.4134,0.4099,0.4117
7-Aug-84,0.4094,0.4119,0.4065,0.4081
6-Aug-84,0.4195,0.4195,0.4151,0.4152
3-Aug-84,0.4174,0.4208,0.417,0.4205
2-Aug-84,0.4094,0.416,0.4093,0.4147
1-Aug-84,0.4086,0.4112,0.4079,0.41
31-Jul-84,0.4098,0.4112,0.4082,0.4088
30-Jul-84,0.4104,0.4117,0.4095,0.4113
27-Jul-84,0.413,0.4132,0.409,0.4106
26-Jul-84,0.416,0.4163,0.4117,0.4119
25-Jul-84,0.4136,0.4164,0.4136,0.4152
24-Jul-84,0.412,0.4147,0.412,0.4128
23-Jul-84,0.4153,0.4154,0.4127,0.4131
20-Jul-84,0.418,0.4191,0.4163,0.4164
19-Jul-84,0.4189,0.4208,0.4185,0.4194
18-Jul-84,0.42,0.42,0.4176,0.4186
17-Jul-84,0.4209,0.4215,0.4193,0.4197
16-Jul-84,0.4257,0.4257,0.4226,0.4237
13-Jul-84,0.4199,0.4228,0.4199,0.4204
12-Jul-84,0.4198,0.4208,0.4175,0.4178
11-Jul-84,0.4222,0.4239,0.4208,0.4211
10-Jul-84,0.4266,0.4274,0.4233,0.4235
9-Jul-84,0.4242,0.4289,0.4239,0.4284
6-Jul-84,0.4265,0.4273,0.4248,0.4254
5-Jul-84,0.4271,0.4283,0.4262,0.4263
3-Jul-84,0.4315,0.4319,0.429,0.4297
2-Jul-84,0.434,0.4349,0.4338,0.4343
29-Jun-84,0.4367,0.438,0.4351,0.4352
28-Jun-84,0.4346,0.4383,0.4342,0.4369
27-Jun-84,0.4367,0.4375,0.4348,0.4361
26-Jun-84,0.4379,0.4395,0.4368,0.4393
25-Jun-84,0.4348,0.4358,0.4348,0.4351
22-Jun-84,0.439,0.4407,0.4387,0.4399
21-Jun-84,0.4394,0.4413,0.4388,0.4403
20-Jun-84,0.4443,0.4443,0.4412,0.4414
19-Jun-84,0.444,0.4455,0.4438,0.4448
18-Jun-84,0.4453,0.4456,0.444,0.4448
15-Jun-84,0.4468,0.4474,0.4457,0.4459
14-Jun-84,0.45,0.4502,0.4476,0.4483
13-Jun-84,0.4492,0.4504,0.448,0.4491
12-Jun-84,0.4504,0.4511,0.4468,0.4483
11-Jun-84,0.4553,0.4553,0.4502,0.4508
8-Jun-84,0.455,0.4557,0.4528,0.4549
7-Jun-84,0.4479,0.4479,0.4443,0.4456
6-Jun-84,0.4479,0.4494,0.4472,0.448
5-Jun-84,0.4504,0.4508,0.4483,0.4487
4-Jun-84,0.4512,0.4515,0.4491,0.4507
1-Jun-84,0.4483,0.4505,0.4475,0.4493
31-May-84,0.4436,0.4449,0.4434,0.4446
30-May-84,0.4447,0.4459,0.4431,0.4445
29-May-84,0.4443,0.4454,0.443,0.4436
25-May-84,0.4459,0.4484,0.4457,0.4478
24-May-84,0.4408,0.4483,0.4402,0.4464
23-May-84,0.4437,0.4454,0.4404,0.4406
22-May-84,0.4434,0.4445,0.4428,0.4442
21-May-84,0.4425,0.4437,0.4417,0.4419
18-May-84,0.4406,0.4425,0.4404,0.4423
17-May-84,0.4431,0.4441,0.4413,0.4414
16-May-84,0.4458,0.4465,0.4437,0.446
15-May-84,0.4421,0.4448,0.4414,0.4446
14-May-84,0.4419,0.4429,0.4408,0.4421
11-May-84,0.4415,0.4419,0.4382,0.4384
10-May-84,0.4405,0.4417,0.4388,0.44
9-May-84,0.4413,0.443,0.4397,0.44
8-May-84,0.4416,0.4428,0.441,0.4421
7-May-84,0.4441,0.4441,0.4408,0.4412
4-May-84,0.4498,0.4502,0.4463,0.4468
3-May-84,0.4487,0.4519,0.4482,0.4507
2-May-84,0.4494,0.4508,0.4481,0.4499
1-May-84,0.4492,0.4519,0.4488,0.4503
30-Apr-84,0.4502,0.451,0.449,0.4495
27-Apr-84,0.4529,0.4541,0.4507,0.4509
26-Apr-84,0.4541,0.4543,0.4531,0.4534
25-Apr-84,0.4568,0.457,0.4554,0.4564
24-Apr-84,0.4564,0.4575,0.4551,0.4553
23-Apr-84,0.4595,0.4609,0.4593,0.4604
19-Apr-84,0.4612,0.4614,0.4586,0.4588
18-Apr-84,0.4617,0.4628,0.4605,0.4626
17-Apr-84,0.4624,0.4635,0.4612,0.4624
16-Apr-84,0.4632,0.4637,0.4616,0.4627
13-Apr-84,0.4656,0.466,0.4641,0.4644
12-Apr-84,0.4674,0.4689,0.4646,0.4653
11-Apr-84,0.469,0.4699,0.4669,0.467
10-Apr-84,0.4664,0.4685,0.466,0.4679
9-Apr-84,0.4674,0.4678,0.4655,0.4665
6-Apr-84,0.4655,0.467,0.4653,0.4659
5-Apr-84,0.4689,0.4691,0.4644,0.4645
4-Apr-84,0.4676,0.4693,0.467,0.4689
3-Apr-84,0.4692,0.4704,0.4669,0.4677
2-Apr-84,0.4732,0.4735,0.4702,0.4705
30-Mar-84,0.472,0.4739,0.4712,0.4737
29-Mar-84,0.473,0.4754,0.4725,0.4729
28-Mar-84,0.4696,0.4723,0.4691,0.4722
27-Mar-84,0.4725,0.4743,0.471,0.4716
26-Mar-84,0.4704,0.4715,0.4696,0.471
23-Mar-84,0.468,0.4692,0.4662,0.4677
22-Mar-84,0.4673,0.4682,0.4657,0.4659
21-Mar-84,0.4671,0.4691,0.4668,0.4685
20-Mar-84,0.4704,0.4718,0.4689,0.469
19-Mar-84,0.4685,0.4713,0.4682,0.4691
16-Mar-84,0.4719,0.4726,0.4701,0.4704
15-Mar-84,0.4756,0.4772,0.4737,0.4754
14-Mar-84,0.4821,0.4835,0.4748,0.475
13-Mar-84,0.4769,0.4803,0.4769,0.4792
12-Mar-84,0.4726,0.4757,0.4725,0.4748
9-Mar-84,0.4796,0.4796,0.4773,0.4784
8-Mar-84,0.4793,0.4805,0.4759,0.4804
7-Mar-84,0.484,0.4843,0.4809,0.4821
6-Mar-84,0.4818,0.4846,0.4807,0.4844
5-Mar-84,0.4812,0.4812,0.4781,0.4805
2-Mar-84,0.4639,0.4675,0.4636,0.4641
1-Mar-84,0.462,0.4629,0.4608,0.4626
29-Feb-84,0.4625,0.465,0.461,0.462
28-Feb-84,0.465,0.4653,0.462,0.4625
27-Feb-84,0.461,0.4624,0.4595,0.462
24-Feb-84,0.4612,0.4629,0.4599,0.4628
23-Feb-84,0.46,0.4608,0.4561,0.459
22-Feb-84,0.4577,0.4601,0.4577,0.458
21-Feb-84,0.4525,0.4552,0.4522,0.4547
17-Feb-84,0.4569,0.4592,0.4568,0.4586
16-Feb-84,0.4603,0.4603,0.4568,0.4589
15-Feb-84,0.4562,0.4584,0.4541,0.4564
14-Feb-84,0.4495,0.4556,0.4486,0.4549
13-Feb-84,0.4501,0.4511,0.4497,0.4502
10-Feb-84,0.451,0.4525,0.4489,0.4514
9-Feb-84,0.4546,0.4547,0.4483,0.4508
8-Feb-84,0.4531,0.4538,0.4517,0.4524
7-Feb-84,0.4513,0.4524,0.4499,0.4505
6-Feb-84,0.4552,0.4574,0.4534,0.4535
3-Feb-84,0.4561,0.46,0.4549,0.4587
2-Feb-84,0.4539,0.4572,0.453,0.4569
1-Feb-84,0.4505,0.4522,0.4493,0.4513
31-Jan-84,0.4494,0.4499,0.4473,0.4494
30-Jan-84,0.4502,0.451,0.4492,0.4495
27-Jan-84,0.4494,0.4502,0.4484,0.4493
26-Jan-84,0.4507,0.4516,0.4485,0.4489
25-Jan-84,0.4495,0.4515,0.4495,0.451
24-Jan-84,0.4492,0.4501,0.448,0.4492
23-Jan-84,0.451,0.4521,0.4499,0.45
20-Jan-84,0.4528,0.4528,0.45,0.4507
19-Jan-84,0.4544,0.4555,0.4538,0.4548
18-Jan-84,0.4514,0.4532,0.4509,0.4528
17-Jan-84,0.4544,0.455,0.4514,0.4518
16-Jan-84,0.4538,0.4564,0.4536,0.4557
13-Jan-84,0.4504,0.4558,0.4504,0.4542
12-Jan-84,0.4487,0.4526,0.4483,0.4514
11-Jan-84,0.4513,0.4514,0.4482,0.4489
10-Jan-84,0.4531,0.4535,0.451,0.4512
9-Jan-84,0.4487,0.4502,0.447,0.4473
6-Jan-84,0.4535,0.4537,0.4517,0.4519
5-Jan-84,0.4533,0.4544,0.4526,0.4531
4-Jan-84,0.4527,0.455,0.4527,0.4543
3-Jan-84,0.46,0.4611,0.4561,0.4562
30-Dec-83,0.4645,0.4665,0.4638,0.4658
29-Dec-83,0.4636,0.466,0.4636,0.4659
28-Dec-83,0.4635,0.464,0.4624,0.4625
27-Dec-83,0.4618,0.4641,0.4618,0.4638
23-Dec-83,0.461,0.4628,0.4597,0.4624
22-Dec-83,0.459,0.4624,0.4582,0.4618
21-Dec-83,0.458,0.4593,0.4579,0.4586
20-Dec-83,0.4596,0.4613,0.457,0.458
19-Dec-83,0.4591,0.4601,0.4584,0.4598
16-Dec-83,0.458,0.4593,0.4576,0.4583
15-Dec-83,0.4608,0.4609,0.4584,0.4591
14-Dec-83,0.458,0.4606,0.4577,0.4596
13-Dec-83,0.4599,0.4601,0.4572,0.4578
12-Dec-83,0.4598,0.4601,0.4576,0.4577
9-Dec-83,0.4592,0.4609,0.4592,0.4601
8-Dec-83,0.4635,0.4643,0.4625,0.4626
7-Dec-83,0.4652,0.467,0.4632,0.4665
6-Dec-83,0.4651,0.4667,0.4648,0.466
5-Dec-83,0.466,0.4666,0.4638,0.465
2-Dec-83,0.4632,0.4633,0.46,0.4609
1-Dec-83,0.465,0.4654,0.4633,0.4643
30-Nov-83,0.4642,0.4674,0.4636,0.4655
29-Nov-83,0.4592,0.4638,0.459,0.4636
28-Nov-83,0.4608,0.4625,0.4597,0.4599
23-Nov-83,0.4627,0.4627,0.46,0.4602
22-Nov-83,0.4617,0.4635,0.4611,0.4621
21-Nov-83,0.46,0.4623,0.4591,0.4621
18-Nov-83,0.4609,0.4611,0.459,0.4595
17-Nov-83,0.4624,0.4625,0.4601,0.4617
16-Nov-83,0.4663,0.4668,0.462,0.4626
15-Nov-83,0.4649,0.4655,0.4644,0.4654
14-Nov-83,0.4666,0.467,0.4645,0.465
11-Nov-83,0.4658,0.4667,0.4628,0.4635
10-Nov-83,0.4655,0.4687,0.4653,0.468
9-Nov-83,0.4633,0.4657,0.4633,0.4656
8-Nov-83,0.4628,0.4634,0.4621,0.4622
7-Nov-83,0.4627,0.4637,0.4614,0.4628
4-Nov-83,0.4648,0.4657,0.4634,0.4644
3-Nov-83,0.4687,0.4687,0.4662,0.4671
2-Nov-83,0.468,0.4699,0.4676,0.4683
1-Nov-83,0.4678,0.4687,0.466,0.4683
31-Oct-83,0.4714,0.4716,0.4667,0.467
28-Oct-83,0.474,0.4754,0.4727,0.4732
27-Oct-83,0.4743,0.4755,0.4734,0.4751
26-Oct-83,0.4751,0.4759,0.4738,0.4756
25-Oct-83,0.4773,0.4774,0.4746,0.4751
24-Oct-83,0.4755,0.477,0.4754,0.4769
21-Oct-83,0.48,0.481,0.4783,0.4785
20-Oct-83,0.4788,0.4815,0.4782,0.4811
19-Oct-83,0.4806,0.4814,0.4775,0.4777
18-Oct-83,0.4821,0.4828,0.4806,0.4807
17-Oct-83,0.481,0.4816,0.4783,0.4813
14-Oct-83,0.4746,0.4792,0.4745,0.4772
13-Oct-83,0.4785,0.4789,0.4763,0.4767
12-Oct-83,0.4767,0.4779,0.4756,0.4758
11-Oct-83,0.4824,0.4824,0.4782,0.4784
10-Oct-83,0.4823,0.4828,0.4803,0.4823
7-Oct-83,0.4846,0.486,0.4835,0.4857
6-Oct-83,0.4817,0.4842,0.4817,0.4831
5-Oct-83,0.4824,0.4834,0.481,0.4831
4-Oct-83,0.4772,0.482,0.4772,0.4807
3-Oct-83,0.4789,0.4806,0.4784,0.4795
30-Sep-83,0.4757,0.4782,0.4754,0.4774
29-Sep-83,0.4741,0.4759,0.4734,0.4749
28-Sep-83,0.4755,0.4761,0.4739,0.4747
27-Sep-83,0.4715,0.475,0.4713,0.474
26-Sep-83,0.4718,0.4732,0.4709,0.4728
23-Sep-83,0.4695,0.4723,0.4694,0.4713
22-Sep-83,0.4681,0.4692,0.4659,0.4687
21-Sep-83,0.469,0.4696,0.4674,0.4677
20-Sep-83,0.4699,0.4711,0.4665,0.467
19-Sep-83,0.4688,0.4719,0.4687,0.4717
16-Sep-83,0.4669,0.4698,0.4664,0.4693
15-Sep-83,0.465,0.4667,0.4649,0.4661
14-Sep-83,0.466,0.4664,0.4643,0.4658
13-Sep-83,0.4665,0.4672,0.4653,0.4656
12-Sep-83,0.4704,0.4707,0.4667,0.467
9-Sep-83,0.4686,0.4697,0.4671,0.4677
8-Sep-83,0.4676,0.4684,0.4662,0.4663
7-Sep-83,0.4655,0.4678,0.4651,0.4675
6-Sep-83,0.4612,0.4617,0.4592,0.4595
2-Sep-83,0.4576,0.4598,0.4576,0.4595
1-Sep-83,0.4594,0.4603,0.4564,0.4568
31-Aug-83,0.4577,0.462,0.457,0.4604
30-Aug-83,0.459,0.4605,0.4586,0.4589
29-Aug-83,0.4599,0.4607,0.4585,0.4596
26-Aug-83,0.4641,0.4643,0.4605,0.4611
25-Aug-83,0.4669,0.4687,0.4631,0.4638
24-Aug-83,0.4663,0.469,0.4658,0.4671
23-Aug-83,0.4713,0.4721,0.4672,0.4675
22-Aug-83,0.4681,0.47,0.4678,0.4693
19-Aug-83,0.4664,0.467,0.4642,0.4647
18-Aug-83,0.469,0.4695,0.4665,0.4667
17-Aug-83,0.4696,0.4714,0.4679,0.4694
16-Aug-83,0.4678,0.4705,0.4657,0.4669
15-Aug-83,0.4635,0.4689,0.4623,0.4684
12-Aug-83,0.4593,0.462,0.4587,0.4612
11-Aug-83,0.4578,0.4598,0.4577,0.4586
10-Aug-83,0.459,0.4594,0.4575,0.4582
9-Aug-83,0.4631,0.4634,0.4605,0.4608
8-Aug-83,0.4614,0.4631,0.4606,0.4627
5-Aug-83,0.4625,0.4645,0.4624,0.4635
4-Aug-83,0.4685,0.4689,0.4652,0.4654
3-Aug-83,0.4695,0.4697,0.4668,0.468
2-Aug-83,0.4708,0.4713,0.4692,0.4704
1-Aug-83,0.4687,0.4692,0.4663,0.4684
29-Jul-83,0.4724,0.4737,0.4678,0.4687
28-Jul-83,0.4753,0.4755,0.4738,0.4742
27-Jul-83,0.4765,0.4773,0.4755,0.4756
26-Jul-83,0.4791,0.4791,0.4767,0.4774
25-Jul-83,0.4757,0.4774,0.4753,0.4768
22-Jul-83,0.4798,0.4808,0.4781,0.4795
21-Jul-83,0.4833,0.4833,0.4795,0.4805
20-Jul-83,0.4794,0.4833,0.4794,0.4824
19-Jul-83,0.4759,0.4768,0.4753,0.4756
18-Jul-83,0.4765,0.4766,0.4752,0.4761
15-Jul-83,0.4747,0.4753,0.4736,0.474
14-Jul-83,0.478,0.4788,0.4758,0.4759
13-Jul-83,0.4765,0.4791,0.4764,0.4775
12-Jul-83,0.476,0.4794,0.4756,0.478
11-Jul-83,0.4751,0.478,0.4741,0.4767
8-Jul-83,0.475,0.4765,0.4744,0.4749
7-Jul-83,0.4751,0.478,0.472,0.4777
6-Jul-83,0.4753,0.4762,0.4748,0.4756
5-Jul-83,0.4746,0.4763,0.4741,0.4744
1-Jul-83,0.4809,0.4815,0.4793,0.4803
30-Jun-83,0.4801,0.482,0.479,0.4803
29-Jun-83,0.4806,0.4819,0.4795,0.4801
28-Jun-83,0.4799,0.4828,0.4781,0.4786
27-Jun-83,0.4866,0.4869,0.4806,0.4807
24-Jun-83,0.4853,0.4872,0.4844,0.4859
23-Jun-83,0.4853,0.4859,0.4837,0.4845
22-Jun-83,0.4857,0.4873,0.4848,0.4851
21-Jun-83,0.4783,0.4827,0.4783,0.4825
20-Jun-83,0.4786,0.4809,0.4776,0.4797
17-Jun-83,0.4791,0.4817,0.4769,0.4798
16-Jun-83,0.4763,0.4787,0.4749,0.4785
15-Jun-83,0.4732,0.4745,0.4726,0.4732
14-Jun-83,0.4754,0.4761,0.4738,0.4756
13-Jun-83,0.479,0.4793,0.4758,0.477
10-Jun-83,0.477,0.4778,0.4754,0.4755
9-Jun-83,0.4769,0.478,0.4752,0.4763
8-Jun-83,0.4747,0.4768,0.4746,0.4753
7-Jun-83,0.4768,0.478,0.4756,0.4777
6-Jun-83,0.4786,0.4786,0.4769,0.4776
3-Jun-83,0.4817,0.482,0.479,0.4806
2-Jun-83,0.4755,0.4774,0.4752,0.4761
1-Jun-83,0.4747,0.476,0.4735,0.4739
31-May-83,0.4785,0.479,0.4758,0.4759
27-May-83,0.4801,0.4825,0.4794,0.4811
26-May-83,0.483,0.4833,0.4808,0.4816
25-May-83,0.4841,0.4846,0.4826,0.4829
24-May-83,0.4815,0.483,0.4805,0.4817
23-May-83,0.4811,0.483,0.4792,0.4827
20-May-83,0.4849,0.4849,0.4808,0.4814
19-May-83,0.4856,0.4865,0.4829,0.4831
18-May-83,0.4904,0.4914,0.4865,0.4869
17-May-83,0.4886,0.491,0.4883,0.4901
16-May-83,0.4922,0.4924,0.4905,0.4917
13-May-83,0.4941,0.497,0.4941,0.4948
12-May-83,0.494,0.4978,0.494,0.4963
11-May-83,0.494,0.497,0.4931,0.4966
10-May-83,0.4911,0.4942,0.4903,0.4936
9-May-83,0.4927,0.4943,0.4921,0.4938
6-May-83,0.4888,0.4954,0.4885,0.4953
5-May-83,0.4893,0.4908,0.4892,0.4894
4-May-83,0.4884,0.4893,0.4875,0.4882
3-May-83,0.4867,0.4877,0.4858,0.4874
2-May-83,0.4862,0.4867,0.4854,0.4857
29-Apr-83,0.4871,0.4883,0.4847,0.4871
28-Apr-83,0.4859,0.4873,0.4853,0.4867
27-Apr-83,0.4893,0.4902,0.487,0.4875
26-Apr-83,0.488,0.4899,0.4875,0.4896
25-Apr-83,0.4903,0.4914,0.4891,0.4896
22-Apr-83,0.4894,0.4897,0.4876,0.4886
21-Apr-83,0.4885,0.4891,0.4876,0.488
20-Apr-83,0.4871,0.4886,0.4853,0.4878
19-Apr-83,0.4887,0.4899,0.4867,0.4882
18-Apr-83,0.4913,0.4917,0.4869,0.4872
15-Apr-83,0.4933,0.4949,0.4923,0.494
14-Apr-83,0.4908,0.4936,0.4906,0.4932
13-Apr-83,0.493,0.4932,0.4901,0.491
12-Apr-83,0.4948,0.4959,0.4924,0.4928
11-Apr-83,0.493,0.4943,0.4917,0.4918
8-Apr-83,0.4899,0.4928,0.4894,0.4904
7-Apr-83,0.4938,0.4943,0.4921,0.4928
6-Apr-83,0.4937,0.4955,0.4925,0.4942
5-Apr-83,0.4879,0.4946,0.4879,0.4934
4-Apr-83,0.4857,0.49,0.4855,0.4892
31-Mar-83,0.4847,0.487,0.4847,0.4856
30-Mar-83,0.487,0.4875,0.4845,0.4852
29-Mar-83,0.4858,0.487,0.4851,0.4853
28-Mar-83,0.4851,0.4865,0.4843,0.4859
25-Mar-83,0.4896,0.4912,0.4858,0.4861
24-Mar-83,0.4897,0.4912,0.4881,0.4882
23-Mar-83,0.4855,0.4878,0.485,0.4872
22-Mar-83,0.4891,0.4898,0.4872,0.488
21-Mar-83,0.4882,0.4886,0.4855,0.4864
18-Mar-83,0.4904,0.4925,0.4892,0.492
17-Mar-83,0.4936,0.495,0.4902,0.4914
16-Mar-83,0.4928,0.4959,0.4919,0.4949
15-Mar-83,0.496,0.4967,0.493,0.4945
14-Mar-83,0.4898,0.4979,0.4881,0.4975
11-Mar-83,0.4938,0.4941,0.4889,0.4914
10-Mar-83,0.4947,0.4959,0.4938,0.495
9-Mar-83,0.493,0.4944,0.4907,0.4936
8-Mar-83,0.4947,0.4951,0.4912,0.4922
7-Mar-83,0.4988,0.4997,0.4951,0.4968
4-Mar-83,0.4959,0.5026,0.4958,0.5021
3-Mar-83,0.4881,0.4895,0.4872,0.4883
2-Mar-83,0.4888,0.4892,0.4873,0.4883
1-Mar-83,0.4867,0.4873,0.4837,0.4848
28-Feb-83,0.4896,0.49,0.4835,0.4838
25-Feb-83,0.4928,0.4956,0.492,0.4944
24-Feb-83,0.4914,0.4969,0.49,0.4915
23-Feb-83,0.4905,0.4931,0.4893,0.4918
22-Feb-83,0.5024,0.5028,0.4878,0.4893
18-Feb-83,0.5024,0.5049,0.5007,0.5013
17-Feb-83,0.5055,0.5062,0.503,0.5052
16-Feb-83,0.5029,0.5084,0.5026,0.5057
15-Feb-83,0.5052,0.5076,0.503,0.5048
14-Feb-83,0.4975,0.5052,0.4974,0.505
11-Feb-83,0.502,0.5035,0.5006,0.5024
10-Feb-83,0.498,0.5009,0.4973,0.4975
9-Feb-83,0.4999,0.5005,0.4961,0.498
8-Feb-83,0.4999,0.5016,0.4958,0.4959
7-Feb-83,0.4935,0.4991,0.4932,0.4972
4-Feb-83,0.4944,0.4959,0.493,0.4947
3-Feb-83,0.4986,0.4995,0.4957,0.4959
2-Feb-83,0.4956,0.4964,0.4906,0.496
1-Feb-83,0.4989,0.5021,0.4932,0.4934
31-Jan-83,0.5039,0.5042,0.4989,0.4995
28-Jan-83,0.5059,0.508,0.5049,0.5071
27-Jan-83,0.5041,0.5082,0.5034,0.5063
26-Jan-83,0.51,0.5101,0.5046,0.5059
25-Jan-83,0.5045,0.508,0.5039,0.5076
24-Jan-83,0.4961,0.4996,0.496,0.4994
21-Jan-83,0.5091,0.511,0.5057,0.5065
20-Jan-83,0.5105,0.5119,0.5086,0.5104
19-Jan-83,0.5101,0.5121,0.5075,0.5079
18-Jan-83,0.5155,0.5159,0.5122,0.5151
17-Jan-83,0.5208,0.5237,0.5199,0.5201
14-Jan-83,0.5196,0.5235,0.5179,0.5224
13-Jan-83,0.5261,0.5274,0.5245,0.5259
12-Jan-83,0.5225,0.5225,0.5184,0.5215
11-Jan-83,0.526,0.526,0.52,0.5207
10-Jan-83,0.5256,0.528,0.525,0.5265
7-Jan-83,0.5185,0.5241,0.5183,0.524
6-Jan-83,0.5161,0.5172,0.5147,0.516
5-Jan-83,0.5175,0.5199,0.5153,0.519
4-Jan-83,0.5113,0.5125,0.5082,0.5121
3-Jan-83,0.5045,0.5106,0.5042,0.509
30-Dec-82,0.507,0.5075,0.5032,0.5051
29-Dec-82,0.5051,0.5087,0.5051,0.5061
28-Dec-82,0.5079,0.5081,0.5046,0.5065
27-Dec-82,0.506,0.5075,0.5056,0.5065
23-Dec-82,0.5018,0.5045,0.5015,0.5036
22-Dec-82,0.5012,0.503,0.5,0.5006
21-Dec-82,0.4995,0.503,0.4995,0.5027
20-Dec-82,0.496,0.4996,0.4951,0.4983
17-Dec-82,0.4955,0.499,0.4943,0.4951
16-Dec-82,0.4919,0.499,0.4912,0.4984
15-Dec-82,0.4852,0.488,0.4838,0.4874
14-Dec-82,0.4877,0.4892,0.4861,0.4864
13-Dec-82,0.4806,0.4819,0.4785,0.4786
10-Dec-82,0.4873,0.4888,0.4849,0.4859
9-Dec-82,0.489,0.4896,0.485,0.4881
8-Dec-82,0.4904,0.4926,0.487,0.4872
7-Dec-82,0.4951,0.4963,0.4923,0.4938
6-Dec-82,0.4926,0.4946,0.4908,0.4943
3-Dec-82,0.4876,0.4915,0.486,0.4884
2-Dec-82,0.4819,0.4875,0.4813,0.487
1-Dec-82,0.4749,0.4772,0.4722,0.4745
30-Nov-82,0.4699,0.475,0.4696,0.474
29-Nov-82,0.4699,0.4716,0.467,0.4685
26-Nov-82,0.462,0.4684,0.4617,0.4683
24-Nov-82,0.46,0.465,0.4599,0.4648
23-Nov-82,0.456,0.4599,0.4556,0.458
22-Nov-82,0.46,0.4602,0.4559,0.4561
19-Nov-82,0.4595,0.4622,0.458,0.4585
18-Nov-82,0.4568,0.4583,0.4557,0.4581
17-Nov-82,0.4594,0.4596,0.4559,0.4571
16-Nov-82,0.4565,0.4609,0.4562,0.4589
15-Nov-82,0.4515,0.4558,0.451,0.4555
12-Nov-82,0.4504,0.4538,0.4498,0.4535
11-Nov-82,0.4508,0.4525,0.4486,0.449
10-Nov-82,0.4558,0.4563,0.4528,0.4532
9-Nov-82,0.4535,0.4562,0.4525,0.4554
8-Nov-82,0.451,0.4515,0.4489,0.4501
5-Nov-82,0.453,0.4546,0.4517,0.4521
4-Nov-82,0.4528,0.4537,0.4514,0.4523
3-Nov-82,0.4589,0.4591,0.4545,0.4547
1-Nov-82,0.4574,0.4622,0.4573,0.4608
29-Oct-82,0.4549,0.4581,0.4545,0.4555
28-Oct-82,0.4563,0.4582,0.4546,0.4565
27-Oct-82,0.4611,0.4614,0.4563,0.4568
26-Oct-82,0.4618,0.4619,0.4587,0.4603
25-Oct-82,0.4594,0.4603,0.4583,0.4592
22-Oct-82,0.4646,0.4657,0.4618,0.4636
21-Oct-82,0.4653,0.4659,0.4635,0.4644
20-Oct-82,0.4655,0.466,0.4628,0.4645
19-Oct-82,0.4695,0.4705,0.4642,0.4643
18-Oct-82,0.4706,0.4712,0.4681,0.4684
15-Oct-82,0.4695,0.4726,0.4679,0.4687
14-Oct-82,0.4719,0.4725,0.468,0.4684
13-Oct-82,0.474,0.4753,0.4725,0.4751
12-Oct-82,0.4763,0.4798,0.475,0.4759
11-Oct-82,0.4745,0.4831,0.4732,0.4825
8-Oct-82,0.472,0.475,0.4669,0.4681
7-Oct-82,0.4655,0.474,0.4655,0.4737
6-Oct-82,0.4624,0.4652,0.4623,0.4626
5-Oct-82,0.461,0.4635,0.4607,0.4624
4-Oct-82,0.4613,0.4631,0.4608,0.4609
1-Oct-82,0.4671,0.468,0.4657,0.4663
30-Sep-82,0.4679,0.4687,0.4664,0.4668
29-Sep-82,0.4686,0.4695,0.4667,0.467
28-Sep-82,0.4654,0.4701,0.465,0.4676
27-Sep-82,0.4676,0.4686,0.4647,0.4653
24-Sep-82,0.4698,0.4706,0.468,0.4703
23-Sep-82,0.474,0.4746,0.4698,0.4701
22-Sep-82,0.477,0.4795,0.4755,0.4762
21-Sep-82,0.4761,0.477,0.4725,0.4761
20-Sep-82,0.4785,0.4787,0.4752,0.4771
17-Sep-82,0.4775,0.4806,0.4755,0.4763
16-Sep-82,0.4751,0.4815,0.4734,0.4813
15-Sep-82,0.4793,0.4798,0.4742,0.4753
14-Sep-82,0.4766,0.478,0.4735,0.4737
13-Sep-82,0.4742,0.4773,0.4729,0.4759
10-Sep-82,0.477,0.4788,0.4739,0.4757
9-Sep-82,0.4808,0.483,0.4798,0.4814
8-Sep-82,0.481,0.4838,0.4775,0.4816
7-Sep-82,0.4862,0.4873,0.4822,0.4827
3-Sep-82,0.489,0.4915,0.4851,0.4876
2-Sep-82,0.487,0.4878,0.4845,0.4866
1-Sep-82,0.4726,0.4742,0.471,0.4726
31-Aug-82,0.4718,0.476,0.4682,0.4724
30-Aug-82,0.4735,0.4745,0.4667,0.468
27-Aug-82,0.4805,0.4819,0.4713,0.4719
26-Aug-82,0.4872,0.491,0.4805,0.4814
25-Aug-82,0.4905,0.4934,0.4874,0.4876
24-Aug-82,0.4899,0.4934,0.4884,0.4925
23-Aug-82,0.4844,0.4885,0.4835,0.4859
20-Aug-82,0.4828,0.4877,0.4828,0.4873
19-Aug-82,0.4746,0.483,0.4741,0.4809
18-Aug-82,0.4788,0.4805,0.4745,0.4762
17-Aug-82,0.4645,0.4709,0.4645,0.4701
16-Aug-82,0.4657,0.469,0.4647,0.4667
13-Aug-82,0.4707,0.4733,0.466,0.4664
12-Aug-82,0.4674,0.4722,0.4655,0.4718
11-Aug-82,0.467,0.4693,0.4664,0.4682
10-Aug-82,0.4744,0.4748,0.4694,0.4703
9-Aug-82,0.4669,0.4727,0.4662,0.4704
6-Aug-82,0.4716,0.474,0.4687,0.4689
5-Aug-82,0.4787,0.4787,0.4736,0.4758
4-Aug-82,0.479,0.4812,0.4763,0.4781
3-Aug-82,0.4895,0.4898,0.4843,0.485
2-Aug-82,0.4895,0.4902,0.4866,0.4891
30-Jul-82,0.4832,0.4862,0.4802,0.4805
29-Jul-82,0.4845,0.4864,0.4762,0.4795
28-Jul-82,0.489,0.4907,0.4817,0.4819
27-Jul-82,0.4944,0.4965,0.4925,0.4949
26-Jul-82,0.4984,0.5005,0.4969,0.4979
23-Jul-82,0.5,0.5028,0.4983,0.5018
22-Jul-82,0.4904,0.4932,0.4894,0.4931
21-Jul-82,0.4912,0.4946,0.4896,0.4906
20-Jul-82,0.4839,0.4884,0.4836,0.4877
19-Jul-82,0.4854,0.4868,0.4815,0.4831
16-Jul-82,0.4787,0.4904,0.4782,0.4882
15-Jul-82,0.4776,0.4802,0.4766,0.4779
14-Jul-82,0.4786,0.4808,0.4769,0.4782
13-Jul-82,0.482,0.4823,0.4766,0.4803
12-Jul-82,0.486,0.4869,0.4815,0.482
9-Jul-82,0.4792,0.4839,0.4792,0.481
8-Jul-82,0.4768,0.4795,0.4738,0.4791
7-Jul-82,0.4761,0.4766,0.4732,0.476
6-Jul-82,0.483,0.4837,0.4781,0.4786
2-Jul-82,0.4875,0.4884,0.481,0.4815
1-Jul-82,0.4873,0.4903,0.4843,0.4898
30-Jun-82,0.4855,0.4909,0.4846,0.486
29-Jun-82,0.4827,0.4884,0.4806,0.4876
28-Jun-82,0.4797,0.4818,0.4779,0.4815
25-Jun-82,0.482,0.4835,0.4787,0.4798
24-Jun-82,0.4895,0.4906,0.4839,0.4843
23-Jun-82,0.4834,0.4925,0.4819,0.4917
22-Jun-82,0.4866,0.4922,0.4845,0.4863
21-Jun-82,0.4786,0.4843,0.4776,0.4831
18-Jun-82,0.4833,0.485,0.4808,0.4812
17-Jun-82,0.4841,0.4855,0.4816,0.4817
16-Jun-82,0.49,0.4912,0.4886,0.4889
15-Jun-82,0.4936,0.4967,0.4923,0.4938
14-Jun-82,0.4973,0.4978,0.4937,0.4953
11-Jun-82,0.5017,0.5053,0.4997,0.5051
10-Jun-82,0.4987,0.4992,0.4955,0.4963
9-Jun-82,0.4994,0.5012,0.4971,0.4986
8-Jun-82,0.5048,0.5053,0.4995,0.5001
7-Jun-82,0.5038,0.5071,0.5036,0.5062
4-Jun-82,0.509,0.5093,0.5044,0.5055
3-Jun-82,0.5079,0.5103,0.5063,0.5066
2-Jun-82,0.4936,0.4993,0.4934,0.4982
1-Jun-82,0.4974,0.499,0.4952,0.4956
28-May-82,0.5034,0.5043,0.5011,0.5024
27-May-82,0.5083,0.5097,0.5025,0.5048
26-May-82,0.5124,0.5138,0.5097,0.51
25-May-82,0.5105,0.514,0.5102,0.513
24-May-82,0.515,0.5178,0.513,0.5141
21-May-82,0.5148,0.5169,0.5114,0.5128
20-May-82,0.5083,0.5145,0.5082,0.514
19-May-82,0.5082,0.5115,0.5068,0.5072
18-May-82,0.5108,0.5125,0.5062,0.5102
17-May-82,0.5207,0.5207,0.5069,0.5071
14-May-82,0.5185,0.5211,0.5172,0.5175
13-May-82,0.522,0.5225,0.517,0.5172
12-May-82,0.5296,0.5305,0.5255,0.5259
11-May-82,0.5314,0.5318,0.5286,0.5308
10-May-82,0.5334,0.5345,0.5297,0.5303
7-May-82,0.5343,0.5394,0.5334,0.5392
6-May-82,0.525,0.5325,0.525,0.5323
5-May-82,0.5211,0.5245,0.5211,0.5237
4-May-82,0.5185,0.5195,0.5172,0.5193
3-May-82,0.523,0.523,0.5196,0.5201
30-Apr-82,0.5188,0.5215,0.5169,0.5179
29-Apr-82,0.5167,0.52,0.5151,0.5194
28-Apr-82,0.5213,0.5223,0.5193,0.5204
27-Apr-82,0.517,0.5233,0.5167,0.5217
26-Apr-82,0.519,0.5198,0.5176,0.5187
23-Apr-82,0.5158,0.518,0.5141,0.5148
22-Apr-82,0.5145,0.5171,0.5145,0.5154
21-Apr-82,0.5216,0.5217,0.5188,0.5197
20-Apr-82,0.5215,0.5232,0.5208,0.5214
19-Apr-82,0.517,0.5205,0.5168,0.5193
16-Apr-82,0.5129,0.5177,0.5129,0.5164
15-Apr-82,0.5155,0.5161,0.5137,0.5144
14-Apr-82,0.5187,0.521,0.5172,0.5185
13-Apr-82,0.5171,0.5223,0.5165,0.5199
12-Apr-82,0.5141,0.5167,0.5141,0.5155
8-Apr-82,0.515,0.515,0.5122,0.5136
7-Apr-82,0.5198,0.5208,0.5186,0.5194
6-Apr-82,0.5193,0.5196,0.5172,0.5187
5-Apr-82,0.5232,0.5235,0.5217,0.522
2-Apr-82,0.528,0.528,0.5253,0.5262
1-Apr-82,0.527,0.5282,0.5259,0.5266
31-Mar-82,0.527,0.5295,0.5263,0.5283
30-Mar-82,0.5254,0.5303,0.5252,0.5281
29-Mar-82,0.5298,0.53,0.5264,0.5287
26-Mar-82,0.534,0.5347,0.5317,0.5324
25-Mar-82,0.5355,0.5362,0.5329,0.5343
24-Mar-82,0.54,0.5403,0.5365,0.537
23-Mar-82,0.5366,0.5401,0.5363,0.5395
22-Mar-82,0.5371,0.5379,0.5345,0.5349
19-Mar-82,0.5375,0.5395,0.5366,0.5392
18-Mar-82,0.543,0.5432,0.5404,0.5415
17-Mar-82,0.5423,0.5443,0.5421,0.543
16-Mar-82,0.5434,0.5444,0.5417,0.5422
15-Mar-82,0.5459,0.547,0.5436,0.5455
12-Mar-82,0.5435,0.5442,0.5403,0.5417
11-Mar-82,0.5479,0.5487,0.5447,0.5454
10-Mar-82,0.548,0.551,0.5473,0.5502
9-Mar-82,0.5498,0.5504,0.5464,0.5472
8-Mar-82,0.554,0.5556,0.5514,0.5524
5-Mar-82,0.55,0.5539,0.5496,0.5528
4-Mar-82,0.5432,0.5494,0.5431,0.5489
3-Mar-82,0.543,0.545,0.5423,0.5441
2-Mar-82,0.534,0.5362,0.5326,0.5359
1-Mar-82,0.5312,0.5325,0.5284,0.5296
26-Feb-82,0.5305,0.5314,0.5263,0.5266
25-Feb-82,0.5341,0.5348,0.5331,0.5338
24-Feb-82,0.5364,0.5371,0.5343,0.5352
23-Feb-82,0.5364,0.5377,0.534,0.5352
22-Feb-82,0.5359,0.539,0.5359,0.5383
19-Feb-82,0.5336,0.5346,0.5321,0.5337
18-Feb-82,0.5285,0.5335,0.5274,0.532
17-Feb-82,0.5281,0.5284,0.5245,0.5265
16-Feb-82,0.5247,0.5278,0.5239,0.5276
12-Feb-82,0.5247,0.5267,0.5243,0.5254
11-Feb-82,0.53,0.5314,0.5285,0.5291
10-Feb-82,0.5304,0.5308,0.5283,0.5303
9-Feb-82,0.5293,0.5294,0.5267,0.5275
8-Feb-82,0.5337,0.5344,0.5302,0.5306
5-Feb-82,0.537,0.5375,0.5331,0.5355
4-Feb-82,0.5344,0.5389,0.5331,0.5356
3-Feb-82,0.5373,0.5375,0.5315,0.5323
2-Feb-82,0.5356,0.5373,0.5332,0.5342
1-Feb-82,0.5397,0.5406,0.5373,0.5377
29-Jan-82,0.547,0.5479,0.5451,0.5466
28-Jan-82,0.5427,0.5443,0.542,0.5429
27-Jan-82,0.5457,0.5468,0.5421,0.5432
26-Jan-82,0.5397,0.5456,0.5395,0.5455
25-Jan-82,0.5407,0.5407,0.5378,0.5399
22-Jan-82,0.5453,0.5459,0.5417,0.5435
21-Jan-82,0.5439,0.5477,0.5436,0.5453
20-Jan-82,0.5428,0.5444,0.5417,0.5434
19-Jan-82,0.547,0.5492,0.5441,0.5443
18-Jan-82,0.543,0.5484,0.5418,0.5468
15-Jan-82,0.5463,0.5473,0.5412,0.5422
14-Jan-82,0.5404,0.545,0.5397,0.5442
13-Jan-82,0.545,0.5466,0.5405,0.5408
12-Jan-82,0.5427,0.545,0.5415,0.5431
11-Jan-82,0.5464,0.5471,0.5427,0.5432
8-Jan-82,0.5521,0.5542,0.5499,0.5503
7-Jan-82,0.5516,0.5544,0.5508,0.5535
6-Jan-82,0.5614,0.5625,0.5567,0.5574
5-Jan-82,0.5596,0.56,0.557,0.5591
4-Jan-82,0.5665,0.5675,0.5622,0.5648
31-Dec-81,0.562,0.5671,0.5615,0.5668
30-Dec-81,0.5585,0.5623,0.5585,0.5616
29-Dec-81,0.5591,0.5613,0.5561,0.5604
28-Dec-81,0.5585,0.559,0.5554,0.5566
24-Dec-81,0.5555,0.5574,0.5544,0.5549
23-Dec-81,0.5542,0.5559,0.553,0.5548
22-Dec-81,0.556,0.5578,0.554,0.5577
21-Dec-81,0.5526,0.5573,0.5522,0.5537
18-Dec-81,0.5505,0.5528,0.5481,0.5521
17-Dec-81,0.555,0.5554,0.5516,0.5533
16-Dec-81,0.5503,0.5546,0.5498,0.5535
15-Dec-81,0.5501,0.5547,0.548,0.5506
14-Dec-81,0.5417,0.5528,0.5406,0.55
11-Dec-81,0.5462,0.55,0.5452,0.5474
10-Dec-81,0.545,0.5495,0.5444,0.5493
9-Dec-81,0.5522,0.5535,0.5476,0.5494
8-Dec-81,0.5534,0.5551,0.55,0.5508
7-Dec-81,0.5634,0.5639,0.5556,0.5572
4-Dec-81,0.5661,0.5679,0.561,0.5619
3-Dec-81,0.5648,0.5648,0.5607,0.5632
2-Dec-81,0.5632,0.5685,0.5624,0.568
1-Dec-81,0.5639,0.5644,0.5597,0.5621
30-Nov-81,0.5685,0.5699,0.5646,0.5657
27-Nov-81,0.5614,0.5676,0.5613,0.567
25-Nov-81,0.5635,0.5652,0.5602,0.5622
24-Nov-81,0.5595,0.5625,0.5583,0.5608
23-Nov-81,0.5516,0.558,0.5512,0.5548
20-Nov-81,0.556,0.5569,0.5496,0.5533
19-Nov-81,0.56,0.5616,0.5538,0.554
18-Nov-81,0.554,0.5646,0.5535,0.5629
17-Nov-81,0.5622,0.5638,0.5547,0.5587
16-Nov-81,0.5665,0.5704,0.5617,0.5619
13-Nov-81,0.5715,0.5735,0.567,0.5729
12-Nov-81,0.568,0.573,0.5675,0.5721
11-Nov-81,0.5665,0.5695,0.563,0.5675
10-Nov-81,0.5641,0.5646,0.5587,0.5596
9-Nov-81,0.5673,0.5699,0.565,0.5665
6-Nov-81,0.5596,0.5636,0.5588,0.5634
5-Nov-81,0.5595,0.566,0.5575,0.5603
4-Nov-81,0.5643,0.5652,0.5578,0.5596
3-Nov-81,0.5568,0.563,0.5552,0.5625
2-Nov-81,0.5561,0.5606,0.5539,0.5574
30-Oct-81,0.545,0.5558,0.5425,0.5555
29-Oct-81,0.537,0.5453,0.5368,0.5449
28-Oct-81,0.5287,0.5355,0.5282,0.5351
27-Oct-81,0.5275,0.528,0.5251,0.5276
26-Oct-81,0.5211,0.5256,0.5208,0.5235
23-Oct-81,0.5306,0.535,0.5299,0.5325
22-Oct-81,0.53,0.534,0.5259,0.5335
21-Oct-81,0.5331,0.5339,0.5275,0.5296
20-Oct-81,0.54,0.5409,0.5338,0.535
19-Oct-81,0.5384,0.5414,0.5378,0.5399
16-Oct-81,0.5369,0.5401,0.5356,0.5387
15-Oct-81,0.5466,0.5474,0.5365,0.5368
14-Oct-81,0.5399,0.5462,0.538,0.5459
13-Oct-81,0.547,0.5492,0.5422,0.5429
12-Oct-81,0.5487,0.5519,0.5455,0.5462
9-Oct-81,0.5492,0.5515,0.5463,0.5484
8-Oct-81,0.535,0.5445,0.5349,0.5438
7-Oct-81,0.5385,0.5401,0.5358,0.5376
6-Oct-81,0.532,0.5339,0.525,0.5335
5-Oct-81,0.535,0.5371,0.532,0.5344
2-Oct-81,0.524,0.5275,0.5234,0.5272
1-Oct-81,0.5126,0.5159,0.5121,0.5153
30-Sep-81,0.5135,0.515,0.5117,0.5129
29-Sep-81,0.519,0.5193,0.5117,0.5128
28-Sep-81,0.5072,0.5145,0.5065,0.5129
25-Sep-81,0.512,0.5145,0.5075,0.5095
24-Sep-81,0.5114,0.5162,0.5096,0.5144
23-Sep-81,0.518,0.5216,0.5144,0.5156
22-Sep-81,0.519,0.5229,0.5167,0.5174
21-Sep-81,0.5282,0.5337,0.5267,0.5317
18-Sep-81,0.5235,0.5249,0.5205,0.5223
17-Sep-81,0.52,0.5239,0.5131,0.5162
16-Sep-81,0.5083,0.5157,0.5068,0.5136
15-Sep-81,0.5071,0.5133,0.5056,0.5108
14-Sep-81,0.5047,0.5081,0.5008,0.5078
11-Sep-81,0.4947,0.4992,0.4932,0.4989
10-Sep-81,0.4907,0.4961,0.4898,0.4927
9-Sep-81,0.484,0.4879,0.4828,0.4875
8-Sep-81,0.4872,0.4876,0.4805,0.4825
4-Sep-81,0.4865,0.4906,0.4857,0.4873
3-Sep-81,0.4822,0.487,0.482,0.4867
2-Sep-81,0.468,0.4705,0.4658,0.4702
1-Sep-81,0.4674,0.4682,0.4645,0.4668
31-Aug-81,0.4732,0.4735,0.4647,0.4661
28-Aug-81,0.47,0.4746,0.47,0.4714
27-Aug-81,0.466,0.4687,0.4651,0.468
26-Aug-81,0.465,0.469,0.465,0.4681
25-Aug-81,0.4606,0.464,0.458,0.4612
24-Aug-81,0.4717,0.4721,0.464,0.4654
21-Aug-81,0.4711,0.4781,0.4685,0.4776
20-Aug-81,0.4658,0.47,0.4656,0.4657
19-Aug-81,0.462,0.468,0.4613,0.4668
18-Aug-81,0.4682,0.4682,0.4622,0.4633
17-Aug-81,0.4615,0.4663,0.4615,0.4644
14-Aug-81,0.4644,0.4646,0.4593,0.4598
13-Aug-81,0.468,0.4685,0.463,0.4636
12-Aug-81,0.4656,0.4752,0.4649,0.4667
11-Aug-81,0.4583,0.463,0.4581,0.4628
10-Aug-81,0.4573,0.4595,0.4566,0.4586
7-Aug-81,0.4602,0.464,0.4594,0.4617
6-Aug-81,0.462,0.4643,0.4601,0.464
5-Aug-81,0.4638,0.4651,0.462,0.4646
4-Aug-81,0.463,0.4633,0.4579,0.4605
3-Aug-81,0.4645,0.465,0.4588,0.4601
31-Jul-81,0.472,0.4738,0.4699,0.47
30-Jul-81,0.4723,0.4764,0.4717,0.4753
29-Jul-81,0.4783,0.4795,0.4748,0.4756
28-Jul-81,0.4774,0.4792,0.4758,0.4775
27-Jul-81,0.4831,0.4834,0.4766,0.4767
24-Jul-81,0.4799,0.482,0.4798,0.4816
23-Jul-81,0.482,0.483,0.4785,0.4795
22-Jul-81,0.4828,0.4849,0.4814,0.4821
21-Jul-81,0.4803,0.4817,0.4787,0.4808
20-Jul-81,0.4839,0.4844,0.4828,0.483
17-Jul-81,0.4856,0.488,0.4853,0.4869
16-Jul-81,0.4883,0.4909,0.4868,0.487
15-Jul-81,0.488,0.4915,0.4878,0.4903
14-Jul-81,0.4854,0.4887,0.4846,0.4878
13-Jul-81,0.4924,0.4932,0.4875,0.4877
10-Jul-81,0.4877,0.491,0.4869,0.4898
9-Jul-81,0.485,0.4901,0.4818,0.4886
8-Jul-81,0.4815,0.4828,0.4799,0.4818
7-Jul-81,0.487,0.4878,0.4854,0.4857
6-Jul-81,0.4863,0.4873,0.4848,0.4858
2-Jul-81,0.4904,0.4928,0.4893,0.4916
1-Jul-81,0.4927,0.4929,0.4886,0.4913
30-Jun-81,0.4989,0.5007,0.4945,0.495
29-Jun-81,0.502,0.5032,0.4993,0.5002
26-Jun-81,0.4987,0.504,0.4976,0.5022
25-Jun-81,0.501,0.5016,0.4973,0.4997
24-Jun-81,0.5015,0.5023,0.4976,0.5005
23-Jun-81,0.499,0.5022,0.4982,0.4983
22-Jun-81,0.4955,0.4977,0.4941,0.4973
19-Jun-81,0.49,0.4957,0.4896,0.4956
18-Jun-81,0.4931,0.4933,0.4912,0.4916
17-Jun-81,0.4985,0.4992,0.4958,0.4968
16-Jun-81,0.4989,0.4994,0.4951,0.4963
15-Jun-81,0.4955,0.501,0.4954,0.4994
12-Jun-81,0.4847,0.4885,0.484,0.488
11-Jun-81,0.4828,0.4838,0.4814,0.4829
10-Jun-81,0.487,0.489,0.4861,0.4868
9-Jun-81,0.4845,0.485,0.4815,0.4824
8-Jun-81,0.4773,0.4843,0.4772,0.481
5-Jun-81,0.4775,0.4794,0.4735,0.4774
4-Jun-81,0.4808,0.4817,0.4755,0.4778
3-Jun-81,0.4801,0.481,0.476,0.4764
2-Jun-81,0.4789,0.4819,0.478,0.4795
1-Jun-81,0.4855,0.4866,0.4804,0.4808
29-May-81,0.4853,0.4856,0.4834,0.4838
28-May-81,0.4832,0.4866,0.4832,0.4851
27-May-81,0.481,0.4847,0.4805,0.4832
26-May-81,0.482,0.4839,0.4813,0.4829
22-May-81,0.484,0.488,0.484,0.4861
21-May-81,0.486,0.4876,0.4832,0.4852
20-May-81,0.4931,0.4939,0.4901,0.4929
19-May-81,0.4923,0.4934,0.488,0.4882
18-May-81,0.4926,0.4944,0.4896,0.4939
15-May-81,0.4886,0.49,0.4851,0.4853
14-May-81,0.4834,0.4918,0.4825,0.4897
13-May-81,0.4875,0.4877,0.4852,0.4864
12-May-81,0.4875,0.4887,0.4859,0.4871
11-May-81,0.4881,0.4887,0.4848,0.4854
8-May-81,0.4931,0.4943,0.4912,0.4921
7-May-81,0.4859,0.4889,0.4857,0.4883
6-May-81,0.4932,0.4938,0.4888,0.4891
5-May-81,0.4883,0.4904,0.4876,0.4902
4-May-81,0.4942,0.4956,0.4912,0.4926
1-May-81,0.499,0.5023,0.4974,0.5006
30-Apr-81,0.4993,0.5011,0.4972,0.4987
29-Apr-81,0.5005,0.5018,0.4986,0.5002
28-Apr-81,0.5058,0.5079,0.5047,0.507
27-Apr-81,0.509,0.5093,0.5052,0.5053
24-Apr-81,0.5076,0.5093,0.5038,0.504
23-Apr-81,0.5094,0.512,0.5081,0.5099
22-Apr-81,0.5115,0.5138,0.5105,0.5106
21-Apr-81,0.5089,0.511,0.5065,0.5101
20-Apr-81,0.5035,0.514,0.5026,0.5126
16-Apr-81,0.5081,0.509,0.5049,0.5068
15-Apr-81,0.5104,0.5112,0.5063,0.5064
14-Apr-81,0.513,0.5147,0.5112,0.5116
13-Apr-81,0.5095,0.5128,0.5089,0.5123
10-Apr-81,0.517,0.5185,0.5145,0.5153
9-Apr-81,0.5184,0.5201,0.5159,0.5195
8-Apr-81,0.5251,0.5271,0.5192,0.5193
7-Apr-81,0.5188,0.5248,0.518,0.5224
6-Apr-81,0.5162,0.5172,0.5139,0.5156
3-Apr-81,0.523,0.5249,0.5202,0.5217
2-Apr-81,0.5287,0.5291,0.5256,0.5265
1-Apr-81,0.5303,0.5304,0.5271,0.5296
31-Mar-81,0.5286,0.5319,0.5255,0.527
30-Mar-81,0.5241,0.5353,0.524,0.5348
27-Mar-81,0.5224,0.5267,0.5204,0.5235
26-Mar-81,0.5309,0.5311,0.5207,0.5226
25-Mar-81,0.5335,0.5343,0.5308,0.5333
24-Mar-81,0.5342,0.5365,0.5326,0.5329
23-Mar-81,0.5324,0.5378,0.5324,0.537
20-Mar-81,0.541,0.5415,0.5362,0.5399
19-Mar-81,0.5428,0.5455,0.5391,0.5395
18-Mar-81,0.5417,0.5472,0.5384,0.5467
17-Mar-81,0.5375,0.538,0.5343,0.5359
16-Mar-81,0.533,0.5358,0.5326,0.5333
13-Mar-81,0.5266,0.5304,0.5266,0.5298
12-Mar-81,0.5257,0.5272,0.5245,0.5266
11-Mar-81,0.526,0.5284,0.5233,0.5263
10-Mar-81,0.5287,0.5348,0.5285,0.5292
9-Mar-81,0.5223,0.5285,0.5222,0.5264
6-Mar-81,0.5192,0.5226,0.5189,0.52
5-Mar-81,0.5205,0.526,0.5197,0.5239
4-Mar-81,0.528,0.5307,0.5213,0.5237
3-Mar-81,0.5115,0.5267,0.5115,0.5254
2-Mar-81,0.505,0.5064,0.5018,0.5028
27-Feb-81,0.5085,0.513,0.5071,0.5117
26-Feb-81,0.5177,0.519,0.5118,0.5126
25-Feb-81,0.5242,0.526,0.5211,0.5218
24-Feb-81,0.5275,0.5307,0.5205,0.5254
23-Feb-81,0.5305,0.531,0.523,0.5236
20-Feb-81,0.5355,0.5393,0.5293,0.5339
19-Feb-81,0.52,0.5269,0.5163,0.5264
18-Feb-81,0.5125,0.5164,0.5055,0.5079
17-Feb-81,0.504,0.5105,0.5026,0.5103
13-Feb-81,0.5027,0.5037,0.4984,0.4997
12-Feb-81,0.5079,0.5092,0.5039,0.5046
11-Feb-81,0.5155,0.518,0.514,0.5144
10-Feb-81,0.517,0.519,0.5163,0.5182
9-Feb-81,0.5221,0.5223,0.5191,0.5202
6-Feb-81,0.52,0.5241,0.5192,0.5221
5-Feb-81,0.525,0.5255,0.5177,0.5184
4-Feb-81,0.5274,0.53,0.5258,0.5266
3-Feb-81,0.5218,0.53,0.5195,0.5272
2-Feb-81,0.5317,0.5318,0.5263,0.5266
30-Jan-81,0.5268,0.529,0.5236,0.5241
29-Jan-81,0.535,0.5356,0.5322,0.5329
28-Jan-81,0.5394,0.5419,0.538,0.54
27-Jan-81,0.5474,0.5492,0.5427,0.5447
26-Jan-81,0.5485,0.5504,0.5479,0.5488
23-Jan-81,0.5555,0.5577,0.5526,0.5527
22-Jan-81,0.5565,0.5597,0.5539,0.5583
21-Jan-81,0.564,0.5648,0.5555,0.5585
20-Jan-81,0.5598,0.563,0.559,0.561
19-Jan-81,0.5604,0.5628,0.5582,0.5604
16-Jan-81,0.5582,0.5642,0.5552,0.5634
15-Jan-81,0.564,0.564,0.5571,0.5573
14-Jan-81,0.5642,0.5676,0.5642,0.5659
13-Jan-81,0.566,0.567,0.562,0.5664
12-Jan-81,0.5701,0.571,0.5637,0.5638
9-Jan-81,0.5748,0.576,0.5671,0.5685
8-Jan-81,0.5754,0.5775,0.5741,0.5745
7-Jan-81,0.5817,0.5826,0.5772,0.5781
6-Jan-81,0.5855,0.5865,0.582,0.5834
5-Jan-81,0.5799,0.5838,0.579,0.5827
2-Jan-81,0.5715,0.5764,0.5665,0.5755
31-Dec-80,0.5794,0.5794,0.5694,0.5697
30-Dec-80,0.5835,0.5836,0.5745,0.5756
29-Dec-80,0.58,0.5802,0.5763,0.5781
24-Dec-80,0.5799,0.583,0.575,0.5782
23-Dec-80,0.581,0.5838,0.5785,0.5788
22-Dec-80,0.575,0.5811,0.5739,0.5777
19-Dec-80,0.5705,0.5856,0.5704,0.585
18-Dec-80,0.5707,0.5741,0.5693,0.5727
17-Dec-80,0.569,0.5775,0.5688,0.5745
16-Dec-80,0.5672,0.5688,0.5644,0.5685
15-Dec-80,0.5803,0.5806,0.569,0.5711
12-Dec-80,0.571,0.5733,0.5696,0.5709
11-Dec-80,0.5645,0.5686,0.5637,0.5655
10-Dec-80,0.5725,0.5736,0.567,0.5684
9-Dec-80,0.5781,0.5786,0.5732,0.5756
8-Dec-80,0.5845,0.5851,0.5818,0.5834
5-Dec-80,0.586,0.5862,0.5826,0.5846
4-Dec-80,0.5895,0.5908,0.5888,0.5889
3-Dec-80,0.59,0.5919,0.5884,0.5892
2-Dec-80,0.591,0.5923,0.5878,0.5882
1-Dec-80,0.5722,0.5749,0.572,0.5723
28-Nov-80,0.5775,0.5785,0.576,0.5761
26-Nov-80,0.5803,0.5815,0.5785,0.5793
25-Nov-80,0.5828,0.5828,0.5802,0.5819
24-Nov-80,0.5817,0.5838,0.5806,0.581
21-Nov-80,0.581,0.5832,0.5804,0.5822
20-Nov-80,0.5858,0.5858,0.583,0.5839
19-Nov-80,0.5881,0.5902,0.5867,0.59
18-Nov-80,0.5836,0.5872,0.582,0.5849
17-Nov-80,0.584,0.5847,0.5806,0.5818
14-Nov-80,0.5885,0.5902,0.5875,0.5893
13-Nov-80,0.5928,0.5936,0.5885,0.5893
12-Nov-80,0.5887,0.5946,0.5871,0.5906
11-Nov-80,0.5931,0.6006,0.5892,0.5947
10-Nov-80,0.5825,0.5947,0.5825,0.5947
7-Nov-80,0.5756,0.581,0.5731,0.5797
6-Nov-80,0.5815,0.5819,0.5782,0.5784
5-Nov-80,0.5807,0.5841,0.5792,0.5818
3-Nov-80,0.5877,0.5954,0.586,0.5923
31-Oct-80,0.5886,0.5925,0.5886,0.5888
30-Oct-80,0.5955,0.5955,0.5886,0.5896
29-Oct-80,0.5935,0.598,0.5931,0.5957
28-Oct-80,0.5916,0.5955,0.5912,0.5936
27-Oct-80,0.5989,0.5997,0.5929,0.5939
24-Oct-80,0.6053,0.6063,0.6024,0.6028
23-Oct-80,0.6085,0.6113,0.606,0.6069
22-Oct-80,0.609,0.6121,0.6064,0.6108
21-Oct-80,0.609,0.6127,0.6087,0.6101
20-Oct-80,0.613,0.6142,0.6102,0.6123
17-Oct-80,0.6118,0.6136,0.6082,0.6085
16-Oct-80,0.6157,0.6157,0.612,0.6121
15-Oct-80,0.6119,0.6167,0.6119,0.6163
14-Oct-80,0.6181,0.6182,0.614,0.6142
13-Oct-80,0.6197,0.6197,0.6153,0.6161
10-Oct-80,0.6203,0.6209,0.6195,0.6206
9-Oct-80,0.6182,0.6214,0.6181,0.6205
8-Oct-80,0.6198,0.62,0.6181,0.6182
7-Oct-80,0.618,0.6204,0.6179,0.6196
6-Oct-80,0.623,0.6234,0.621,0.6219
3-Oct-80,0.6183,0.624,0.6178,0.6238
2-Oct-80,0.619,0.6197,0.617,0.618
1-Oct-80,0.6179,0.6207,0.6179,0.6194
30-Sep-80,0.616,0.6164,0.6142,0.6147
29-Sep-80,0.6144,0.6153,0.6133,0.6138
26-Sep-80,0.616,0.6178,0.6146,0.6165
25-Sep-80,0.6175,0.6187,0.6143,0.6153
24-Sep-80,0.6132,0.618,0.613,0.6145
23-Sep-80,0.6122,0.6132,0.6104,0.6122
22-Sep-80,0.6155,0.6158,0.6112,0.6115
19-Sep-80,0.6157,0.6177,0.6152,0.6163
18-Sep-80,0.6203,0.6203,0.6158,0.6168
17-Sep-80,0.6226,0.6238,0.6224,0.6225
16-Sep-80,0.6215,0.6225,0.6211,0.6221
15-Sep-80,0.6213,0.6231,0.6206,0.622
12-Sep-80,0.623,0.624,0.6217,0.6222
11-Sep-80,0.6248,0.626,0.6244,0.6256
10-Sep-80,0.6238,0.6245,0.6223,0.6237
9-Sep-80,0.6255,0.6256,0.6223,0.6239
8-Sep-80,0.6266,0.6276,0.6244,0.6253
5-Sep-80,0.6223,0.6238,0.6207,0.6221
4-Sep-80,0.626,0.6265,0.6208,0.6231
3-Sep-80,0.6218,0.6259,0.621,0.6237
2-Sep-80,0.6223,0.624,0.6221,0.6234
29-Aug-80,0.617,0.6207,0.6151,0.6194
28-Aug-80,0.6082,0.612,0.6073,0.6091
27-Aug-80,0.6025,0.6041,0.6008,0.6012
26-Aug-80,0.6023,0.6073,0.6009,0.6067
25-Aug-80,0.6015,0.6015,0.5988,0.601
22-Aug-80,0.6008,0.6035,0.5965,0.6031
21-Aug-80,0.6031,0.607,0.6005,0.6017
20-Aug-80,0.6057,0.6057,0.603,0.6036
19-Aug-80,0.6038,0.6054,0.6027,0.6033
18-Aug-80,0.6027,0.6056,0.6021,0.6025
15-Aug-80,0.6101,0.6111,0.6078,0.6085
14-Aug-80,0.6106,0.6111,0.608,0.6109
13-Aug-80,0.6143,0.6145,0.61,0.6128
12-Aug-80,0.6094,0.6144,0.6093,0.6141
11-Aug-80,0.6079,0.6111,0.6072,0.6106
8-Aug-80,0.608,0.6094,0.607,0.6076
7-Aug-80,0.612,0.613,0.6095,0.6119
6-Aug-80,0.6155,0.6176,0.6138,0.6167
5-Aug-80,0.612,0.6148,0.6113,0.6142
4-Aug-80,0.6104,0.6133,0.6077,0.6128
1-Aug-80,0.6059,0.606,0.6027,0.6032
31-Jul-80,0.6092,0.6112,0.603,0.6059
30-Jul-80,0.618,0.6193,0.607,0.609
29-Jul-80,0.6227,0.6227,0.6155,0.6164
28-Jul-80,0.6274,0.6275,0.6227,0.6237
25-Jul-80,0.6295,0.6304,0.628,0.6292
24-Jul-80,0.6307,0.6329,0.6296,0.6301
23-Jul-80,0.6286,0.6307,0.6276,0.6289
22-Jul-80,0.6311,0.6316,0.628,0.6283
21-Jul-80,0.6298,0.6303,0.6276,0.6295
18-Jul-80,0.6264,0.6293,0.6244,0.6279
17-Jul-80,0.6303,0.6315,0.627,0.6273
16-Jul-80,0.627,0.6313,0.6265,0.6311
15-Jul-80,0.6255,0.6266,0.6234,0.6236
14-Jul-80,0.627,0.6288,0.6264,0.628
11-Jul-80,0.6288,0.6327,0.6281,0.6296
10-Jul-80,0.6303,0.6332,0.6286,0.6321
9-Jul-80,0.6351,0.6355,0.6307,0.6328
8-Jul-80,0.6355,0.637,0.6311,0.6333
7-Jul-80,0.6305,0.6363,0.6305,0.6344
3-Jul-80,0.6227,0.6289,0.6203,0.6287
2-Jul-80,0.621,0.6241,0.6209,0.6219
1-Jul-80,0.6193,0.6215,0.6183,0.6214
30-Jun-80,0.622,0.6224,0.6186,0.6189
27-Jun-80,0.6199,0.6208,0.6179,0.6196
26-Jun-80,0.6174,0.6205,0.6167,0.6196
25-Jun-80,0.6152,0.6161,0.6136,0.6138
24-Jun-80,0.6164,0.6167,0.6135,0.6149
23-Jun-80,0.6186,0.6186,0.6152,0.6157
20-Jun-80,0.6178,0.6193,0.6164,0.617
19-Jun-80,0.6163,0.6204,0.6161,0.6183
18-Jun-80,0.6195,0.6217,0.6193,0.6201
17-Jun-80,0.6178,0.6221,0.6148,0.6209
16-Jun-80,0.6225,0.6227,0.6123,0.6139
13-Jun-80,0.6259,0.6282,0.6247,0.6268
12-Jun-80,0.62,0.6242,0.6198,0.624
11-Jun-80,0.6212,0.6221,0.6181,0.6205
10-Jun-80,0.6235,0.6255,0.62,0.6209
9-Jun-80,0.622,0.6246,0.622,0.6239
6-Jun-80,0.6154,0.621,0.6146,0.6186
5-Jun-80,0.6152,0.616,0.6138,0.6152
4-Jun-80,0.6145,0.6161,0.6133,0.6138
3-Jun-80,0.6125,0.6166,0.6108,0.6153
2-Jun-80,0.606,0.6063,0.603,0.6032
30-May-80,0.602,0.6074,0.6015,0.6051
29-May-80,0.6066,0.6072,0.6025,0.6026
28-May-80,0.6091,0.6094,0.6041,0.6067
27-May-80,0.612,0.6142,0.6105,0.6141
23-May-80,0.6025,0.6105,0.6025,0.6098
22-May-80,0.602,0.6041,0.6011,0.6036
21-May-80,0.6025,0.605,0.602,0.603
20-May-80,0.597,0.6009,0.5947,0.6
19-May-80,0.6005,0.6015,0.5972,0.5977
16-May-80,0.5985,0.6029,0.597,0.6
15-May-80,0.6031,0.6033,0.6003,0.6006
14-May-80,0.6035,0.6065,0.6022,0.6023
13-May-80,0.6047,0.6055,0.601,0.6053
12-May-80,0.604,0.6071,0.6036,0.6066
9-May-80,0.6008,0.6027,0.5949,0.5995
8-May-80,0.6061,0.6078,0.6043,0.6044
7-May-80,0.611,0.612,0.6076,0.6106
6-May-80,0.6095,0.6131,0.6054,0.6069
5-May-80,0.6014,0.6087,0.6007,0.6066
2-May-80,0.6005,0.6008,0.5932,0.5949
1-May-80,0.6065,0.6085,0.604,0.6068
30-Apr-80,0.6062,0.6082,0.6051,0.6062
29-Apr-80,0.605,0.6098,0.6035,0.6096
28-Apr-80,0.6077,0.6081,0.6036,0.6053
25-Apr-80,0.601,0.6032,0.5958,0.5968
24-Apr-80,0.5948,0.5998,0.5942,0.5983
23-Apr-80,0.595,0.5993,0.5941,0.598
22-Apr-80,0.5855,0.5858,0.5815,0.5849
21-Apr-80,0.588,0.5918,0.588,0.5898
18-Apr-80,0.5887,0.5936,0.5831,0.585
17-Apr-80,0.5923,0.5923,0.5825,0.5894
16-Apr-80,0.5765,0.5923,0.5762,0.5923
15-Apr-80,0.575,0.5798,0.5704,0.5773
14-Apr-80,0.5855,0.586,0.5839,0.5849
11-Apr-80,0.5855,0.587,0.5808,0.5858
10-Apr-80,0.571,0.59,0.5703,0.5882
9-Apr-80,0.574,0.5742,0.5701,0.5737
8-Apr-80,0.5504,0.5592,0.5503,0.5592
7-Apr-80,0.5447,0.5493,0.5437,0.5442
3-Apr-80,0.551,0.5513,0.5468,0.5471
2-Apr-80,0.552,0.5551,0.5503,0.5518
1-Apr-80,0.547,0.5515,0.5467,0.5514
31-Mar-80,0.556,0.5561,0.5525,0.5533
28-Mar-80,0.5603,0.5648,0.5589,0.5604
27-Mar-80,0.562,0.5628,0.558,0.5582
26-Mar-80,0.5725,0.5743,0.5715,0.5716
25-Mar-80,0.5748,0.5756,0.571,0.5743
24-Mar-80,0.576,0.5767,0.5744,0.5746
21-Mar-80,0.5791,0.5799,0.5768,0.5775
20-Mar-80,0.5855,0.5862,0.5837,0.5843
19-Mar-80,0.5824,0.5829,0.58,0.5822
18-Mar-80,0.5806,0.5845,0.5782,0.5789
17-Mar-80,0.5785,0.5785,0.575,0.5783
14-Mar-80,0.585,0.5896,0.584,0.587
13-Mar-80,0.5917,0.5923,0.5889,0.5897
12-Mar-80,0.5965,0.5971,0.5947,0.5961
11-Mar-80,0.5971,0.5978,0.5936,0.595
10-Mar-80,0.5969,0.5975,0.5939,0.5946
7-Mar-80,0.6008,0.6029,0.5957,0.596
6-Mar-80,0.601,0.6037,0.5994,0.6015
5-Mar-80,0.6019,0.6053,0.6017,0.6031
4-Mar-80,0.6025,0.6029,0.5983,0.599
3-Mar-80,0.6015,0.6041,0.6004,0.6027
29-Feb-80,0.6074,0.6088,0.6019,0.6025
28-Feb-80,0.62,0.62,0.6165,0.6167
27-Feb-80,0.6166,0.622,0.6165,0.6204
26-Feb-80,0.6186,0.6194,0.6171,0.6193
25-Feb-80,0.619,0.619,0.6162,0.6172
22-Feb-80,0.622,0.6233,0.62,0.6206
21-Feb-80,0.6295,0.6301,0.6269,0.6285
20-Feb-80,0.6324,0.6333,0.6266,0.6279
19-Feb-80,0.6317,0.6321,0.6288,0.6295
15-Feb-80,0.6367,0.638,0.6333,0.6356
14-Feb-80,0.625,0.6252,0.6217,0.6223
13-Feb-80,0.6251,0.6266,0.6229,0.6242
12-Feb-80,0.6242,0.6252,0.6222,0.6241
11-Feb-80,0.6244,0.6262,0.6232,0.6245
8-Feb-80,0.6223,0.625,0.6218,0.6235
7-Feb-80,0.628,0.6289,0.6239,0.6253
6-Feb-80,0.625,0.6321,0.625,0.6303
5-Feb-80,0.622,0.6245,0.621,0.6225
4-Feb-80,0.6174,0.6209,0.6174,0.6208
1-Feb-80,0.6168,0.6193,0.6162,0.6181
31-Jan-80,0.6215,0.6226,0.6153,0.6169
30-Jan-80,0.6257,0.6257,0.6223,0.6225
29-Jan-80,0.6265,0.627,0.6248,0.6255
28-Jan-80,0.6268,0.6278,0.6219,0.6255
25-Jan-80,0.6275,0.6281,0.6242,0.6246
24-Jan-80,0.6299,0.6307,0.6284,0.6297
23-Jan-80,0.6306,0.6322,0.6266,0.6269
22-Jan-80,0.632,0.6333,0.6281,0.6287
21-Jan-80,0.6345,0.6356,0.631,0.6312
18-Jan-80,0.6362,0.6388,0.631,0.632
17-Jan-80,0.6362,0.6389,0.6352,0.6378
16-Jan-80,0.6347,0.6408,0.6343,0.6399
15-Jan-80,0.6416,0.6422,0.6356,0.6368
14-Jan-80,0.6432,0.6436,0.6414,0.6425
11-Jan-80,0.6438,0.645,0.6422,0.6442
10-Jan-80,0.6449,0.6454,0.641,0.6414
9-Jan-80,0.646,0.6474,0.6451,0.6457
8-Jan-80,0.6457,0.6463,0.6425,0.6438
7-Jan-80,0.6455,0.6504,0.6449,0.6491
4-Jan-80,0.6425,0.6476,0.642,0.6463
3-Jan-80,0.6487,0.6516,0.6457,0.6488
2-Jan-80,0.6445,0.6485,0.6438,0.6478
31-Dec-79,0.64,0.6405,0.6368,0.6394
28-Dec-79,0.6386,0.642,0.6347,0.6352
27-Dec-79,0.6451,0.6497,0.6441,0.6456
26-Dec-79,0.638,0.647,0.638,0.6457
21-Dec-79,0.633,0.6405,0.6313,0.6392
20-Dec-79,0.6381,0.6385,0.6316,0.6321
19-Dec-79,0.6338,0.6413,0.6335,0.6374
18-Dec-79,0.6385,0.6385,0.6337,0.6372
17-Dec-79,0.6378,0.6389,0.6345,0.6371
14-Dec-79,0.6325,0.6394,0.6295,0.6358
13-Dec-79,0.6401,0.6425,0.638,0.6387
12-Dec-79,0.642,0.643,0.6375,0.6393
11-Dec-79,0.64,0.6426,0.6395,0.6406
10-Dec-79,0.6345,0.6357,0.6329,0.6355
7-Dec-79,0.6311,0.6353,0.6305,0.6316
6-Dec-79,0.6396,0.641,0.6346,0.6353
5-Dec-79,0.6365,0.6422,0.6365,0.6404
4-Dec-79,0.643,0.6475,0.643,0.6455
3-Dec-79,0.656,0.66,0.654,0.656
30-Nov-79,0.641,0.65,0.6407,0.648
29-Nov-79,0.6304,0.6385,0.6303,0.6365
28-Nov-79,0.6259,0.6291,0.6246,0.6281
27-Nov-79,0.624,0.6259,0.6217,0.6241
26-Nov-79,0.6212,0.624,0.6203,0.6207
23-Nov-79,0.609,0.61,0.608,0.6085
21-Nov-79,0.615,0.6159,0.6112,0.6115
20-Nov-79,0.6112,0.615,0.611,0.614
19-Nov-79,0.614,0.6175,0.6136,0.6137
16-Nov-79,0.6125,0.6152,0.6105,0.6136
15-Nov-79,0.6107,0.6116,0.6077,0.608
14-Nov-79,0.612,0.617,0.6116,0.6142
13-Nov-79,0.606,0.6102,0.6057,0.6081
12-Nov-79,0.6068,0.61,0.6026,0.6036
9-Nov-79,0.6121,0.614,0.6115,0.6121
8-Nov-79,0.6164,0.6166,0.6144,0.615
7-Nov-79,0.62,0.6221,0.6178,0.6185
6-Nov-79,0.6147,0.6208,0.6119,0.618
5-Nov-79,0.6179,0.6185,0.6142,0.615
2-Nov-79,0.6137,0.6227,0.6131,0.6217
1-Nov-79,0.6135,0.6167,0.6129,0.6145
31-Oct-79,0.61,0.6175,0.61,0.6162
30-Oct-79,0.6068,0.6084,0.6043,0.6047
29-Oct-79,0.6072,0.6072,0.6043,0.6053
26-Oct-79,0.612,0.6125,0.6095,0.6107
25-Oct-79,0.6145,0.6161,0.6116,0.6118
24-Oct-79,0.6131,0.6165,0.6131,0.6152
23-Oct-79,0.6097,0.6122,0.6076,0.6111
22-Oct-79,0.618,0.6185,0.6104,0.6117
19-Oct-79,0.6219,0.622,0.6165,0.6173
18-Oct-79,0.618,0.6238,0.6178,0.6226
17-Oct-79,0.6232,0.6233,0.6149,0.6199
16-Oct-79,0.6239,0.6252,0.6195,0.6197
15-Oct-79,0.625,0.627,0.6237,0.624
12-Oct-79,0.6285,0.6317,0.6261,0.6273
11-Oct-79,0.6346,0.635,0.6285,0.6292
10-Oct-79,0.6341,0.6384,0.6319,0.6377
9-Oct-79,0.6273,0.6325,0.6255,0.6315
8-Oct-79,0.631,0.634,0.6305,0.6305
5-Oct-79,0.648,0.6483,0.6452,0.6455
4-Oct-79,0.645,0.646,0.6422,0.6434
3-Oct-79,0.651,0.6541,0.644,0.6477
2-Oct-79,0.6605,0.6623,0.648,0.6505
1-Oct-79,0.6616,0.6648,0.6602,0.6626
28-Sep-79,0.6592,0.662,0.6575,0.6585
27-Sep-79,0.6584,0.6617,0.6575,0.66
26-Sep-79,0.6494,0.6522,0.6467,0.6518
25-Sep-79,0.6508,0.6531,0.65,0.6508
24-Sep-79,0.6528,0.6564,0.6495,0.6546
21-Sep-79,0.6515,0.6553,0.6484,0.6544
20-Sep-79,0.648,0.6507,0.6461,0.6507
19-Sep-79,0.6325,0.6366,0.6313,0.6357
18-Sep-79,0.6323,0.6338,0.6298,0.6317
17-Sep-79,0.6296,0.6325,0.629,0.6312
14-Sep-79,0.6286,0.6298,0.6248,0.6253
13-Sep-79,0.6298,0.6307,0.6272,0.6283
12-Sep-79,0.6294,0.6322,0.6292,0.6313
11-Sep-79,0.6295,0.631,0.6265,0.6272
10-Sep-79,0.6335,0.6346,0.6302,0.6318
7-Sep-79,0.6297,0.6348,0.6288,0.6321
6-Sep-79,0.6264,0.6329,0.6257,0.6313
5-Sep-79,0.6221,0.624,0.6219,0.6239
4-Sep-79,0.6209,0.6217,0.6205,0.6207
31-Aug-79,0.6209,0.6225,0.6206,0.6225
30-Aug-79,0.6233,0.6233,0.6216,0.6227
29-Aug-79,0.605,0.605,0.6031,0.6035
28-Aug-79,0.6062,0.6065,0.6058,0.606
27-Aug-79,0.6066,0.6067,0.6055,0.6062
24-Aug-79,0.6081,0.6085,0.607,0.6074
23-Aug-79,0.6076,0.6089,0.6071,0.6087
22-Aug-79,0.6069,0.6083,0.6062,0.6082
21-Aug-79,0.6073,0.6079,0.6065,0.6067
20-Aug-79,0.6069,0.6073,0.606,0.6068
17-Aug-79,0.6086,0.609,0.606,0.6062
16-Aug-79,0.6085,0.6101,0.6085,0.6092
15-Aug-79,0.61,0.6103,0.6075,0.61
14-Aug-79,0.608,0.611,0.6073,0.6109
13-Aug-79,0.6128,0.613,0.6087,0.6091
10-Aug-79,0.614,0.615,0.6128,0.6141
9-Aug-79,0.6132,0.6138,0.6119,0.6122
8-Aug-79,0.6085,0.6125,0.6085,0.612
7-Aug-79,0.6096,0.61,0.6074,0.6082
6-Aug-79,0.6095,0.6108,0.6085,0.6093
3-Aug-79,0.6093,0.6105,0.6084,0.6103
2-Aug-79,0.6106,0.6113,0.6078,0.6092
1-Aug-79,0.6106,0.6114,0.6096,0.6107
31-Jul-79,0.6075,0.6105,0.6066,0.6072
30-Jul-79,0.6126,0.6128,0.605,0.6059
27-Jul-79,0.6164,0.6187,0.6163,0.6172
26-Jul-79,0.617,0.6175,0.6154,0.6156
25-Jul-79,0.6187,0.619,0.6177,0.6183
24-Jul-79,0.623,0.6232,0.6204,0.6217
23-Jul-79,0.6227,0.6235,0.6217,0.6218
20-Jul-79,0.6212,0.622,0.6172,0.6217
19-Jul-79,0.6236,0.6246,0.6185,0.6208
18-Jul-79,0.6262,0.627,0.623,0.6259
17-Jul-79,0.623,0.6245,0.6197,0.6213
16-Jul-79,0.6162,0.6247,0.6162,0.622
13-Jul-79,0.612,0.616,0.6117,0.6142
12-Jul-79,0.6142,0.615,0.6133,0.6143
11-Jul-79,0.6147,0.616,0.6135,0.6148
10-Jul-79,0.6123,0.6128,0.6109,0.6115
9-Jul-79,0.6115,0.6137,0.6105,0.6127
6-Jul-79,0.6174,0.619,0.6036,0.6078
5-Jul-79,0.6206,0.6223,0.6165,0.6166
3-Jul-79,0.6146,0.6195,0.614,0.6194
2-Jul-79,0.6173,0.6181,0.6159,0.6166
29-Jun-79,0.6147,0.6197,0.6138,0.6158
28-Jun-79,0.6155,0.6179,0.6125,0.6161
27-Jun-79,0.613,0.6198,0.613,0.6178
26-Jun-79,0.6133,0.617,0.611,0.6111
25-Jun-79,0.6225,0.6251,0.6219,0.6227
22-Jun-79,0.6208,0.6245,0.6171,0.6188
21-Jun-79,0.613,0.622,0.6125,0.6203
20-Jun-79,0.6108,0.6129,0.6092,0.6109
19-Jun-79,0.6049,0.612,0.6042,0.6115
18-Jun-79,0.5982,0.6026,0.5977,0.6011
15-Jun-79,0.5985,0.6042,0.5977,0.604
14-Jun-79,0.5915,0.5943,0.5915,0.5941
13-Jun-79,0.5906,0.5917,0.5902,0.5909
12-Jun-79,0.5885,0.5917,0.5882,0.5912
11-Jun-79,0.5905,0.5905,0.5897,0.5902
8-Jun-79,0.5911,0.5932,0.5909,0.5917
7-Jun-79,0.5895,0.5928,0.589,0.5911
6-Jun-79,0.59,0.5909,0.589,0.5906
5-Jun-79,0.5926,0.5929,0.5903,0.5905
4-Jun-79,0.5925,0.5933,0.5923,0.5932
1-Jun-79,0.579,0.5797,0.5787,0.5793
31-May-79,0.5837,0.5837,0.5793,0.5805
30-May-79,0.5769,0.5875,0.5769,0.585
29-May-79,0.5772,0.5778,0.5764,0.5772
25-May-79,0.5795,0.5797,0.578,0.5789
24-May-79,0.5796,0.5806,0.579,0.5798
23-May-79,0.5782,0.5808,0.5777,0.5801
22-May-79,0.5805,0.5805,0.5782,0.5797
21-May-79,0.5779,0.5807,0.5778,0.5799
18-May-79,0.5784,0.5796,0.5778,0.578
17-May-79,0.5828,0.5829,0.5803,0.5806
16-May-79,0.5836,0.5841,0.5824,0.5834
15-May-79,0.5847,0.5848,0.5827,0.583
14-May-79,0.5873,0.5873,0.5859,0.586
11-May-79,0.5868,0.5899,0.5863,0.5898
10-May-79,0.587,0.5879,0.5868,0.5877
9-May-79,0.59,0.5902,0.5888,0.5894
8-May-79,0.5901,0.591,0.5895,0.5901
7-May-79,0.5892,0.5908,0.5892,0.5905
4-May-79,0.5875,0.5886,0.5868,0.5882
3-May-79,0.587,0.5879,0.5865,0.5874
2-May-79,0.588,0.5882,0.5855,0.5862
1-May-79,0.588,0.5902,0.5878,0.588
30-Apr-79,0.5875,0.5895,0.5862,0.5887
27-Apr-79,0.5908,0.5913,0.589,0.5899
26-Apr-79,0.5905,0.5925,0.5901,0.5915
25-Apr-79,0.5909,0.5931,0.5908,0.5926
24-Apr-79,0.5912,0.5915,0.5896,0.59
23-Apr-79,0.589,0.5909,0.589,0.5906
20-Apr-79,0.5885,0.5889,0.5873,0.5886
19-Apr-79,0.5955,0.5955,0.5904,0.5907
18-Apr-79,0.5925,0.5949,0.5913,0.5947
17-Apr-79,0.5888,0.5909,0.588,0.589
16-Apr-79,0.5865,0.588,0.5859,0.5871
12-Apr-79,0.5902,0.5902,0.5875,0.5884
11-Apr-79,0.5923,0.5946,0.5918,0.5927
10-Apr-79,0.5911,0.593,0.5906,0.5917
9-Apr-79,0.591,0.5912,0.5888,0.589
6-Apr-79,0.5942,0.5951,0.5934,0.5947
5-Apr-79,0.5976,0.5977,0.5947,0.5952
4-Apr-79,0.5985,0.599,0.5973,0.5988
3-Apr-79,0.599,0.5996,0.5965,0.5986
2-Apr-79,0.5991,0.6001,0.5984,0.5985
30-Mar-79,0.603,0.6032,0.6009,0.6026
29-Mar-79,0.6052,0.6056,0.604,0.6054
28-Mar-79,0.608,0.608,0.6073,0.6078
27-Mar-79,0.608,0.6081,0.606,0.6068
26-Mar-79,0.6098,0.6103,0.6087,0.6098
23-Mar-79,0.607,0.6072,0.6053,0.6061
22-Mar-79,0.6076,0.6088,0.6065,0.607
21-Mar-79,0.6058,0.6097,0.6045,0.6093
20-Mar-79,0.6108,0.6109,0.606,0.6063
19-Mar-79,0.61,0.6108,0.609,0.6091
16-Mar-79,0.611,0.6112,0.6096,0.6099
15-Mar-79,0.6128,0.6132,0.6107,0.6123
14-Mar-79,0.6117,0.613,0.6108,0.612
13-Mar-79,0.6117,0.6118,0.6098,0.6108
12-Mar-79,0.6148,0.6148,0.6138,0.6139
9-Mar-79,0.616,0.6172,0.6148,0.616
8-Mar-79,0.616,0.6182,0.6156,0.616
7-Mar-79,0.6152,0.6185,0.6152,0.618
6-Mar-79,0.6149,0.6151,0.6139,0.6144
5-Mar-79,0.6138,0.6138,0.6128,0.6132
2-Mar-79,0.6152,0.6155,0.612,0.6122
1-Mar-79,0.615,0.6165,0.6145,0.6159
28-Feb-79,0.6199,0.6201,0.6138,0.6186
27-Feb-79,0.6212,0.6215,0.6197,0.6204
26-Feb-79,0.6053,0.6064,0.6037,0.6039
23-Feb-79,0.6027,0.6066,0.602,0.6056
22-Feb-79,0.6025,0.6029,0.6017,0.602
21-Feb-79,0.6018,0.6025,0.6012,0.6018
20-Feb-79,0.6033,0.6044,0.6016,0.6027
16-Feb-79,0.6044,0.6046,0.6013,0.6024
15-Feb-79,0.6034,0.6058,0.603,0.6044
14-Feb-79,0.6014,0.603,0.6012,0.6025
13-Feb-79,0.6007,0.6067,0.6,0.6033
12-Feb-79,0.6075,0.6105,0.6053,0.6104
9-Feb-79,0.6082,0.6106,0.6072,0.6089
8-Feb-79,0.61,0.6112,0.604,0.6052
7-Feb-79,0.6098,0.6165,0.608,0.6155
6-Feb-79,0.599,0.605,0.5984,0.6028
5-Feb-79,0.597,0.6023,0.5967,0.6021
2-Feb-79,0.5906,0.5933,0.5896,0.593
1-Feb-79,0.593,0.5947,0.5905,0.5944
31-Jan-79,0.6002,0.6003,0.5934,0.5944
30-Jan-79,0.601,0.6019,0.5994,0.5997
29-Jan-79,0.6,0.6018,0.5999,0.6016
26-Jan-79,0.6033,0.6033,0.5995,0.5998
25-Jan-79,0.599,0.6029,0.5979,0.6028
24-Jan-79,0.606,0.6077,0.6055,0.6074
23-Jan-79,0.6055,0.606,0.6038,0.6045
22-Jan-79,0.608,0.6092,0.6052,0.6074
19-Jan-79,0.6088,0.6095,0.607,0.6085
18-Jan-79,0.6075,0.6137,0.6075,0.6113
17-Jan-79,0.6096,0.6125,0.6075,0.6119
16-Jan-79,0.6018,0.6098,0.6018,0.6084
15-Jan-79,0.5995,0.6003,0.5984,0.5999
12-Jan-79,0.6026,0.6055,0.6025,0.6049
11-Jan-79,0.615,0.6155,0.6034,0.6056
10-Jan-79,0.612,0.615,0.6116,0.6133
9-Jan-79,0.6215,0.6215,0.611,0.6117
8-Jan-79,0.623,0.6238,0.6217,0.622
5-Jan-79,0.6193,0.6216,0.6192,0.6202
4-Jan-79,0.619,0.623,0.618,0.6203
3-Jan-79,0.6175,0.623,0.6161,0.6214
2-Jan-79,0.638,0.6386,0.6309,0.6311
29-Dec-78,0.6335,0.6368,0.6328,0.6347
28-Dec-78,0.6333,0.6358,0.6286,0.6334
27-Dec-78,0.6325,0.6364,0.6316,0.6344
26-Dec-78,0.6242,0.6268,0.6235,0.6267
22-Dec-78,0.6245,0.6251,0.622,0.6231
21-Dec-78,0.621,0.6233,0.6208,0.6231
20-Dec-78,0.6285,0.6305,0.6257,0.6285
19-Dec-78,0.6285,0.6295,0.6251,0.6286
18-Dec-78,0.6201,0.6201,0.6201,0.6201
15-Dec-78,0.6105,0.612,0.6098,0.6101
14-Dec-78,0.6085,0.6112,0.6083,0.6111
13-Dec-78,0.6037,0.6058,0.6026,0.6054
12-Dec-78,0.607,0.6099,0.6068,0.6079
11-Dec-78,0.6095,0.6114,0.6086,0.6089
8-Dec-78,0.6052,0.6085,0.6045,0.6083
7-Dec-78,0.6045,0.606,0.6027,0.6047
6-Dec-78,0.604,0.6055,0.602,0.6039
5-Dec-78,0.6005,0.6058,0.6005,0.6051
4-Dec-78,0.6005,0.605,0.6005,0.6033
1-Dec-78,0.5923,0.5961,0.5923,0.595
30-Nov-78,0.5968,0.597,0.5944,0.5954
29-Nov-78,0.5966,0.604,0.5955,0.5996
28-Nov-78,0.5945,0.5985,0.5938,0.5956
27-Nov-78,0.5769,0.5823,0.5769,0.582
22-Nov-78,0.5817,0.588,0.5809,0.5869
21-Nov-78,0.5845,0.588,0.5812,0.5829
20-Nov-78,0.5763,0.5812,0.5763,0.579
17-Nov-78,0.5913,0.5913,0.5913,0.5913
16-Nov-78,0.605,0.6055,0.6013,0.6013
15-Nov-78,0.6165,0.617,0.6109,0.6113
14-Nov-78,0.62,0.6202,0.6182,0.6193
13-Nov-78,0.618,0.6212,0.618,0.6202
10-Nov-78,0.62,0.6245,0.6185,0.6207
9-Nov-78,0.6245,0.6246,0.6178,0.6243
8-Nov-78,0.6226,0.6226,0.6226,0.6226
6-Nov-78,0.6125,0.616,0.6119,0.6126
3-Nov-78,0.6372,0.6372,0.6372,0.6372
2-Nov-78,0.6572,0.6572,0.6572,0.6572
1-Nov-78,0.6722,0.6722,0.6722,0.6722
31-Oct-78,0.688,0.688,0.6822,0.6822
30-Oct-78,0.6815,0.6922,0.6813,0.6922
27-Oct-78,0.6745,0.683,0.6715,0.6822
26-Oct-78,0.6718,0.6782,0.6685,0.6781
25-Oct-78,0.6703,0.6703,0.6675,0.6703
24-Oct-78,0.662,0.6662,0.6587,0.6603
23-Oct-78,0.661,0.671,0.6585,0.6647
20-Oct-78,0.6723,0.6723,0.6666,0.6682
19-Oct-78,0.6621,0.6664,0.6621,0.6623
18-Oct-78,0.675,0.6755,0.6687,0.6721
17-Oct-78,0.6745,0.679,0.6675,0.6704
16-Oct-78,0.664,0.677,0.6625,0.6755
13-Oct-78,0.6635,0.6679,0.6618,0.6672
12-Oct-78,0.6625,0.6633,0.6565,0.6579
11-Oct-78,0.6573,0.6573,0.6562,0.6573
10-Oct-78,0.6445,0.65,0.6442,0.6473
9-Oct-78,0.6415,0.6478,0.6396,0.6474
6-Oct-78,0.641,0.6433,0.636,0.6378
5-Oct-78,0.641,0.6435,0.6378,0.643
4-Oct-78,0.6544,0.6555,0.638,0.6444
3-Oct-78,0.644,0.6515,0.6433,0.648
2-Oct-78,0.6545,0.6545,0.6545,0.6545
29-Sep-78,0.6645,0.6645,0.6645,0.6645
28-Sep-78,0.6795,0.6805,0.6732,0.6745
27-Sep-78,0.6775,0.6853,0.6755,0.6832
26-Sep-78,0.6951,0.6951,0.6755,0.679
25-Sep-78,0.676,0.686,0.6753,0.6851
22-Sep-78,0.6688,0.6803,0.6688,0.6774
21-Sep-78,0.6653,0.6653,0.6653,0.6653
20-Sep-78,0.6553,0.6553,0.6553,0.6553
19-Sep-78,0.6495,0.6528,0.6451,0.6453
18-Sep-78,0.6425,0.6496,0.6425,0.6489
15-Sep-78,0.6425,0.6465,0.6391,0.6396
14-Sep-78,0.6365,0.642,0.6355,0.641
13-Sep-78,0.634,0.64,0.634,0.64
12-Sep-78,0.6315,0.6327,0.6291,0.63
11-Sep-78,0.626,0.6313,0.6254,0.6278
8-Sep-78,0.6288,0.6291,0.6241,0.6257
7-Sep-78,0.633,0.6336,0.6277,0.6282
6-Sep-78,0.6313,0.6367,0.6309,0.6349
5-Sep-78,0.6335,0.637,0.6315,0.6368
1-Sep-78,0.629,0.6309,0.629,0.6309
31-Aug-78,0.6252,0.6252,0.6213,0.6219
30-Aug-78,0.6192,0.6192,0.614,0.6192
29-Aug-78,0.6042,0.6132,0.603,0.6132
28-Aug-78,0.5978,0.598,0.5933,0.5933
25-Aug-78,0.5993,0.601,0.5993,0.5993
24-Aug-78,0.6075,0.6088,0.605,0.6053
23-Aug-78,0.599,0.6067,0.5988,0.6058
22-Aug-78,0.612,0.612,0.6029,0.603
21-Aug-78,0.6038,0.6115,0.6038,0.6089
18-Aug-78,0.6215,0.624,0.6128,0.6128
17-Aug-78,0.6188,0.6188,0.6188,0.6188
16-Aug-78,0.6303,0.6395,0.6184,0.6248
15-Aug-78,0.6283,0.6283,0.6185,0.6283
14-Aug-78,0.6163,0.6163,0.6163,0.6163
11-Aug-78,0.606,0.6073,0.6058,0.6073
10-Aug-78,0.5965,0.6013,0.5965,0.6013
9-Aug-78,0.601,0.6018,0.5928,0.5953
8-Aug-78,0.595,0.5981,0.594,0.598
7-Aug-78,0.592,0.5948,0.5898,0.5942
4-Aug-78,0.5903,0.5935,0.5853,0.5931
3-Aug-78,0.59,0.5913,0.5853,0.5875
2-Aug-78,0.587,0.5883,0.5846,0.5883
1-Aug-78,0.5863,0.588,0.5785,0.5823
31-Jul-78,0.579,0.579,0.5776,0.579
28-Jul-78,0.573,0.573,0.5685,0.573
27-Jul-78,0.5637,0.5671,0.5622,0.567
26-Jul-78,0.5665,0.5679,0.5641,0.5657
25-Jul-78,0.5665,0.5698,0.5664,0.5677
24-Jul-78,0.5705,0.5718,0.5667,0.5677
21-Jul-78,0.564,0.5673,0.5618,0.5673
20-Jul-78,0.5568,0.5615,0.5568,0.5613
19-Jul-78,0.5552,0.5588,0.5543,0.5583
18-Jul-78,0.552,0.5554,0.5515,0.5544
17-Jul-78,0.5547,0.5555,0.5533,0.5533
14-Jul-78,0.558,0.5603,0.5574,0.5593
13-Jul-78,0.5603,0.561,0.5572,0.5588
12-Jul-78,0.5565,0.5575,0.5554,0.5559
11-Jul-78,0.5583,0.5597,0.558,0.5588
10-Jul-78,0.5623,0.5623,0.5604,0.562
7-Jul-78,0.557,0.5579,0.5549,0.5563
6-Jul-78,0.5551,0.5552,0.5521,0.5521
5-Jul-78,0.5601,0.5601,0.5564,0.5581
3-Jul-78,0.5521,0.5541,0.5521,0.5541
30-Jun-78,0.5465,0.55,0.5455,0.5481
29-Jun-78,0.548,0.5485,0.5461,0.5471
28-Jun-78,0.5465,0.548,0.5445,0.5455
27-Jun-78,0.5435,0.5462,0.5426,0.5454
26-Jun-78,0.5461,0.5465,0.5435,0.544
23-Jun-78,0.5441,0.5468,0.5435,0.5453
22-Jun-78,0.5438,0.5442,0.5402,0.5416
21-Jun-78,0.5453,0.5463,0.5441,0.5462
20-Jun-78,0.5425,0.5446,0.541,0.5446
19-Jun-78,0.5375,0.5392,0.5369,0.5386
16-Jun-78,0.536,0.5385,0.5355,0.5364
15-Jun-78,0.5345,0.5359,0.5331,0.5337
14-Jun-78,0.5392,0.54,0.5374,0.538
13-Jun-78,0.5397,0.5397,0.5361,0.5383
12-Jun-78,0.5365,0.5402,0.5355,0.5384
9-Jun-78,0.535,0.5388,0.534,0.5384
8-Jun-78,0.539,0.5392,0.5367,0.5374
7-Jun-78,0.532,0.5348,0.5318,0.5332
6-Jun-78,0.528,0.5347,0.528,0.5335
5-Jun-78,0.5417,0.5419,0.5323,0.5333
2-Jun-78,0.5415,0.5438,0.5388,0.5393
1-Jun-78,0.5295,0.5339,0.5291,0.5325
31-May-78,0.5289,0.5289,0.5276,0.5289
30-May-78,0.5205,0.523,0.52,0.5229
26-May-78,0.5141,0.5173,0.5137,0.517
25-May-78,0.5105,0.5145,0.5103,0.5136
24-May-78,0.5105,0.5113,0.5094,0.5096
23-May-78,0.51,0.511,0.5083,0.5092
22-May-78,0.5065,0.5096,0.5065,0.5095
19-May-78,0.5095,0.5113,0.507,0.5092
18-May-78,0.5095,0.5122,0.5093,0.5122
17-May-78,0.5048,0.5073,0.5034,0.5062
16-May-78,0.5045,0.5052,0.5025,0.5037
15-May-78,0.5055,0.5061,0.5034,0.504
12-May-78,0.5076,0.5086,0.5046,0.5053
11-May-78,0.51,0.5106,0.5086,0.5089
10-May-78,0.5117,0.5138,0.511,0.5114
9-May-78,0.5087,0.512,0.5076,0.51
8-May-78,0.5119,0.5122,0.5119,0.5119
5-May-78,0.5172,0.519,0.516,0.5179
4-May-78,0.519,0.5204,0.5178,0.5202
3-May-78,0.5145,0.5168,0.512,0.5145
2-May-78,0.515,0.5153,0.5108,0.5108
1-May-78,0.5193,0.5193,0.5161,0.5168
28-Apr-78,0.5223,0.5223,0.5168,0.5181
27-Apr-78,0.518,0.5229,0.518,0.522
26-Apr-78,0.5145,0.517,0.511,0.5169
25-Apr-78,0.5155,0.5169,0.5136,0.5138
24-Apr-78,0.5144,0.517,0.5137,0.5154
21-Apr-78,0.5132,0.518,0.513,0.5158
20-Apr-78,0.5172,0.5172,0.5172,0.5172
19-Apr-78,0.5292,0.5298,0.5224,0.5232
18-Apr-78,0.5295,0.5308,0.5269,0.5275
17-Apr-78,0.533,0.5333,0.5314,0.5314
14-Apr-78,0.5388,0.5398,0.5352,0.5374
13-Apr-78,0.5416,0.5422,0.5392,0.5404
12-Apr-78,0.544,0.5454,0.543,0.5442
11-Apr-78,0.546,0.5492,0.5428,0.549
10-Apr-78,0.5465,0.5476,0.5455,0.5473
7-Apr-78,0.5435,0.5456,0.5418,0.5426
6-Apr-78,0.5426,0.5449,0.5421,0.5445
5-Apr-78,0.5406,0.5459,0.5404,0.5458
4-Apr-78,0.543,0.544,0.5385,0.5399
3-Apr-78,0.5526,0.5526,0.544,0.5445
31-Mar-78,0.5445,0.5466,0.5445,0.5466
30-Mar-78,0.537,0.541,0.537,0.5406
29-Mar-78,0.54,0.5423,0.5376,0.5421
28-Mar-78,0.5425,0.5427,0.5375,0.539
27-Mar-78,0.5367,0.5386,0.5367,0.5386
23-Mar-78,0.533,0.5335,0.5305,0.5326
22-Mar-78,0.528,0.532,0.5275,0.5318
21-Mar-78,0.5249,0.5269,0.5249,0.5266
20-Mar-78,0.5325,0.5325,0.5309,0.5309
17-Mar-78,0.5392,0.5392,0.5322,0.5369
16-Mar-78,0.5302,0.5302,0.5302,0.5302
15-Mar-78,0.523,0.5242,0.5223,0.5242
14-Mar-78,0.5215,0.5242,0.5179,0.5182
13-Mar-78,0.5179,0.5255,0.5179,0.5218
10-Mar-78,0.5269,0.5269,0.5269,0.5269
9-Mar-78,0.5329,0.5329,0.5329,0.5329
8-Mar-78,0.541,0.543,0.537,0.5389
7-Mar-78,0.5419,0.5456,0.5419,0.5419
6-Mar-78,0.5415,0.5485,0.5398,0.5479
3-Mar-78,0.55,0.554,0.5488,0.5488
2-Mar-78,0.56,0.56,0.5548,0.5548
1-Mar-78,0.5615,0.567,0.5569,0.5608
28-Feb-78,0.55,0.5629,0.5497,0.5629
27-Feb-78,0.5539,0.5539,0.5539,0.5539
24-Feb-78,0.5719,0.5719,0.5599,0.5599
23-Feb-78,0.5659,0.5659,0.5659,0.5659
22-Feb-78,0.5573,0.5616,0.5569,0.5599
21-Feb-78,0.5554,0.5554,0.5554,0.5554
17-Feb-78,0.5423,0.5468,0.5415,0.5464
16-Feb-78,0.5395,0.5409,0.5368,0.5409
15-Feb-78,0.5244,0.5254,0.523,0.5252
14-Feb-78,0.5242,0.5245,0.5203,0.5207
13-Feb-78,0.5198,0.5227,0.5192,0.5221
10-Feb-78,0.514,0.5176,0.5137,0.5176
9-Feb-78,0.5127,0.514,0.5121,0.5139
8-Feb-78,0.5124,0.513,0.5112,0.5122
7-Feb-78,0.5134,0.5135,0.5117,0.5122
6-Feb-78,0.5138,0.5139,0.5124,0.5127
3-Feb-78,0.5121,0.5125,0.5104,0.5115
2-Feb-78,0.5085,0.5103,0.5084,0.5099
1-Feb-78,0.508,0.508,0.5068,0.5077
31-Jan-78,0.5099,0.5099,0.507,0.5087
30-Jan-78,0.508,0.5089,0.502,0.5039
27-Jan-78,0.5103,0.511,0.5061,0.5065
26-Jan-78,0.5115,0.5116,0.5087,0.5087
25-Jan-78,0.515,0.516,0.5141,0.5147
24-Jan-78,0.5111,0.5143,0.51,0.513
23-Jan-78,0.5072,0.5096,0.5068,0.5094
20-Jan-78,0.5055,0.5059,0.5033,0.5057
19-Jan-78,0.5042,0.5064,0.5042,0.5057
18-Jan-78,0.5014,0.5033,0.5014,0.5014
17-Jan-78,0.508,0.5089,0.5071,0.5074
16-Jan-78,0.5126,0.5138,0.511,0.5131
13-Jan-78,0.51,0.5134,0.5091,0.5131
12-Jan-78,0.5142,0.5142,0.506,0.5081
11-Jan-78,0.5082,0.5082,0.5082,0.5082
10-Jan-78,0.503,0.5038,0.5016,0.5022
9-Jan-78,0.4995,0.503,0.4994,0.5016
6-Jan-78,0.505,0.5077,0.4961,0.504
5-Jan-78,0.5019,0.5019,0.5019,0.5019
4-Jan-78,0.5199,0.5199,0.5079,0.5079
3-Jan-78,0.5139,0.5139,0.5139,0.5139
30-Dec-77,0.506,0.5094,0.5059,0.5079
29-Dec-77,0.501,0.5049,0.5002,0.5048
28-Dec-77,0.4989,0.4989,0.4951,0.4989
27-Dec-77,0.4933,0.4933,0.4912,0.4929
23-Dec-77,0.4955,0.497,0.4951,0.4959
22-Dec-77,0.4929,0.4994,0.4929,0.4985
21-Dec-77,0.5025,0.5028,0.4965,0.4989
20-Dec-77,0.5035,0.5038,0.4967,0.4977
19-Dec-77,0.4973,0.4985,0.4973,0.4985
16-Dec-77,0.49,0.4927,0.4899,0.4925
15-Dec-77,0.4835,0.4902,0.4835,0.4899
14-Dec-77,0.4881,0.4881,0.4842,0.4869
13-Dec-77,0.4813,0.4827,0.4808,0.4821
12-Dec-77,0.4778,0.4781,0.4762,0.4767
9-Dec-77,0.4722,0.4762,0.4722,0.4735
8-Dec-77,0.478,0.478,0.4722,0.4739
7-Dec-77,0.4762,0.4784,0.4758,0.4782
6-Dec-77,0.4765,0.4782,0.4748,0.4777
5-Dec-77,0.476,0.4773,0.4754,0.4771
2-Dec-77,0.4738,0.4747,0.4727,0.4733
1-Dec-77,0.4722,0.4735,0.4716,0.4726
30-Nov-77,0.4675,0.4697,0.4667,0.4688
29-Nov-77,0.4703,0.471,0.4669,0.4683
28-Nov-77,0.4698,0.4731,0.4689,0.4722
25-Nov-77,0.464,0.4647,0.4639,0.464
23-Nov-77,0.4588,0.4588,0.4578,0.4587
22-Nov-77,0.4568,0.4578,0.4566,0.4574
21-Nov-77,0.457,0.4573,0.4557,0.4564
18-Nov-77,0.4556,0.4573,0.4552,0.4571
17-Nov-77,0.455,0.4558,0.4546,0.4546
16-Nov-77,0.4555,0.4555,0.4537,0.4548
15-Nov-77,0.4563,0.4563,0.4545,0.4554
14-Nov-77,0.4559,0.4568,0.4546,0.4548
11-Nov-77,0.4535,0.4544,0.4535,0.4539
10-Nov-77,0.453,0.4545,0.452,0.4536
9-Nov-77,0.4539,0.454,0.4507,0.4519
8-Nov-77,0.452,0.4553,0.4519,0.4538
7-Nov-77,0.4538,0.4543,0.4523,0.4529
4-Nov-77,0.4524,0.4541,0.4524,0.453
3-Nov-77,0.4538,0.4556,0.45,0.4527
2-Nov-77,0.4538,0.4549,0.4528,0.4545
1-Nov-77,0.4545,0.4566,0.4533,0.4564
31-Oct-77,0.4512,0.4528,0.4506,0.4517
28-Oct-77,0.4492,0.45,0.4487,0.4496
27-Oct-77,0.4515,0.4515,0.4472,0.4493
26-Oct-77,0.4506,0.4518,0.4501,0.4512
25-Oct-77,0.4514,0.4518,0.4497,0.4516
24-Oct-77,0.452,0.4531,0.4518,0.4529
21-Oct-77,0.4475,0.4497,0.4468,0.4494
20-Oct-77,0.445,0.4479,0.445,0.4468
19-Oct-77,0.4487,0.4487,0.4422,0.4435
18-Oct-77,0.4462,0.4484,0.4462,0.4482
17-Oct-77,0.445,0.4463,0.4448,0.446
14-Oct-77,0.4428,0.4452,0.4415,0.4441
13-Oct-77,0.4407,0.4415,0.4387,0.4395
12-Oct-77,0.4375,0.4394,0.4372,0.4393
11-Oct-77,0.4377,0.438,0.4359,0.436
10-Oct-77,0.4385,0.4404,0.4369,0.4396
7-Oct-77,0.4374,0.4384,0.4363,0.4377
6-Oct-77,0.4343,0.4363,0.4338,0.4354
5-Oct-77,0.4321,0.4335,0.4314,0.433
4-Oct-77,0.4315,0.4332,0.4315,0.4318
3-Oct-77,0.4322,0.4333,0.432,0.4323
30-Sep-77,0.4314,0.4315,0.4297,0.43
29-Sep-77,0.4311,0.4322,0.4307,0.4308
28-Sep-77,0.4294,0.4299,0.429,0.4295
27-Sep-77,0.427,0.4283,0.4267,0.4276
26-Sep-77,0.43,0.4309,0.4292,0.4298
23-Sep-77,0.4269,0.429,0.4268,0.4283
22-Sep-77,0.4282,0.429,0.4268,0.4272
21-Sep-77,0.4259,0.428,0.4255,0.4279
20-Sep-77,0.4261,0.427,0.4257,0.4265
19-Sep-77,0.4247,0.4249,0.4241,0.4247
16-Sep-77,0.4238,0.424,0.4237,0.4239
15-Sep-77,0.4236,0.4237,0.423,0.4231
14-Sep-77,0.4225,0.4235,0.4225,0.4235
13-Sep-77,0.4231,0.4233,0.4228,0.423
12-Sep-77,0.4227,0.4235,0.4227,0.423
9-Sep-77,0.4233,0.4241,0.4232,0.4234
8-Sep-77,0.4249,0.4249,0.4236,0.4239
7-Sep-77,0.4235,0.425,0.4235,0.4247
6-Sep-77,0.4222,0.4228,0.4222,0.4222
2-Sep-77,0.423,0.4234,0.4229,0.4229
1-Sep-77,0.4215,0.4229,0.4215,0.4226
31-Aug-77,0.4236,0.4238,0.4225,0.4227
30-Aug-77,0.4215,0.4238,0.4215,0.4238
29-Aug-77,0.4224,0.4234,0.4201,0.4223
26-Aug-77,0.4259,0.4267,0.4252,0.4261
25-Aug-77,0.425,0.425,0.4223,0.4235
24-Aug-77,0.4207,0.4226,0.4203,0.4221
23-Aug-77,0.417,0.4187,0.4164,0.4187
22-Aug-77,0.4158,0.4165,0.4156,0.4157
19-Aug-77,0.4138,0.415,0.4137,0.415
18-Aug-77,0.4116,0.4135,0.4116,0.413
17-Aug-77,0.4122,0.4123,0.4115,0.4116
16-Aug-77,0.4105,0.4113,0.4099,0.4112
15-Aug-77,0.4145,0.4145,0.413,0.4133
12-Aug-77,0.4148,0.4152,0.4136,0.4138
11-Aug-77,0.4161,0.4164,0.4142,0.4149
10-Aug-77,0.4157,0.4158,0.415,0.4157
9-Aug-77,0.4163,0.4175,0.4163,0.417
8-Aug-77,0.4185,0.4185,0.4157,0.416
5-Aug-77,0.4177,0.4195,0.4177,0.4195
4-Aug-77,0.4176,0.4178,0.4173,0.4174
3-Aug-77,0.4198,0.4198,0.418,0.4183
2-Aug-77,0.419,0.4192,0.4184,0.4189
1-Aug-77,0.417,0.4175,0.417,0.4172
29-Jul-77,0.4181,0.4184,0.4165,0.4179
28-Jul-77,0.4182,0.4189,0.4168,0.4179
27-Jul-77,0.4187,0.4211,0.4187,0.421
26-Jul-77,0.4205,0.4222,0.4203,0.4211
25-Jul-77,0.4215,0.422,0.4213,0.4217
22-Jul-77,0.4192,0.42,0.4186,0.4193
21-Jul-77,0.418,0.4182,0.4171,0.4172
20-Jul-77,0.4195,0.4195,0.4185,0.4186
19-Jul-77,0.4199,0.4199,0.4184,0.4186
18-Jul-77,0.4169,0.4193,0.4169,0.4191
15-Jul-77,0.4165,0.4166,0.416,0.4162
13-Jul-77,0.4177,0.4179,0.4158,0.4165
12-Jul-77,0.416,0.4177,0.4146,0.4173
11-Jul-77,0.4168,0.418,0.4166,0.4167
8-Jul-77,0.4134,0.4156,0.4134,0.4156
7-Jul-77,0.4147,0.4148,0.4139,0.4144
6-Jul-77,0.4124,0.4131,0.4122,0.4128
5-Jul-77,0.4132,0.4132,0.4124,0.4129
1-Jul-77,0.4084,0.4089,0.408,0.4085
30-Jun-77,0.4081,0.4082,0.4074,0.4075
29-Jun-77,0.408,0.4096,0.407,0.4091
28-Jun-77,0.4046,0.4058,0.4046,0.4057
27-Jun-77,0.4048,0.4049,0.4043,0.4046
24-Jun-77,0.4033,0.4047,0.4029,0.4043
23-Jun-77,0.4028,0.4031,0.4022,0.4026
22-Jun-77,0.4019,0.403,0.4019,0.4029
21-Jun-77,0.4017,0.4018,0.4013,0.4016
20-Jun-77,0.4037,0.4037,0.4021,0.4024
17-Jun-77,0.4038,0.4042,0.4036,0.4041
16-Jun-77,0.4039,0.4043,0.4039,0.4043
15-Jun-77,0.4036,0.4037,0.4034,0.4036
14-Jun-77,0.4036,0.4036,0.4032,0.4035
13-Jun-77,0.4041,0.4042,0.4034,0.4038
10-Jun-77,0.404,0.4041,0.4036,0.404
9-Jun-77,0.4043,0.4047,0.4036,0.4042
8-Jun-77,0.4044,0.4046,0.4033,0.404
7-Jun-77,0.4042,0.4042,0.4033,0.4039
6-Jun-77,0.4049,0.4053,0.4045,0.4049
3-Jun-77,0.4022,0.4025,0.4018,0.4022
2-Jun-77,0.4009,0.402,0.4009,0.4015
1-Jun-77,0.4005,0.4006,0.4001,0.4006
31-May-77,0.3995,0.4,0.3995,0.4
27-May-77,0.3996,0.3998,0.3993,0.3997
26-May-77,0.3981,0.4005,0.398,0.4004
25-May-77,0.3984,0.3986,0.3982,0.3982
24-May-77,0.3972,0.3981,0.3969,0.3981
23-May-77,0.3973,0.3974,0.3972,0.3974
20-May-77,0.3971,0.3975,0.397,0.3975
19-May-77,0.3974,0.3974,0.3973,0.3973
18-May-77,0.3975,0.3979,0.3971,0.3972
17-May-77,0.3971,0.3979,0.3969,0.3978
16-May-77,0.397,0.397,0.3966,0.3966
13-May-77,0.3975,0.3977,0.3963,0.3965
12-May-77,0.396,0.3983,0.396,0.3982
11-May-77,0.3967,0.3967,0.396,0.3963
10-May-77,0.3966,0.3975,0.3958,0.3964
9-May-77,0.3957,0.3968,0.3954,0.3963
6-May-77,0.3959,0.3971,0.3957,0.3966
5-May-77,0.3975,0.3975,0.3965,0.3967
4-May-77,0.3974,0.3978,0.3971,0.3972
3-May-77,0.3964,0.3965,0.3956,0.3965
2-May-77,0.3982,0.3982,0.3965,0.3967
29-Apr-77,0.3967,0.3986,0.3964,0.398
28-Apr-77,0.3981,0.3981,0.3969,0.3969
27-Apr-77,0.3965,0.3983,0.3961,0.3982
26-Apr-77,0.3958,0.3964,0.3952,0.3952
25-Apr-77,0.3992,0.3994,0.3979,0.3981
22-Apr-77,0.3979,0.3982,0.3975,0.3982
21-Apr-77,0.3978,0.3986,0.3978,0.398
20-Apr-77,0.3976,0.3983,0.3972,0.3978
19-Apr-77,0.4004,0.4004,0.3984,0.3988
18-Apr-77,0.4,0.4009,0.3999,0.4008
15-Apr-77,0.3986,0.4005,0.3986,0.4004
14-Apr-77,0.399,0.399,0.3974,0.3978
13-Apr-77,0.4,0.4001,0.3988,0.399
12-Apr-77,0.3981,0.3991,0.398,0.3987
11-Apr-77,0.3965,0.397,0.3965,0.3967
7-Apr-77,0.3963,0.3971,0.3963,0.3969
6-Apr-77,0.3957,0.3961,0.3956,0.3961
5-Apr-77,0.3955,0.3959,0.3953,0.3956
4-Apr-77,0.395,0.3958,0.395,0.3956
1-Apr-77,0.3948,0.3975,0.3947,0.397
31-Mar-77,0.3947,0.3952,0.3947,0.3948
30-Mar-77,0.3944,0.3956,0.3944,0.3954
29-Mar-77,0.3954,0.3956,0.3948,0.3952
28-Mar-77,0.3945,0.396,0.3943,0.3958
25-Mar-77,0.3939,0.3952,0.3939,0.3952
24-Mar-77,0.3943,0.3945,0.3934,0.3942
23-Mar-77,0.3957,0.396,0.395,0.3952
22-Mar-77,0.396,0.3968,0.3956,0.3963
21-Mar-77,0.3945,0.3946,0.3941,0.3945
18-Mar-77,0.3942,0.3947,0.394,0.3945
17-Mar-77,0.3933,0.3943,0.3932,0.394
16-Mar-77,0.392,0.3936,0.392,0.3933
15-Mar-77,0.3925,0.3932,0.3924,0.3929
14-Mar-77,0.3939,0.3939,0.3929,0.3937
11-Mar-77,0.3935,0.3935,0.3929,0.3933
10-Mar-77,0.3927,0.3933,0.392,0.3927
9-Mar-77,0.3926,0.3927,0.3914,0.3915
8-Mar-77,0.394,0.394,0.3918,0.3921
7-Mar-77,0.3946,0.3949,0.394,0.3947
4-Mar-77,0.3956,0.396,0.3945,0.3957
3-Mar-77,0.394,0.3954,0.394,0.3946
2-Mar-77,0.395,0.3958,0.394,0.3941
1-Mar-77,0.3921,0.396,0.392,0.3941
28-Feb-77,0.3931,0.395,0.3927,0.3941
25-Feb-77,0.3956,0.3956,0.3939,0.394
24-Feb-77,0.395,0.3953,0.3948,0.395
23-Feb-77,0.3988,0.3989,0.3978,0.3978
22-Feb-77,0.4002,0.401,0.4,0.4004
18-Feb-77,0.4026,0.4026,0.4021,0.4023
17-Feb-77,0.4021,0.4027,0.4019,0.4024
16-Feb-77,0.4029,0.4029,0.4021,0.4024
15-Feb-77,0.399,0.3993,0.3986,0.3991
14-Feb-77,0.4,0.401,0.4,0.401
11-Feb-77,0.3985,0.3987,0.3985,0.3987
10-Feb-77,0.3984,0.3987,0.398,0.3985
9-Feb-77,0.399,0.3992,0.3987,0.3987
8-Feb-77,0.3998,0.3998,0.3981,0.3983
7-Feb-77,0.3984,0.3994,0.3984,0.3994
4-Feb-77,0.3988,0.3988,0.3981,0.3982
3-Feb-77,0.3985,0.399,0.3985,0.399
2-Feb-77,0.3991,0.3998,0.399,0.3993
1-Feb-77,0.4,0.4002,0.3991,0.3993
31-Jan-77,0.4003,0.4015,0.4002,0.401
28-Jan-77,0.3992,0.3997,0.3977,0.3988
27-Jan-77,0.398,0.3987,0.3978,0.3981
26-Jan-77,0.398,0.3987,0.3979,0.3985
25-Jan-77,0.396,0.3988,0.396,0.3988
24-Jan-77,0.4001,0.4001,0.3984,0.3986
21-Jan-77,0.402,0.402,0.4013,0.4017
20-Jan-77,0.402,0.4022,0.4014,0.4017
19-Jan-77,0.4014,0.4018,0.401,0.4012
18-Jan-77,0.4018,0.4019,0.401,0.4018
17-Jan-77,0.4038,0.4041,0.4035,0.4035
14-Jan-77,0.4035,0.4041,0.4035,0.4038
13-Jan-77,0.4053,0.4055,0.4045,0.4048
12-Jan-77,0.4066,0.4072,0.4064,0.4065
11-Jan-77,0.4056,0.4066,0.4056,0.4058
10-Jan-77,0.4062,0.4062,0.4047,0.4055
7-Jan-77,0.4085,0.4088,0.4074,0.4074
6-Jan-77,0.4108,0.4108,0.4094,0.4099
5-Jan-77,0.4116,0.4116,0.4103,0.4103
4-Jan-77,0.4126,0.4126,0.4117,0.4122
3-Jan-77,0.4125,0.4128,0.4124,0.4127
30-Dec-76,0.4123,0.4124,0.412,0.4124
29-Dec-76,0.4118,0.4124,0.4118,0.4124
28-Dec-76,0.4117,0.4117,0.4111,0.4112
27-Dec-76,0.4117,0.4119,0.4117,0.4117
23-Dec-76,0.4115,0.4115,0.4108,0.4113
22-Dec-76,0.4116,0.4122,0.4115,0.4115
21-Dec-76,0.4133,0.4138,0.4128,0.4131
20-Dec-76,0.4117,0.4125,0.4115,0.412
17-Dec-76,0.4103,0.4107,0.4103,0.4105
16-Dec-76,0.4118,0.4118,0.4112,0.4113
15-Dec-76,0.4102,0.4113,0.4102,0.4112
14-Dec-76,0.4107,0.4109,0.4106,0.4108
13-Dec-76,0.4107,0.411,0.4101,0.4109
10-Dec-76,0.4112,0.4115,0.4108,0.4112
9-Dec-76,0.4109,0.4116,0.4106,0.4113
8-Dec-76,0.4103,0.4116,0.41,0.4113
7-Dec-76,0.4112,0.4113,0.4097,0.4103
6-Dec-76,0.4128,0.4128,0.4115,0.4117
3-Dec-76,0.411,0.411,0.4103,0.4108
2-Dec-76,0.4104,0.4111,0.4099,0.4108
1-Dec-76,0.4108,0.4111,0.4104,0.4109
30-Nov-76,0.4124,0.4126,0.412,0.4121
29-Nov-76,0.4101,0.4101,0.4097,0.41
26-Nov-76,0.4102,0.4107,0.4102,0.4107
24-Nov-76,0.4088,0.4099,0.4088,0.4099
23-Nov-76,0.4114,0.4114,0.4112,0.4113
22-Nov-76,0.4118,0.4125,0.4118,0.4125
19-Nov-76,0.4096,0.4098,0.4093,0.4095
18-Nov-76,0.4098,0.4099,0.4092,0.4092
17-Nov-76,0.4101,0.4101,0.4097,0.4097
16-Nov-76,0.4104,0.4104,0.4102,0.4103
15-Nov-76,0.4103,0.4108,0.4103,0.4108
12-Nov-76,0.4114,0.4114,0.4104,0.4105
11-Nov-76,0.4114,0.4114,0.4112,0.4112
10-Nov-76,0.4107,0.4116,0.4107,0.4112
9-Nov-76,0.4105,0.4109,0.4105,0.4109
8-Nov-76,0.4105,0.4115,0.4105,0.4114
5-Nov-76,0.4104,0.4108,0.4103,0.4107
4-Nov-76,0.411,0.4112,0.4101,0.4108
3-Nov-76,0.4125,0.4125,0.4115,0.4117
1-Nov-76,0.4125,0.4125,0.411,0.4118
29-Oct-76,0.413,0.4135,0.4126,0.4129
28-Oct-76,0.414,0.4142,0.4133,0.4133
27-Oct-76,0.413,0.4139,0.4127,0.4134
26-Oct-76,0.412,0.413,0.4119,0.4129
25-Oct-76,0.4126,0.4135,0.4121,0.4124
22-Oct-76,0.4112,0.4117,0.4111,0.4112
21-Oct-76,0.4121,0.4122,0.411,0.4116
20-Oct-76,0.412,0.4127,0.4111,0.4113
19-Oct-76,0.4105,0.4123,0.4105,0.412
18-Oct-76,0.4102,0.4102,0.4092,0.4098
15-Oct-76,0.4105,0.411,0.4104,0.411
14-Oct-76,0.4124,0.4126,0.4111,0.4112
13-Oct-76,0.4122,0.4125,0.4119,0.4121
12-Oct-76,0.4115,0.4118,0.4115,0.4116
11-Oct-76,0.4108,0.4108,0.4101,0.4105
8-Oct-76,0.4112,0.4114,0.4111,0.4112
7-Oct-76,0.4115,0.412,0.411,0.4116
6-Oct-76,0.412,0.4128,0.411,0.4122
5-Oct-76,0.4099,0.4113,0.4096,0.4113
4-Oct-76,0.4108,0.4108,0.4094,0.4095
1-Oct-76,0.4118,0.412,0.4112,0.4116
30-Sep-76,0.4122,0.413,0.4112,0.4126
29-Sep-76,0.4102,0.411,0.4098,0.4107
28-Sep-76,0.409,0.4101,0.4084,0.4096
27-Sep-76,0.4092,0.4092,0.4086,0.409
24-Sep-76,0.408,0.4093,0.408,0.4088
23-Sep-76,0.4085,0.4085,0.4074,0.4075
22-Sep-76,0.409,0.4093,0.4082,0.409
21-Sep-76,0.407,0.4082,0.407,0.408
20-Sep-76,0.4087,0.4088,0.4072,0.4072
17-Sep-76,0.4089,0.409,0.408,0.408
16-Sep-76,0.408,0.4091,0.408,0.4089
15-Sep-76,0.4086,0.4102,0.4086,0.4097
14-Sep-76,0.4065,0.4084,0.4065,0.4082
13-Sep-76,0.4075,0.4077,0.4075,0.4075
10-Sep-76,0.4075,0.4078,0.4075,0.4077
9-Sep-76,0.4075,0.4088,0.4075,0.4078
8-Sep-76,0.4079,0.4079,0.4072,0.4072
7-Sep-76,0.4074,0.4075,0.4069,0.4072
3-Sep-76,0.4074,0.4075,0.4069,0.4075
2-Sep-76,0.4088,0.4088,0.406,0.4062
1-Sep-76,0.4092,0.41,0.4092,0.4098
31-Aug-76,0.4079,0.4085,0.4076,0.4083
30-Aug-76,0.409,0.4091,0.4082,0.4083
27-Aug-76,0.4082,0.4084,0.4081,0.4081
26-Aug-76,0.4094,0.4095,0.409,0.4092
25-Aug-76,0.4098,0.4098,0.4085,0.4085
24-Aug-76,0.4106,0.4106,0.4099,0.4099
23-Aug-76,0.409,0.4104,0.409,0.4099
20-Aug-76,0.4094,0.4096,0.4086,0.4087
19-Aug-76,0.411,0.4112,0.4093,0.41
18-Aug-76,0.4111,0.4114,0.4106,0.4111
17-Aug-76,0.41,0.412,0.41,0.4108
16-Aug-76,0.4071,0.4085,0.4071,0.4085
13-Aug-76,0.4082,0.4084,0.4071,0.4072
12-Aug-76,0.4075,0.4078,0.4063,0.4077
11-Aug-76,0.4065,0.4082,0.4064,0.4082
10-Aug-76,0.4056,0.4059,0.405,0.4058
9-Aug-76,0.4081,0.4081,0.4064,0.4069
6-Aug-76,0.4083,0.409,0.4082,0.4086
5-Aug-76,0.406,0.406,0.4048,0.4052
4-Aug-76,0.405,0.4064,0.405,0.4057
3-Aug-76,0.4045,0.4051,0.4041,0.4043
2-Aug-76,0.4065,0.4066,0.4053,0.4053
30-Jul-76,0.4049,0.4071,0.4049,0.4071
29-Jul-76,0.4045,0.405,0.4038,0.4044
28-Jul-76,0.4032,0.4034,0.4022,0.4034
27-Jul-76,0.4015,0.4017,0.4015,0.4016
26-Jul-76,0.4002,0.4015,0.4002,0.4011
23-Jul-76,0.4002,0.4005,0.3995,0.4002
22-Jul-76,0.4026,0.4026,0.3999,0.4003
21-Jul-76,0.4038,0.4042,0.4034,0.4041
20-Jul-76,0.4051,0.4054,0.4041,0.4041
19-Jul-76,0.4062,0.4062,0.4055,0.4055
16-Jul-76,0.4056,0.406,0.4054,0.4056
15-Jul-76,0.407,0.407,0.4051,0.4051
14-Jul-76,0.4074,0.4075,0.4071,0.4072
13-Jul-76,0.4062,0.4074,0.4059,0.4073
12-Jul-76,0.4067,0.4069,0.4058,0.4059
9-Jul-76,0.408,0.4082,0.4066,0.4069
8-Jul-76,0.4059,0.4073,0.4059,0.4069
7-Jul-76,0.4068,0.4074,0.4067,0.4072
6-Jul-76,0.4081,0.4081,0.4078,0.4078
2-Jul-76,0.4095,0.4097,0.409,0.4096
1-Jul-76,0.4098,0.4098,0.4091,0.4095
30-Jun-76,0.4095,0.4095,0.4091,0.4092
29-Jun-76,0.4095,0.4096,0.4083,0.4091
28-Jun-76,0.4112,0.4114,0.4102,0.411
25-Jun-76,0.4099,0.4102,0.4094,0.4102
24-Jun-76,0.4099,0.41,0.4093,0.4097
23-Jun-76,0.4076,0.4078,0.4075,0.4075
22-Jun-76,0.4067,0.4076,0.4065,0.4076
21-Jun-76,0.407,0.408,0.4067,0.4072
18-Jun-76,0.4075,0.409,0.4065,0.4082
17-Jun-76,0.4077,0.4092,0.4056,0.4076
16-Jun-76,0.4118,0.4124,0.4096,0.4104
15-Jun-76,0.409,0.4106,0.4089,0.4105
14-Jun-76,0.4065,0.4074,0.4062,0.4065
11-Jun-76,0.408,0.4088,0.4058,0.4068
10-Jun-76,0.4065,0.4089,0.4065,0.4085
9-Jun-76,0.4042,0.4056,0.4031,0.4055
8-Jun-76,0.405,0.4075,0.405,0.4053
7-Jun-76,0.414,0.414,0.4107,0.411
4-Jun-76,0.4136,0.4147,0.4126,0.4129
3-Jun-76,0.4167,0.4167,0.4135,0.4135
2-Jun-76,0.4175,0.4189,0.4164,0.417
1-Jun-76,0.4085,0.413,0.4085,0.4129
28-May-76,0.4066,0.4083,0.4066,0.4083
27-May-76,0.4069,0.4069,0.4058,0.406
26-May-76,0.406,0.4066,0.4057,0.4064
25-May-76,0.406,0.406,0.4044,0.4057
24-May-76,0.405,0.406,0.405,0.4051
21-May-76,0.4014,0.4031,0.4014,0.4029
20-May-76,0.4051,0.4053,0.4025,0.4037
19-May-76,0.3997,0.4025,0.3994,0.4025
18-May-76,0.3973,0.3985,0.3968,0.3982
17-May-76,0.3985,0.3987,0.3973,0.3974
14-May-76,0.4018,0.4018,0.4009,0.4016
13-May-76,0.4044,0.4044,0.4023,0.4028
12-May-76,0.4024,0.4027,0.4015,0.4024
11-May-76,0.4055,0.4056,0.4042,0.4043
10-May-76,0.4043,0.4053,0.404,0.4053
7-May-76,0.4055,0.4059,0.4053,0.4059
6-May-76,0.4068,0.4076,0.4065,0.4067
5-May-76,0.4033,0.4039,0.4032,0.4035
4-May-76,0.4023,0.4027,0.4019,0.4026
3-May-76,0.4016,0.4022,0.4015,0.4018
30-Apr-76,0.4,0.4003,0.3998,0.4003
29-Apr-76,0.4005,0.4006,0.4,0.4004
28-Apr-76,0.399,0.399,0.3987,0.3987
27-Apr-76,0.3982,0.3982,0.3979,0.398
26-Apr-76,0.398,0.3989,0.3979,0.398
23-Apr-76,0.3979,0.3981,0.3977,0.3979
22-Apr-76,0.398,0.3981,0.3976,0.398
21-Apr-76,0.3973,0.3983,0.397,0.3979
20-Apr-76,0.3993,0.3999,0.3988,0.3993
19-Apr-76,0.3987,0.3988,0.3985,0.3987
15-Apr-76,0.3985,0.3991,0.3983,0.3991
14-Apr-76,0.3995,0.4,0.3993,0.3999
13-Apr-76,0.3978,0.3982,0.3977,0.3977
12-Apr-76,0.398,0.398,0.3967,0.3971
9-Apr-76,0.3978,0.3979,0.3973,0.3976
8-Apr-76,0.3986,0.399,0.3982,0.3983
7-Apr-76,0.3965,0.3967,0.3961,0.3966
6-Apr-76,0.398,0.3984,0.3973,0.3975
5-Apr-76,0.3972,0.3976,0.3972,0.3972
2-Apr-76,0.397,0.3974,0.3969,0.397
1-Apr-76,0.3997,0.3998,0.399,0.3992
31-Mar-76,0.397,0.3974,0.3965,0.3974
30-Mar-76,0.3972,0.3979,0.3972,0.3977
29-Mar-76,0.3955,0.3959,0.3953,0.3959
26-Mar-76,0.3961,0.3962,0.3953,0.3958
25-Mar-76,0.3964,0.3968,0.3962,0.3968
24-Mar-76,0.3955,0.3955,0.3948,0.395
23-Mar-76,0.3952,0.3952,0.3936,0.394
22-Mar-76,0.3977,0.3977,0.3975,0.3975
19-Mar-76,0.3983,0.3995,0.3982,0.3986
18-Mar-76,0.3984,0.3992,0.397,0.3983
17-Mar-76,0.3968,0.398,0.3968,0.398
16-Mar-76,0.3913,0.3925,0.3913,0.3921
15-Mar-76,0.3927,0.3928,0.3907,0.3916
12-Mar-76,0.3904,0.3909,0.3903,0.3908
11-Mar-76,0.3904,0.3904,0.3897,0.39
10-Mar-76,0.392,0.3923,0.3917,0.3921
9-Mar-76,0.3917,0.3923,0.3917,0.3923
8-Mar-76,0.3922,0.3922,0.3906,0.3907
5-Mar-76,0.391,0.3912,0.3905,0.391
4-Mar-76,0.39,0.3905,0.3895,0.3898
3-Mar-76,0.3913,0.3922,0.391,0.3922
2-Mar-76,0.3908,0.3915,0.3908,0.3913
1-Mar-76,0.3909,0.3909,0.3898,0.3903
27-Feb-76,0.3939,0.3944,0.3936,0.3941
26-Feb-76,0.395,0.395,0.3944,0.3948
25-Feb-76,0.3957,0.3959,0.3951,0.3956
24-Feb-76,0.3967,0.3967,0.3962,0.3962
23-Feb-76,0.3958,0.396,0.3957,0.396
20-Feb-76,0.3912,0.3912,0.3907,0.391
19-Feb-76,0.3922,0.3922,0.3918,0.3922
18-Feb-76,0.3911,0.3915,0.391,0.3912
17-Feb-76,0.3904,0.3905,0.3897,0.39
13-Feb-76,0.3936,0.394,0.3935,0.3937
12-Feb-76,0.3938,0.3941,0.3937,0.3939
11-Feb-76,0.3933,0.3945,0.393,0.3945
10-Feb-76,0.3905,0.3905,0.3898,0.3902
9-Feb-76,0.3901,0.3904,0.3897,0.3904
6-Feb-76,0.3879,0.3879,0.3871,0.3871
5-Feb-76,0.3873,0.3879,0.3873,0.3879
4-Feb-76,0.3879,0.3882,0.3875,0.3877
3-Feb-76,0.3885,0.3885,0.3882,0.3883
2-Feb-76,0.3888,0.3891,0.3887,0.389
30-Jan-76,0.3868,0.3868,0.3861,0.3861
29-Jan-76,0.3858,0.3865,0.3858,0.3863
28-Jan-76,0.3867,0.3868,0.3865,0.3865
27-Jan-76,0.3863,0.3864,0.3862,0.3862
26-Jan-76,0.387,0.3872,0.3865,0.3866
23-Jan-76,0.3863,0.3864,0.3859,0.3859
22-Jan-76,0.3857,0.3864,0.3855,0.386
21-Jan-76,0.3854,0.3857,0.3852,0.3856
20-Jan-76,0.3868,0.3868,0.3866,0.3868
19-Jan-76,0.387,0.3872,0.3864,0.3871
16-Jan-76,0.387,0.3875,0.387,0.3874
15-Jan-76,0.3875,0.3878,0.387,0.387
14-Jan-76,0.3871,0.3876,0.3871,0.3875
13-Jan-76,0.3862,0.3867,0.386,0.3867
12-Jan-76,0.3875,0.3875,0.3865,0.3867
9-Jan-76,0.386,0.3875,0.3857,0.3872
8-Jan-76,0.3874,0.3879,0.3865,0.3866
7-Jan-76,0.387,0.3879,0.387,0.3879
6-Jan-76,0.3883,0.3886,0.388,0.3886
5-Jan-76,0.387,0.3887,0.387,0.3887
2-Jan-76,0.3844,0.3845,0.3843,0.3844
31-Dec-75,0.3835,0.384,0.3835,0.3838
30-Dec-75,0.383,0.3835,0.3828,0.3835
29-Dec-75,0.383,0.3834,0.383,0.3832
24-Dec-75,0.3843,0.3843,0.3823,0.3823
23-Dec-75,0.3849,0.3849,0.3843,0.3843
22-Dec-75,0.3838,0.3842,0.3837,0.384
19-Dec-75,0.3833,0.3845,0.3833,0.3843
18-Dec-75,0.3837,0.384,0.3833,0.3838
17-Dec-75,0.3828,0.3841,0.3825,0.384
16-Dec-75,0.3822,0.3833,0.3822,0.383
15-Dec-75,0.3815,0.3818,0.3813,0.3817
12-Dec-75,0.3818,0.382,0.3815,0.3819
11-Dec-75,0.3827,0.3827,0.3822,0.3823
10-Dec-75,0.3832,0.3832,0.3825,0.3831
9-Dec-75,0.3827,0.3832,0.3825,0.3827
8-Dec-75,0.3841,0.3858,0.3841,0.3849
5-Dec-75,0.3829,0.3829,0.3817,0.382
4-Dec-75,0.3818,0.383,0.3816,0.3827
3-Dec-75,0.3796,0.3805,0.3796,0.3805
2-Dec-75,0.379,0.3792,0.3785,0.3788
1-Dec-75,0.3777,0.3781,0.3776,0.3778
28-Nov-75,0.3734,0.3743,0.3734,0.3742
26-Nov-75,0.3747,0.3756,0.3745,0.3756
25-Nov-75,0.377,0.377,0.3764,0.3765
24-Nov-75,0.3752,0.3768,0.3752,0.3768
21-Nov-75,0.3765,0.377,0.3747,0.3748
20-Nov-75,0.3782,0.3791,0.3781,0.3782
19-Nov-75,0.3765,0.3777,0.3762,0.3775
18-Nov-75,0.375,0.3769,0.375,0.3768
17-Nov-75,0.3748,0.3748,0.3737,0.3741
14-Nov-75,0.378,0.3782,0.3764,0.3765
13-Nov-75,0.3802,0.3802,0.377,0.3774
12-Nov-75,0.3803,0.3808,0.3802,0.3808
11-Nov-75,0.3805,0.3805,0.3798,0.3798
10-Nov-75,0.3806,0.381,0.3806,0.3806
7-Nov-75,0.3819,0.3819,0.3803,0.3805
6-Nov-75,0.381,0.3821,0.381,0.3819
5-Nov-75,0.3805,0.3808,0.3796,0.3798
4-Nov-75,0.382,0.3826,0.3818,0.3825
3-Nov-75,0.3835,0.3838,0.3835,0.3836
31-Oct-75,0.3836,0.3836,0.3825,0.383
30-Oct-75,0.3836,0.3836,0.3822,0.3831
29-Oct-75,0.3804,0.3831,0.3804,0.3826
28-Oct-75,0.3805,0.3815,0.3798,0.381
27-Oct-75,0.3828,0.3828,0.3804,0.3804
24-Oct-75,0.3822,0.3838,0.3822,0.3825
23-Oct-75,0.3818,0.3828,0.3815,0.3823
22-Oct-75,0.3839,0.3841,0.3836,0.3841
21-Oct-75,0.3817,0.3829,0.3816,0.3826
20-Oct-75,0.3815,0.3817,0.3805,0.3814
17-Oct-75,0.381,0.3816,0.3805,0.3815
16-Oct-75,0.381,0.3819,0.3805,0.3812
15-Oct-75,0.3781,0.3802,0.3779,0.38
14-Oct-75,0.3765,0.3765,0.3755,0.3762
13-Oct-75,0.38,0.3812,0.3795,0.3811
10-Oct-75,0.3776,0.3801,0.3775,0.3799
9-Oct-75,0.3743,0.3755,0.3735,0.3755
8-Oct-75,0.3743,0.3744,0.3734,0.3743
7-Oct-75,0.376,0.3764,0.3732,0.3741
6-Oct-75,0.3722,0.3735,0.3722,0.3729
3-Oct-75,0.37,0.3712,0.3694,0.3712
2-Oct-75,0.3726,0.3743,0.371,0.3718
1-Oct-75,0.372,0.3737,0.3713,0.3734
30-Sep-75,0.3676,0.3684,0.3672,0.3677
29-Sep-75,0.3656,0.3671,0.3652,0.3671
26-Sep-75,0.3694,0.3695,0.366,0.3661
25-Sep-75,0.37,0.3712,0.3695,0.3696
24-Sep-75,0.3697,0.3714,0.3697,0.3714
23-Sep-75,0.368,0.3702,0.368,0.3697
22-Sep-75,0.3695,0.3695,0.369,0.3695
19-Sep-75,0.3708,0.3714,0.37,0.371
18-Sep-75,0.37,0.3722,0.3698,0.3712
17-Sep-75,0.3708,0.3716,0.3702,0.3715
16-Sep-75,0.3728,0.3728,0.3708,0.3711
15-Sep-75,0.3738,0.3743,0.3733,0.3735
12-Sep-75,0.3742,0.3745,0.3735,0.3738
11-Sep-75,0.3755,0.3763,0.3746,0.3763
10-Sep-75,0.3764,0.3764,0.3753,0.376
9-Sep-75,0.3773,0.3782,0.3763,0.3765
8-Sep-75,0.3776,0.3776,0.3769,0.377
5-Sep-75,0.3775,0.3775,0.3766,0.3767
4-Sep-75,0.3782,0.3782,0.3772,0.3773
3-Sep-75,0.3795,0.3798,0.3785,0.3788
2-Sep-75,0.377,0.3786,0.376,0.3777
29-Aug-75,0.3775,0.3784,0.3772,0.3784
28-Aug-75,0.379,0.3791,0.3784,0.3787
27-Aug-75,0.3789,0.3797,0.378,0.3784
26-Aug-75,0.3767,0.3795,0.3767,0.3779
25-Aug-75,0.3775,0.3782,0.3755,0.3757
22-Aug-75,0.3792,0.3792,0.377,0.3783
21-Aug-75,0.3795,0.3802,0.3785,0.3787
20-Aug-75,0.379,0.3808,0.379,0.3807
19-Aug-75,0.381,0.3828,0.381,0.3825
18-Aug-75,0.381,0.3818,0.381,0.3812
15-Aug-75,0.38,0.3805,0.3796,0.3805
14-Aug-75,0.3722,0.3827,0.3722,0.3823
13-Aug-75,0.3755,0.378,0.3752,0.377
12-Aug-75,0.3758,0.376,0.3746,0.3747
11-Aug-75,0.375,0.3755,0.375,0.375
8-Aug-75,0.374,0.3765,0.3735,0.3748
7-Aug-75,0.375,0.3754,0.3726,0.3753
6-Aug-75,0.3775,0.3778,0.3758,0.3762
5-Aug-75,0.3784,0.3795,0.3775,0.3793
4-Aug-75,0.3717,0.3741,0.3716,0.3737
1-Aug-75,0.3718,0.3718,0.3708,0.3715
31-Jul-75,0.3703,0.373,0.3695,0.3725
30-Jul-75,0.371,0.3721,0.3697,0.3703
29-Jul-75,0.3718,0.3733,0.371,0.3732
28-Jul-75,0.376,0.376,0.3719,0.3719
25-Jul-75,0.377,0.3779,0.376,0.3779
24-Jul-75,0.3735,0.3759,0.3733,0.3743
23-Jul-75,0.3738,0.3755,0.3737,0.3751
22-Jul-75,0.379,0.3805,0.3769,0.3769
21-Jul-75,0.378,0.3797,0.378,0.3788
18-Jul-75,0.38,0.3812,0.3778,0.3783
17-Jul-75,0.382,0.3827,0.3814,0.3825
16-Jul-75,0.3844,0.3875,0.3836,0.3874
15-Jul-75,0.3885,0.3892,0.3859,0.3865
14-Jul-75,0.3878,0.3895,0.3872,0.3888
11-Jul-75,0.3892,0.39,0.3883,0.39
10-Jul-75,0.3903,0.3914,0.3896,0.3902
9-Jul-75,0.394,0.3941,0.3908,0.3909
8-Jul-75,0.3937,0.3942,0.393,0.3938
7-Jul-75,0.392,0.3923,0.3913,0.3916
3-Jul-75,0.395,0.3963,0.394,0.3963
2-Jul-75,0.396,0.396,0.3944,0.3951
1-Jul-75,0.3997,0.3997,0.3987,0.3988
30-Jun-75,0.401,0.4016,0.4006,0.4007
27-Jun-75,0.402,0.4022,0.4011,0.4014
26-Jun-75,0.4028,0.4035,0.402,0.4023
25-Jun-75,0.403,0.4036,0.403,0.4035
24-Jun-75,0.4018,0.4031,0.4015,0.403
23-Jun-75,0.403,0.403,0.4019,0.4021
20-Jun-75,0.404,0.404,0.4035,0.4037
19-Jun-75,0.4037,0.4039,0.403,0.4031
18-Jun-75,0.404,0.4047,0.4037,0.4044
17-Jun-75,0.407,0.4073,0.4051,0.4061
16-Jun-75,0.4052,0.406,0.4044,0.406
13-Jun-75,0.4037,0.4055,0.4032,0.4052
12-Jun-75,0.4052,0.4052,0.4035,0.4037
11-Jun-75,0.4029,0.4047,0.4029,0.4046
10-Jun-75,0.402,0.403,0.4016,0.402
9-Jun-75,0.3996,0.4015,0.3996,0.4013
6-Jun-75,0.4036,0.4037,0.401,0.401
5-Jun-75,0.4031,0.4043,0.4031,0.4039
4-Jun-75,0.4035,0.404,0.4018,0.4038
3-Jun-75,0.406,0.406,0.4046,0.4046
2-Jun-75,0.4016,0.4041,0.4012,0.404
30-May-75,0.402,0.4025,0.4002,0.4023
29-May-75,0.404,0.404,0.403,0.403
28-May-75,0.4078,0.4078,0.4051,0.4059
27-May-75,0.4075,0.408,0.4058,0.4061
23-May-75,0.4053,0.4075,0.4048,0.4073
22-May-75,0.408,0.4088,0.4055,0.4065
21-May-75,0.403,0.4054,0.403,0.405
20-May-75,0.4002,0.4019,0.3998,0.4013
19-May-75,0.4015,0.4015,0.4002,0.4007
16-May-75,0.4015,0.4015,0.399,0.4003
15-May-75,0.4014,0.4026,0.4014,0.4014
14-May-75,0.408,0.41,0.4055,0.4074
13-May-75,0.407,0.4081,0.4063,0.4081
12-May-75,0.3996,0.4025,0.3996,0.4021
9-May-75,0.4016,0.402,0.3988,0.3988
8-May-75,0.4018,0.4035,0.4018,0.4026
7-May-75,0.3987,0.4009,0.3979,0.4002
6-May-75,0.3943,0.3957,0.3943,0.3956
5-May-75,0.394,0.3948,0.394,0.3944
2-May-75,0.3924,0.3929,0.3917,0.3929
1-May-75,0.3925,0.3925,0.3923,0.3923
30-Apr-75,0.394,0.3947,0.3925,0.3927
29-Apr-75,0.3915,0.3938,0.3915,0.3934
28-Apr-75,0.3912,0.3913,0.3907,0.3911
25-Apr-75,0.3915,0.3915,0.389,0.3902
24-Apr-75,0.3948,0.3959,0.394,0.394
23-Apr-75,0.3956,0.3965,0.3948,0.3963
22-Apr-75,0.3923,0.394,0.3916,0.3939
21-Apr-75,0.3911,0.3911,0.3903,0.3906
18-Apr-75,0.3914,0.3924,0.3914,0.3922
17-Apr-75,0.3929,0.3941,0.3925,0.3938
16-Apr-75,0.3905,0.3924,0.3905,0.3915
15-Apr-75,0.3909,0.3909,0.3892,0.3899
14-Apr-75,0.3885,0.3892,0.388,0.388
11-Apr-75,0.3903,0.3907,0.3902,0.3902
10-Apr-75,0.39,0.3902,0.3893,0.39
9-Apr-75,0.395,0.395,0.3923,0.3924
8-Apr-75,0.3943,0.3958,0.3943,0.3958
7-Apr-75,0.3935,0.3943,0.393,0.3943
4-Apr-75,0.393,0.3932,0.391,0.3922
3-Apr-75,0.394,0.3958,0.394,0.3958
2-Apr-75,0.3987,0.3987,0.395,0.395
1-Apr-75,0.3987,0.3992,0.3979,0.399
31-Mar-75,0.3957,0.397,0.3946,0.3946
27-Mar-75,0.396,0.396,0.3945,0.3949
26-Mar-75,0.3993,0.3995,0.3981,0.3988
25-Mar-75,0.401,0.4017,0.3993,0.4
24-Mar-75,0.4016,0.4017,0.4005,0.4007
21-Mar-75,0.4048,0.4052,0.4038,0.4038
20-Mar-75,0.4065,0.4072,0.4055,0.4061
19-Mar-75,0.4104,0.4117,0.4097,0.4105
18-Mar-75,0.4058,0.4099,0.4056,0.4099
17-Mar-75,0.4063,0.4063,0.4043,0.4049
14-Mar-75,0.4066,0.4068,0.4052,0.4057
13-Mar-75,0.404,0.4068,0.4035,0.4057
12-Mar-75,0.408,0.408,0.4055,0.4055
11-Mar-75,0.4083,0.411,0.408,0.4105
10-Mar-75,0.4056,0.4086,0.4052,0.4086
7-Mar-75,0.4115,0.4115,0.4082,0.4082
6-Mar-75,0.4163,0.4163,0.412,0.4132
5-Mar-75,0.4138,0.4171,0.4138,0.417
4-Mar-75,0.4188,0.4188,0.4188,0.4188
3-Mar-75,0.4243,0.4244,0.4238,0.4238
28-Feb-75,0.423,0.4234,0.4225,0.4234
27-Feb-75,0.4245,0.4259,0.4231,0.4235
26-Feb-75,0.4185,0.4222,0.4185,0.4222
25-Feb-75,0.419,0.419,0.4158,0.4172
24-Feb-75,0.4175,0.42,0.4174,0.42
21-Feb-75,0.4158,0.416,0.415,0.416
20-Feb-75,0.4135,0.4139,0.4134,0.4139
19-Feb-75,0.41,0.41,0.4089,0.4089
18-Feb-75,0.4112,0.4127,0.4112,0.4127
14-Feb-75,0.41,0.4114,0.4095,0.4107
13-Feb-75,0.41,0.4105,0.41,0.4105
