"  ""Date""","   ""Open""","   ""High""","    ""Low""","  ""Close""","    ""Vol""",OpenInt," ""TotVol""","  ""TotOI"""
31-Dec-98,0.7289,0.7344,0.7288,0.7331,3085,26626,0,0
30-Dec-98,0.7367,0.7374,0.726,0.7294,10577,26689,0,0
29-Dec-98,0.7374,0.7413,0.7358,0.737,4896,27894,0,0
28-Dec-98,0.7325,0.7369,0.7321,0.7365,4708,27844,0,0
24-Dec-98,0.7372,0.7384,0.7315,0.7319,5483,29054,0,0
23-Dec-98,0.7391,0.7413,0.738,0.7394,3075,30483,0,0
22-Dec-98,0.7408,0.7409,0.7367,0.74,10377,34227,0,0
21-Dec-98,0.7453,0.746,0.7398,0.7417,9548,32545,0,0
18-Dec-98,0.7497,0.7527,0.7468,0.7485,6153,33085,0,0
17-Dec-98,0.75,0.751,0.7471,0.7478,5865,33499,0,0
16-Dec-98,0.7511,0.7524,0.7455,0.7474,10820,33683,0,0
15-Dec-98,0.7548,0.7555,0.751,0.7525,9105,35533,0,0
14-Dec-98,0.7572,0.7624,0.755,0.7609,15915,63347,0,0
11-Dec-98,0.7553,0.7624,0.755,0.7609,30826,62089,0,0
10-Dec-98,0.749,0.7562,0.7473,0.7559,22398,59889,0,0
9-Dec-98,0.7425,0.7455,0.7418,0.7431,12647,56252,0,0
8-Dec-98,0.7388,0.7416,0.7386,0.7412,16198,56017,0,0
7-Dec-98,0.7347,0.7363,0.7332,0.7336,29082,55941,0,0
4-Dec-98,0.7303,0.7333,0.7278,0.7319,14296,47953,0,0
3-Dec-98,0.73,0.7348,0.7296,0.7334,11526,50073,0,0
2-Dec-98,0.7286,0.735,0.7273,0.7332,17553,52809,0,0
1-Dec-98,0.7266,0.729,0.7233,0.7251,21991,53014,0,0
30-Nov-98,0.7146,0.7205,0.7146,0.7174,22170,56078,0,0
27-Nov-98,0.7124,0.713,0.7077,0.7085,5214,50328,0,0
25-Nov-98,0.7143,0.7148,0.7102,0.7119,10187,49305,0,0
24-Nov-98,0.7108,0.7132,0.7098,0.7119,11995,48642,0,0
23-Nov-98,0.711,0.7152,0.7093,0.7135,21898,46466,0,0
20-Nov-98,0.7208,0.7219,0.718,0.7186,12220,42566,0,0
19-Nov-98,0.7285,0.7291,0.7212,0.7221,10620,40492,0,0
18-Nov-98,0.731,0.7327,0.7263,0.7269,7604,39491,0,0
17-Nov-98,0.7304,0.7325,0.7289,0.7292,11817,37992,0,0
16-Nov-98,0.73,0.733,0.7276,0.7303,11324,42215,0,0
13-Nov-98,0.7218,0.7245,0.7191,0.7234,4673,43714,0,0
12-Nov-98,0.7228,0.7242,0.7168,0.7237,10093,44104,0,0
11-Nov-98,0.7212,0.7265,0.7202,0.726,7564,44219,0,0
10-Nov-98,0.7214,0.7238,0.7199,0.7219,14108,43526,0,0
9-Nov-98,0.7243,0.7256,0.7158,0.7189,29077,39085,0,0
6-Nov-98,0.7353,0.7356,0.7262,0.7266,12251,44430,0,0
5-Nov-98,0.7384,0.74,0.7352,0.7363,6412,44111,0,0
4-Nov-98,0.7327,0.737,0.7327,0.7368,12952,44954,0,0
3-Nov-98,0.7395,0.7427,0.7367,0.7385,8465,47107,0,0
2-Nov-98,0.7455,0.7479,0.7428,0.7436,7826,47384,0,0
30-Oct-98,0.7471,0.7473,0.7403,0.7436,8905,48144,0,0
29-Oct-98,0.7489,0.7522,0.7454,0.7466,9436,51040,0,0
28-Oct-98,0.7506,0.7512,0.7437,0.7463,14601,55464,0,0
27-Oct-98,0.7404,0.7476,0.7384,0.7472,14955,53439,0,0
26-Oct-98,0.7455,0.7494,0.7367,0.7382,12307,52097,0,0
23-Oct-98,0.7495,0.755,0.7485,0.7509,5899,53833,0,0
22-Oct-98,0.7436,0.7525,0.7435,0.7506,9489,54027,0,0
21-Oct-98,0.7457,0.7477,0.7406,0.7438,12375,54082,0,0
20-Oct-98,0.7546,0.7568,0.7452,0.7493,17472,55397,0,0
19-Oct-98,0.7647,0.7648,0.7565,0.7579,7482,57186,0,0
16-Oct-98,0.7691,0.7691,0.763,0.7645,10694,57826,0,0
15-Oct-98,0.7575,0.7636,0.7574,0.7598,9950,58191,0,0
14-Oct-98,0.7578,0.758,0.7531,0.7545,5878,57467,0,0
13-Oct-98,0.7551,0.7625,0.7545,0.7611,9060,57595,0,0
9-Oct-98,0.7595,0.7648,0.7557,0.7601,11639,58621,0,0
8-Oct-98,0.78,0.7832,0.76,0.7644,20075,61733,0,0
7-Oct-98,0.764,0.776,0.7613,0.7728,16326,65433,0,0
6-Oct-98,0.746,0.7533,0.7433,0.7516,17733,65316,0,0
5-Oct-98,0.7469,0.7528,0.7446,0.7511,17966,64557,0,0
2-Oct-98,0.748,0.7508,0.7427,0.7438,26005,61090,0,0
1-Oct-98,0.7396,0.7423,0.738,0.7417,20106,63149,0,0
30-Sep-98,0.727,0.7323,0.7261,0.7308,11615,59116,0,0
29-Sep-98,0.726,0.7285,0.7235,0.7277,7603,61231,0,0
28-Sep-98,0.7247,0.7274,0.7226,0.7265,9951,62458,0,0
25-Sep-98,0.7343,0.7375,0.7255,0.7268,19779,62558,0,0
24-Sep-98,0.7258,0.7292,0.723,0.7266,13723,63670,0,0
23-Sep-98,0.7187,0.7272,0.7178,0.7269,17945,61369,0,0
22-Sep-98,0.7231,0.7283,0.7206,0.7262,14480,60636,0,0
21-Sep-98,0.731,0.7346,0.7248,0.7262,14647,59245,0,0
18-Sep-98,0.7253,0.7281,0.7239,0.7241,11350,59157,0,0
17-Sep-98,0.7339,0.7339,0.7272,0.7278,15148,65168,0,0
16-Sep-98,0.7204,0.7268,0.7183,0.7255,15348,64467,0,0
15-Sep-98,0.7252,0.7283,0.7226,0.7245,11098,62729,0,0
14-Sep-98,0.7196,0.723,0.7181,0.7212,17401,107559,0,0
11-Sep-98,0.7294,0.7315,0.725,0.7259,26580,106036,0,0
10-Sep-98,0.7219,0.733,0.7215,0.7281,32445,107900,0,0
9-Sep-98,0.707,0.7167,0.7051,0.7153,25578,101771,0,0
8-Sep-98,0.715,0.7169,0.7107,0.7149,27452,107698,0,0
4-Sep-98,0.6995,0.7063,0.6988,0.7039,17012,102705,0,0
3-Sep-98,0.706,0.7105,0.7021,0.7053,56690,101456,0,0
2-Sep-98,0.6926,0.6958,0.6912,0.694,14066,93526,0,0
1-Sep-98,0.6962,0.702,0.6932,0.6951,22795,94728,0,0
31-Aug-98,0.6894,0.696,0.6893,0.6941,31870,90505,0,0
28-Aug-98,0.6782,0.6975,0.6782,0.6962,66533,85931,0,0
27-Aug-98,0.6679,0.6775,0.6668,0.676,39803,72112,0,0
26-Aug-98,0.6662,0.667,0.6646,0.6654,10401,72300,0,0
25-Aug-98,0.6671,0.6675,0.6651,0.6662,9101,71062,0,0
24-Aug-98,0.6685,0.6688,0.6671,0.6678,6276,69336,0,0
21-Aug-98,0.6665,0.6694,0.6645,0.667,11613,70362,0,0
20-Aug-98,0.6662,0.6683,0.6641,0.6659,9768,70388,0,0
19-Aug-98,0.6642,0.6669,0.6618,0.666,13274,69669,0,0
18-Aug-98,0.6648,0.6668,0.6633,0.6638,10354,71898,0,0
17-Aug-98,0.6671,0.6683,0.6652,0.6659,12681,70608,0,0
14-Aug-98,0.6726,0.673,0.6628,0.6646,30080,71912,0,0
13-Aug-98,0.6737,0.6751,0.6728,0.6738,9332,65874,0,0
12-Aug-98,0.6767,0.678,0.6732,0.6735,17598,65648,0,0
11-Aug-98,0.6733,0.6756,0.6728,0.6738,11298,63325,0,0
10-Aug-98,0.671,0.6722,0.6702,0.6713,4287,63583,0,0
7-Aug-98,0.6739,0.6743,0.6694,0.6711,7457,64071,0,0
6-Aug-98,0.6739,0.6769,0.6717,0.6721,11844,64318,0,0
5-Aug-98,0.6743,0.6756,0.6731,0.675,8605,68811,0,0
4-Aug-98,0.6701,0.6739,0.6688,0.6729,11288,69201,0,0
3-Aug-98,0.6688,0.67,0.668,0.6687,9183,71050,0,0
31-Jul-98,0.6729,0.6748,0.6715,0.6739,9806,69549,0,0
30-Jul-98,0.6791,0.681,0.6722,0.6739,28221,70542,0,0
29-Jul-98,0.677,0.678,0.674,0.6777,18380,72721,0,0
28-Jul-98,0.6697,0.6763,0.6697,0.6753,18694,71653,0,0
27-Jul-98,0.6725,0.673,0.668,0.6681,10551,72746,0,0
24-Jul-98,0.6697,0.674,0.6695,0.6717,28587,72808,0,0
23-Jul-98,0.6636,0.6677,0.6633,0.667,9656,74680,0,0
22-Jul-98,0.665,0.6661,0.6634,0.6651,6612,89031,0,0
21-Jul-98,0.6652,0.6659,0.6644,0.6654,7881,89621,0,0
20-Jul-98,0.6691,0.671,0.667,0.6678,9123,87768,0,0
17-Jul-98,0.6665,0.67,0.6654,0.6689,10648,89026,0,0
16-Jul-98,0.669,0.6705,0.667,0.6698,14033,90476,0,0
15-Jul-98,0.6629,0.6662,0.6618,0.6658,9676,94288,0,0
14-Jul-98,0.6628,0.6649,0.661,0.6613,13301,94364,0,0
13-Jul-98,0.6564,0.664,0.656,0.6622,23536,94724,0,0
10-Jul-98,0.6558,0.6562,0.6525,0.6539,11041,102715,0,0
9-Jul-98,0.652,0.6534,0.651,0.6528,17916,100997,0,0
8-Jul-98,0.6589,0.6602,0.6581,0.6588,7384,94059,0,0
7-Jul-98,0.6614,0.6617,0.6585,0.6593,6767,91984,0,0
6-Jul-98,0.6602,0.6625,0.6594,0.6606,10923,90984,0,0
2-Jul-98,0.6582,0.6587,0.6558,0.6569,10544,89734,0,0
1-Jul-98,0.6592,0.6603,0.6569,0.6594,11236,87199,0,0
30-Jun-98,0.6635,0.6658,0.6622,0.6628,12209,84479,0,0
29-Jun-98,0.6612,0.6619,0.6592,0.6599,8430,82004,0,0
26-Jun-98,0.6643,0.6651,0.658,0.6605,17305,79984,0,0
25-Jun-98,0.6678,0.6699,0.6632,0.6635,20316,76642,0,0
24-Jun-98,0.6703,0.6705,0.6677,0.6684,8097,71490,0,0
23-Jun-98,0.673,0.6735,0.6688,0.6706,9512,72377,0,0
22-Jun-98,0.6716,0.6744,0.671,0.6735,5403,69657,0,0
19-Jun-98,0.6726,0.677,0.6722,0.6735,11064,69389,0,0
18-Jun-98,0.676,0.6767,0.6727,0.6734,7878,68479,0,0
17-Jun-98,0.6787,0.6791,0.6754,0.6775,11467,65481,0,0
16-Jun-98,0.6729,0.6758,0.6724,0.6753,12152,67989,0,0
15-Jun-98,0.669,0.6701,0.6672,0.6697,36480,99356,0,0
12-Jun-98,0.6737,0.6762,0.673,0.6731,21187,90626,0,0
11-Jun-98,0.6783,0.6787,0.6743,0.6747,23876,86718,0,0
10-Jun-98,0.6846,0.6849,0.6779,0.6792,35191,81823,0,0
9-Jun-98,0.6847,0.6848,0.6826,0.6842,13808,74877,0,0
8-Jun-98,0.6839,0.6843,0.6824,0.6827,41117,76260,0,0
5-Jun-98,0.6792,0.6796,0.6763,0.6775,14953,71117,0,0
4-Jun-98,0.6786,0.6836,0.6785,0.6817,15914,70701,0,0
3-Jun-98,0.6784,0.6801,0.6772,0.6786,10437,70363,0,0
2-Jun-98,0.6762,0.6773,0.675,0.6769,10067,71639,0,0
1-Jun-98,0.6764,0.679,0.6762,0.6788,7392,73004,0,0
29-May-98,0.6758,0.678,0.6744,0.6754,22475,73141,0,0
28-May-98,0.6783,0.6813,0.677,0.6792,13632,75145,0,0
27-May-98,0.6883,0.6892,0.678,0.6812,28933,74549,0,0
26-May-98,0.6805,0.6823,0.6802,0.6812,9444,72306,0,0
22-May-98,0.6829,0.6859,0.6829,0.6852,20491,73267,0,0
21-May-98,0.6832,0.6868,0.6818,0.6856,37565,71010,0,0
20-May-98,0.6775,0.6805,0.6762,0.6791,12097,58383,0,0
19-May-98,0.6759,0.6782,0.6751,0.6777,6501,58490,0,0
18-May-98,0.6741,0.6756,0.6727,0.6755,7368,58907,0,0
15-May-98,0.6769,0.6781,0.6728,0.6751,12063,59008,0,0
14-May-98,0.6791,0.6802,0.6758,0.6779,12490,58936,0,0
13-May-98,0.6772,0.6797,0.6769,0.6778,7502,57467,0,0
12-May-98,0.6777,0.6798,0.6774,0.6776,8740,60383,0,0
11-May-98,0.6774,0.6776,0.6747,0.6761,8472,60284,0,0
8-May-98,0.6794,0.6801,0.6769,0.6785,11144,60229,0,0
7-May-98,0.6845,0.6859,0.6811,0.6823,20752,60461,0,0
6-May-98,0.6777,0.6828,0.6776,0.6814,17116,60327,0,0
5-May-98,0.6778,0.6799,0.677,0.6796,16856,58017,0,0
4-May-98,0.6733,0.6756,0.6731,0.6747,8011,59426,0,0
1-May-98,0.6706,0.6773,0.6692,0.6748,21521,59806,0,0
30-Apr-98,0.6707,0.6726,0.6685,0.6694,13946,57180,0,0
29-Apr-98,0.6707,0.6738,0.6693,0.6712,13147,57180,0,0
28-Apr-98,0.674,0.6746,0.6726,0.6738,8167,66632,0,0
27-Apr-98,0.6738,0.6785,0.6737,0.6768,13719,66603,0,0
24-Apr-98,0.6734,0.6756,0.672,0.6748,12193,64563,0,0
23-Apr-98,0.6786,0.6793,0.6733,0.676,11492,63604,0,0
22-Apr-98,0.6771,0.6794,0.6761,0.6782,14417,62713,0,0
21-Apr-98,0.6755,0.6819,0.675,0.68,28307,64856,0,0
20-Apr-98,0.6714,0.6744,0.6713,0.6722,10659,65866,0,0
17-Apr-98,0.6733,0.6756,0.6708,0.6716,13027,65452,0,0
16-Apr-98,0.6682,0.6705,0.6677,0.6698,10799,63265,0,0
15-Apr-98,0.6736,0.6772,0.6724,0.673,13977,62288,0,0
14-Apr-98,0.6704,0.6787,0.6695,0.6749,29073,63175,0,0
13-Apr-98,0.6648,0.6679,0.6628,0.667,7291,69276,0,0
9-Apr-98,0.6652,0.6692,0.6646,0.665,12322,69482,0,0
8-Apr-98,0.6612,0.6699,0.6612,0.6686,24235,69117,0,0
7-Apr-98,0.6585,0.662,0.6582,0.6615,9980,72115,0,0
6-Apr-98,0.6625,0.6626,0.6587,0.6604,13153,80763,0,0
3-Apr-98,0.6562,0.6616,0.6561,0.6613,16281,79570,0,0
2-Apr-98,0.6594,0.6611,0.6572,0.658,12001,75719,0,0
1-Apr-98,0.6586,0.66,0.6567,0.6579,17483,73941,0,0
31-Mar-98,0.6629,0.6642,0.6601,0.6618,16080,74057,0,0
30-Mar-98,0.6685,0.6687,0.6616,0.6622,23487,70893,0,0
27-Mar-98,0.6778,0.6778,0.6726,0.6743,14516,63331,0,0
26-Mar-98,0.6765,0.6797,0.6764,0.679,8809,60773,0,0
25-Mar-98,0.675,0.678,0.6738,0.6763,12275,60926,0,0
24-Mar-98,0.6779,0.6788,0.6767,0.6779,6320,63405,0,0
23-Mar-98,0.6764,0.6796,0.6751,0.6795,13835,63620,0,0
20-Mar-98,0.6753,0.6759,0.6727,0.6746,13561,62681,0,0
19-Mar-98,0.6778,0.6789,0.6742,0.6744,20118,58812,0,0
18-Mar-98,0.6802,0.6809,0.6773,0.6779,12345,55295,0,0
17-Mar-98,0.6821,0.6859,0.6812,0.683,10932,54332,0,0
16-Mar-98,0.6835,0.6846,0.6817,0.6833,11321,80558,0,0
13-Mar-98,0.6806,0.688,0.6773,0.685,36073,82567,0,0
12-Mar-98,0.6793,0.6824,0.6788,0.6813,14316,83345,0,0
11-Mar-98,0.6772,0.681,0.6768,0.6795,22816,83885,0,0
10-Mar-98,0.6799,0.6804,0.6775,0.6793,21129,82166,0,0
9-Mar-98,0.6802,0.6814,0.6782,0.6803,50138,78850,0,0
6-Mar-98,0.6711,0.673,0.6677,0.6712,32456,65530,0,0
5-Mar-98,0.6808,0.6818,0.6692,0.6699,37880,65009,0,0
4-Mar-98,0.6768,0.6784,0.6748,0.6767,32419,58465,0,0
3-Mar-98,0.6824,0.6837,0.6812,0.6819,12399,47038,0,0
2-Mar-98,0.6857,0.6868,0.6828,0.6837,11729,47581,0,0
27-Feb-98,0.6821,0.6864,0.6817,0.6843,12315,47491,0,0
26-Feb-98,0.6813,0.6847,0.681,0.6824,14162,46628,0,0
25-Feb-98,0.685,0.6854,0.6815,0.6824,21737,47050,0,0
24-Feb-98,0.69,0.6918,0.688,0.6911,14333,46437,0,0
23-Feb-98,0.6827,0.6943,0.6826,0.6919,23882,46293,0,0
20-Feb-98,0.6832,0.6842,0.6812,0.6827,6609,45382,0,0
19-Feb-98,0.6838,0.6862,0.6804,0.6832,10430,45260,0,0
18-Feb-98,0.6809,0.6842,0.6809,0.6824,9702,45915,0,0
17-Feb-98,0.6849,0.6851,0.6802,0.6814,16783,46246,0,0
13-Feb-98,0.6833,0.6868,0.683,0.6865,10202,44308,0,0
12-Feb-98,0.69,0.6927,0.6884,0.6907,11200,44768,0,0
11-Feb-98,0.6835,0.6874,0.6834,0.687,9046,44389,0,0
10-Feb-98,0.6871,0.6885,0.6848,0.6867,7185,44914,0,0
9-Feb-98,0.687,0.6876,0.684,0.685,7371,44614,0,0
6-Feb-98,0.6942,0.696,0.687,0.6876,11972,44719,0,0
5-Feb-98,0.6951,0.6974,0.6928,0.6968,12555,45861,0,0
4-Feb-98,0.6899,0.6934,0.6876,0.6929,15306,48375,0,0
3-Feb-98,0.6817,0.687,0.6795,0.6863,12743,48339,0,0
2-Feb-98,0.6777,0.6831,0.6771,0.6812,14157,50068,0,0
30-Jan-98,0.6837,0.6845,0.6779,0.6809,13249,52537,0,0
29-Jan-98,0.6892,0.6898,0.6815,0.6825,15747,52293,0,0
28-Jan-98,0.6869,0.6894,0.6867,0.6873,12767,51824,0,0
27-Jan-98,0.6944,0.6957,0.6916,0.6935,14389,50597,0,0
26-Jan-98,0.6949,0.6972,0.6893,0.6903,18443,51424,0,0
23-Jan-98,0.6862,0.7008,0.6852,0.6983,36024,54749,0,0
22-Jan-98,0.686,0.6879,0.6835,0.6843,20033,63303,0,0
21-Jan-98,0.6737,0.6825,0.6724,0.682,25739,64463,0,0
20-Jan-98,0.6715,0.6729,0.6706,0.6726,10216,68283,0,0
16-Jan-98,0.6724,0.6753,0.6718,0.672,11216,66856,0,0
15-Jan-98,0.6778,0.6788,0.671,0.6712,19952,64842,0,0
14-Jan-98,0.6774,0.6804,0.6771,0.6794,8800,58173,0,0
13-Jan-98,0.6824,0.6845,0.6807,0.6816,6726,57346,0,0
12-Jan-98,0.6843,0.6862,0.681,0.6825,9432,57523,0,0
9-Jan-98,0.6831,0.6833,0.6805,0.6821,8345,59870,0,0
8-Jan-98,0.6828,0.6864,0.6823,0.6832,10390,59799,0,0
7-Jan-98,0.6822,0.6844,0.6815,0.6837,8510,59255,0,0
6-Jan-98,0.6818,0.6839,0.679,0.6799,15845,59190,0,0
5-Jan-98,0.6842,0.6849,0.6776,0.6803,19674,54772,0,0
2-Jan-98,0.6882,0.6883,0.6861,0.6867,6831,47702,0,0
31-Dec-97,0.692,0.6925,0.6895,0.6897,9723,45206,0,0
30-Dec-97,0.6932,0.6944,0.6917,0.6933,9919,43497,0,0
29-Dec-97,0.7008,0.7015,0.6957,0.6966,15311,41509,0,0
26-Dec-97,0.7035,0.705,0.7034,0.7041,895,37029,0,0
24-Dec-97,0.7037,0.7059,0.7032,0.7046,1809,37257,0,0
23-Dec-97,0.7026,0.7054,0.7024,0.7042,4523,37379,0,0
22-Dec-97,0.702,0.703,0.7011,0.7026,3820,38293,0,0
19-Dec-97,0.7032,0.7105,0.7032,0.7046,14903,38931,0,0
18-Dec-97,0.7029,0.7039,0.7001,0.7027,5776,38833,0,0
17-Dec-97,0.7056,0.7065,0.7025,0.7037,8920,38812,0,0
16-Dec-97,0.7019,0.7026,0.6994,0.7014,8418,37024,0,0
15-Dec-97,0.7046,0.7079,0.7044,0.7064,15563,56008,0,0
12-Dec-97,0.7072,0.7081,0.7033,0.7035,14936,60645,0,0
11-Dec-97,0.7025,0.71,0.7019,0.7095,32159,62528,0,0
10-Dec-97,0.6997,0.7012,0.698,0.6991,18403,62149,0,0
9-Dec-97,0.6938,0.6958,0.6909,0.6954,44062,64895,0,0
8-Dec-97,0.6978,0.6997,0.6925,0.6936,38755,56165,0,0
5-Dec-97,0.6986,0.699,0.6945,0.6949,27630,51642,0,0
4-Dec-97,0.6988,0.7002,0.698,0.6989,14742,48845,0,0
3-Dec-97,0.7005,0.7025,0.6997,0.7005,14289,51250,0,0
2-Dec-97,0.702,0.7021,0.6985,0.6989,14280,52555,0,0
1-Dec-97,0.699,0.7004,0.6983,0.6991,14410,49649,0,0
28-Nov-97,0.7029,0.7031,0.7017,0.7024,8083,50980,0,0
26-Nov-97,0.7073,0.7081,0.7054,0.7065,12743,52636,0,0
25-Nov-97,0.7117,0.7134,0.7093,0.7095,11376,50947,0,0
24-Nov-97,0.7146,0.7159,0.7118,0.7127,11125,50903,0,0
21-Nov-97,0.705,0.7128,0.7033,0.7116,19125,50478,0,0
20-Nov-97,0.715,0.7156,0.7092,0.7095,10511,50767,0,0
19-Nov-97,0.7148,0.7151,0.7123,0.7146,6491,51930,0,0
18-Nov-97,0.7119,0.7154,0.7109,0.7144,7143,52691,0,0
17-Nov-97,0.7086,0.7133,0.7083,0.7127,11780,52875,0,0
14-Nov-97,0.7158,0.7174,0.713,0.7153,9107,54045,0,0
13-Nov-97,0.7157,0.7189,0.7146,0.7161,11696,53468,0,0
12-Nov-97,0.7214,0.7231,0.7155,0.7193,13000,54220,0,0
10-Nov-97,0.7175,0.7235,0.7169,0.7225,11300,55215,0,0
7-Nov-97,0.7239,0.7258,0.718,0.722,24166,54522,0,0
6-Nov-97,0.7139,0.7154,0.7106,0.7109,9366,47597,0,0
5-Nov-97,0.7124,0.7156,0.7116,0.7152,9527,49497,0,0
4-Nov-97,0.716,0.7172,0.7135,0.7156,8876,49711,0,0
3-Nov-97,0.7073,0.7141,0.7073,0.711,13652,50330,0,0
31-Oct-97,0.7181,0.7206,0.7136,0.7185,22009,53467,0,0
30-Oct-97,0.7192,0.7215,0.7129,0.7176,25007,48834,0,0
29-Oct-97,0.7042,0.7137,0.7035,0.7121,25855,50193,0,0
28-Oct-97,0.7165,0.7235,0.706,0.7068,56899,49413,0,0
27-Oct-97,0.691,0.6938,0.689,0.6933,21904,41521,0,0
24-Oct-97,0.6799,0.6874,0.6796,0.6857,17868,44070,0,0
23-Oct-97,0.6847,0.6883,0.682,0.6865,22042,44537,0,0
22-Oct-97,0.6799,0.6823,0.6774,0.6775,20249,45894,0,0
21-Oct-97,0.6795,0.681,0.6745,0.6753,24747,44265,0,0
20-Oct-97,0.6808,0.684,0.6806,0.6831,15877,43576,0,0
17-Oct-97,0.6855,0.6864,0.6808,0.6827,27910,43654,0,0
16-Oct-97,0.6906,0.6926,0.6899,0.6911,7329,40329,0,0
15-Oct-97,0.6882,0.6913,0.6878,0.6893,10056,39695,0,0
14-Oct-97,0.687,0.69,0.6864,0.6888,11102,40797,0,0
10-Oct-97,0.6925,0.6929,0.6898,0.6916,10389,41965,0,0
9-Oct-97,0.695,0.699,0.69,0.6914,20797,43051,0,0
8-Oct-97,0.6952,0.6994,0.6933,0.6981,11207,45040,0,0
7-Oct-97,0.7002,0.7021,0.6961,0.6963,16511,44432,0,0
6-Oct-97,0.6957,0.6966,0.693,0.6965,13831,41417,0,0
3-Oct-97,0.6902,0.6973,0.6898,0.6958,14184,37953,0,0
2-Oct-97,0.6936,0.6952,0.6916,0.6923,6489,37053,0,0
1-Oct-97,0.694,0.6942,0.6898,0.6911,11511,37725,0,0
30-Sep-97,0.6942,0.6968,0.6935,0.6956,4464,37371,0,0
29-Sep-97,0.6937,0.696,0.6933,0.6939,4632,37823,0,0
26-Sep-97,0.6958,0.6975,0.6922,0.6951,14290,38981,0,0
25-Sep-97,0.6907,0.6959,0.69,0.6956,10247,38733,0,0
24-Sep-97,0.6926,0.6938,0.6908,0.6925,11188,39253,0,0
23-Sep-97,0.6854,0.6873,0.6833,0.6867,9871,38341,0,0
22-Sep-97,0.6864,0.6889,0.6843,0.6866,12474,39468,0,0
19-Sep-97,0.6901,0.6943,0.6894,0.6899,8867,39177,0,0
18-Sep-97,0.6933,0.695,0.6876,0.6896,15345,40071,0,0
17-Sep-97,0.6923,0.6957,0.69,0.6912,14878,39225,0,0
16-Sep-97,0.6941,0.6988,0.6935,0.6965,14893,39128,0,0
15-Sep-97,0.697,0.7015,0.696,0.6985,40189,58621,0,0
12-Sep-97,0.6856,0.6917,0.6839,0.6915,25304,59417,0,0
11-Sep-97,0.6847,0.6886,0.6838,0.6857,21510,58107,0,0
10-Sep-97,0.6823,0.6855,0.6817,0.6829,25050,59152,0,0
9-Sep-97,0.6795,0.6824,0.6785,0.6791,27976,59626,0,0
8-Sep-97,0.6838,0.6845,0.6791,0.6812,48148,68631,0,0
5-Sep-97,0.6709,0.6809,0.6695,0.6776,33078,58510,0,0
4-Sep-97,0.6666,0.6695,0.6657,0.6683,10405,55306,0,0
3-Sep-97,0.6669,0.669,0.6662,0.6667,10572,54954,0,0
2-Sep-97,0.6691,0.6705,0.6643,0.6646,17427,55135,0,0
29-Aug-97,0.6751,0.6758,0.6696,0.6712,12719,55357,0,0
28-Aug-97,0.6719,0.679,0.6703,0.6748,15115,55723,0,0
27-Aug-97,0.6706,0.6734,0.6677,0.6715,11530,54809,0,0
26-Aug-97,0.6758,0.6773,0.672,0.6753,19063,56028,0,0
25-Aug-97,0.6679,0.6698,0.6675,0.6689,10890,55757,0,0
22-Aug-97,0.6702,0.6735,0.667,0.6692,25809,55206,0,0
21-Aug-97,0.6602,0.6629,0.6596,0.662,8504,56401,0,0
20-Aug-97,0.6588,0.6593,0.6565,0.6582,14208,56751,0,0
19-Aug-97,0.6637,0.6642,0.6608,0.6624,7670,54892,0,0
18-Aug-97,0.6652,0.6657,0.6626,0.6636,13462,56109,0,0
15-Aug-97,0.6616,0.6715,0.6614,0.6654,19392,57262,0,0
14-Aug-97,0.6626,0.6631,0.6579,0.6612,12451,55048,0,0
13-Aug-97,0.662,0.6673,0.6602,0.6643,15106,56164,0,0
12-Aug-97,0.6579,0.6592,0.6562,0.6577,9247,56799,0,0
11-Aug-97,0.6613,0.6614,0.6582,0.6583,13454,56834,0,0
8-Aug-97,0.6598,0.6708,0.6596,0.665,27681,59805,0,0
7-Aug-97,0.6564,0.6586,0.6542,0.6562,10478,62996,0,0
6-Aug-97,0.6544,0.6582,0.6543,0.6554,11860,63758,0,0
5-Aug-97,0.6557,0.6566,0.6533,0.6552,11447,65465,0,0
4-Aug-97,0.656,0.6601,0.656,0.6584,9456,64733,0,0
1-Aug-97,0.6613,0.662,0.6568,0.6581,14191,64181,0,0
31-Jul-97,0.6659,0.6664,0.6625,0.6638,12144,62069,0,0
30-Jul-97,0.6588,0.6648,0.6584,0.6641,13925,63837,0,0
29-Jul-97,0.6633,0.6656,0.6605,0.6623,10884,64402,0,0
28-Jul-97,0.662,0.664,0.6608,0.6634,12326,64644,0,0
25-Jul-97,0.6636,0.6657,0.662,0.663,17222,64067,0,0
24-Jul-97,0.6755,0.6773,0.666,0.6666,21716,61008,0,0
23-Jul-97,0.6777,0.6786,0.6754,0.6771,10068,57020,0,0
22-Jul-97,0.6774,0.6808,0.6768,0.6788,13940,56391,0,0
21-Jul-97,0.681,0.683,0.681,0.6824,7104,55447,0,0
18-Jul-97,0.6781,0.6848,0.678,0.6817,12528,54546,0,0
17-Jul-97,0.6798,0.6815,0.6782,0.679,8555,54855,0,0
16-Jul-97,0.6824,0.6832,0.678,0.6823,12946,53756,0,0
15-Jul-97,0.6842,0.6848,0.68,0.6835,14108,54829,0,0
14-Jul-97,0.6829,0.6855,0.6812,0.6817,17484,53313,0,0
11-Jul-97,0.6919,0.6928,0.6872,0.6881,13574,48257,0,0
10-Jul-97,0.6928,0.6968,0.6924,0.6951,22622,49182,0,0
9-Jul-97,0.6888,0.6919,0.6871,0.6916,10850,51589,0,0
8-Jul-97,0.6884,0.6893,0.6866,0.6879,6323,53110,0,0
7-Jul-97,0.6915,0.6934,0.6892,0.6907,15069,52564,0,0
3-Jul-97,0.6857,0.6886,0.6851,0.6871,15440,51554,0,0
2-Jul-97,0.6865,0.6883,0.6842,0.6864,20416,47131,0,0
1-Jul-97,0.6895,0.6918,0.6883,0.6885,14427,42570,0,0
30-Jun-97,0.691,0.6937,0.6903,0.6908,16140,40549,0,0
27-Jun-97,0.7,0.7002,0.6936,0.6941,26909,39731,0,0
26-Jun-97,0.7013,0.703,0.701,0.7025,4429,32883,0,0
25-Jun-97,0.7015,0.7029,0.7011,0.7028,6158,32865,0,0
24-Jun-97,0.7021,0.7032,0.7002,0.7011,9526,33268,0,0
23-Jun-97,0.7044,0.7068,0.704,0.7053,13959,33538,0,0
20-Jun-97,0.7021,0.7029,0.7007,0.7015,8978,34132,0,0
19-Jun-97,0.6986,0.7043,0.6972,0.7035,17881,34346,0,0
18-Jun-97,0.6996,0.7008,0.6973,0.6981,7400,32198,0,0
17-Jun-97,0.6979,0.7,0.6962,0.6991,10038,32237,0,0
16-Jun-97,0.7007,0.7034,0.7002,0.7011,11279,48458,0,0
13-Jun-97,0.7012,0.7033,0.6979,0.7005,18690,49890,0,0
12-Jun-97,0.7001,0.7028,0.6995,0.7007,16773,49174,0,0
11-Jun-97,0.7036,0.7056,0.7034,0.7041,17803,50106,0,0
10-Jun-97,0.7014,0.7033,0.699,0.7017,23398,51562,0,0
9-Jun-97,0.7042,0.7084,0.703,0.7033,45905,51526,0,0
6-Jun-97,0.6862,0.693,0.684,0.6899,31130,46843,0,0
5-Jun-97,0.6931,0.6942,0.691,0.6923,14844,45339,0,0
4-Jun-97,0.694,0.6953,0.6908,0.692,21976,44953,0,0
3-Jun-97,0.6991,0.6994,0.6958,0.6971,15803,45882,0,0
2-Jun-97,0.699,0.7012,0.6971,0.6993,21484,46943,0,0
30-May-97,0.7097,0.7134,0.707,0.7093,12822,50351,0,0
29-May-97,0.7079,0.7125,0.707,0.7099,12138,51175,0,0
28-May-97,0.7069,0.7101,0.7042,0.7097,17131,51286,0,0
27-May-97,0.7078,0.7102,0.704,0.7048,17994,52533,0,0
23-May-97,0.711,0.7152,0.7106,0.7146,10253,51084,0,0
22-May-97,0.7106,0.715,0.7081,0.7099,15391,50904,0,0
21-May-97,0.7132,0.7175,0.7083,0.7119,31126,52807,0,0
20-May-97,0.7132,0.726,0.7106,0.7227,25992,50826,0,0
19-May-97,0.7041,0.7053,0.701,0.703,16523,47633,0,0
16-May-97,0.7022,0.7092,0.7008,0.7061,17361,47960,0,0
15-May-97,0.7041,0.7042,0.6972,0.7019,24048,47508,0,0
14-May-97,0.6937,0.6995,0.6929,0.699,19797,46657,0,0
13-May-97,0.6995,0.7016,0.6974,0.6983,15895,44657,0,0
12-May-97,0.7035,0.7038,0.6965,0.6974,30177,48514,0,0
9-May-97,0.6991,0.708,0.6989,0.7055,53744,47573,0,0
8-May-97,0.6923,0.6973,0.6922,0.6941,25762,48356,0,0
7-May-97,0.6887,0.6905,0.6863,0.6878,15103,46670,0,0
6-May-97,0.6823,0.689,0.6822,0.6874,23939,47165,0,0
5-May-97,0.6825,0.6826,0.68,0.6809,7991,46196,0,0
2-May-97,0.6839,0.686,0.6816,0.6827,10649,45906,0,0
1-May-97,0.6843,0.686,0.6819,0.6835,12363,45923,0,0
30-Apr-97,0.6843,0.6843,0.6809,0.6829,15053,47401,0,0
29-Apr-97,0.6817,0.6863,0.6815,0.6851,12096,47384,0,0
28-Apr-97,0.6824,0.6856,0.6816,0.6818,13752,46476,0,0
25-Apr-97,0.6882,0.6885,0.6837,0.6844,11526,45771,0,0
24-Apr-97,0.6855,0.6892,0.6847,0.6886,13418,47357,0,0
23-Apr-97,0.6865,0.6889,0.6864,0.6878,15734,47611,0,0
22-Apr-97,0.6928,0.6931,0.6878,0.6881,20152,47526,0,0
21-Apr-97,0.6937,0.6992,0.693,0.6977,20869,47260,0,0
18-Apr-97,0.6886,0.6917,0.6879,0.6913,11679,45364,0,0
17-Apr-97,0.6846,0.6873,0.6832,0.6864,13346,45389,0,0
16-Apr-97,0.6865,0.6881,0.6835,0.684,9514,45567,0,0
15-Apr-97,0.6844,0.6878,0.6826,0.6872,11998,45313,0,0
14-Apr-97,0.6867,0.6874,0.6846,0.6854,8856,45286,0,0
11-Apr-97,0.6852,0.6898,0.6841,0.689,14303,45308,0,0
10-Apr-97,0.6852,0.6866,0.6833,0.6854,15512,47696,0,0
9-Apr-97,0.6829,0.6846,0.6792,0.6806,16694,45982,0,0
8-Apr-97,0.6825,0.6859,0.6822,0.6841,17004,46392,0,0
7-Apr-97,0.6882,0.6883,0.6856,0.6863,22297,44385,0,0
4-Apr-97,0.7018,0.7042,0.698,0.6985,18147,42935,0,0
3-Apr-97,0.7031,0.7063,0.702,0.7034,15644,43266,0,0
2-Apr-97,0.6982,0.702,0.6972,0.6979,13137,42951,0,0
1-Apr-97,0.6985,0.7024,0.6974,0.6999,17813,43347,0,0
31-Mar-97,0.6953,0.7034,0.6945,0.6956,18224,42016,0,0
27-Mar-97,0.6935,0.6973,0.6915,0.6969,14051,41239,0,0
26-Mar-97,0.6872,0.6889,0.6856,0.6879,10373,39881,0,0
25-Mar-97,0.6918,0.6924,0.685,0.6884,16304,40567,0,0
24-Mar-97,0.6902,0.6928,0.6897,0.6917,8459,39259,0,0
21-Mar-97,0.6905,0.6961,0.6903,0.6924,17252,40033,0,0
20-Mar-97,0.7028,0.7052,0.6942,0.6948,25670,40780,0,0
19-Mar-97,0.6975,0.7007,0.6966,0.6992,13774,39431,0,0
18-Mar-97,0.6961,0.7026,0.6959,0.7014,25248,41033,0,0
17-Mar-97,0.6941,0.6957,0.6908,0.6913,14438,57125,0,0
14-Mar-97,0.6875,0.6942,0.687,0.693,22497,58608,0,0
13-Mar-97,0.6951,0.6953,0.6879,0.6882,26697,60534,0,0
12-Mar-97,0.6863,0.6953,0.6852,0.6948,40614,58932,0,0
11-Mar-97,0.6849,0.6877,0.6842,0.6862,22616,59695,0,0
10-Mar-97,0.6853,0.687,0.6848,0.6865,55057,60716,0,0
7-Mar-97,0.6762,0.6769,0.6735,0.676,22835,58112,0,0
6-Mar-97,0.6719,0.676,0.6705,0.6757,20226,57358,0,0
5-Mar-97,0.6747,0.6774,0.6746,0.6757,10751,57875,0,0
4-Mar-97,0.6751,0.6759,0.6727,0.6733,16703,57904,0,0
3-Mar-97,0.6782,0.6801,0.677,0.6776,7328,55538,0,0
28-Feb-97,0.6776,0.6812,0.6768,0.6783,12629,54915,0,0
27-Feb-97,0.6777,0.6817,0.6765,0.6795,13778,55799,0,0
26-Feb-97,0.685,0.6859,0.6753,0.6778,17479,56646,0,0
25-Feb-97,0.6864,0.6877,0.6835,0.6856,11709,56211,0,0
24-Feb-97,0.6866,0.69,0.6861,0.6874,18173,55961,0,0
21-Feb-97,0.684,0.6849,0.6799,0.681,12581,55556,0,0
20-Feb-97,0.679,0.6804,0.675,0.679,17164,55665,0,0
19-Feb-97,0.6787,0.6801,0.6722,0.6753,23599,56077,0,0
18-Feb-97,0.6773,0.6832,0.6771,0.6819,19337,55515,0,0
14-Feb-97,0.6871,0.6888,0.6845,0.685,13167,52938,0,0
13-Feb-97,0.6933,0.695,0.6882,0.6894,17954,52897,0,0
12-Feb-97,0.6952,0.6971,0.692,0.6923,14745,52874,0,0
11-Feb-97,0.7,0.7019,0.6965,0.6989,15011,52976,0,0
10-Feb-97,0.7047,0.7055,0.7023,0.7038,18169,50901,0,0
7-Feb-97,0.6964,0.7045,0.6945,0.7021,32158,54068,0,0
6-Feb-97,0.7042,0.7062,0.703,0.7042,9830,52554,0,0
5-Feb-97,0.7002,0.7054,0.7001,0.7034,10284,52437,0,0
4-Feb-97,0.7043,0.7055,0.7033,0.7041,9089,51787,0,0
3-Feb-97,0.7025,0.7081,0.7012,0.7079,13818,52403,0,0
31-Jan-97,0.7078,0.7085,0.7041,0.7056,11943,52001,0,0
30-Jan-97,0.7042,0.7088,0.7025,0.7062,11044,52403,0,0
29-Jan-97,0.7075,0.7107,0.7035,0.7053,18246,52457,0,0
28-Jan-97,0.7023,0.7049,0.6999,0.7029,18360,53727,0,0
27-Jan-97,0.7107,0.7113,0.7013,0.7037,14658,53663,0,0
24-Jan-97,0.7156,0.7166,0.7125,0.714,16665,53333,0,0
23-Jan-97,0.704,0.7108,0.7023,0.7066,26078,53119,0,0
22-Jan-97,0.7022,0.7058,0.7017,0.7021,26078,53119,0,0
21-Jan-97,0.7111,0.7127,0.7086,0.709,19446,51415,0,0
17-Jan-97,0.726,0.7268,0.7201,0.7212,19019,51647,0,0
16-Jan-97,0.7303,0.7322,0.729,0.7313,12196,51126,0,0
15-Jan-97,0.7305,0.7353,0.7304,0.7339,15664,53623,0,0
14-Jan-97,0.7354,0.7358,0.7297,0.7316,15662,55678,0,0
13-Jan-97,0.7301,0.7323,0.7291,0.7319,15078,54017,0,0
10-Jan-97,0.7336,0.7359,0.73,0.7321,18244,52319,0,0
9-Jan-97,0.7376,0.7395,0.7339,0.7341,13431,50167,0,0
8-Jan-97,0.7401,0.741,0.7362,0.7376,13350,48564,0,0
7-Jan-97,0.7444,0.7484,0.7418,0.7438,13867,50060,0,0
6-Jan-97,0.7426,0.7448,0.7406,0.744,17249,49891,0,0
3-Jan-97,0.745,0.7453,0.7386,0.7416,18336,48108,0,0
2-Jan-97,0.7479,0.752,0.7473,0.7488,11348,45498,0,0
31-Dec-96,0.7477,0.7542,0.7471,0.752,7588,45105,0,0
30-Dec-96,0.7448,0.7467,0.7446,0.7465,8634,45772,0,0
27-Dec-96,0.7461,0.7476,0.7452,0.7465,5674,47879,0,0
26-Dec-96,0.75,0.7507,0.7486,0.7493,2177,47088,0,0
24-Dec-96,0.7514,0.7517,0.7476,0.7484,4850,47461,0,0
23-Dec-96,0.7528,0.7546,0.7526,0.7534,3323,46530,0,0
20-Dec-96,0.7537,0.7574,0.7529,0.7551,8172,46781,0,0
19-Dec-96,0.7557,0.7565,0.7515,0.7538,16016,47827,0,0
18-Dec-96,0.7593,0.7595,0.7555,0.7579,13616,46935,0,0
17-Dec-96,0.7619,0.7645,0.7608,0.761,13847,44882,0,0
16-Dec-96,0.7592,0.7644,0.7588,0.7625,23754,70121,0,0
13-Dec-96,0.7717,0.773,0.7615,0.7622,21896,78137,0,0
12-Dec-96,0.767,0.7694,0.7643,0.7677,25652,79011,0,0
11-Dec-96,0.7648,0.7729,0.7645,0.7699,42265,78076,0,0
10-Dec-96,0.7606,0.7631,0.7584,0.7609,31009,73935,0,0
9-Dec-96,0.7628,0.7636,0.7589,0.76,48532,69920,0,0
6-Dec-96,0.7726,0.7732,0.7596,0.7606,34066,61360,0,0
5-Dec-96,0.7598,0.7652,0.7571,0.7619,21753,60813,0,0
4-Dec-96,0.7574,0.7598,0.7536,0.758,17676,60913,0,0
3-Dec-96,0.7546,0.763,0.7507,0.7582,39364,61545,0,0
2-Dec-96,0.762,0.7654,0.7535,0.756,35806,62337,0,0
29-Nov-96,0.7718,0.7718,0.7673,0.7683,14323,59993,0,0
27-Nov-96,0.7767,0.7788,0.7745,0.7751,9843,59677,0,0
26-Nov-96,0.7745,0.7775,0.7728,0.7762,17456,60096,0,0
25-Nov-96,0.7847,0.7847,0.7767,0.7778,24645,59665,0,0
22-Nov-96,0.7904,0.793,0.7862,0.7889,16004,54404,0,0
21-Nov-96,0.789,0.7919,0.7886,0.7915,8341,53825,0,0
20-Nov-96,0.7902,0.7943,0.7895,0.7915,14516,54083,0,0
19-Nov-96,0.7904,0.7917,0.7878,0.7888,11836,53953,0,0
18-Nov-96,0.7884,0.7935,0.7869,0.7909,21560,53212,0,0
15-Nov-96,0.7857,0.7871,0.7829,0.784,13101,54058,0,0
14-Nov-96,0.7903,0.7909,0.7852,0.7863,15492,52830,0,0
13-Nov-96,0.7913,0.7928,0.7895,0.7909,9949,51088,0,0
12-Nov-96,0.7958,0.7979,0.79,0.7909,19878,52267,0,0
11-Nov-96,0.793,0.7995,0.793,0.799,14521,50718,0,0
8-Nov-96,0.7887,0.7945,0.7864,0.793,21872,52143,0,0
7-Nov-96,0.7938,0.795,0.787,0.7877,27084,52587,0,0
6-Nov-96,0.7869,0.7879,0.7834,0.7859,13805,50057,0,0
5-Nov-96,0.7881,0.7895,0.7833,0.7869,17052,49394,0,0
4-Nov-96,0.7913,0.7942,0.7882,0.7927,13151,48327,0,0
1-Nov-96,0.791,0.794,0.785,0.7908,25959,49259,0,0
31-Oct-96,0.7986,0.8006,0.7897,0.7914,26007,46905,0,0
30-Oct-96,0.8008,0.8065,0.7997,0.8006,16629,45849,0,0
29-Oct-96,0.8011,0.8019,0.7993,0.8004,13850,45897,0,0
28-Oct-96,0.7954,0.7994,0.7954,0.7973,10588,47482,0,0
25-Oct-96,0.7963,0.7998,0.7948,0.797,13451,48200,0,0
24-Oct-96,0.7996,0.8009,0.7985,0.7998,11072,49129,0,0
23-Oct-96,0.8038,0.8052,0.8007,0.8024,18928,50143,0,0
22-Oct-96,0.7963,0.8041,0.7946,0.8025,16958,51411,0,0
21-Oct-96,0.7933,0.7967,0.793,0.7961,12330,51698,0,0
18-Oct-96,0.7925,0.7942,0.7897,0.7917,10543,53327,0,0
17-Oct-96,0.7939,0.7948,0.7913,0.7923,15702,52700,0,0
16-Oct-96,0.793,0.7956,0.7925,0.7939,14734,50215,0,0
15-Oct-96,0.7955,0.796,0.7929,0.7932,22166,48939,0,0
14-Oct-96,0.8032,0.8039,0.803,0.8038,3076,45319,0,0
11-Oct-96,0.8044,0.8045,0.8015,0.803,11582,45601,0,0
10-Oct-96,0.8035,0.8065,0.8035,0.8057,12251,46501,0,0
9-Oct-96,0.802,0.8049,0.8012,0.8032,13219,46870,0,0
8-Oct-96,0.8071,0.8074,0.8044,0.8057,11922,47903,0,0
7-Oct-96,0.8018,0.8033,0.8013,0.8027,10879,46510,0,0
4-Oct-96,0.8012,0.8055,0.7995,0.8009,16329,44797,0,0
3-Oct-96,0.8038,0.8049,0.8016,0.8026,13002,43566,0,0
2-Oct-96,0.806,0.8077,0.8007,0.8013,18140,44302,0,0
1-Oct-96,0.8042,0.8053,0.8032,0.804,7327,41837,0,0
30-Sep-96,0.8022,0.8051,0.8016,0.8039,9494,42148,0,0
27-Sep-96,0.8029,0.806,0.802,0.8026,10630,41203,0,0
26-Sep-96,0.805,0.8074,0.803,0.8051,19405,41920,0,0
25-Sep-96,0.8191,0.8194,0.812,0.8128,16688,39299,0,0
24-Sep-96,0.816,0.8231,0.8145,0.8227,16040,38997,0,0
23-Sep-96,0.8151,0.818,0.8145,0.8165,9894,38860,0,0
20-Sep-96,0.8124,0.8151,0.8122,0.8141,9696,40037,0,0
19-Sep-96,0.8146,0.8148,0.8106,0.8117,10866,38910,0,0
18-Sep-96,0.8116,0.8151,0.8113,0.8125,15735,37236,0,0
17-Sep-96,0.8129,0.8135,0.8097,0.811,11534,35888,0,0
16-Sep-96,0.8114,0.8153,0.811,0.813,14738,48593,0,0
13-Sep-96,0.8148,0.8173,0.8104,0.8115,23909,52498,0,0
12-Sep-96,0.8169,0.8183,0.8136,0.8148,21530,52115,0,0
11-Sep-96,0.8192,0.8202,0.8173,0.8175,25700,51266,0,0
10-Sep-96,0.8216,0.8227,0.816,0.8163,44308,50231,0,0
9-Sep-96,0.8302,0.8319,0.8246,0.8263,43128,45421,0,0
6-Sep-96,0.8303,0.8315,0.8202,0.8208,36735,42911,0,0
5-Sep-96,0.8293,0.8298,0.8276,0.8289,11421,42313,0,0
4-Sep-96,0.8278,0.8326,0.8273,0.8297,13175,40050,0,0
3-Sep-96,0.8272,0.8304,0.8268,0.8287,14110,40301,0,0
30-Aug-96,0.8318,0.8369,0.8311,0.8337,13194,40804,0,0
29-Aug-96,0.8387,0.8389,0.8337,0.8387,14015,42034,0,0
28-Aug-96,0.8395,0.8418,0.839,0.8402,7686,41570,0,0
27-Aug-96,0.8414,0.8416,0.8383,0.8395,8063,42079,0,0
26-Aug-96,0.8405,0.8415,0.8389,0.8392,8095,41717,0,0
23-Aug-96,0.8315,0.842,0.8307,0.8395,17917,41667,0,0
22-Aug-96,0.8293,0.8304,0.8268,0.8298,14668,39594,0,0
21-Aug-96,0.8345,0.8365,0.8344,0.8346,10814,39737,0,0
20-Aug-96,0.8286,0.8329,0.8276,0.8313,8948,39413,0,0
19-Aug-96,0.8302,0.8316,0.8297,0.8304,5078,38579,0,0
16-Aug-96,0.8291,0.8302,0.8267,0.8297,9603,39020,0,0
15-Aug-96,0.8293,0.8329,0.8287,0.8309,11755,39493,0,0
14-Aug-96,0.8321,0.833,0.8294,0.83,12799,39353,0,0
13-Aug-96,0.835,0.8383,0.8346,0.8373,9642,39211,0,0
12-Aug-96,0.8348,0.8367,0.8328,0.8335,11966,39491,0,0
9-Aug-96,0.8325,0.834,0.8319,0.8331,8049,38726,0,0
8-Aug-96,0.8279,0.8298,0.8261,0.8292,10467,39009,0,0
7-Aug-96,0.8317,0.8317,0.828,0.8297,9333,39927,0,0
6-Aug-96,0.8325,0.8335,0.8303,0.8322,10697,40775,0,0
5-Aug-96,0.838,0.8391,0.8333,0.8351,11971,41189,0,0
2-Aug-96,0.8323,0.8366,0.831,0.8357,10792,40971,0,0
1-Aug-96,0.836,0.8399,0.8344,0.8353,11743,42201,0,0
31-Jul-96,0.845,0.8472,0.8373,0.8388,24964,42672,0,0
30-Jul-96,0.8347,0.8357,0.8301,0.8352,14705,39471,0,0
29-Jul-96,0.8305,0.8328,0.8303,0.8322,6927,39086,0,0
26-Jul-96,0.8295,0.8316,0.8275,0.8301,9600,39285,0,0
25-Jul-96,0.8355,0.8355,0.8304,0.8326,17272,39740,0,0
24-Jul-96,0.8292,0.8324,0.8253,0.8269,15289,38631,0,0
23-Jul-96,0.8343,0.8344,0.8264,0.8284,13117,37846,0,0
22-Jul-96,0.8265,0.8333,0.8258,0.8316,15772,38755,0,0
19-Jul-96,0.8238,0.8279,0.8224,0.8267,10966,37710,0,0
18-Jul-96,0.8237,0.8284,0.8225,0.8242,18388,38398,0,0
17-Jul-96,0.829,0.8325,0.8254,0.8297,26890,37953,0,0
16-Jul-96,0.8157,0.8351,0.8147,0.8277,56721,38421,0,0
15-Jul-96,0.7981,0.8045,0.7981,0.804,13976,35674,0,0
12-Jul-96,0.802,0.8028,0.7969,0.7981,13842,36738,0,0
11-Jul-96,0.7971,0.8017,0.7965,0.8,14866,36855,0,0
10-Jul-96,0.7959,0.7968,0.7952,0.7962,5514,37564,0,0
9-Jul-96,0.7976,0.799,0.795,0.7957,11266,38121,0,0
8-Jul-96,0.7967,0.7973,0.7945,0.7957,10197,38827,0,0
5-Jul-96,0.798,0.799,0.7938,0.7965,14564,38883,0,0
3-Jul-96,0.8017,0.804,0.8004,0.8029,10542,37887,0,0
2-Jul-96,0.8036,0.805,0.8031,0.8048,4953,37132,0,0
1-Jul-96,0.805,0.806,0.8041,0.805,6455,36959,0,0
28-Jun-96,0.8038,0.8063,0.8025,0.803,10175,36365,0,0
27-Jun-96,0.804,0.8078,0.8035,0.8074,13775,36467,0,0
26-Jun-96,0.7987,0.8019,0.7973,0.8009,9410,37396,0,0
25-Jun-96,0.7953,0.7998,0.795,0.798,8029,37605,0,0
24-Jun-96,0.7957,0.7984,0.7957,0.7974,8872,37745,0,0
21-Jun-96,0.7994,0.8004,0.793,0.7942,18180,38765,0,0
20-Jun-96,0.8023,0.8039,0.8005,0.8013,11326,35763,0,0
19-Jun-96,0.805,0.8063,0.8025,0.8039,11227,36226,0,0
18-Jun-96,0.808,0.8094,0.806,0.8088,13431,35968,0,0
17-Jun-96,0.8072,0.8075,0.8041,0.8045,13669,51036,0,0
14-Jun-96,0.808,0.8118,0.8015,0.8017,27696,52315,0,0
13-Jun-96,0.7974,0.8045,0.7971,0.8035,24461,55118,0,0
12-Jun-96,0.7963,0.7982,0.7961,0.7972,14759,54313,0,0
11-Jun-96,0.7976,0.7977,0.7943,0.7964,16910,53717,0,0
10-Jun-96,0.7947,0.7971,0.7947,0.7952,45353,52673,0,0
7-Jun-96,0.7949,0.7973,0.7878,0.7884,24365,46546,0,0
6-Jun-96,0.7985,0.7997,0.7933,0.7951,12421,45320,0,0
5-Jun-96,0.7956,0.7982,0.795,0.7964,8455,45269,0,0
4-Jun-96,0.7968,0.7992,0.7945,0.7964,17666,45873,0,0
3-Jun-96,0.8031,0.8039,0.7967,0.7982,17357,46510,0,0
31-May-96,0.7944,0.803,0.7944,0.8012,23528,47390,0,0
30-May-96,0.7984,0.7987,0.7942,0.7946,19654,47069,0,0
29-May-96,0.7861,0.797,0.7861,0.7948,16630,47254,0,0
28-May-96,0.7875,0.7878,0.7852,0.7871,12168,48045,0,0
24-May-96,0.7914,0.7925,0.79,0.7905,7761,48383,0,0
23-May-96,0.7902,0.7936,0.7896,0.7916,13474,48363,0,0
22-May-96,0.7905,0.7932,0.7895,0.7901,15049,48424,0,0
21-May-96,0.7912,0.7927,0.787,0.788,17648,48697,0,0
20-May-96,0.7941,0.7953,0.793,0.7939,10754,46571,0,0
17-May-96,0.7975,0.8031,0.7947,0.7953,19286,45660,0,0
16-May-96,0.7952,0.7994,0.7945,0.7979,14206,46595,0,0
15-May-96,0.8014,0.8014,0.7985,0.8001,12419,46370,0,0
14-May-96,0.8017,0.803,0.8001,0.8014,11973,46693,0,0
13-May-96,0.802,0.8042,0.802,0.8027,9612,46405,0,0
10-May-96,0.8116,0.8126,0.8032,0.8037,19480,46783,0,0
9-May-96,0.8132,0.8134,0.8086,0.8098,12695,45034,0,0
8-May-96,0.8091,0.8155,0.8089,0.8133,19429,45573,0,0
7-May-96,0.8072,0.8105,0.807,0.8072,8150,46306,0,0
6-May-96,0.8077,0.8082,0.806,0.8071,10080,46691,0,0
3-May-96,0.8079,0.8115,0.8066,0.8087,15848,46004,0,0
2-May-96,0.801,0.8078,0.7999,0.8064,18098,45953,0,0
1-May-96,0.8013,0.8064,0.8013,0.803,13980,45571,0,0
30-Apr-96,0.8111,0.812,0.8052,0.8072,18481,45847,0,0
29-Apr-96,0.8179,0.8184,0.8114,0.8116,16419,45621,0,0
26-Apr-96,0.8125,0.8165,0.8102,0.8142,15271,44655,0,0
25-Apr-96,0.8128,0.8143,0.8107,0.8125,15325,46059,0,0
24-Apr-96,0.815,0.8169,0.8146,0.8166,9605,45207,0,0
23-Apr-96,0.8174,0.8208,0.8156,0.8157,12005,43350,0,0
22-Apr-96,0.8187,0.8208,0.8172,0.8182,11931,42364,0,0
19-Apr-96,0.827,0.8272,0.8188,0.819,19139,43217,0,0
18-Apr-96,0.8188,0.83,0.816,0.8258,26816,42240,0,0
17-Apr-96,0.8197,0.822,0.819,0.8195,12048,43144,0,0
16-Apr-96,0.8199,0.8199,0.8168,0.8185,12167,43303,0,0
15-Apr-96,0.8171,0.819,0.814,0.8147,15462,43256,0,0
12-Apr-96,0.8237,0.8244,0.8193,0.82,18697,42284,0,0
11-Apr-96,0.8257,0.828,0.8237,0.8246,14659,38658,0,0
10-Apr-96,0.8285,0.831,0.823,0.8288,21965,37987,0,0
9-Apr-96,0.8362,0.8362,0.8312,0.8317,24058,36186,0,0
8-Apr-96,0.8467,0.8477,0.8422,0.8424,8724,30204,0,0
5-Apr-96,0.8444,0.8455,0.8405,0.8426,9114,30128,0,0
4-Apr-96,0.8408,0.845,0.8404,0.8441,10230,29337,0,0
3-Apr-96,0.8451,0.8458,0.842,0.8426,8690,30172,0,0
2-Apr-96,0.8452,0.8452,0.8435,0.8437,5424,29759,0,0
1-Apr-96,0.8431,0.8445,0.8425,0.8436,8520,30165,0,0
29-Mar-96,0.8468,0.8522,0.8457,0.8464,14844,29547,0,0
28-Mar-96,0.8444,0.8487,0.8437,0.8476,17680,30195,0,0
27-Mar-96,0.841,0.8425,0.8395,0.8417,11271,29730,0,0
26-Mar-96,0.8466,0.8469,0.8441,0.8447,4934,28394,0,0
25-Mar-96,0.8462,0.8473,0.845,0.8458,7624,28205,0,0
22-Mar-96,0.8431,0.8455,0.8428,0.8444,8427,27967,0,0
21-Mar-96,0.843,0.8448,0.8415,0.8426,9638,27864,0,0
20-Mar-96,0.8466,0.8477,0.8441,0.8463,11180,27982,0,0
19-Mar-96,0.8437,0.848,0.8437,0.8476,8667,27331,0,0
18-Mar-96,0.8498,0.85,0.8465,0.8472,9196,40314,0,0
15-Mar-96,0.8486,0.8535,0.8463,0.8505,18642,42675,0,0
14-Mar-96,0.8509,0.8512,0.8478,0.8494,11910,42426,0,0
13-Mar-96,0.8505,0.8505,0.8467,0.8494,13156,43451,0,0
12-Mar-96,0.8397,0.8473,0.8393,0.8465,27268,44072,0,0
11-Mar-96,0.8412,0.8428,0.8388,0.8405,28679,43679,0,0
8-Mar-96,0.8318,0.8395,0.8281,0.8307,30037,43179,0,0
7-Mar-96,0.831,0.8345,0.83,0.8341,14016,42321,0,0
6-Mar-96,0.8326,0.8353,0.8324,0.833,6811,40773,0,0
5-Mar-96,0.832,0.8357,0.8311,0.8342,13522,40718,0,0
4-Mar-96,0.8354,0.8363,0.8323,0.8332,13865,40827,0,0
1-Mar-96,0.8293,0.8332,0.8293,0.8311,17826,40379,0,0
29-Feb-96,0.8332,0.8375,0.8316,0.8344,18275,40364,0,0
28-Feb-96,0.8445,0.8447,0.8371,0.8382,16543,39023,0,0
27-Feb-96,0.8485,0.849,0.8457,0.8478,9521,38358,0,0
26-Feb-96,0.8533,0.8539,0.8494,0.8501,10651,39077,0,0
23-Feb-96,0.8482,0.8555,0.8471,0.8525,16686,39997,0,0
22-Feb-96,0.847,0.8499,0.8456,0.8486,9943,40418,0,0
21-Feb-96,0.845,0.8474,0.8444,0.847,13470,40881,0,0
20-Feb-96,0.8492,0.8512,0.8454,0.8503,19231,42777,0,0
16-Feb-96,0.8392,0.8475,0.839,0.8448,18727,43697,0,0
15-Feb-96,0.8388,0.8394,0.8356,0.8377,12192,45053,0,0
14-Feb-96,0.8367,0.841,0.8352,0.8399,16691,44622,0,0
13-Feb-96,0.8331,0.8343,0.8305,0.8332,8398,44639,0,0
12-Feb-96,0.8349,0.836,0.8323,0.833,13215,44305,0,0
9-Feb-96,0.8335,0.8337,0.829,0.8309,13391,44203,0,0
8-Feb-96,0.8327,0.8344,0.8312,0.8332,9379,43944,0,0
7-Feb-96,0.8325,0.8338,0.83,0.833,14382,44400,0,0
6-Feb-96,0.8383,0.8383,0.8347,0.8373,13258,44430,0,0
5-Feb-96,0.8332,0.8428,0.8327,0.8393,22390,44513,0,0
2-Feb-96,0.824,0.827,0.8206,0.8268,14809,46543,0,0
1-Feb-96,0.8295,0.8296,0.8226,0.8269,16488,46804,0,0
31-Jan-96,0.8268,0.8314,0.8268,0.8277,13242,46536,0,0
30-Jan-96,0.8301,0.8307,0.8246,0.8262,14073,45089,0,0
29-Jan-96,0.8273,0.8339,0.8273,0.8321,13757,44877,0,0
26-Jan-96,0.8372,0.8376,0.8295,0.8296,19172,45021,0,0
25-Jan-96,0.8471,0.8481,0.8375,0.8391,21133,44495,0,0
24-Jan-96,0.8419,0.8456,0.8417,0.843,10652,44216,0,0
23-Jan-96,0.8483,0.849,0.8435,0.8462,14726,44242,0,0
22-Jan-96,0.8435,0.848,0.8428,0.8465,13699,43913,0,0
19-Jan-96,0.8449,0.8454,0.8397,0.8424,13583,43761,0,0
18-Jan-96,0.8472,0.8499,0.8445,0.8459,14688,44676,0,0
17-Jan-96,0.8532,0.8535,0.8464,0.8467,22578,44911,0,0
16-Jan-96,0.8586,0.8597,0.8535,0.8538,24457,42831,0,0
15-Jan-96,0.8649,0.8649,0.8625,0.8631,6110,40443,0,0
12-Jan-96,0.8644,0.8692,0.8636,0.8667,10861,40460,0,0
11-Jan-96,0.8703,0.8706,0.8655,0.8666,12112,41345,0,0
10-Jan-96,0.8667,0.8683,0.8647,0.8673,12346,40438,0,0
9-Jan-96,0.8621,0.8664,0.8593,0.8642,14570,40162,0,0
8-Jan-96,0.8666,0.8669,0.8642,0.8664,7529,39561,0,0
5-Jan-96,0.866,0.8712,0.8657,0.8674,14400,39416,0,0
4-Jan-96,0.8614,0.865,0.855,0.8648,21046,40232,0,0
3-Jan-96,0.8703,0.8706,0.8637,0.8651,12403,37410,0,0
2-Jan-96,0.8769,0.8772,0.8691,0.8702,8143,36133,0,0
29-Dec-95,0.8753,0.8769,0.8725,0.8731,4214,35274,0,0
28-Dec-95,0.8733,0.8776,0.8708,0.8724,7381,34702,0,0
27-Dec-95,0.8718,0.875,0.8703,0.8716,4708,33987,0,0
26-Dec-95,0.8716,0.8742,0.8705,0.874,2946,33670,0,0
22-Dec-95,0.866,0.8725,0.865,0.8715,5425,33637,0,0
21-Dec-95,0.8708,0.872,0.8693,0.8713,4579,33999,0,0
20-Dec-95,0.8704,0.8737,0.8698,0.8717,7298,34112,0,0
19-Dec-95,0.8768,0.8825,0.872,0.8722,10504,35059,0,0
18-Dec-95,0.8752,0.8811,0.8745,0.8797,19368,52431,0,0
15-Dec-95,0.8676,0.8703,0.8662,0.8678,12908,53187,0,0
14-Dec-95,0.8593,0.871,0.8586,0.8686,24126,53803,0,0
13-Dec-95,0.8575,0.8588,0.8555,0.8578,15755,53996,0,0
12-Dec-95,0.8598,0.8614,0.8577,0.8587,19923,54754,0,0
11-Dec-95,0.8648,0.8656,0.8627,0.8633,35493,53622,0,0
8-Dec-95,0.8542,0.858,0.85,0.8561,24311,48889,0,0
7-Dec-95,0.8584,0.8593,0.8535,0.8538,14039,48042,0,0
6-Dec-95,0.8575,0.8589,0.8544,0.8573,12866,47328,0,0
5-Dec-95,0.8594,0.8601,0.8568,0.8591,11755,46387,0,0
4-Dec-95,0.8588,0.8601,0.8554,0.8571,13859,45944,0,0
1-Dec-95,0.85,0.8546,0.8492,0.8502,18089,45906,0,0
30-Nov-95,0.8584,0.8594,0.8495,0.8502,22580,45286,0,0
29-Nov-95,0.8613,0.8633,0.8576,0.8591,35573,43256,0,0
28-Nov-95,0.8673,0.8689,0.8635,0.8657,12990,38138,0,0
27-Nov-95,0.8726,0.8726,0.8638,0.8658,21700,38252,0,0
24-Nov-95,0.8785,0.879,0.8754,0.8756,5744,37420,0,0
22-Nov-95,0.882,0.8842,0.8781,0.882,7676,37755,0,0
21-Nov-95,0.8802,0.8823,0.8793,0.8817,8474,38199,0,0
20-Nov-95,0.8765,0.8834,0.8765,0.8818,13084,38328,0,0
17-Nov-95,0.8844,0.8852,0.8807,0.8815,10646,38169,0,0
16-Nov-95,0.8823,0.8827,0.877,0.8807,10362,37921,0,0
15-Nov-95,0.8864,0.8877,0.8825,0.8831,12758,37653,0,0
14-Nov-95,0.8776,0.8828,0.8772,0.8791,12114,37373,0,0
13-Nov-95,0.8849,0.8875,0.875,0.8776,18144,37522,0,0
10-Nov-95,0.8825,0.8866,0.8813,0.8817,10851,36985,0,0
9-Nov-95,0.8749,0.8856,0.872,0.8843,21320,37261,0,0
8-Nov-95,0.8805,0.882,0.8762,0.8767,13638,36516,0,0
7-Nov-95,0.8803,0.8831,0.8791,0.8812,11754,36385,0,0
6-Nov-95,0.8857,0.8865,0.8806,0.882,14088,36889,0,0
3-Nov-95,0.8774,0.8842,0.8757,0.8815,14972,36770,0,0
2-Nov-95,0.878,0.8809,0.8767,0.877,12185,36001,0,0
1-Nov-95,0.8821,0.8845,0.8794,0.8823,14806,36630,0,0
31-Oct-95,0.8826,0.887,0.8811,0.8851,13820,36923,0,0
30-Oct-95,0.8835,0.8872,0.8822,0.8841,12487,36460,0,0
27-Oct-95,0.8914,0.8946,0.8828,0.8838,14641,36633,0,0
26-Oct-95,0.886,0.8901,0.879,0.8898,19479,36100,0,0
25-Oct-95,0.884,0.8893,0.8824,0.8888,16782,36607,0,0
24-Oct-95,0.8936,0.8936,0.8832,0.8862,19662,36765,0,0
23-Oct-95,0.8898,0.8973,0.8863,0.8929,22691,37147,0,0
20-Oct-95,0.8738,0.8833,0.873,0.8814,15611,34533,0,0
19-Oct-95,0.873,0.8777,0.8706,0.8769,13635,34622,0,0
18-Oct-95,0.8772,0.8779,0.8664,0.8702,15100,34032,0,0
17-Oct-95,0.8726,0.8788,0.8723,0.8772,12073,33947,0,0
16-Oct-95,0.8754,0.8774,0.8722,0.8735,9724,33669,0,0
13-Oct-95,0.87,0.8732,0.8665,0.8709,16891,33858,0,0
12-Oct-95,0.8722,0.8779,0.8709,0.8755,13080,34482,0,0
11-Oct-95,0.8737,0.8737,0.8695,0.8701,13506,34239,0,0
10-Oct-95,0.8732,0.8802,0.8719,0.8777,12059,35256,0,0
9-Oct-95,0.8784,0.8836,0.8784,0.8807,10117,35104,0,0
6-Oct-95,0.8816,0.8875,0.874,0.8791,18309,35329,0,0
5-Oct-95,0.8731,0.8839,0.8729,0.8828,16269,34235,0,0
4-Oct-95,0.8726,0.8761,0.871,0.8728,10242,33084,0,0
3-Oct-95,0.8746,0.8748,0.8665,0.8713,12949,32377,0,0
2-Oct-95,0.8721,0.8777,0.8707,0.8742,12758,32155,0,0
29-Sep-95,0.8806,0.8808,0.869,0.8716,16637,31769,0,0
28-Sep-95,0.8787,0.8808,0.8762,0.8789,11559,30681,0,0
27-Sep-95,0.8681,0.8798,0.868,0.8733,17595,31471,0,0
26-Sep-95,0.8659,0.8692,0.8618,0.8667,17690,30378,0,0
25-Sep-95,0.8789,0.8791,0.8715,0.8751,12037,30870,0,0
22-Sep-95,0.8795,0.8902,0.8775,0.8798,21643,32145,0,0
21-Sep-95,0.8673,0.8938,0.8662,0.8871,50101,32410,0,0
20-Sep-95,0.8434,0.8618,0.8429,0.8597,30693,31950,0,0
19-Sep-95,0.8346,0.8386,0.8338,0.8367,10027,30280,0,0
18-Sep-95,0.8339,0.8374,0.8316,0.8367,10405,39111,0,0
15-Sep-95,0.8285,0.837,0.8235,0.8346,23875,40526,0,0
14-Sep-95,0.8315,0.8345,0.8297,0.8308,20107,39117,0,0
13-Sep-95,0.8313,0.8317,0.8225,0.8251,28036,38222,0,0
12-Sep-95,0.8349,0.8395,0.8346,0.8372,24667,37482,0,0
11-Sep-95,0.837,0.8374,0.8334,0.8337,33310,36861,0,0
8-Sep-95,0.8191,0.8248,0.8183,0.8241,19452,32373,0,0
7-Sep-95,0.8234,0.8269,0.8224,0.8228,15660,32275,0,0
6-Sep-95,0.8228,0.8258,0.8222,0.8239,14432,32497,0,0
5-Sep-95,0.8322,0.8352,0.8321,0.8333,9559,32725,0,0
1-Sep-95,0.8318,0.8378,0.828,0.8364,14034,32738,0,0
31-Aug-95,0.8329,0.8333,0.8288,0.8325,11330,33064,0,0
30-Aug-95,0.824,0.8285,0.8218,0.8265,14071,33426,0,0
29-Aug-95,0.8288,0.8291,0.8226,0.8238,14071,32786,0,0
28-Aug-95,0.8332,0.8344,0.8293,0.8301,11766,31879,0,0
25-Aug-95,0.8238,0.8297,0.8209,0.8265,13701,31976,0,0
24-Aug-95,0.81,0.8227,0.8096,0.821,16545,31701,0,0
23-Aug-95,0.8174,0.8199,0.816,0.8166,12979,31773,0,0
22-Aug-95,0.812,0.8157,0.81,0.8129,15241,30931,0,0
21-Aug-95,0.821,0.8224,0.8162,0.8178,9294,32125,0,0
18-Aug-95,0.8195,0.824,0.8176,0.8197,9686,31413,0,0
17-Aug-95,0.8108,0.8248,0.8105,0.8207,18080,31539,0,0
16-Aug-95,0.8163,0.8188,0.8139,0.8147,13918,31377,0,0
15-Aug-95,0.823,0.825,0.811,0.8144,19162,30609,0,0
14-Aug-95,0.8405,0.8425,0.8386,0.8401,11994,29922,0,0
11-Aug-95,0.8418,0.8448,0.838,0.8395,22248,30979,0,0
10-Aug-95,0.8597,0.8597,0.8492,0.8533,20311,29440,0,0
9-Aug-95,0.8595,0.8638,0.8589,0.862,9645,27887,0,0
8-Aug-95,0.8591,0.8623,0.8575,0.8596,15048,27966,0,0
7-Aug-95,0.8659,0.8673,0.86,0.8606,16035,27531,0,0
4-Aug-95,0.8686,0.874,0.866,0.8704,11475,26041,0,0
3-Aug-95,0.8691,0.8752,0.8691,0.8722,12819,26077,0,0
2-Aug-95,0.8726,0.8735,0.863,0.8674,27001,27353,0,0
1-Aug-95,0.873,0.886,0.873,0.8825,22502,28357,0,0
31-Jul-95,0.8772,0.8777,0.8717,0.8735,10576,24131,0,0
28-Jul-95,0.872,0.8785,0.869,0.8743,15019,24642,0,0
27-Jul-95,0.8738,0.8788,0.8721,0.8753,11145,24285,0,0
26-Jul-95,0.8675,0.8755,0.8673,0.873,13299,24569,0,0
25-Jul-95,0.8726,0.8731,0.8655,0.8674,16197,24511,0,0
24-Jul-95,0.8704,0.8751,0.8696,0.8731,11469,24426,0,0
21-Jul-95,0.8699,0.8713,0.8666,0.8701,10759,24220,0,0
20-Jul-95,0.8739,0.8765,0.87,0.873,13137,24433,0,0
19-Jul-95,0.8686,0.8795,0.8656,0.876,22946,24941,0,0
18-Jul-95,0.8643,0.8695,0.8638,0.8676,10345,23963,0,0
17-Jul-95,0.8607,0.8632,0.858,0.8623,11161,23447,0,0
14-Jul-95,0.8661,0.8671,0.862,0.8646,12953,23476,0,0
13-Jul-95,0.8544,0.8694,0.8538,0.8668,20848,23131,0,0
12-Jul-95,0.8591,0.8625,0.8589,0.8617,9978,21955,0,0
11-Jul-95,0.8635,0.8644,0.8595,0.8613,11877,21877,0,0
10-Jul-95,0.8666,0.8696,0.8645,0.8691,9556,21449,0,0
7-Jul-95,0.8801,0.8801,0.86,0.8683,16914,21804,0,0
6-Jul-95,0.8769,0.8811,0.873,0.8797,9227,21225,0,0
5-Jul-95,0.8742,0.8792,0.8739,0.8777,5714,20159,0,0
3-Jul-95,0.8771,0.8798,0.8767,0.8782,3947,19783,0,0
30-Jun-95,0.874,0.8762,0.8715,0.8751,11067,20450,0,0
29-Jun-95,0.869,0.879,0.8664,0.8778,16629,21132,0,0
28-Jun-95,0.8757,0.8772,0.862,0.8669,17065,21009,0,0
27-Jun-95,0.8794,0.8825,0.873,0.8784,16418,20581,0,0
26-Jun-95,0.8769,0.8776,0.871,0.8762,13472,20691,0,0
23-Jun-95,0.8713,0.8804,0.8691,0.8785,14924,20398,0,0
22-Jun-95,0.8805,0.8815,0.866,0.8692,13713,19570,0,0
21-Jun-95,0.8727,0.881,0.8721,0.8793,11999,19390,0,0
20-Jun-95,0.8713,0.8748,0.869,0.8731,14709,20066,0,0
19-Jun-95,0.8703,0.8708,0.8635,0.8676,13281,32845,0,0
16-Jun-95,0.8638,0.8696,0.8638,0.8671,13860,32911,0,0
15-Jun-95,0.863,0.8672,0.86,0.8629,20272,33413,0,0
14-Jun-95,0.8692,0.8748,0.8685,0.872,15179,31699,0,0
13-Jun-95,0.8742,0.8759,0.8666,0.8679,18676,31048,0,0
12-Jun-95,0.8683,0.8738,0.8677,0.8718,26318,29813,0,0
9-Jun-95,0.8662,0.8703,0.862,0.8631,20473,28718,0,0
8-Jun-95,0.8576,0.8638,0.8528,0.8613,20283,28913,0,0
7-Jun-95,0.8613,0.8661,0.8604,0.8622,16917,29473,0,0
6-Jun-95,0.8595,0.8615,0.8532,0.8593,18918,28268,0,0
5-Jun-95,0.862,0.8684,0.8592,0.8637,12919,28471,0,0
2-Jun-95,0.8613,0.8725,0.852,0.8604,16179,28322,0,0
1-Jun-95,0.847,0.862,0.8463,0.8593,16179,28322,0,0
31-May-95,0.8755,0.8771,0.853,0.8587,16651,28421,0,0
30-May-95,0.8759,0.878,0.871,0.8745,12998,28826,0,0
26-May-95,0.8768,0.8855,0.875,0.8851,14960,29416,0,0
25-May-95,0.8423,0.868,0.832,0.8673,22693,31362,0,0
24-May-95,0.832,0.8381,0.8313,0.8339,15020,32046,0,0
23-May-95,0.8367,0.8412,0.8296,0.8331,18163,32209,0,0
22-May-95,0.8304,0.8377,0.8287,0.835,14757,32278,0,0
19-May-95,0.834,0.8385,0.8287,0.8299,14810,31505,0,0
18-May-95,0.8287,0.8368,0.8198,0.833,24211,32876,0,0
17-May-95,0.837,0.8392,0.8297,0.8299,17002,31830,0,0
16-May-95,0.8262,0.838,0.8254,0.8316,19583,30369,0,0
15-May-95,0.83,0.8339,0.8263,0.833,18158,29412,0,0
12-May-95,0.8335,0.8359,0.8291,0.8316,26400,30716,0,0
11-May-95,0.8535,0.855,0.8356,0.8381,40846,31348,0,0
10-May-95,0.8753,0.8762,0.8672,0.8722,20796,29913,0,0
9-May-95,0.888,0.8894,0.878,0.8797,18257,30295,0,0
8-May-95,0.8892,0.8932,0.888,0.8898,13138,30259,0,0
5-May-95,0.8859,0.8918,0.8822,0.8848,14640,30185,0,0
4-May-95,0.8854,0.8915,0.8833,0.8856,18163,30071,0,0
3-May-95,0.8845,0.887,0.8811,0.8854,13997,29487,0,0
2-May-95,0.8827,0.8873,0.8813,0.8837,15221,30121,0,0
1-May-95,0.8746,0.8779,0.8727,0.8757,10815,29957,0,0
28-Apr-95,0.8785,0.8839,0.868,0.8773,20339,30422,0,0
27-Apr-95,0.882,0.8874,0.881,0.885,11353,30649,0,0
26-Apr-95,0.8786,0.887,0.8755,0.8848,19677,30516,0,0
25-Apr-95,0.8864,0.8947,0.884,0.8875,20444,30557,0,0
24-Apr-95,0.8881,0.8907,0.8756,0.8789,19020,30364,0,0
21-Apr-95,0.8776,0.8872,0.8745,0.8869,14696,30198,0,0
20-Apr-95,0.8859,0.8887,0.8735,0.8781,15633,29836,0,0
19-Apr-95,0.8942,0.9027,0.88,0.887,20317,30473,0,0
18-Apr-95,0.8942,0.9014,0.8892,0.9003,15755,30330,0,0
17-Apr-95,0.878,0.8932,0.8763,0.8908,14104,29880,0,0
13-Apr-95,0.8686,0.877,0.8677,0.876,10015,29536,0,0
12-Apr-95,0.8724,0.8747,0.8669,0.8709,12140,29976,0,0
11-Apr-95,0.8672,0.8756,0.865,0.87,28671,30584,0,0
10-Apr-95,0.8734,0.8754,0.8612,0.8669,15879,30253,0,0
7-Apr-95,0.886,0.895,0.8835,0.8923,28671,30584,0,0
6-Apr-95,0.8899,0.8952,0.8885,0.8916,14598,30400,0,0
5-Apr-95,0.8949,0.8988,0.8836,0.8976,19024,29861,0,0
4-Apr-95,0.888,0.8894,0.8816,0.8891,15057,30533,0,0
3-Apr-95,0.8922,0.8987,0.8902,0.8961,13810,30327,0,0
31-Mar-95,0.8791,0.898,0.879,0.8888,15566,30944,0,0
30-Mar-95,0.86,0.863,0.8565,0.8591,16501,31354,0,0
29-Mar-95,0.8854,0.8885,0.8785,0.8821,17547,31581,0,0
28-Mar-95,0.8701,0.8796,0.8687,0.8777,19783,31523,0,0
27-Mar-95,0.8608,0.8705,0.8604,0.867,17145,30405,0,0
24-Mar-95,0.8618,0.8648,0.8537,0.8563,12559,29626,0,0
23-Mar-95,0.868,0.871,0.8617,0.8651,14789,29269,0,0
22-Mar-95,0.8564,0.867,0.8564,0.8649,15560,28575,0,0
21-Mar-95,0.8682,0.8687,0.852,0.8584,19556,28744,0,0
20-Mar-95,0.8629,0.8682,0.8592,0.8633,15918,29982,0,0
17-Mar-95,0.8736,0.878,0.868,0.8745,13323,30976,0,0
16-Mar-95,0.8795,0.881,0.8615,0.8641,20331,30568,0,0
15-Mar-95,0.8583,0.8775,0.8578,0.873,22069,30017,0,0
14-Mar-95,0.8584,0.8613,0.8527,0.8555,12633,27617,0,0
13-Mar-95,0.8603,0.862,0.8555,0.8582,15332,47870,0,0
10-Mar-95,0.8509,0.857,0.845,0.8513,23325,49085,0,0
9-Mar-95,0.8641,0.874,0.8624,0.865,28642,49608,0,0
8-Mar-95,0.8745,0.879,0.8576,0.8633,35682,51031,0,0
7-Mar-95,0.8655,0.8893,0.859,0.8861,48528,53114,0,0
6-Mar-95,0.858,0.8635,0.8535,0.8593,72867,54126,0,0
3-Mar-95,0.8148,0.833,0.8141,0.8326,38303,54452,0,0
2-Mar-95,0.8073,0.823,0.805,0.8183,33562,52353,0,0
1-Mar-95,0.8052,0.809,0.8043,0.808,23518,51684,0,0
28-Feb-95,0.8068,0.8115,0.8051,0.8096,22310,52017,0,0
27-Feb-95,0.81,0.8122,0.8053,0.8062,22642,52385,0,0
24-Feb-95,0.8017,0.8055,0.7967,0.8042,26812,51845,0,0
23-Feb-95,0.7977,0.8028,0.7977,0.8018,21589,49380,0,0
22-Feb-95,0.7996,0.806,0.799,0.8026,29202,49128,0,0
21-Feb-95,0.8015,0.8047,0.7988,0.8039,24519,47637,0,0
17-Feb-95,0.7985,0.8008,0.795,0.7976,26211,45950,0,0
16-Feb-95,0.7933,0.7968,0.7917,0.7951,32326,44433,0,0
15-Feb-95,0.7867,0.7878,0.7823,0.7856,20656,41122,0,0
14-Feb-95,0.7794,0.7881,0.7787,0.7863,24893,41310,0,0
13-Feb-95,0.7834,0.7837,0.7797,0.78,15438,40473,0,0
10-Feb-95,0.774,0.7824,0.7728,0.7812,29623,41615,0,0
9-Feb-95,0.7737,0.776,0.7734,0.7747,12876,40937,0,0
8-Feb-95,0.7723,0.7751,0.7719,0.7732,18570,41592,0,0
7-Feb-95,0.7728,0.7739,0.7686,0.77,22372,41778,0,0
6-Feb-95,0.7723,0.7757,0.7711,0.7739,27178,41899,0,0
3-Feb-95,0.7804,0.7828,0.7724,0.7742,30811,41906,0,0
2-Feb-95,0.7804,0.7823,0.7793,0.7802,11149,38371,0,0
1-Feb-95,0.7785,0.782,0.777,0.7798,16220,39152,0,0
31-Jan-95,0.7883,0.791,0.777,0.7798,29269,39957,0,0
30-Jan-95,0.7867,0.7927,0.7857,0.7909,20052,42099,0,0
27-Jan-95,0.7853,0.7898,0.783,0.7868,16282,42491,0,0
26-Jan-95,0.7852,0.7878,0.7842,0.7859,15616,42181,0,0
25-Jan-95,0.7931,0.7935,0.7843,0.7858,21989,42230,0,0
24-Jan-95,0.7906,0.7914,0.788,0.789,13737,40894,0,0
23-Jan-95,0.7889,0.7932,0.7887,0.7908,15688,41125,0,0
20-Jan-95,0.7883,0.7929,0.7871,0.7896,23385,40647,0,0
19-Jan-95,0.7753,0.789,0.7745,0.7872,35448,42361,0,0
18-Jan-95,0.782,0.7822,0.7752,0.7767,22770,39330,0,0
17-Jan-95,0.7822,0.7823,0.7781,0.7805,17309,39313,0,0
16-Jan-95,0.7775,0.7825,0.7775,0.7808,13159,39834,0,0
13-Jan-95,0.778,0.78,0.7756,0.7792,19308,39204,0,0
12-Jan-95,0.779,0.7855,0.7787,0.783,21485,40024,0,0
11-Jan-95,0.7789,0.7815,0.7779,0.7802,17829,38252,0,0
10-Jan-95,0.7807,0.7839,0.778,0.7831,26894,39893,0,0
9-Jan-95,0.7678,0.782,0.767,0.7812,39257,40569,0,0
6-Jan-95,0.7708,0.772,0.7649,0.7661,24441,37107,0,0
5-Jan-95,0.7683,0.7713,0.7675,0.7707,17481,36274,0,0
4-Jan-95,0.7633,0.768,0.7623,0.7657,14651,35090,0,0
3-Jan-95,0.7631,0.7667,0.7628,0.7644,11508,35389,0,0
30-Dec-94,0.766,0.7684,0.766,0.7673,4286,35095,0,0
29-Dec-94,0.7639,0.7689,0.7628,0.7647,19480,35821,0,0
28-Dec-94,0.7544,0.775,0.7531,0.7713,19213,37411,0,0
27-Dec-94,0.7537,0.7557,0.7535,0.7553,3679,38448,0,0
23-Dec-94,0.755,0.7555,0.7527,0.7535,2578,38551,0,0
22-Dec-94,0.7542,0.7547,0.7516,0.754,8068,38941,0,0
21-Dec-94,0.7559,0.759,0.7522,0.7537,12270,39005,0,0
20-Dec-94,0.7554,0.7567,0.7548,0.7556,4924,37597,0,0
19-Dec-94,0.7524,0.7549,0.7519,0.7542,8499,64439,0,0
16-Dec-94,0.7556,0.7565,0.7545,0.755,10790,66380,0,0
15-Dec-94,0.7564,0.7581,0.7555,0.7569,13347,67430,0,0
14-Dec-94,0.7555,0.7581,0.7551,0.7569,17200,67391,0,0
13-Dec-94,0.754,0.7591,0.7528,0.7571,21414,66463,0,0
12-Dec-94,0.7521,0.7546,0.752,0.7533,26809,66094,0,0
9-Dec-94,0.7468,0.7491,0.7456,0.7485,27421,65588,0,0
8-Dec-94,0.7501,0.7508,0.747,0.7475,25448,62529,0,0
7-Dec-94,0.7552,0.7566,0.7525,0.7541,28807,61657,0,0
6-Dec-94,0.7569,0.757,0.752,0.7536,23433,61948,0,0
5-Dec-94,0.7522,0.7553,0.7518,0.7539,18772,61120,0,0
2-Dec-94,0.7515,0.7533,0.749,0.7506,20673,61697,0,0
1-Dec-94,0.755,0.7554,0.7504,0.7525,21018,60468,0,0
30-Nov-94,0.7524,0.756,0.7515,0.7539,20500,61211,0,0
29-Nov-94,0.7567,0.7587,0.7525,0.7531,15290,59930,0,0
28-Nov-94,0.7539,0.7557,0.7536,0.7539,5665,59777,0,0
25-Nov-94,0.759,0.759,0.757,0.7581,15667,59656,0,0
23-Nov-94,0.7632,0.7636,0.7592,0.7607,19758,60065,0,0
22-Nov-94,0.7617,0.7622,0.7555,0.7568,17713,58635,0,0
21-Nov-94,0.758,0.7598,0.7566,0.7583,22915,56728,0,0
18-Nov-94,0.7599,0.7636,0.7582,0.7587,15445,55464,0,0
17-Nov-94,0.7686,0.7718,0.7679,0.7691,25633,54960,0,0
16-Nov-94,0.7646,0.7687,0.7628,0.7673,23591,51985,0,0
15-Nov-94,0.7736,0.7736,0.765,0.7654,29611,49252,0,0
14-Nov-94,0.774,0.7743,0.7707,0.7719,9454,46833,0,0
11-Nov-94,0.7808,0.7828,0.7793,0.7807,29070,46985,0,0
10-Nov-94,0.7831,0.7833,0.777,0.7794,28901,43793,0,0
9-Nov-94,0.7821,0.785,0.7802,0.7808,20585,44280,0,0
8-Nov-94,0.7921,0.7965,0.7919,0.7936,11661,42634,0,0
7-Nov-94,0.7906,0.7912,0.7883,0.789,17130,42118,0,0
4-Nov-94,0.7869,0.7915,0.7842,0.7901,22857,40978,0,0
3-Nov-94,0.7905,0.7918,0.7852,0.7901,29026,42948,0,0
2-Nov-94,0.8036,0.8063,0.7865,0.7921,20969,43625,0,0
1-Nov-94,0.8021,0.8038,0.7989,0.8028,18517,42216,0,0
31-Oct-94,0.7949,0.7995,0.7943,0.7971,33397,43828,0,0
28-Oct-94,0.8012,0.8044,0.7907,0.7944,18384,43255,0,0
27-Oct-94,0.8035,0.8038,0.799,0.8,18384,43255,0,0
26-Oct-94,0.8009,0.8056,0.8003,0.8054,20017,42328,0,0
25-Oct-94,0.8103,0.8108,0.802,0.8039,20017,42328,0,0
24-Oct-94,0.8019,0.8059,0.8006,0.8053,13253,43432,0,0
21-Oct-94,0.8076,0.8089,0.801,0.8029,19582,43413,0,0
20-Oct-94,0.804,0.8105,0.803,0.8091,14901,43150,0,0
19-Oct-94,0.8069,0.8074,0.8022,0.8044,14901,43150,0,0
18-Oct-94,0.802,0.8043,0.8013,0.8033,26389,42255,0,0
17-Oct-94,0.801,0.806,0.799,0.8041,26389,42255,0,0
14-Oct-94,0.7896,0.7947,0.7888,0.7937,26930,39312,0,0
13-Oct-94,0.7819,0.7848,0.778,0.7845,18035,35121,0,0
12-Oct-94,0.7788,0.7809,0.778,0.7802,20479,35412,0,0
11-Oct-94,0.7808,0.781,0.7755,0.7775,20479,35412,0,0
10-Oct-94,0.781,0.7831,0.7807,0.7826,9105,36062,0,0
7-Oct-94,0.7877,0.7899,0.7813,0.7829,25821,36134,0,0
6-Oct-94,0.7839,0.785,0.7823,0.7833,9267,35078,0,0
5-Oct-94,0.7828,0.7865,0.7823,0.7843,21825,35964,0,0
4-Oct-94,0.778,0.781,0.7773,0.7801,14842,34270,0,0
3-Oct-94,0.7723,0.7772,0.771,0.7755,19809,34539,0,0
30-Sep-94,0.7797,0.7809,0.7755,0.7783,14671,34335,0,0
29-Sep-94,0.7815,0.7822,0.7796,0.7806,11003,35363,0,0
28-Sep-94,0.7833,0.7851,0.7776,0.7788,19727,35841,0,0
27-Sep-94,0.7818,0.787,0.7801,0.7846,15594,36750,0,0
26-Sep-94,0.779,0.7799,0.777,0.7789,12467,36141,0,0
23-Sep-94,0.7794,0.7825,0.7788,0.7802,10244,36313,0,0
22-Sep-94,0.779,0.782,0.7779,0.7813,12668,35983,0,0
21-Sep-94,0.7802,0.7838,0.7789,0.7817,16556,36259,0,0
20-Sep-94,0.7788,0.782,0.7772,0.7789,19283,35427,0,0
19-Sep-94,0.7811,0.7825,0.7753,0.7794,39987,56119,0,0
16-Sep-94,0.7815,0.7905,0.7795,0.7837,39987,56119,0,0
15-Sep-94,0.7827,0.7827,0.7788,0.7813,17284,54290,0,0
14-Sep-94,0.7822,0.7866,0.7795,0.7826,31450,54679,0,0
13-Sep-94,0.7792,0.7833,0.7742,0.7808,36602,54183,0,0
12-Sep-94,0.7819,0.7835,0.779,0.7799,39507,51534,0,0
9-Sep-94,0.7662,0.7825,0.7662,0.7809,23912,45838,0,0
8-Sep-94,0.7708,0.7722,0.7656,0.7686,23888,45307,0,0
7-Sep-94,0.7732,0.7742,0.7695,0.7721,23888,45307,0,0
6-Sep-94,0.7708,0.7746,0.7698,0.774,25104,45660,0,0
2-Sep-94,0.7535,0.7655,0.7503,0.7652,17646,41907,0,0
1-Sep-94,0.7524,0.7576,0.7518,0.7558,11644,42342,0,0
31-Aug-94,0.751,0.7532,0.7502,0.7508,20066,42930,0,0
30-Aug-94,0.7477,0.7535,0.7477,0.7532,29482,43365,0,0
29-Aug-94,0.7501,0.7512,0.7423,0.751,29482,43365,0,0
26-Aug-94,0.7683,0.7683,0.749,0.7513,15380,46742,0,0
25-Aug-94,0.7661,0.7691,0.7647,0.7685,15923,46079,0,0
24-Aug-94,0.768,0.7713,0.7671,0.7685,15923,46079,0,0
23-Aug-94,0.7747,0.7748,0.7695,0.7732,16483,46475,0,0
22-Aug-94,0.7735,0.779,0.7722,0.7767,17534,47278,0,0
19-Aug-94,0.774,0.7763,0.771,0.7728,16922,45382,0,0
18-Aug-94,0.7709,0.773,0.7676,0.7728,16566,44966,0,0
17-Aug-94,0.763,0.767,0.7618,0.7668,23303,47245,0,0
16-Aug-94,0.7656,0.7737,0.7601,0.7652,13040,46488,0,0
15-Aug-94,0.7665,0.7696,0.7665,0.7676,13040,46488,0,0
12-Aug-94,0.7688,0.7688,0.7626,0.7671,28891,43883,0,0
11-Aug-94,0.7492,0.7635,0.7465,0.761,18026,41733,0,0
10-Aug-94,0.7555,0.756,0.7488,0.75,8952,41060,0,0
9-Aug-94,0.7489,0.7509,0.7481,0.7498,18579,42268,0,0
8-Aug-94,0.7483,0.7522,0.7478,0.749,17183,41106,0,0
5-Aug-94,0.746,0.7518,0.7436,0.7505,14786,40575,0,0
4-Aug-94,0.7513,0.7528,0.7443,0.7459,12458,40281,0,0
3-Aug-94,0.7467,0.7521,0.7466,0.7513,15616,40035,0,0
2-Aug-94,0.7496,0.7514,0.7461,0.747,14660,40758,0,0
1-Aug-94,0.753,0.7555,0.7502,0.7522,20865,40724,0,0
29-Jul-94,0.7402,0.7468,0.7385,0.746,20865,40724,0,0
28-Jul-94,0.7537,0.7548,0.7403,0.7415,16928,39561,0,0
27-Jul-94,0.7481,0.7512,0.7469,0.7497,14891,38445,0,0
26-Jul-94,0.7415,0.744,0.7397,0.743,14508,38677,0,0
25-Jul-94,0.7424,0.7453,0.7404,0.7415,29343,38968,0,0
22-Jul-94,0.7414,0.7433,0.7362,0.738,32322,41907,0,0
21-Jul-94,0.7599,0.7611,0.7415,0.7439,27954,45208,0,0
20-Jul-94,0.7507,0.7603,0.7507,0.7569,28463,44560,0,0
19-Jul-94,0.7637,0.7668,0.7528,0.7548,11609,45971,0,0
18-Jul-94,0.7696,0.7707,0.7657,0.7669,17845,46927,0,0
15-Jul-94,0.7633,0.7656,0.7602,0.7649,24584,48098,0,0
14-Jul-94,0.7677,0.772,0.7619,0.7635,17112,48553,0,0
13-Jul-94,0.7746,0.7785,0.7701,0.7712,23520,48176,0,0
12-Jul-94,0.7744,0.7817,0.7737,0.7763,30850,49958,0,0
11-Jul-94,0.7668,0.7802,0.7667,0.7763,25317,49694,0,0
8-Jul-94,0.7556,0.764,0.7515,0.7602,17211,48604,0,0
7-Jul-94,0.7531,0.7569,0.7497,0.7561,19368,49470,0,0
6-Jul-94,0.756,0.7602,0.7515,0.7548,12124,49622,0,0
5-Jul-94,0.7506,0.7542,0.7505,0.7539,12555,49372,0,0
1-Jul-94,0.7458,0.751,0.7455,0.7485,17607,49883,0,0
30-Jun-94,0.7448,0.752,0.7448,0.7506,15306,50038,0,0
29-Jun-94,0.7538,0.7542,0.7489,0.7513,18079,51837,0,0
28-Jun-94,0.7493,0.7561,0.7488,0.7542,18077,49685,0,0
27-Jun-94,0.7549,0.759,0.7533,0.7537,35705,50847,0,0
24-Jun-94,0.7492,0.7555,0.739,0.7536,13729,47652,0,0
23-Jun-94,0.7422,0.7436,0.7405,0.7422,19681,47911,0,0
22-Jun-94,0.7421,0.7452,0.7391,0.7412,21240,49148,0,0
21-Jun-94,0.7381,0.749,0.7375,0.7474,19429,48889,0,0
20-Jun-94,0.7445,0.745,0.7394,0.7414,26338,48997,0,0
17-Jun-94,0.7262,0.7398,0.7254,0.7384,16151,46785,0,0
16-Jun-94,0.7295,0.7311,0.7284,0.7304,23354,44627,0,0
15-Jun-94,0.7258,0.7305,0.7255,0.73,19274,40234,0,0
14-Jun-94,0.7223,0.7244,0.7205,0.7218,38415,53899,0,0
13-Jun-94,0.7147,0.7225,0.7145,0.7209,31796,46849,0,0
10-Jun-94,0.7096,0.7133,0.7094,0.7124,18911,49434,0,0
9-Jun-94,0.7087,0.7099,0.7067,0.7092,19026,48536,0,0
8-Jun-94,0.7091,0.7093,0.7066,0.7074,24072,47643,0,0
7-Jun-94,0.7078,0.7092,0.7063,0.7078,31091,48855,0,0
6-Jun-94,0.7052,0.7079,0.7049,0.7057,38601,48580,0,0
3-Jun-94,0.7084,0.7102,0.7031,0.7049,21700,48791,0,0
2-Jun-94,0.7138,0.7143,0.7108,0.7124,19048,47663,0,0
1-Jun-94,0.7144,0.7161,0.7132,0.7137,16968,47435,0,0
31-May-94,0.715,0.7156,0.7107,0.7123,12617,45919,0,0
27-May-94,0.7108,0.7138,0.7093,0.7125,20407,46546,0,0
26-May-94,0.7135,0.7146,0.7104,0.7111,24774,46930,0,0
25-May-94,0.7081,0.7146,0.7078,0.7128,15223,44280,0,0
24-May-94,0.7101,0.7111,0.7064,0.7069,20065,44767,0,0
23-May-94,0.7119,0.7144,0.7082,0.7127,16763,44135,0,0
20-May-94,0.7104,0.713,0.71,0.7121,15813,43643,0,0
19-May-94,0.7097,0.7105,0.7076,0.7082,20852,41553,0,0
18-May-94,0.7063,0.711,0.7056,0.7103,20647,39475,0,0
17-May-94,0.7023,0.7082,0.7018,0.703,5318,37618,0,0
16-May-94,0.7012,0.702,0.7005,0.7009,8044,37788,0,0
13-May-94,0.7004,0.7026,0.7002,0.7014,18194,37913,0,0
12-May-94,0.7,0.7023,0.6973,0.7018,19679,37895,0,0
11-May-94,0.697,0.7032,0.6969,0.701,27672,38163,0,0
10-May-94,0.7013,0.7017,0.6963,0.6975,11044,40767,0,0
9-May-94,0.7073,0.7097,0.7057,0.7089,17170,41534,0,0
6-May-94,0.704,0.7087,0.7016,0.7081,11749,41072,0,0
5-May-94,0.7042,0.7079,0.7037,0.7061,18114,41941,0,0
4-May-94,0.7117,0.7123,0.7059,0.7118,16919,42704,0,0
3-May-94,0.7134,0.7172,0.7116,0.7164,13265,41429,0,0
2-May-94,0.7115,0.7151,0.7107,0.7129,28689,42011,0,0
29-Apr-94,0.7085,0.7174,0.7078,0.7138,37709,40116,0,0
28-Apr-94,0.6992,0.7092,0.699,0.7089,18507,39486,0,0
26-Apr-94,0.695,0.7005,0.6949,0.6987,11495,38792,0,0
25-Apr-94,0.6991,0.6995,0.6962,0.6973,9362,37845,0,0
22-Apr-94,0.6968,0.6981,0.6944,0.6968,18933,38099,0,0
21-Apr-94,0.6973,0.6987,0.695,0.697,20904,39444,0,0
20-Apr-94,0.6935,0.6983,0.6919,0.697,19521,40579,0,0
19-Apr-94,0.6927,0.6957,0.6921,0.6927,28103,40983,0,0
18-Apr-94,0.6882,0.6919,0.6843,0.6905,26619,39137,0,0
15-Apr-94,0.6882,0.6894,0.685,0.6874,17277,35919,0,0
14-Apr-94,0.6926,0.6936,0.6894,0.6908,18324,34214,0,0
13-Apr-94,0.6913,0.6948,0.6908,0.6943,15766,34996,0,0
12-Apr-94,0.6898,0.691,0.688,0.6908,13468,34416,0,0
11-Apr-94,0.6952,0.6958,0.6917,0.6933,16918,34162,0,0
8-Apr-94,0.6925,0.6949,0.6909,0.6911,16790,34600,0,0
7-Apr-94,0.6906,0.6923,0.6877,0.691,24761,34144,0,0
6-Apr-94,0.6898,0.6914,0.6878,0.69,38405,34614,0,0
5-Apr-94,0.7016,0.7016,0.6887,0.6893,15662,36990,0,0
4-Apr-94,0.7028,0.7036,0.6985,0.7021,17686,38456,0,0
1-Apr-94,0.706,0.707,0.6983,0.7011,17686,38456,0,0
31-Mar-94,0.7069,0.7115,0.7053,0.7091,21836,38864,0,0
30-Mar-94,0.7012,0.7062,0.7008,0.7045,19641,36078,0,0
29-Mar-94,0.7051,0.7057,0.7,0.7008,12848,36610,0,0
28-Mar-94,0.7019,0.7036,0.701,0.7032,12555,36739,0,0
25-Mar-94,0.7055,0.707,0.7037,0.7051,27671,37261,0,0
24-Mar-94,0.7003,0.7068,0.7003,0.7046,16282,33512,0,0
23-Mar-94,0.6987,0.7012,0.6974,0.7001,16282,33512,0,0
22-Mar-94,0.6999,0.7025,0.6974,0.6995,18987,33164,0,0
21-Mar-94,0.6946,0.698,0.6937,0.6976,13260,32356,0,0
18-Mar-94,0.6947,0.6973,0.6918,0.6933,19336,32689,0,0
17-Mar-94,0.6995,0.7005,0.6938,0.695,19336,32689,0,0
16-Mar-94,0.6948,0.6987,0.694,0.6974,19469,33039,0,0
15-Mar-94,0.6934,0.6953,0.6915,0.6927,25842,32715,0,0
14-Mar-94,0.7025,0.7026,0.6944,0.6962,23974,53793,0,0
11-Mar-94,0.705,0.7078,0.7018,0.7026,29338,56884,0,0
10-Mar-94,0.701,0.7082,0.7006,0.707,39781,60838,0,0
9-Mar-94,0.695,0.6975,0.6949,0.6962,26705,54466,0,0
8-Mar-94,0.6967,0.6968,0.6938,0.6951,26239,53479,0,0
7-Mar-94,0.6939,0.6961,0.6932,0.6938,39738,54832,0,0
4-Mar-94,0.6953,0.6961,0.6921,0.6937,24188,50264,0,0
3-Mar-94,0.696,0.6992,0.6951,0.6956,19734,51876,0,0
2-Mar-94,0.7005,0.7027,0.698,0.6984,24590,52296,0,0
1-Mar-94,0.7006,0.701,0.6933,0.6958,26074,52460,0,0
28-Feb-94,0.6983,0.7029,0.6981,0.7012,18600,51296,0,0
25-Feb-94,0.6994,0.7032,0.6987,0.7003,27808,51113,0,0
24-Feb-94,0.688,0.6997,0.686,0.6974,32926,47952,0,0
23-Feb-94,0.6885,0.6887,0.6868,0.6873,11727,42311,0,0
22-Feb-94,0.6874,0.6905,0.6873,0.6894,18338,42850,0,0
18-Feb-94,0.6887,0.695,0.6869,0.6946,16118,43747,0,0
17-Feb-94,0.6854,0.6882,0.6836,0.6858,19097,42286,0,0
16-Feb-94,0.6879,0.6901,0.6857,0.6871,14569,42080,0,0
15-Feb-94,0.6862,0.6917,0.6859,0.6867,39665,41673,0,0
14-Feb-94,0.6818,0.6889,0.6786,0.6857,43711,42844,0,0
11-Feb-94,0.6751,0.6782,0.6733,0.6745,21147,50672,0,0
10-Feb-94,0.6734,0.6774,0.6723,0.6759,28069,50744,0,0
9-Feb-94,0.6759,0.6782,0.6748,0.6766,20065,48853,0,0
8-Feb-94,0.6773,0.6774,0.6732,0.6748,34234,51197,0,0
7-Feb-94,0.6793,0.6808,0.678,0.6805,23470,48069,0,0
4-Feb-94,0.6876,0.692,0.677,0.6792,45532,51510,0,0
3-Feb-94,0.6862,0.6921,0.6862,0.6885,36086,45378,0,0
2-Feb-94,0.689,0.69,0.6863,0.6888,16962,42417,0,0
1-Feb-94,0.6898,0.6924,0.6858,0.6889,31903,42329,0,0
31-Jan-94,0.6822,0.6872,0.6802,0.6861,19381,40711,0,0
28-Jan-94,0.6812,0.6885,0.6785,0.6787,32052,40074,0,0
27-Jan-94,0.6794,0.6845,0.678,0.6834,18679,37711,0,0
26-Jan-94,0.6796,0.68,0.677,0.679,17163,38577,0,0
25-Jan-94,0.6776,0.6814,0.6772,0.6805,19795,39015,0,0
24-Jan-94,0.6805,0.6822,0.6795,0.6811,15566,38785,0,0
21-Jan-94,0.6883,0.6883,0.6805,0.6808,24231,38694,0,0
20-Jan-94,0.6833,0.6877,0.682,0.686,25861,38797,0,0
19-Jan-94,0.6839,0.6848,0.682,0.6835,15955,38454,0,0
18-Jan-94,0.679,0.6842,0.6782,0.6832,25688,37906,0,0
17-Jan-94,0.6747,0.6758,0.6737,0.6757,6180,38558,0,0
14-Jan-94,0.6716,0.6762,0.6707,0.6757,23286,39292,0,0
13-Jan-94,0.6811,0.6813,0.6735,0.6753,43584,38813,0,0
12-Jan-94,0.6812,0.6835,0.6787,0.6826,32570,43711,0,0
11-Jan-94,0.6752,0.6769,0.6743,0.6755,15108,47632,0,0
10-Jan-94,0.6822,0.6824,0.6772,0.6783,17749,46854,0,0
7-Jan-94,0.6747,0.6823,0.6738,0.6804,32786,48048,0,0
6-Jan-94,0.6775,0.6803,0.6725,0.6737,25068,48632,0,0
5-Jan-94,0.6753,0.6767,0.6739,0.6748,17443,47559,0,0
4-Jan-94,0.673,0.6744,0.6702,0.673,21304,45960,0,0
3-Jan-94,0.674,0.6744,0.6681,0.6686,18436,46414,0,0
31-Dec-93,0.673,0.673,0.6696,0.6702,10037,45234,0,0
30-Dec-93,0.6758,0.6775,0.6718,0.673,20920,46318,0,0
29-Dec-93,0.691,0.691,0.677,0.6787,26625,49192,0,0
28-Dec-93,0.6914,0.6951,0.6912,0.6935,6732,51615,0,0
27-Dec-93,0.6913,0.6919,0.6901,0.6912,6900,50796,0,0
23-Dec-93,0.6938,0.6969,0.6932,0.6962,11872,50426,0,0
22-Dec-93,0.689,0.6967,0.6888,0.6947,32426,50288,0,0
21-Dec-93,0.6883,0.6894,0.6867,0.6884,11397,36597,0,0
20-Dec-93,0.6826,0.6852,0.6805,0.6841,9372,35096,0,0
17-Dec-93,0.684,0.6862,0.6825,0.6832,10136,35146,0,0
16-Dec-93,0.6808,0.6847,0.6802,0.683,17379,35425,0,0
15-Dec-93,0.6797,0.6826,0.6788,0.6789,18322,32988,0,0
14-Dec-93,0.6786,0.6825,0.6784,0.6807,13988,29514,0,0
13-Dec-93,0.682,0.6837,0.6798,0.6814,18110,57678,0,0
10-Dec-93,0.6874,0.6885,0.684,0.6862,27177,58151,0,0
9-Dec-93,0.68,0.6816,0.6791,0.6807,17625,54612,0,0
8-Dec-93,0.6792,0.6827,0.6775,0.6804,24517,55566,0,0
7-Dec-93,0.682,0.685,0.68,0.6836,28977,55905,0,0
6-Dec-93,0.676,0.6845,0.675,0.6834,53246,57252,0,0
3-Dec-93,0.6674,0.6755,0.6627,0.6709,58380,56196,0,0
2-Dec-93,0.6674,0.6688,0.6658,0.6675,14123,60363,0,0
1-Dec-93,0.6656,0.6696,0.6647,0.6656,23755,60148,0,0
30-Nov-93,0.6704,0.6713,0.665,0.6671,30721,60306,0,0
29-Nov-93,0.6657,0.6715,0.6656,0.6703,23732,62874,0,0
26-Nov-93,0.6662,0.6678,0.665,0.667,6494,61789,0,0
24-Nov-93,0.6698,0.6716,0.6678,0.6698,11586,60924,0,0
23-Nov-93,0.6677,0.6733,0.666,0.6696,24184,62440,0,0
22-Nov-93,0.6673,0.6711,0.6664,0.6683,19124,63253,0,0
19-Nov-93,0.6638,0.6659,0.6606,0.6635,18232,64725,0,0
18-Nov-93,0.6647,0.6666,0.6623,0.664,20288,62972,0,0
17-Nov-93,0.6625,0.67,0.6624,0.6679,21114,63333,0,0
16-Nov-93,0.6684,0.669,0.6625,0.6648,18906,63853,0,0
15-Nov-93,0.6699,0.6723,0.6675,0.6693,16120,60573,0,0
12-Nov-93,0.6636,0.6729,0.662,0.6716,23326,60873,0,0
11-Nov-93,0.6692,0.6709,0.6658,0.6665,10092,60455,0,0
10-Nov-93,0.6683,0.6703,0.6653,0.6697,29656,60451,0,0
9-Nov-93,0.6697,0.673,0.6662,0.6687,18785,53068,0,0
8-Nov-93,0.6708,0.6738,0.6705,0.6728,14257,52233,0,0
5-Nov-93,0.6642,0.6704,0.6605,0.6679,21137,52842,0,0
4-Nov-93,0.6657,0.6665,0.6633,0.6645,12376,51930,0,0
3-Nov-93,0.6642,0.6654,0.6628,0.6649,14503,51258,0,0
2-Nov-93,0.6634,0.6669,0.6593,0.6609,31375,50833,0,0
1-Nov-93,0.6693,0.6696,0.663,0.6645,24724,45555,0,0
29-Oct-93,0.6745,0.6754,0.6688,0.6691,14383,42332,0,0
28-Oct-93,0.6725,0.6785,0.6672,0.6754,28885,41639,0,0
27-Oct-93,0.6753,0.6753,0.6724,0.6739,15265,39416,0,0
26-Oct-93,0.6726,0.6767,0.6718,0.6745,19345,38619,0,0
25-Oct-93,0.6753,0.6798,0.671,0.6723,23692,40357,0,0
22-Oct-93,0.6788,0.6804,0.6742,0.6753,18695,40259,0,0
21-Oct-93,0.684,0.6841,0.6773,0.6789,28647,42475,0,0
20-Oct-93,0.6862,0.6888,0.683,0.6875,32327,43670,0,0
19-Oct-93,0.6905,0.6916,0.6873,0.6892,20757,50200,0,0
18-Oct-93,0.6949,0.6966,0.6875,0.6904,27577,50126,0,0
15-Oct-93,0.699,0.7008,0.698,0.6983,19701,50557,0,0
14-Oct-93,0.7098,0.7115,0.6997,0.7011,42664,52105,0,0
13-Oct-93,0.7115,0.7117,0.7086,0.7098,17165,59892,0,0
12-Oct-93,0.711,0.7149,0.7105,0.713,22404,62395,0,0
11-Oct-93,0.7095,0.71,0.7076,0.7083,7132,58166,0,0
8-Oct-93,0.7,0.7127,0.6994,0.7102,29670,58344,0,0
7-Oct-93,0.7012,0.7018,0.6976,0.6994,13122,52881,0,0
6-Oct-93,0.6986,0.7031,0.6968,0.7004,15715,52619,0,0
5-Oct-93,0.7049,0.7069,0.6995,0.7015,16722,52744,0,0
4-Oct-93,0.6986,0.7049,0.6985,0.7028,21189,52869,0,0
1-Oct-93,0.6951,0.7026,0.693,0.7008,20058,54071,0,0
30-Sep-93,0.7037,0.7046,0.6969,0.6997,19123,53875,0,0
29-Sep-93,0.7085,0.7094,0.7038,0.7056,15526,53777,0,0
28-Sep-93,0.7011,0.7078,0.6984,0.706,19410,53515,0,0
27-Sep-93,0.7004,0.7034,0.6982,0.7024,13947,52730,0,0
24-Sep-93,0.6922,0.699,0.6917,0.6973,13869,52313,0,0
23-Sep-93,0.7002,0.701,0.693,0.696,21635,52187,0,0
22-Sep-93,0.7045,0.7048,0.6983,0.7016,20045,53541,0,0
21-Sep-93,0.7126,0.7134,0.6955,0.6988,40566,54095,0,0
20-Sep-93,0.708,0.712,0.7074,0.7107,16492,55934,0,0
17-Sep-93,0.7082,0.7134,0.7081,0.71,18124,55625,0,0
16-Sep-93,0.7172,0.7187,0.7072,0.7119,18482,53273,0,0
15-Sep-93,0.7161,0.7212,0.715,0.7155,22687,55473,0,0
14-Sep-93,0.709,0.7136,0.706,0.7111,21413,54609,0,0
13-Sep-93,0.7124,0.7132,0.7065,0.7092,23277,75684,0,0
10-Sep-93,0.709,0.7178,0.708,0.7164,32970,82707,0,0
9-Sep-93,0.7104,0.7135,0.706,0.7118,49882,81791,0,0
8-Sep-93,0.701,0.7037,0.6988,0.7026,34039,71129,0,0
7-Sep-93,0.6978,0.7066,0.6952,0.7037,40299,67712,0,0
3-Sep-93,0.6908,0.702,0.6908,0.7013,29599,59454,0,0
2-Sep-93,0.6874,0.693,0.6855,0.6914,43437,58743,0,0
1-Sep-93,0.6782,0.6869,0.678,0.6855,32658,47814,0,0
31-Aug-93,0.681,0.6814,0.6735,0.6762,19333,45524,0,0
30-Aug-93,0.6793,0.6806,0.6765,0.6791,12945,45703,0,0
27-Aug-93,0.6795,0.6827,0.677,0.6811,18859,44502,0,0
26-Aug-93,0.676,0.6829,0.676,0.6803,22577,44420,0,0
25-Aug-93,0.6765,0.6775,0.6707,0.6743,18950,42149,0,0
24-Aug-93,0.6747,0.6792,0.6743,0.678,17446,43481,0,0
23-Aug-93,0.6781,0.6787,0.6717,0.6739,17808,43577,0,0
20-Aug-93,0.6726,0.6823,0.6726,0.6809,22224,44297,0,0
19-Aug-93,0.6716,0.678,0.6688,0.6712,24878,43963,0,0
18-Aug-93,0.6651,0.675,0.6647,0.6731,33522,44794,0,0
17-Aug-93,0.6667,0.668,0.6622,0.6641,23319,45718,0,0
16-Aug-93,0.6552,0.6715,0.6552,0.6692,38459,47794,0,0
13-Aug-93,0.6562,0.6568,0.652,0.6553,13029,49598,0,0
12-Aug-93,0.655,0.6559,0.6494,0.6552,25129,50196,0,0
11-Aug-93,0.6552,0.6563,0.6505,0.6511,25842,46634,0,0
10-Aug-93,0.6623,0.6623,0.653,0.6535,25677,42524,0,0
9-Aug-93,0.6642,0.6659,0.6625,0.6641,7142,40651,0,0
6-Aug-93,0.6615,0.6667,0.6605,0.6652,17494,40855,0,0
5-Aug-93,0.6617,0.6632,0.6585,0.6626,14140,40486,0,0
4-Aug-93,0.6629,0.6643,0.6609,0.663,12796,41241,0,0
3-Aug-93,0.6664,0.6685,0.6627,0.6644,28032,42625,0,0
2-Aug-93,0.6575,0.669,0.6568,0.6685,31861,44501,0,0
30-Jul-93,0.653,0.6567,0.6527,0.6549,18833,46509,0,0
29-Jul-93,0.6587,0.6617,0.6519,0.6522,29195,46151,0,0
28-Jul-93,0.6587,0.6605,0.6561,0.6601,15633,41986,0,0
27-Jul-93,0.6572,0.6574,0.6557,0.6561,8043,42385,0,0
26-Jul-93,0.656,0.658,0.6553,0.6561,11330,41789,0,0
23-Jul-93,0.6585,0.6592,0.6552,0.6564,19718,41149,0,0
22-Jul-93,0.6637,0.6649,0.6618,0.6645,10599,39197,0,0
21-Jul-93,0.6653,0.6669,0.6625,0.6649,15735,39665,0,0
20-Jul-93,0.6657,0.6677,0.6616,0.667,23182,39824,0,0
19-Jul-93,0.6661,0.6668,0.6621,0.6651,23159,40555,0,0
16-Jul-93,0.6572,0.664,0.6531,0.6627,23414,42598,0,0
15-Jul-93,0.6618,0.6618,0.6562,0.6578,17571,42701,0,0
14-Jul-93,0.6547,0.6617,0.6536,0.6604,25612,42427,0,0
13-Jul-93,0.6558,0.6578,0.6543,0.6569,19942,42581,0,0
12-Jul-93,0.6489,0.6529,0.6486,0.6524,14386,42209,0,0
9-Jul-93,0.6519,0.6522,0.6487,0.6512,20258,41333,0,0
8-Jul-93,0.6591,0.66,0.6549,0.6592,20758,37827,0,0
7-Jul-93,0.6616,0.6625,0.6565,0.6587,14244,37062,0,0
6-Jul-93,0.6587,0.6622,0.6581,0.6589,12985,36466,0,0
2-Jul-93,0.6607,0.672,0.658,0.6596,17376,36417,0,0
1-Jul-93,0.66,0.6632,0.6571,0.6606,19793,35207,0,0
30-Jun-93,0.666,0.6679,0.6564,0.6579,22234,35696,0,0
29-Jun-93,0.6609,0.667,0.6603,0.6654,23300,34494,0,0
28-Jun-93,0.6576,0.6633,0.6576,0.6612,17266,37279,0,0
25-Jun-93,0.6559,0.6621,0.6553,0.6579,22231,37062,0,0
24-Jun-93,0.6563,0.6576,0.6546,0.6572,16161,37653,0,0
23-Jun-93,0.6573,0.6634,0.6572,0.6611,23373,36919,0,0
22-Jun-93,0.6612,0.6628,0.6571,0.659,23280,36595,0,0
21-Jun-93,0.6625,0.665,0.6607,0.6631,22957,35581,0,0
18-Jun-93,0.6708,0.6708,0.6612,0.6637,30085,34592,0,0
17-Jun-93,0.6712,0.6743,0.6678,0.6719,24159,29471,0,0
16-Jun-93,0.6768,0.6768,0.668,0.6701,28337,29581,0,0
15-Jun-93,0.6858,0.6885,0.674,0.6758,28080,26481,0,0
14-Jun-93,0.6874,0.6903,0.684,0.6848,21099,46251,0,0
11-Jun-93,0.6806,0.6905,0.6798,0.685,31547,49104,0,0
10-Jun-93,0.6765,0.682,0.6745,0.6807,31750,48475,0,0
9-Jun-93,0.6804,0.681,0.6735,0.676,35970,49448,0,0
8-Jun-93,0.6849,0.6861,0.68,0.6804,18287,51248,0,0
7-Jun-93,0.6802,0.6847,0.6802,0.6838,28566,49744,0,0
4-Jun-93,0.7008,0.7014,0.681,0.6814,43264,49864,0,0
3-Jun-93,0.7027,0.7035,0.6978,0.699,18424,51309,0,0
2-Jun-93,0.7012,0.7036,0.6993,0.7025,20441,50985,0,0
1-Jun-93,0.7034,0.705,0.7,0.7026,19792,51931,0,0
28-May-93,0.7005,0.7063,0.6997,0.7052,30309,51160,0,0
27-May-93,0.691,0.7004,0.6884,0.697,42134,50894,0,0
26-May-93,0.6868,0.688,0.6824,0.6869,22863,47752,0,0
25-May-93,0.6798,0.6863,0.6798,0.6851,26565,46509,0,0
24-May-93,0.6761,0.6823,0.6759,0.681,19171,46318,0,0
21-May-93,0.6799,0.6814,0.6769,0.6809,16702,46044,0,0
20-May-93,0.6792,0.6835,0.6782,0.6819,20876,46477,0,0
19-May-93,0.6772,0.6808,0.6741,0.6773,31313,47258,0,0
18-May-93,0.6754,0.6768,0.6733,0.6747,30952,46199,0,0
17-May-93,0.6875,0.6875,0.6783,0.6808,28652,47765,0,0
14-May-93,0.6859,0.6895,0.6853,0.6891,16929,47297,0,0
13-May-93,0.6838,0.6864,0.6817,0.6823,21039,47943,0,0
12-May-93,0.6829,0.6848,0.68,0.682,18616,46621,0,0
11-May-93,0.683,0.6855,0.682,0.6848,20067,45076,0,0
10-May-93,0.6951,0.6956,0.6832,0.6837,36408,45995,0,0
7-May-93,0.7041,0.7095,0.6974,0.6984,31000,49060,0,0
6-May-93,0.7022,0.7068,0.6998,0.7067,16448,50560,0,0
5-May-93,0.7062,0.7074,0.7024,0.7043,17757,49619,0,0
4-May-93,0.7026,0.7052,0.7012,0.7023,22111,49940,0,0
3-May-93,0.6946,0.6987,0.6904,0.6984,16077,48162,0,0
30-Apr-93,0.6996,0.701,0.6937,0.697,16242,49333,0,0
29-Apr-93,0.6987,0.7032,0.6965,0.7,19451,50233,0,0
28-Apr-93,0.6933,0.6996,0.692,0.6984,21372,50132,0,0
27-Apr-93,0.7037,0.7062,0.6982,0.7004,23043,47873,0,0
26-Apr-93,0.7018,0.7055,0.7009,0.7041,21609,48036,0,0
23-Apr-93,0.6895,0.6999,0.6895,0.6992,22196,47071,0,0
22-Apr-93,0.6855,0.688,0.6805,0.6862,18241,43767,0,0
21-Apr-93,0.6847,0.686,0.681,0.6839,18031,43251,0,0
20-Apr-93,0.685,0.6882,0.6802,0.6835,23584,44043,0,0
19-Apr-93,0.6738,0.68,0.6738,0.6793,18896,42684,0,0
16-Apr-93,0.6792,0.6799,0.6715,0.6719,21214,41233,0,0
15-Apr-93,0.682,0.6854,0.6784,0.6792,18792,44080,0,0
14-Apr-93,0.6857,0.687,0.6817,0.6821,17017,43470,0,0
13-Apr-93,0.6836,0.691,0.6829,0.6891,29427,43856,0,0
12-Apr-93,0.676,0.6845,0.676,0.6806,30475,43198,0,0
8-Apr-93,0.67,0.6753,0.669,0.6737,15039,38071,0,0
7-Apr-93,0.6708,0.671,0.6671,0.6687,13975,37417,0,0
6-Apr-93,0.6718,0.6718,0.6681,0.6692,14017,38232,0,0
5-Apr-93,0.6732,0.6754,0.6723,0.6744,11915,38603,0,0
2-Apr-93,0.6742,0.6785,0.6648,0.6729,29264,38674,0,0
1-Apr-93,0.6654,0.6769,0.6654,0.676,31468,40553,0,0
31-Mar-93,0.6669,0.6689,0.6653,0.6683,22903,40333,0,0
30-Mar-93,0.6621,0.6673,0.6614,0.6667,22420,42624,0,0
29-Mar-93,0.6596,0.6621,0.6588,0.6619,11390,42262,0,0
26-Mar-93,0.6575,0.6605,0.6571,0.6584,16635,42483,0,0
25-Mar-93,0.6582,0.6582,0.6527,0.6549,16701,42944,0,0
24-Mar-93,0.6589,0.6614,0.6565,0.6571,18307,42364,0,0
23-Mar-93,0.6589,0.6604,0.6564,0.6587,21472,43556,0,0
22-Mar-93,0.6581,0.6608,0.656,0.658,13614,40178,0,0
19-Mar-93,0.6619,0.664,0.657,0.6597,29352,40601,0,0
18-Mar-93,0.6522,0.6615,0.6495,0.6599,31148,37707,0,0
17-Mar-93,0.6538,0.654,0.6478,0.6496,14922,36798,0,0
16-Mar-93,0.6541,0.6578,0.6528,0.6532,16864,37197,0,0
15-Mar-93,0.6524,0.6549,0.6517,0.6539,13528,55710,0,0
12-Mar-93,0.6532,0.6582,0.6512,0.6555,27293,58403,0,0
11-Mar-93,0.6491,0.655,0.6476,0.6535,27028,59299,0,0
10-Mar-93,0.6465,0.6489,0.6457,0.648,26522,59000,0,0
9-Mar-93,0.6493,0.6495,0.6434,0.6455,27815,57029,0,0
8-Mar-93,0.6452,0.6479,0.6448,0.6458,32234,54265,0,0
5-Mar-93,0.655,0.6552,0.6436,0.6469,41548,53678,0,0
4-Mar-93,0.6588,0.66,0.6555,0.6573,23882,51407,0,0
3-Mar-93,0.66,0.6602,0.6536,0.6555,28333,50204,0,0
2-Mar-93,0.6568,0.6588,0.6547,0.6563,22886,49032,0,0
1-Mar-93,0.6524,0.6555,0.6482,0.6487,19995,49380,0,0
26-Feb-93,0.6545,0.6569,0.6526,0.6538,19826,48629,0,0
25-Feb-93,0.6586,0.6621,0.6567,0.6579,22329,48719,0,0
24-Feb-93,0.6688,0.6692,0.6617,0.6629,23760,46725,0,0
23-Feb-93,0.6664,0.6735,0.6662,0.669,22880,47688,0,0
22-Feb-93,0.6702,0.6729,0.6673,0.672,25191,46665,0,0
19-Feb-93,0.6605,0.6669,0.6605,0.6621,18949,47792,0,0
18-Feb-93,0.6529,0.6653,0.6517,0.6622,27074,47419,0,0
17-Feb-93,0.6632,0.6668,0.6622,0.6666,22714,48042,0,0
16-Feb-93,0.6552,0.6644,0.6538,0.662,29582,48845,0,0
12-Feb-93,0.6535,0.6555,0.6457,0.6463,18657,50356,0,0
11-Feb-93,0.6481,0.6516,0.6474,0.6502,14841,49906,0,0
10-Feb-93,0.6576,0.6579,0.6482,0.6492,24047,50230,0,0
9-Feb-93,0.6496,0.654,0.6496,0.6525,21332,48683,0,0
8-Feb-93,0.6535,0.6545,0.6487,0.6493,15561,51423,0,0
5-Feb-93,0.6506,0.6565,0.6485,0.6515,23425,51276,0,0
4-Feb-93,0.6495,0.6535,0.647,0.6523,25596,51569,0,0
3-Feb-93,0.654,0.657,0.6504,0.6532,28229,51783,0,0
2-Feb-93,0.6596,0.6596,0.6526,0.6561,27874,53145,0,0
1-Feb-93,0.6639,0.6654,0.6557,0.6567,29005,51087,0,0
29-Jan-93,0.6772,0.6773,0.669,0.6703,24465,47115,0,0
28-Jan-93,0.6882,0.6887,0.6797,0.682,20890,45208,0,0
27-Jan-93,0.6821,0.684,0.6795,0.6813,18125,44472,0,0
26-Jan-93,0.6901,0.6922,0.6843,0.6853,21516,45076,0,0
25-Jan-93,0.6864,0.6925,0.6864,0.6893,25889,46140,0,0
22-Jan-93,0.6757,0.6852,0.6739,0.6836,25528,49060,0,0
21-Jan-93,0.6733,0.6751,0.6711,0.6741,18636,51609,0,0
20-Jan-93,0.6788,0.6797,0.676,0.6784,19125,52644,0,0
19-Jan-93,0.6722,0.6793,0.6718,0.6775,28993,53749,0,0
18-Jan-93,0.6702,0.676,0.6702,0.6743,12654,58321,0,0
15-Jan-93,0.6705,0.672,0.6645,0.6656,17907,59236,0,0
14-Jan-93,0.6697,0.675,0.6685,0.6706,19026,57366,0,0
13-Jan-93,0.6636,0.6715,0.6633,0.6713,22955,58041,0,0
12-Jan-93,0.6686,0.6688,0.6633,0.6646,17708,58287,0,0
11-Jan-93,0.6673,0.6717,0.6672,0.6684,17201,56771,0,0
8-Jan-93,0.6617,0.668,0.6606,0.6638,26635,57368,0,0
7-Jan-93,0.6661,0.6707,0.6652,0.6662,21955,56830,0,0
6-Jan-93,0.6714,0.6729,0.6661,0.6689,22876,53250,0,0
5-Jan-93,0.672,0.678,0.6716,0.6768,23823,51762,0,0
4-Jan-93,0.673,0.6753,0.671,0.6713,17599,51967,0,0
31-Dec-92,0.6795,0.6798,0.6768,0.6781,3507,49692,0,0
30-Dec-92,0.6812,0.6829,0.6787,0.68,8020,49702,0,0
29-Dec-92,0.675,0.6794,0.675,0.6783,14311,48548,0,0
28-Dec-92,0.6858,0.6869,0.674,0.676,13702,47834,0,0
24-Dec-92,0.6902,0.6902,0.6855,0.686,5691,42506,0,0
23-Dec-92,0.6905,0.691,0.6868,0.6871,11858,40003,0,0
22-Dec-92,0.6957,0.6957,0.6866,0.6871,16307,36979,0,0
21-Dec-92,0.7038,0.7038,0.7011,0.7026,5649,34128,0,0
18-Dec-92,0.7058,0.7065,0.7009,0.7051,16435,33435,0,0
17-Dec-92,0.7153,0.7176,0.7081,0.7088,18743,32128,0,0
16-Dec-92,0.7085,0.7123,0.7081,0.7098,12093,31452,0,0
15-Dec-92,0.7043,0.7067,0.7035,0.7041,6248,31294,0,0
14-Dec-92,0.7059,0.7068,0.7029,0.7047,12051,50270,0,0
11-Dec-92,0.7048,0.7076,0.7032,0.7052,13583,52215,0,0
10-Dec-92,0.7023,0.7105,0.7012,0.7049,20166,52077,0,0
9-Dec-92,0.702,0.7074,0.7006,0.7045,27114,52020,0,0
8-Dec-92,0.7153,0.7162,0.7074,0.7118,32203,49058,0,0
7-Dec-92,0.702,0.714,0.7006,0.7122,46111,47780,0,0
4-Dec-92,0.7076,0.709,0.6965,0.6998,31017,46524,0,0
3-Dec-92,0.7091,0.7129,0.7055,0.7064,22546,46897,0,0
2-Dec-92,0.7096,0.7182,0.708,0.716,31187,47539,0,0
1-Dec-92,0.6975,0.714,0.6965,0.712,35529,46638,0,0
30-Nov-92,0.6911,0.6972,0.6903,0.6962,16706,48022,0,0
27-Nov-92,0.6902,0.6938,0.6892,0.6918,9618,48455,0,0
25-Nov-92,0.6984,0.7015,0.6947,0.6985,15078,48557,0,0
24-Nov-92,0.691,0.6975,0.6887,0.6973,19888,48957,0,0
23-Nov-92,0.6897,0.6984,0.6889,0.696,20028,49182,0,0
20-Nov-92,0.6997,0.7027,0.687,0.6893,27366,48923,0,0
19-Nov-92,0.694,0.7042,0.6895,0.7032,27753,48135,0,0
18-Nov-92,0.6904,0.6904,0.6843,0.6894,20756,47700,0,0
17-Nov-92,0.685,0.689,0.6836,0.6888,20312,46606,0,0
16-Nov-92,0.6962,0.6966,0.6918,0.6934,17798,45661,0,0
13-Nov-92,0.7054,0.7072,0.701,0.7044,19148,44866,0,0
12-Nov-92,0.6951,0.6987,0.694,0.6984,13717,44296,0,0
11-Nov-92,0.6936,0.6981,0.6921,0.6962,14690,44653,0,0
10-Nov-92,0.693,0.6966,0.6903,0.6935,21952,44031,0,0
9-Nov-92,0.697,0.702,0.6949,0.6956,18252,44845,0,0
6-Nov-92,0.7,0.7015,0.6933,0.6949,21978,44252,0,0
5-Nov-92,0.704,0.7056,0.7012,0.7017,24413,42668,0,0
4-Nov-92,0.7145,0.718,0.707,0.7074,23761,40836,0,0
3-Nov-92,0.7112,0.719,0.7112,0.712,17891,38934,0,0
2-Nov-92,0.719,0.719,0.711,0.7118,20440,38997,0,0
30-Oct-92,0.7259,0.727,0.7229,0.7247,10581,36610,0,0
29-Oct-92,0.7253,0.7292,0.7227,0.7253,16604,36283,0,0
28-Oct-92,0.7292,0.7311,0.721,0.7238,20812,36449,0,0
27-Oct-92,0.7268,0.734,0.7235,0.7338,27097,36367,0,0
26-Oct-92,0.7246,0.7305,0.7238,0.7272,25050,38956,0,0
23-Oct-92,0.7324,0.7345,0.7245,0.7307,21654,39821,0,0
22-Oct-92,0.74,0.7419,0.7352,0.7401,26895,37705,0,0
21-Oct-92,0.7345,0.7409,0.7324,0.7335,22093,38904,0,0
20-Oct-92,0.7398,0.7401,0.7272,0.7341,30782,39292,0,0
19-Oct-92,0.7528,0.7561,0.7435,0.7445,19792,35429,0,0
16-Oct-92,0.7614,0.7654,0.7515,0.7534,22588,33556,0,0
15-Oct-92,0.7678,0.7705,0.7626,0.7652,19204,32791,0,0
14-Oct-92,0.7595,0.7655,0.7565,0.7642,23252,32702,0,0
13-Oct-92,0.751,0.762,0.7489,0.7596,24470,32660,0,0
12-Oct-92,0.7548,0.762,0.7545,0.7617,12522,32881,0,0
9-Oct-92,0.7588,0.7619,0.751,0.7571,27419,33301,0,0
8-Oct-92,0.7642,0.7695,0.7537,0.7548,36566,32040,0,0
7-Oct-92,0.798,0.8001,0.7802,0.7808,16951,31967,0,0
6-Oct-92,0.8007,0.8007,0.794,0.7968,18622,32311,0,0
5-Oct-92,0.812,0.8209,0.8009,0.8012,29185,32590,0,0
2-Oct-92,0.8035,0.808,0.787,0.8076,24972,32137,0,0
1-Oct-92,0.8041,0.8072,0.7948,0.7986,22858,30139,0,0
30-Sep-92,0.8073,0.8081,0.7988,0.8023,23192,29557,0,0
29-Sep-92,0.7975,0.8076,0.7915,0.807,30939,29244,0,0
28-Sep-92,0.7762,0.7841,0.7737,0.7821,18746,29323,0,0
25-Sep-92,0.766,0.7685,0.7619,0.7665,14301,29557,0,0
24-Sep-92,0.7655,0.7658,0.752,0.7607,21606,29257,0,0
23-Sep-92,0.755,0.7615,0.7539,0.7588,23807,28041,0,0
22-Sep-92,0.7684,0.7716,0.758,0.761,20983,27176,0,0
21-Sep-92,0.7565,0.7628,0.752,0.7612,19151,25922,0,0
18-Sep-92,0.7661,0.7698,0.757,0.7607,16802,24896,0,0
17-Sep-92,0.7595,0.7695,0.757,0.7679,26853,25158,0,0
16-Sep-92,0.7565,0.7584,0.7461,0.755,31364,24751,0,0
15-Sep-92,0.7593,0.7637,0.75,0.7502,28731,21468,0,0
14-Sep-92,0.7533,0.7558,0.746,0.7509,25346,34599,0,0
11-Sep-92,0.7781,0.7785,0.7646,0.7683,35060,36891,0,0
10-Sep-92,0.7872,0.7955,0.7825,0.7827,39465,40594,0,0
9-Sep-92,0.7915,0.7949,0.7875,0.7888,34534,42238,0,0
8-Sep-92,0.796,0.8023,0.7955,0.7998,34525,43761,0,0
4-Sep-92,0.7817,0.802,0.7817,0.7994,27235,40543,0,0
3-Sep-92,0.8032,0.8036,0.7888,0.7906,27512,40305,0,0
2-Sep-92,0.8078,0.8081,0.8025,0.8048,19270,40120,0,0
1-Sep-92,0.805,0.808,0.8015,0.8077,21545,39438,0,0
31-Aug-92,0.7922,0.8025,0.7922,0.799,17940,39307,0,0
28-Aug-92,0.7939,0.7965,0.7909,0.7915,16396,38610,0,0
27-Aug-92,0.7883,0.7926,0.7862,0.7919,20377,37759,0,0
26-Aug-92,0.7935,0.7976,0.7907,0.7929,18134,37662,0,0
25-Aug-92,0.7983,0.8055,0.794,0.8006,28060,36620,0,0
24-Aug-92,0.7923,0.8044,0.7923,0.8026,27066,35300,0,0
21-Aug-92,0.7742,0.7879,0.7686,0.7849,23832,35363,0,0
20-Aug-92,0.7688,0.7748,0.7683,0.7742,16279,33873,0,0
19-Aug-92,0.7614,0.767,0.7598,0.7668,14693,33127,0,0
18-Aug-92,0.759,0.763,0.7578,0.7628,12186,31398,0,0
17-Aug-92,0.7552,0.7584,0.7551,0.7563,11363,31563,0,0
14-Aug-92,0.7542,0.7553,0.7497,0.7546,21422,33352,0,0
13-Aug-92,0.7533,0.762,0.7503,0.7617,21185,34165,0,0
12-Aug-92,0.7513,0.7551,0.751,0.754,13259,30708,0,0
11-Aug-92,0.754,0.7544,0.749,0.7543,15442,30794,0,0
10-Aug-92,0.7556,0.7581,0.7543,0.7576,8724,31494,0,0
7-Aug-92,0.7517,0.7592,0.746,0.7582,23961,31764,0,0
6-Aug-92,0.7471,0.75,0.7458,0.7496,16959,31764,0,0
5-Aug-92,0.7505,0.7528,0.744,0.745,14139,31466,0,0
4-Aug-92,0.7513,0.7547,0.7502,0.7514,11514,30872,0,0
3-Aug-92,0.7546,0.7554,0.7518,0.755,13544,30906,0,0
31-Jul-92,0.7557,0.7572,0.752,0.7532,19609,31667,0,0
30-Jul-92,0.7506,0.7532,0.7463,0.753,18293,29900,0,0
29-Jul-92,0.7603,0.7607,0.7515,0.7538,17517,31134,0,0
28-Jul-92,0.7604,0.763,0.7557,0.7622,14884,30579,0,0
27-Jul-92,0.7558,0.7587,0.7542,0.7578,15062,29376,0,0
24-Jul-92,0.7558,0.7563,0.7444,0.7455,17218,30068,0,0
23-Jul-92,0.7528,0.7553,0.7514,0.7538,12938,28663,0,0
22-Jul-92,0.753,0.7545,0.7475,0.7528,19933,28751,0,0
21-Jul-92,0.743,0.7518,0.7412,0.7483,28998,29036,0,0
20-Jul-92,0.7775,0.7778,0.7457,0.7503,32125,30787,0,0
17-Jul-92,0.7525,0.764,0.7516,0.7637,22121,30423,0,0
16-Jul-92,0.7411,0.749,0.7375,0.7475,21724,30434,0,0
15-Jul-92,0.7407,0.7428,0.7388,0.7406,14209,29534,0,0
14-Jul-92,0.7387,0.7408,0.7346,0.7387,20239,29419,0,0
13-Jul-92,0.7371,0.7432,0.7368,0.7426,23045,30482,0,0
10-Jul-92,0.7256,0.7321,0.7247,0.7312,18824,29461,0,0
9-Jul-92,0.7292,0.7292,0.7198,0.7246,25471,29209,0,0
8-Jul-92,0.7345,0.7393,0.7315,0.7391,22892,30183,0,0
7-Jul-92,0.7377,0.7394,0.7327,0.7391,21319,30964,0,0
6-Jul-92,0.729,0.7317,0.7285,0.731,14092,30619,0,0
2-Jul-92,0.7242,0.737,0.7238,0.731,18170,31493,0,0
1-Jul-92,0.7247,0.7284,0.7206,0.723,18443,31334,0,0
30-Jun-92,0.718,0.7204,0.7158,0.7202,13151,30879,0,0
29-Jun-92,0.7223,0.7244,0.7205,0.7224,15870,30911,0,0
26-Jun-92,0.7126,0.7178,0.7104,0.7166,17478,30740,0,0
25-Jun-92,0.7085,0.7137,0.7076,0.7136,23549,30376,0,0
24-Jun-92,0.7001,0.7064,0.6997,0.7046,19874,27599,0,0
23-Jun-92,0.6993,0.6998,0.6956,0.6977,13747,26631,0,0
22-Jun-92,0.6962,0.6989,0.6959,0.6976,10821,26352,0,0
19-Jun-92,0.6968,0.6997,0.6942,0.6955,16200,26997,0,0
18-Jun-92,0.6962,0.7002,0.6954,0.6985,16346,27238,0,0
17-Jun-92,0.6973,0.6982,0.6935,0.6974,20594,26623,0,0
16-Jun-92,0.6964,0.7028,0.6951,0.7026,22198,26710,0,0
15-Jun-92,0.6987,0.699,0.6945,0.6975,21489,42315,0,0
12-Jun-92,0.692,0.6944,0.6896,0.6911,27397,45184,0,0
11-Jun-92,0.6815,0.6905,0.6808,0.6894,38364,46653,0,0
10-Jun-92,0.6766,0.6801,0.6765,0.6785,22266,45993,0,0
9-Jun-92,0.6807,0.682,0.6753,0.6766,22034,45369,0,0
8-Jun-92,0.6798,0.6808,0.6773,0.6803,24035,44808,0,0
5-Jun-92,0.6865,0.692,0.6848,0.6878,26605,43870,0,0
4-Jun-92,0.6779,0.6839,0.6771,0.6819,21398,42785,0,0
3-Jun-92,0.6806,0.6822,0.6773,0.6791,19774,41103,0,0
2-Jun-92,0.6803,0.6851,0.6787,0.6818,25042,40571,0,0
1-Jun-92,0.6868,0.6868,0.6814,0.6863,24229,39957,0,0
29-May-92,0.6823,0.6867,0.681,0.6853,19632,39507,0,0
28-May-92,0.6737,0.6765,0.6724,0.676,14974,38606,0,0
27-May-92,0.6683,0.6718,0.667,0.6699,21506,38372,0,0
26-May-92,0.6749,0.6758,0.6718,0.6727,15707,38706,0,0
22-May-92,0.667,0.6709,0.6662,0.6699,14038,38687,0,0
21-May-92,0.6719,0.6729,0.6701,0.6718,16110,38644,0,0
20-May-92,0.6802,0.6822,0.6762,0.677,22988,40238,0,0
19-May-92,0.6815,0.6829,0.6802,0.6823,17073,40272,0,0
18-May-92,0.676,0.6805,0.6752,0.6801,20726,40664,0,0
15-May-92,0.6708,0.6763,0.668,0.6697,23892,38418,0,0
14-May-92,0.673,0.6778,0.6712,0.677,29124,38228,0,0
13-May-92,0.6664,0.6734,0.6638,0.673,29609,39131,0,0
12-May-92,0.658,0.6621,0.657,0.6614,23620,37089,0,0
11-May-92,0.6522,0.6527,0.6498,0.6521,12784,37285,0,0
8-May-92,0.6588,0.6594,0.6498,0.6521,22764,36391,0,0
7-May-92,0.6619,0.663,0.6565,0.6567,19298,36796,0,0
6-May-92,0.6599,0.6653,0.6595,0.6642,17692,36462,0,0
5-May-92,0.6605,0.6631,0.658,0.6609,18299,36583,0,0
4-May-92,0.6601,0.6623,0.6558,0.6579,18334,37988,0,0
1-May-92,0.6574,0.6642,0.657,0.6615,17408,37331,0,0
30-Apr-92,0.652,0.6589,0.6515,0.6576,19154,37659,0,0
29-Apr-92,0.6538,0.6543,0.6513,0.6536,12312,38139,0,0
28-Apr-92,0.6518,0.6564,0.6508,0.6549,19944,37675,0,0
27-Apr-92,0.6489,0.6522,0.6475,0.6516,13637,40094,0,0
24-Apr-92,0.6495,0.6523,0.6468,0.6494,17801,40391,0,0
23-Apr-92,0.6434,0.6457,0.6414,0.644,15011,41625,0,0
22-Apr-92,0.6435,0.646,0.6426,0.6434,16066,41809,0,0
21-Apr-92,0.6449,0.6454,0.6411,0.6421,16108,41348,0,0
20-Apr-92,0.642,0.6465,0.6405,0.646,11811,41404,0,0
16-Apr-92,0.6472,0.6473,0.6413,0.6423,20726,40902,0,0
15-Apr-92,0.6518,0.6538,0.646,0.6473,27672,38541,0,0
14-Apr-92,0.6541,0.6567,0.6518,0.652,17191,33511,0,0
13-Apr-92,0.6535,0.6553,0.6514,0.6522,9444,32888,0,0
10-Apr-92,0.6652,0.6661,0.6566,0.6573,24211,32476,0,0
9-Apr-92,0.6603,0.669,0.66,0.6683,18734,33571,0,0
8-Apr-92,0.665,0.6665,0.6629,0.6635,12068,31721,0,0
7-Apr-92,0.6618,0.666,0.6616,0.6654,15047,32033,0,0
6-Apr-92,0.6659,0.6678,0.6637,0.6638,17709,31006,0,0
3-Apr-92,0.6623,0.667,0.661,0.6662,21830,31113,0,0
2-Apr-92,0.6567,0.6612,0.6567,0.6592,12022,31655,0,0
1-Apr-92,0.6558,0.657,0.654,0.6559,14725,31273,0,0
31-Mar-92,0.6602,0.6618,0.6573,0.6604,12715,31370,0,0
30-Mar-92,0.6589,0.6605,0.6556,0.6602,18642,31218,0,0
27-Mar-92,0.6553,0.664,0.6548,0.6638,24577,31566,0,0
26-Mar-92,0.6575,0.6587,0.6526,0.653,16313,33053,0,0
25-Mar-92,0.6572,0.6608,0.6566,0.6592,15853,31779,0,0
24-Mar-92,0.6549,0.6554,0.652,0.6545,10956,32309,0,0
23-Mar-92,0.6525,0.6547,0.6517,0.6529,15247,32369,0,0
20-Mar-92,0.6508,0.6539,0.6452,0.6521,19857,34379,0,0
19-Mar-92,0.6568,0.6578,0.6521,0.6533,17480,32708,0,0
18-Mar-92,0.6616,0.6646,0.6605,0.6614,14977,31910,0,0
17-Mar-92,0.6593,0.6665,0.657,0.6642,23134,33434,0,0
16-Mar-92,0.6562,0.6578,0.6553,0.6569,10590,57020,0,0
13-Mar-92,0.6562,0.6582,0.6544,0.6558,16015,57963,0,0
12-Mar-92,0.6555,0.6566,0.6507,0.6558,26417,58786,0,0
11-Mar-92,0.6513,0.6578,0.6509,0.6573,31965,57616,0,0
10-Mar-92,0.6579,0.6579,0.6511,0.6521,36778,57610,0,0
9-Mar-92,0.6559,0.6574,0.6544,0.6562,28284,52870,0,0
6-Mar-92,0.6578,0.665,0.653,0.6598,38153,49072,0,0
5-Mar-92,0.6532,0.6563,0.6511,0.6542,21019,44177,0,0
4-Mar-92,0.6603,0.6614,0.654,0.6564,23712,43915,0,0
3-Mar-92,0.664,0.6648,0.6599,0.6616,22521,42140,0,0
2-Mar-92,0.6739,0.6745,0.6676,0.6706,19462,41845,0,0
28-Feb-92,0.6715,0.6752,0.6705,0.6717,15409,40410,0,0
27-Feb-92,0.6719,0.6747,0.6687,0.6743,20132,41936,0,0
26-Feb-92,0.663,0.6684,0.6602,0.668,23399,41624,0,0
25-Feb-92,0.6689,0.676,0.6618,0.662,29544,41559,0,0
24-Feb-92,0.6652,0.6703,0.6651,0.6679,18693,39596,0,0
21-Feb-92,0.6672,0.6699,0.665,0.6652,16620,39094,0,0
20-Feb-92,0.6658,0.6728,0.6654,0.671,17554,37684,0,0
19-Feb-92,0.6711,0.6735,0.6688,0.671,18387,37271,0,0
18-Feb-92,0.6692,0.6725,0.6681,0.6699,20605,36760,0,0
14-Feb-92,0.6833,0.6865,0.6755,0.6814,17002,34455,0,0
13-Feb-92,0.6931,0.694,0.6812,0.6834,31983,32922,0,0
12-Feb-92,0.6961,0.697,0.6906,0.6919,22255,28300,0,0
11-Feb-92,0.7012,0.7032,0.698,0.6986,21825,26755,0,0
10-Feb-92,0.7124,0.7132,0.7065,0.7078,17297,25958,0,0
7-Feb-92,0.7072,0.718,0.7067,0.717,23412,27293,0,0
6-Feb-92,0.7083,0.7102,0.7056,0.7083,15844,27042,0,0
5-Feb-92,0.7057,0.7065,0.7019,0.7056,16953,26391,0,0
4-Feb-92,0.6988,0.704,0.6982,0.7014,17595,26149,0,0
3-Feb-92,0.6965,0.7,0.6957,0.6973,13205,27978,0,0
31-Jan-92,0.6943,0.7005,0.691,0.6942,14897,27779,0,0
30-Jan-92,0.6976,0.7011,0.6883,0.6941,19443,27276,0,0
29-Jan-92,0.7031,0.7059,0.694,0.6961,20084,26627,0,0
28-Jan-92,0.6964,0.7023,0.6961,0.6988,13326,24217,0,0
27-Jan-92,0.6975,0.6988,0.6924,0.6961,20635,24642,0,0
24-Jan-92,0.6947,0.7115,0.6947,0.7024,17295,22841,0,0
23-Jan-92,0.7047,0.7064,0.694,0.6973,18392,22924,0,0
22-Jan-92,0.7091,0.71,0.7032,0.7053,13353,20972,0,0
21-Jan-92,0.7063,0.7104,0.703,0.7067,15345,21298,0,0
20-Jan-92,0.7077,0.7078,0.7023,0.7051,12162,21006,0,0
17-Jan-92,0.6905,0.709,0.686,0.7069,24078,21817,0,0
16-Jan-92,0.6941,0.695,0.6891,0.6919,18953,20421,0,0
15-Jan-92,0.6922,0.6922,0.6835,0.6872,30482,22579,0,0
14-Jan-92,0.7119,0.7137,0.7006,0.7022,24979,25508,0,0
13-Jan-92,0.7094,0.7105,0.7061,0.7071,17152,24354,0,0
10-Jan-92,0.716,0.716,0.7017,0.7035,23914,26961,0,0
9-Jan-92,0.7309,0.7324,0.704,0.7129,32897,26838,0,0
8-Jan-92,0.7376,0.7398,0.7327,0.7392,19365,27778,0,0
7-Jan-92,0.7377,0.7392,0.7338,0.7389,19016,27008,0,0
6-Jan-92,0.7319,0.7395,0.731,0.7384,20429,26877,0,0
3-Jan-92,0.7236,0.7258,0.7191,0.7224,16593,26342,0,0
2-Jan-92,0.7325,0.737,0.7232,0.7279,18579,26318,0,0
31-Dec-91,0.7319,0.7323,0.7277,0.73,6622,26301,0,0
30-Dec-91,0.7338,0.734,0.7303,0.7315,5631,26445,0,0
27-Dec-91,0.7344,0.7364,0.7315,0.7339,5795,26558,0,0
26-Dec-91,0.7367,0.7393,0.7365,0.738,3537,26185,0,0
24-Dec-91,0.7347,0.736,0.7309,0.735,4474,26007,0,0
23-Dec-91,0.7338,0.7394,0.7326,0.7368,11106,26827,0,0
20-Dec-91,0.7186,0.7301,0.7186,0.7268,14965,27818,0,0
19-Dec-91,0.7144,0.7184,0.7124,0.7181,16367,28079,0,0
18-Dec-91,0.7139,0.7143,0.71,0.7123,10339,27027,0,0
17-Dec-91,0.7131,0.7154,0.7101,0.7118,12933,26558,0,0
16-Dec-91,0.709,0.7117,0.709,0.7107,13031,38163,0,0
13-Dec-91,0.707,0.7105,0.7053,0.7059,19944,38290,0,0
12-Dec-91,0.7138,0.7152,0.7072,0.7083,19759,39446,0,0
11-Dec-91,0.7061,0.7125,0.7054,0.711,21521,39919,0,0
10-Dec-91,0.7104,0.7136,0.7051,0.7112,25275,40414,0,0
9-Dec-91,0.7124,0.7153,0.7118,0.7131,32697,40521,0,0
6-Dec-91,0.7118,0.7218,0.7118,0.7216,30847,36433,0,0
5-Dec-91,0.7065,0.7124,0.7048,0.7117,27476,33906,0,0
4-Dec-91,0.7025,0.705,0.6984,0.7045,22139,31689,0,0
3-Dec-91,0.6997,0.7012,0.6985,0.7009,14153,31339,0,0
2-Dec-91,0.7013,0.7031,0.6997,0.6999,18306,32014,0,0
29-Nov-91,0.6949,0.698,0.6942,0.6965,10197,31745,0,0
27-Nov-91,0.7012,0.7024,0.6979,0.6988,15880,32398,0,0
26-Nov-91,0.7051,0.7137,0.6933,0.6966,31519,33364,0,0
25-Nov-91,0.7096,0.7102,0.7053,0.7067,15476,32619,0,0
22-Nov-91,0.7071,0.711,0.7053,0.7089,19781,32999,0,0
21-Nov-91,0.7006,0.705,0.7004,0.7017,21730,33696,0,0
20-Nov-91,0.7025,0.7037,0.7005,0.7025,20343,33821,0,0
19-Nov-91,0.7013,0.7079,0.6992,0.7059,32536,33838,0,0
18-Nov-91,0.7025,0.7036,0.6978,0.6979,24247,31720,0,0
15-Nov-91,0.6898,0.6919,0.686,0.6915,20073,32530,0,0
14-Nov-91,0.6881,0.6914,0.6875,0.6902,17696,33004,0,0
13-Nov-91,0.6877,0.6905,0.6849,0.6869,21703,33526,0,0
12-Nov-91,0.6895,0.6902,0.6856,0.6867,16538,31566,0,0
11-Nov-91,0.6848,0.6899,0.6844,0.6894,9673,32919,0,0
8-Nov-91,0.685,0.6893,0.6847,0.6871,14871,31931,0,0
7-Nov-91,0.6899,0.6947,0.687,0.6886,20486,31744,0,0
6-Nov-91,0.6893,0.695,0.6851,0.6869,19952,32177,0,0
5-Nov-91,0.6877,0.6913,0.6861,0.6891,21502,32117,0,0
4-Nov-91,0.6901,0.6964,0.6901,0.6924,28875,30923,0,0
1-Nov-91,0.6801,0.6923,0.6793,0.6916,27938,28205,0,0
31-Oct-91,0.6775,0.6815,0.6769,0.6786,14531,24351,0,0
30-Oct-91,0.6757,0.6824,0.6742,0.68,25837,25032,0,0
29-Oct-91,0.6637,0.6776,0.6616,0.6744,41244,25238,0,0
28-Oct-91,0.6648,0.6658,0.6595,0.6608,23931,26360,0,0
25-Oct-91,0.669,0.6702,0.6681,0.6693,9293,24353,0,0
24-Oct-91,0.6686,0.6712,0.6674,0.6685,21698,24298,0,0
23-Oct-91,0.6677,0.6688,0.6647,0.6651,21051,26136,0,0
22-Oct-91,0.6707,0.674,0.6701,0.6717,17232,26298,0,0
21-Oct-91,0.6744,0.6745,0.6705,0.6714,16248,26344,0,0
18-Oct-91,0.6724,0.6755,0.6716,0.6754,18422,25560,0,0
17-Oct-91,0.6692,0.67,0.6665,0.6696,15025,26138,0,0
16-Oct-91,0.6686,0.67,0.6668,0.6669,14402,24681,0,0
15-Oct-91,0.6669,0.6682,0.6648,0.6658,22595,24703,0,0
14-Oct-91,0.6718,0.6721,0.6686,0.6692,6632,24260,0,0
11-Oct-91,0.6709,0.6734,0.6665,0.6723,23046,23584,0,0
10-Oct-91,0.6746,0.6749,0.6686,0.6706,23322,24333,0,0
9-Oct-91,0.6671,0.6736,0.667,0.6725,25360,24633,0,0
8-Oct-91,0.6718,0.6728,0.6682,0.6685,25078,24943,0,0
7-Oct-91,0.6759,0.6764,0.6738,0.6747,16670,24941,0,0
4-Oct-91,0.6837,0.6854,0.6735,0.6763,26039,25385,0,0
3-Oct-91,0.6846,0.6849,0.6821,0.6837,13451,24520,0,0
2-Oct-91,0.6852,0.6861,0.6811,0.6823,16280,24638,0,0
1-Oct-91,0.6838,0.685,0.6826,0.6835,13862,23118,0,0
30-Sep-91,0.6857,0.6869,0.6845,0.6857,15022,24001,0,0
27-Sep-91,0.6773,0.6847,0.6757,0.6841,19525,24010,0,0
26-Sep-91,0.6792,0.6815,0.6762,0.6775,17439,22635,0,0
25-Sep-91,0.6793,0.6805,0.6775,0.6788,16144,23979,0,0
24-Sep-91,0.6818,0.6867,0.6767,0.6781,25650,24769,0,0
23-Sep-91,0.6821,0.6837,0.6804,0.682,19054,22996,0,0
20-Sep-91,0.671,0.677,0.67,0.6763,17103,23074,0,0
19-Sep-91,0.6747,0.6765,0.6715,0.6738,18355,22687,0,0
18-Sep-91,0.6748,0.6774,0.6694,0.6749,18345,22132,0,0
17-Sep-91,0.6813,0.6835,0.6793,0.681,19563,22084,0,0
16-Sep-91,0.6739,0.6816,0.6737,0.6795,26719,33486,0,0
13-Sep-91,0.6707,0.6747,0.663,0.6725,26773,33496,0,0
12-Sep-91,0.6712,0.6765,0.6704,0.6747,25712,34562,0,0
11-Sep-91,0.67,0.6706,0.6666,0.6699,24557,35055,0,0
10-Sep-91,0.6698,0.6737,0.6688,0.6712,33101,36931,0,0
9-Sep-91,0.6629,0.671,0.6623,0.6696,40578,38282,0,0
6-Sep-91,0.6551,0.664,0.6522,0.6635,32109,36299,0,0
5-Sep-91,0.655,0.6556,0.6535,0.6548,11653,34491,0,0
4-Sep-91,0.6571,0.6582,0.6536,0.6557,16102,35065,0,0
3-Sep-91,0.6538,0.6572,0.6519,0.656,14505,34638,0,0
30-Aug-91,0.6562,0.658,0.6505,0.6543,16550,34775,0,0
29-Aug-91,0.6584,0.6612,0.6535,0.6551,22010,34598,0,0
28-Aug-91,0.6533,0.6594,0.6533,0.6577,14384,34457,0,0
27-Aug-91,0.6544,0.6574,0.6543,0.6553,11406,34593,0,0
26-Aug-91,0.6539,0.6567,0.6518,0.6557,11217,34834,0,0
23-Aug-91,0.6596,0.6605,0.6505,0.6538,19188,35590,0,0
22-Aug-91,0.6578,0.6645,0.6575,0.6613,23459,34705,0,0
21-Aug-91,0.649,0.6638,0.6462,0.6608,30213,36144,0,0
20-Aug-91,0.6442,0.6471,0.6426,0.6458,24002,38641,0,0
19-Aug-91,0.64,0.6469,0.6392,0.6426,27968,39665,0,0
16-Aug-91,0.6501,0.6529,0.6452,0.6454,27553,38742,0,0
15-Aug-91,0.656,0.663,0.6476,0.6493,31058,35510,0,0
14-Aug-91,0.6559,0.6582,0.6547,0.6559,17107,34741,0,0
13-Aug-91,0.6615,0.6622,0.6582,0.6588,17496,35043,0,0
12-Aug-91,0.6602,0.6625,0.6575,0.6614,17307,35496,0,0
9-Aug-91,0.6633,0.6667,0.6575,0.6588,26117,36012,0,0
8-Aug-91,0.6653,0.6655,0.6612,0.6642,22594,36810,0,0
7-Aug-91,0.6659,0.6678,0.6632,0.6663,19874,36675,0,0
6-Aug-91,0.6685,0.6701,0.6659,0.6686,25533,36078,0,0
5-Aug-91,0.6603,0.6675,0.6595,0.6673,26631,35661,0,0
2-Aug-91,0.6484,0.6634,0.6476,0.6593,39170,36217,0,0
1-Aug-91,0.6544,0.6544,0.6486,0.6504,19675,34405,0,0
31-Jul-91,0.655,0.6578,0.6528,0.6552,21503,33225,0,0
30-Jul-91,0.6548,0.657,0.6512,0.6516,15908,33819,0,0
29-Jul-91,0.6531,0.6542,0.65,0.6529,14348,33389,0,0
26-Jul-91,0.6544,0.6602,0.6544,0.6555,22528,33276,0,0
25-Jul-91,0.6549,0.656,0.6482,0.6497,23991,34456,0,0
24-Jul-91,0.6562,0.6619,0.6558,0.6588,21219,33705,0,0
23-Jul-91,0.6506,0.655,0.6503,0.6537,21769,33356,0,0
22-Jul-91,0.6562,0.658,0.6526,0.6539,21917,32699,0,0
19-Jul-91,0.654,0.6604,0.6528,0.6602,27650,32959,0,0
18-Jul-91,0.6485,0.6511,0.6469,0.6475,24852,34846,0,0
17-Jul-91,0.6383,0.6428,0.6379,0.6404,18904,37081,0,0
16-Jul-91,0.6412,0.6413,0.6372,0.6381,17738,37239,0,0
15-Jul-91,0.6412,0.645,0.6406,0.6443,19312,37329,0,0
12-Jul-91,0.6312,0.6456,0.6309,0.6443,34182,38199,0,0
11-Jul-91,0.6343,0.6344,0.6254,0.6266,24436,41712,0,0
10-Jul-91,0.6306,0.6356,0.6302,0.6339,18143,36785,0,0
9-Jul-91,0.6365,0.6372,0.6324,0.6326,17417,38579,0,0
8-Jul-91,0.6371,0.6398,0.636,0.6391,18327,38188,0,0
5-Jul-91,0.628,0.634,0.6277,0.6317,14868,38371,0,0
3-Jul-91,0.63,0.6343,0.6284,0.6304,16969,37562,0,0
2-Jul-91,0.6354,0.636,0.6284,0.6299,24019,38444,0,0
1-Jul-91,0.6411,0.6426,0.6352,0.6365,24041,37471,0,0
28-Jun-91,0.6384,0.6436,0.637,0.6423,21583,34897,0,0
27-Jun-91,0.6408,0.6448,0.6404,0.6424,12901,35310,0,0
26-Jun-91,0.6417,0.6463,0.6413,0.643,18594,35183,0,0
25-Jun-91,0.6429,0.6444,0.6393,0.6422,23633,34621,0,0
24-Jun-91,0.6431,0.6518,0.6431,0.6491,24827,35079,0,0
21-Jun-91,0.646,0.646,0.6415,0.6433,14710,34012,0,0
20-Jun-91,0.6475,0.6497,0.6447,0.6484,20079,34268,0,0
19-Jun-91,0.6394,0.6484,0.6393,0.6466,24942,34439,0,0
18-Jun-91,0.6373,0.6407,0.6363,0.6365,21147,34269,0,0
17-Jun-91,0.6442,0.6449,0.6426,0.6445,18399,51112,0,0
14-Jun-91,0.6447,0.6506,0.644,0.6465,23379,53863,0,0
13-Jun-91,0.646,0.65,0.6432,0.6486,35220,55108,0,0
12-Jun-91,0.6533,0.6538,0.6487,0.6507,30997,54109,0,0
11-Jun-91,0.6571,0.6593,0.6554,0.6566,27766,49970,0,0
10-Jun-91,0.657,0.6597,0.657,0.6589,28545,50051,0,0
7-Jun-91,0.664,0.6641,0.6568,0.6578,32693,50350,0,0
6-Jun-91,0.6675,0.6676,0.6635,0.6639,21526,47739,0,0
5-Jun-91,0.6681,0.6698,0.665,0.6677,31603,45266,0,0
4-Jun-91,0.6683,0.6738,0.6678,0.6701,27261,42928,0,0
3-Jun-91,0.6682,0.6718,0.6671,0.6701,30711,39738,0,0
31-May-91,0.6793,0.6807,0.6726,0.6731,28363,39118,0,0
30-May-91,0.6851,0.687,0.6797,0.682,25607,37812,0,0
29-May-91,0.6904,0.6917,0.6818,0.6837,24984,36848,0,0
28-May-91,0.6862,0.6932,0.6859,0.6918,17120,37717,0,0
24-May-91,0.6878,0.6881,0.6848,0.6872,11120,36899,0,0
23-May-91,0.6817,0.688,0.6803,0.6859,24210,39846,0,0
22-May-91,0.6868,0.6877,0.6827,0.6844,14493,36802,0,0
21-May-91,0.6879,0.6905,0.6865,0.6897,19023,36857,0,0
20-May-91,0.679,0.686,0.6767,0.6829,25393,38931,0,0
17-May-91,0.6918,0.6945,0.6785,0.679,34040,41892,0,0
16-May-91,0.6971,0.6976,0.6924,0.6947,26834,40230,0,0
15-May-91,0.6975,0.7015,0.6955,0.7,30073,41125,0,0
14-May-91,0.6911,0.7,0.6891,0.6977,38366,41145,0,0
13-May-91,0.6852,0.6944,0.6842,0.6932,30754,40677,0,0
10-May-91,0.6806,0.6866,0.6793,0.6842,19078,39236,0,0
9-May-91,0.6782,0.6828,0.676,0.6821,16805,38714,0,0
8-May-91,0.6815,0.6838,0.6803,0.6817,16359,38754,0,0
7-May-91,0.6819,0.686,0.6798,0.6851,20832,36447,0,0
6-May-91,0.6771,0.6822,0.6745,0.6792,17272,36852,0,0
3-May-91,0.6885,0.6892,0.6723,0.6744,30728,37013,0,0
2-May-91,0.6823,0.6861,0.681,0.6838,24229,38297,0,0
1-May-91,0.694,0.6957,0.685,0.6887,33320,38011,0,0
30-Apr-91,0.681,0.692,0.6792,0.6907,31381,42202,0,0
29-Apr-91,0.669,0.681,0.6666,0.6761,27334,42685,0,0
26-Apr-91,0.6759,0.6776,0.672,0.6755,19786,41014,0,0
25-Apr-91,0.6766,0.681,0.6745,0.6796,31209,40838,0,0
24-Apr-91,0.6852,0.6855,0.6768,0.6813,28780,42138,0,0
23-Apr-91,0.678,0.6864,0.6773,0.6859,31204,43010,0,0
22-Apr-91,0.6738,0.6795,0.6705,0.678,31031,43994,0,0
19-Apr-91,0.681,0.6858,0.6769,0.6785,34535,43741,0,0
18-Apr-91,0.693,0.6964,0.6828,0.6846,33885,42424,0,0
17-Apr-91,0.7015,0.7033,0.6977,0.7005,20746,39542,0,0
16-Apr-91,0.7041,0.7054,0.6989,0.7032,21136,39414,0,0
15-Apr-91,0.7007,0.7045,0.699,0.7029,26471,39547,0,0
12-Apr-91,0.704,0.7064,0.6942,0.6972,30674,41607,0,0
11-Apr-91,0.6995,0.7087,0.696,0.704,29327,39047,0,0
10-Apr-91,0.7039,0.7049,0.6941,0.6964,30312,38880,0,0
9-Apr-91,0.6968,0.7075,0.6965,0.7064,27970,36590,0,0
8-Apr-91,0.6966,0.6973,0.693,0.6934,20063,36397,0,0
5-Apr-91,0.7081,0.7143,0.6999,0.7006,27956,35607,0,0
4-Apr-91,0.7022,0.7132,0.702,0.7093,33267,35240,0,0
3-Apr-91,0.7011,0.7043,0.7002,0.7014,23252,39059,0,0
2-Apr-91,0.692,0.7031,0.6906,0.7024,31584,38887,0,0
1-Apr-91,0.6907,0.697,0.6884,0.6969,16504,38717,0,0
28-Mar-91,0.682,0.6858,0.6811,0.6841,16535,38107,0,0
27-Mar-91,0.6838,0.6879,0.681,0.6818,24776,37947,0,0
26-Mar-91,0.6908,0.6951,0.6875,0.6943,28456,37315,0,0
25-Mar-91,0.6951,0.6996,0.6908,0.6928,31008,35480,0,0
22-Mar-91,0.7035,0.7084,0.7024,0.7058,18206,35281,0,0
21-Mar-91,0.7073,0.7094,0.7035,0.7078,25535,35506,0,0
20-Mar-91,0.6942,0.704,0.6941,0.7033,25502,35875,0,0
19-Mar-91,0.7074,0.708,0.6895,0.7021,33512,36564,0,0
18-Mar-91,0.7116,0.7135,0.7027,0.7063,36800,59696,0,0
15-Mar-91,0.7225,0.7236,0.7125,0.7135,37111,62497,0,0
14-Mar-91,0.7288,0.7299,0.723,0.7258,27452,60579,0,0
13-Mar-91,0.7278,0.7303,0.7244,0.73,27941,59718,0,0
12-Mar-91,0.7318,0.7331,0.728,0.7296,32959,60013,0,0
11-Mar-91,0.7271,0.7294,0.7232,0.7261,48938,59909,0,0
8-Mar-91,0.7372,0.7395,0.7302,0.7305,34103,56463,0,0
7-Mar-91,0.7409,0.744,0.7392,0.7412,31735,53629,0,0
6-Mar-91,0.7439,0.747,0.7384,0.7458,36122,51210,0,0
5-Mar-91,0.7523,0.754,0.7433,0.7437,38441,50138,0,0
4-Mar-91,0.7489,0.7501,0.7457,0.7486,25431,46934,0,0
1-Mar-91,0.7501,0.7547,0.7477,0.7479,34447,47863,0,0
28-Feb-91,0.7582,0.7594,0.752,0.7534,39875,44541,0,0
27-Feb-91,0.7604,0.763,0.7574,0.759,36729,40515,0,0
26-Feb-91,0.7642,0.7662,0.7608,0.764,30027,38269,0,0
25-Feb-91,0.7708,0.7708,0.7648,0.7664,36243,37795,0,0
22-Feb-91,0.7826,0.7827,0.7722,0.7725,29909,36344,0,0
21-Feb-91,0.7838,0.7864,0.7822,0.7841,22336,35037,0,0
20-Feb-91,0.7836,0.7847,0.7776,0.7804,29189,35438,0,0
19-Feb-91,0.7812,0.7841,0.7792,0.7811,28656,36261,0,0
15-Feb-91,0.7885,0.791,0.7845,0.7864,26801,36166,0,0
14-Feb-91,0.7973,0.7984,0.7923,0.7941,26190,35964,0,0
13-Feb-91,0.8003,0.8015,0.7956,0.7958,31135,36650,0,0
12-Feb-91,0.8006,0.8033,0.7995,0.8019,29087,38315,0,0
11-Feb-91,0.8031,0.8096,0.8021,0.8083,22087,37658,0,0
8-Feb-91,0.8015,0.8038,0.7998,0.8028,16409,35211,0,0
7-Feb-91,0.8083,0.8103,0.8021,0.8033,24680,35979,0,0
6-Feb-91,0.8043,0.8108,0.8027,0.8106,30105,36128,0,0
5-Feb-91,0.7992,0.8033,0.7972,0.803,20830,32875,0,0
4-Feb-91,0.8,0.8002,0.7939,0.7975,19321,31812,0,0
1-Feb-91,0.7923,0.7985,0.7917,0.7964,20415,32232,0,0
31-Jan-91,0.7904,0.796,0.7886,0.7944,23619,31707,0,0
30-Jan-91,0.7885,0.7905,0.7841,0.7886,26887,31863,0,0
29-Jan-91,0.7948,0.795,0.7863,0.7874,23372,31102,0,0
28-Jan-91,0.7919,0.7929,0.7895,0.7915,19256,32630,0,0
25-Jan-91,0.797,0.797,0.7883,0.7896,19074,32453,0,0
24-Jan-91,0.7973,0.7995,0.7925,0.7937,21221,31706,0,0
23-Jan-91,0.7905,0.7995,0.7905,0.798,22443,32362,0,0
22-Jan-91,0.7975,0.7981,0.7913,0.7922,25507,31677,0,0
21-Jan-91,0.7931,0.8013,0.7929,0.8008,17194,32115,0,0
18-Jan-91,0.7828,0.796,0.7828,0.7957,27184,31087,0,0
17-Jan-91,0.7797,0.7884,0.7767,0.7878,23720,30008,0,0
16-Jan-91,0.7754,0.7767,0.7722,0.7745,13497,28709,0,0
15-Jan-91,0.7759,0.7777,0.7738,0.7764,14543,29728,0,0
14-Jan-91,0.7739,0.78,0.7732,0.7761,20901,31020,0,0
11-Jan-91,0.7745,0.7818,0.7736,0.7809,18003,32413,0,0
10-Jan-91,0.7762,0.7767,0.7735,0.7761,17411,31965,0,0
9-Jan-91,0.7788,0.786,0.7705,0.7721,31251,32830,0,0
8-Jan-91,0.7717,0.7752,0.7684,0.7688,21486,32498,0,0
7-Jan-91,0.7675,0.7754,0.7675,0.7714,28358,32960,0,0
4-Jan-91,0.7905,0.7918,0.78,0.7824,21187,30530,0,0
3-Jan-91,0.7874,0.7904,0.785,0.7887,19997,30142,0,0
2-Jan-91,0.79,0.7931,0.7868,0.7893,24155,31253,0,0
31-Dec-90,0.7792,0.7905,0.7785,0.7875,7722,33971,0,0
28-Dec-90,0.7715,0.784,0.7705,0.7835,21238,35032,0,0
27-Dec-90,0.7612,0.7652,0.7604,0.7649,9136,38130,0,0
26-Dec-90,0.7633,0.7656,0.759,0.7601,8060,37776,0,0
24-Dec-90,0.76,0.7613,0.7536,0.7594,9387,37802,0,0
21-Dec-90,0.767,0.7678,0.7575,0.7609,34210,36828,0,0
20-Dec-90,0.7785,0.7802,0.7669,0.7672,28820,28409,0,0
19-Dec-90,0.7867,0.7869,0.7833,0.7862,15501,27331,0,0
18-Dec-90,0.7826,0.7865,0.7824,0.7839,11046,27305,0,0
17-Dec-90,0.7821,0.7829,0.7804,0.7825,16654,39341,0,0
14-Dec-90,0.7853,0.7855,0.7805,0.7812,29685,40928,0,0
13-Dec-90,0.7921,0.7921,0.786,0.7874,21875,41926,0,0
12-Dec-90,0.7916,0.7919,0.7875,0.791,29011,40749,0,0
11-Dec-90,0.7924,0.7935,0.7851,0.7866,38996,38191,0,0
10-Dec-90,0.7949,0.7968,0.7895,0.7905,39082,39102,0,0
7-Dec-90,0.7898,0.7989,0.7894,0.7984,34060,37929,0,0
6-Dec-90,0.7853,0.7892,0.7846,0.786,23557,36441,0,0
5-Dec-90,0.7838,0.7838,0.7773,0.7817,26636,38206,0,0
4-Dec-90,0.7784,0.782,0.7768,0.7794,25038,37505,0,0
3-Dec-90,0.7754,0.7768,0.7714,0.7737,31680,39574,0,0
30-Nov-90,0.779,0.788,0.7781,0.7829,32834,39289,0,0
29-Nov-90,0.7885,0.7902,0.7771,0.7788,30911,38747,0,0
28-Nov-90,0.7934,0.795,0.7865,0.7873,33578,38212,0,0
27-Nov-90,0.7908,0.7975,0.7906,0.7942,29040,42004,0,0
26-Nov-90,0.7904,0.793,0.7871,0.7923,32985,40237,0,0
23-Nov-90,0.7981,0.7981,0.7917,0.7935,23894,45651,0,0
21-Nov-90,0.8018,0.8029,0.7986,0.8024,15848,50322,0,0
20-Nov-90,0.8011,0.804,0.8004,0.8029,18270,48661,0,0
19-Nov-90,0.805,0.8065,0.7989,0.8026,32349,48142,0,0
16-Nov-90,0.799,0.8061,0.7984,0.8027,27903,48132,0,0
15-Nov-90,0.7997,0.8006,0.7968,0.7986,22821,44835,0,0
14-Nov-90,0.7995,0.803,0.7995,0.8023,27062,44750,0,0
13-Nov-90,0.7993,0.802,0.7965,0.799,25858,46343,0,0
12-Nov-90,0.8023,0.8028,0.7981,0.8005,14062,47162,0,0
9-Nov-90,0.7982,0.8021,0.798,0.8001,18425,46526,0,0
8-Nov-90,0.7948,0.8033,0.7948,0.8004,28087,47218,0,0
7-Nov-90,0.8029,0.8068,0.7995,0.8008,30466,45104,0,0
6-Nov-90,0.7972,0.803,0.7961,0.7973,32244,44100,0,0
5-Nov-90,0.7933,0.8017,0.7915,0.7999,33155,42255,0,0
2-Nov-90,0.788,0.7935,0.7831,0.7922,35214,40042,0,0
1-Nov-90,0.7745,0.7861,0.7745,0.7852,37142,39764,0,0
31-Oct-90,0.7762,0.7798,0.7751,0.7775,22322,41346,0,0
30-Oct-90,0.775,0.7824,0.7696,0.7808,39021,41195,0,0
29-Oct-90,0.7822,0.7828,0.772,0.7739,35555,41147,0,0
26-Oct-90,0.7815,0.7827,0.7788,0.7801,23320,38248,0,0
25-Oct-90,0.7849,0.7863,0.7792,0.7806,31161,38935,0,0
24-Oct-90,0.7819,0.7892,0.7814,0.7876,28698,38557,0,0
23-Oct-90,0.7796,0.7826,0.779,0.7801,24280,37330,0,0
22-Oct-90,0.785,0.7857,0.776,0.7782,27051,37282,0,0
19-Oct-90,0.788,0.79,0.7845,0.7883,21975,35052,0,0
18-Oct-90,0.7868,0.795,0.7833,0.7945,34473,36449,0,0
17-Oct-90,0.79,0.7908,0.7816,0.7856,28641,36910,0,0
16-Oct-90,0.7756,0.786,0.7751,0.7845,33342,37329,0,0
15-Oct-90,0.7761,0.7792,0.7725,0.7743,28268,36470,0,0
12-Oct-90,0.7823,0.7841,0.7763,0.7775,31061,38025,0,0
11-Oct-90,0.7772,0.7882,0.772,0.7876,44662,39004,0,0
10-Oct-90,0.7827,0.7849,0.7786,0.78,26245,38239,0,0
9-Oct-90,0.7822,0.7856,0.78,0.7844,36046,36773,0,0
8-Oct-90,0.7776,0.7835,0.7766,0.7821,19600,37816,0,0
5-Oct-90,0.78,0.7826,0.769,0.7731,32739,36070,0,0
4-Oct-90,0.7839,0.785,0.7785,0.7803,25769,35061,0,0
3-Oct-90,0.7763,0.7813,0.775,0.7792,29298,37034,0,0
2-Oct-90,0.7691,0.7755,0.7691,0.7747,26720,30332,0,0
1-Oct-90,0.7788,0.7804,0.7696,0.7715,34691,31367,0,0
28-Sep-90,0.771,0.7732,0.7683,0.7704,25042,30855,0,0
27-Sep-90,0.7647,0.776,0.762,0.7747,34960,30519,0,0
26-Sep-90,0.7642,0.7695,0.7618,0.7677,30948,29241,0,0
25-Sep-90,0.7722,0.7735,0.7633,0.7642,28953,28698,0,0
24-Sep-90,0.7681,0.7748,0.7647,0.7729,31138,29355,0,0
21-Sep-90,0.7565,0.762,0.7551,0.757,22924,27769,0,0
20-Sep-90,0.7615,0.7635,0.753,0.7583,22991,28165,0,0
19-Sep-90,0.7742,0.775,0.7626,0.7629,31399,29439,0,0
18-Sep-90,0.777,0.783,0.7736,0.7741,34356,30890,0,0
17-Sep-90,0.779,0.7842,0.7767,0.7838,37363,52065,0,0
14-Sep-90,0.7678,0.7778,0.7651,0.7721,44676,49826,0,0
13-Sep-90,0.7517,0.7663,0.7505,0.7659,37958,48718,0,0
12-Sep-90,0.7572,0.7578,0.751,0.7514,35609,48787,0,0
11-Sep-90,0.7487,0.7538,0.7487,0.7527,43425,49116,0,0
10-Sep-90,0.7594,0.76,0.7559,0.7588,36282,50711,0,0
7-Sep-90,0.7697,0.7707,0.7646,0.7659,26951,46275,0,0
6-Sep-90,0.7713,0.7723,0.767,0.7717,24957,46124,0,0
5-Sep-90,0.7695,0.773,0.7666,0.7726,33293,45138,0,0
4-Sep-90,0.7613,0.7636,0.7572,0.7622,32280,44232,0,0
31-Aug-90,0.771,0.7724,0.7618,0.7624,24992,45276,0,0
30-Aug-90,0.7688,0.7727,0.7673,0.7719,29087,49333,0,0
29-Aug-90,0.783,0.7837,0.773,0.7743,31744,52530,0,0
28-Aug-90,0.7832,0.7835,0.7769,0.7776,29038,52534,0,0
27-Aug-90,0.7884,0.7892,0.7817,0.7853,27304,54689,0,0
24-Aug-90,0.7858,0.795,0.7847,0.7872,34230,55547,0,0
23-Aug-90,0.795,0.7975,0.792,0.7961,33434,54249,0,0
22-Aug-90,0.7813,0.7868,0.7808,0.7826,28984,49404,0,0
21-Aug-90,0.7692,0.7798,0.7683,0.7746,30876,52300,0,0
20-Aug-90,0.7757,0.7757,0.7694,0.7707,27906,51546,0,0
17-Aug-90,0.7765,0.7818,0.7725,0.7802,29377,52988,0,0
16-Aug-90,0.7658,0.776,0.764,0.7755,30947,51947,0,0
15-Aug-90,0.7685,0.7729,0.7644,0.7651,31026,51520,0,0
14-Aug-90,0.7602,0.768,0.7594,0.7673,27868,50819,0,0
13-Aug-90,0.757,0.7622,0.7569,0.7592,25599,47438,0,0
10-Aug-90,0.7423,0.7474,0.741,0.7471,19949,45417,0,0
9-Aug-90,0.7443,0.747,0.7426,0.7432,11706,44049,0,0
8-Aug-90,0.7438,0.748,0.7404,0.7473,21762,44682,0,0
7-Aug-90,0.7507,0.7525,0.7471,0.7483,23479,43989,0,0
6-Aug-90,0.7527,0.755,0.747,0.7506,27028,43900,0,0
3-Aug-90,0.7405,0.7433,0.7358,0.7396,25763,41312,0,0
2-Aug-90,0.7245,0.7412,0.7238,0.737,31902,42052,0,0
1-Aug-90,0.7382,0.7406,0.7349,0.7376,23741,39012,0,0
31-Jul-90,0.738,0.743,0.7366,0.7423,28674,40607,0,0
30-Jul-90,0.7322,0.735,0.7301,0.7348,17389,41653,0,0
27-Jul-90,0.7276,0.7337,0.7273,0.7336,25175,41151,0,0
26-Jul-90,0.7259,0.728,0.722,0.7252,24380,39843,0,0
25-Jul-90,0.7227,0.7283,0.7217,0.7239,28279,39830,0,0
24-Jul-90,0.7221,0.7285,0.7197,0.7258,30840,40005,0,0
23-Jul-90,0.7137,0.7241,0.7131,0.7237,37073,39538,0,0
20-Jul-90,0.7102,0.7122,0.7078,0.7116,16672,37630,0,0
19-Jul-90,0.7068,0.7112,0.7065,0.7099,20458,38389,0,0
18-Jul-90,0.7098,0.7126,0.7038,0.7057,32511,37722,0,0
17-Jul-90,0.705,0.7132,0.7026,0.7111,37203,40335,0,0
16-Jul-90,0.7073,0.7099,0.7021,0.7027,37943,40555,0,0
13-Jul-90,0.7157,0.7194,0.7131,0.7134,19533,40495,0,0
12-Jul-90,0.7093,0.7207,0.7084,0.7181,25182,40205,0,0
11-Jul-90,0.716,0.7161,0.7113,0.7142,21084,40996,0,0
10-Jul-90,0.7204,0.7212,0.714,0.7168,25720,40924,0,0
9-Jul-90,0.7169,0.7181,0.714,0.7147,16777,39350,0,0
6-Jul-90,0.7131,0.715,0.7107,0.7139,17237,38852,0,0
5-Jul-90,0.7148,0.7161,0.7105,0.713,21307,38942,0,0
3-Jul-90,0.7131,0.7195,0.7122,0.7168,22767,40159,0,0
2-Jul-90,0.7122,0.7144,0.7106,0.7143,20384,37988,0,0
29-Jun-90,0.7049,0.7071,0.7028,0.7045,21847,38348,0,0
28-Jun-90,0.7065,0.709,0.7015,0.7031,31413,39117,0,0
27-Jun-90,0.7107,0.7123,0.7076,0.7087,30996,43323,0,0
26-Jun-90,0.7072,0.7146,0.7049,0.7144,31733,39001,0,0
25-Jun-90,0.7103,0.7121,0.7055,0.7071,23590,34822,0,0
22-Jun-90,0.7054,0.7097,0.705,0.7074,12693,33644,0,0
21-Jun-90,0.7052,0.7071,0.7044,0.7068,13240,32531,0,0
20-Jun-90,0.7063,0.7073,0.7028,0.7067,21208,32769,0,0
19-Jun-90,0.7048,0.7099,0.7042,0.709,33534,33245,0,0
18-Jun-90,0.6972,0.7067,0.697,0.705,33229,47146,0,0
15-Jun-90,0.6949,0.6988,0.6906,0.6971,35455,47049,0,0
14-Jun-90,0.7006,0.7014,0.6945,0.6956,31846,46534,0,0
13-Jun-90,0.6964,0.7021,0.6959,0.7013,37757,44989,0,0
12-Jun-90,0.6966,0.6972,0.6929,0.6943,26687,48731,0,0
11-Jun-90,0.6945,0.6945,0.692,0.6926,22358,47226,0,0
8-Jun-90,0.6905,0.6911,0.6882,0.6894,29816,47507,0,0
7-Jun-90,0.6957,0.6965,0.6915,0.6922,26146,46235,0,0
6-Jun-90,0.7,0.7013,0.6959,0.6967,26242,43275,0,0
5-Jun-90,0.6946,0.7003,0.6936,0.6996,25456,44784,0,0
4-Jun-90,0.6954,0.6962,0.6917,0.6958,24965,45117,0,0
1-Jun-90,0.6983,0.7042,0.6938,0.6953,43745,46528,0,0
31-May-90,0.702,0.7036,0.6973,0.6985,35344,44028,0,0
30-May-90,0.7101,0.7103,0.7016,0.7021,25944,41217,0,0
29-May-90,0.7084,0.7111,0.7068,0.7082,21569,41334,0,0
25-May-90,0.7018,0.7027,0.7002,0.7005,10651,41238,0,0
24-May-90,0.7044,0.706,0.6997,0.6999,22509,41605,0,0
23-May-90,0.7074,0.7119,0.7035,0.7048,27956,42852,0,0
22-May-90,0.7034,0.7065,0.7029,0.7046,19370,41199,0,0
21-May-90,0.7052,0.7057,0.7015,0.703,25446,42110,0,0
18-May-90,0.7121,0.7128,0.7097,0.7121,13472,46299,0,0
17-May-90,0.7139,0.7163,0.7089,0.7111,32561,47230,0,0
16-May-90,0.7136,0.7152,0.7124,0.7134,22431,47954,0,0
15-May-90,0.7183,0.7187,0.7121,0.7162,28200,48503,0,0
14-May-90,0.7155,0.7182,0.7147,0.7182,22362,50589,0,0
11-May-90,0.7162,0.7205,0.7113,0.7134,30623,50164,0,0
10-May-90,0.7165,0.718,0.7128,0.7179,31154,51865,0,0
9-May-90,0.7101,0.7163,0.7083,0.7134,40281,51589,0,0
8-May-90,0.6966,0.699,0.6953,0.6984,18197,47417,0,0
7-May-90,0.6944,0.6996,0.6942,0.698,27858,48481,0,0
4-May-90,0.6869,0.6938,0.6866,0.6929,22781,45452,0,0
3-May-90,0.6866,0.6882,0.6859,0.6867,11587,43907,0,0
2-May-90,0.684,0.6888,0.6838,0.6867,16896,42837,0,0
1-May-90,0.6851,0.6883,0.6847,0.6869,13942,42351,0,0
30-Apr-90,0.6856,0.6902,0.684,0.6886,20795,42625,0,0
27-Apr-90,0.6846,0.6888,0.6816,0.6877,23947,43689,0,0
26-Apr-90,0.6843,0.686,0.683,0.6846,27854,41304,0,0
25-Apr-90,0.6752,0.6845,0.6746,0.6837,37511,37996,0,0
24-Apr-90,0.6698,0.6722,0.6689,0.6703,14231,32827,0,0
23-Apr-90,0.67,0.6705,0.6678,0.6686,14835,32035,0,0
20-Apr-90,0.6727,0.6734,0.6681,0.6714,21325,32410,0,0
19-Apr-90,0.675,0.6763,0.6702,0.6728,20574,32878,0,0
18-Apr-90,0.6692,0.677,0.6686,0.6767,19589,33257,0,0
17-Apr-90,0.6691,0.6708,0.6683,0.6703,8649,31369,0,0
16-Apr-90,0.6712,0.6712,0.667,0.6702,10892,31255,0,0
12-Apr-90,0.6723,0.6756,0.6723,0.6747,10772,32616,0,0
11-Apr-90,0.672,0.6752,0.6715,0.6749,16771,31475,0,0
10-Apr-90,0.6661,0.6742,0.6658,0.6739,19392,29723,0,0
9-Apr-90,0.6678,0.6685,0.666,0.6662,11524,28147,0,0
6-Apr-90,0.6665,0.668,0.6645,0.6655,11040,26812,0,0
5-Apr-90,0.6647,0.6658,0.6639,0.6649,5960,27708,0,0
4-Apr-90,0.6635,0.6645,0.6622,0.6634,12484,28795,0,0
3-Apr-90,0.6646,0.6658,0.6637,0.6645,14724,28996,0,0
2-Apr-90,0.6633,0.6649,0.6619,0.6647,15478,31156,0,0
30-Mar-90,0.6654,0.6694,0.6632,0.6676,25909,32693,0,0
29-Mar-90,0.6629,0.6687,0.6629,0.6682,29327,31259,0,0
28-Mar-90,0.6574,0.6609,0.6568,0.6584,23105,27191,0,0
27-Mar-90,0.6563,0.6584,0.6547,0.6574,18480,27785,0,0
26-Mar-90,0.6578,0.6595,0.6528,0.6569,25997,26064,0,0
23-Mar-90,0.6605,0.6633,0.6561,0.6577,23867,25171,0,0
22-Mar-90,0.6558,0.663,0.6557,0.6614,24269,24208,0,0
21-Mar-90,0.6563,0.658,0.655,0.6564,20598,24815,0,0
20-Mar-90,0.6627,0.664,0.6542,0.6551,31524,23426,0,0
19-Mar-90,0.662,0.6637,0.6612,0.6621,17285,36067,0,0
16-Mar-90,0.6588,0.664,0.6585,0.6616,24510,35938,0,0
15-Mar-90,0.6539,0.6589,0.6533,0.6583,21302,36254,0,0
14-Mar-90,0.6549,0.6568,0.6531,0.6549,20694,37150,0,0
13-Mar-90,0.6533,0.6578,0.6512,0.6556,42838,38046,0,0
12-Mar-90,0.6593,0.6607,0.6521,0.6537,33909,40818,0,0
9-Mar-90,0.6628,0.6638,0.6605,0.663,21068,41716,0,0
8-Mar-90,0.6649,0.6657,0.6627,0.664,19886,40187,0,0
7-Mar-90,0.6653,0.6666,0.6615,0.665,22775,40545,0,0
6-Mar-90,0.6684,0.6691,0.6655,0.6665,16554,41160,0,0
5-Mar-90,0.6672,0.6692,0.6644,0.6684,26136,42446,0,0
2-Mar-90,0.664,0.667,0.6585,0.6627,35227,41180,0,0
1-Mar-90,0.6658,0.6668,0.66,0.6617,35818,40861,0,0
28-Feb-90,0.6725,0.6728,0.6655,0.6669,27802,41188,0,0
27-Feb-90,0.6711,0.6748,0.6704,0.6735,23517,43206,0,0
26-Feb-90,0.6753,0.6758,0.6693,0.6703,28229,44367,0,0
23-Feb-90,0.6779,0.6791,0.6759,0.6788,17299,45745,0,0
22-Feb-90,0.6768,0.6805,0.675,0.6766,27586,46687,0,0
21-Feb-90,0.6782,0.6793,0.6754,0.6766,20513,45931,0,0
20-Feb-90,0.6741,0.6763,0.6719,0.6761,24740,43010,0,0
16-Feb-90,0.664,0.6705,0.66,0.6703,32758,45229,0,0
15-Feb-90,0.669,0.6695,0.6626,0.6639,18989,38443,0,0
14-Feb-90,0.6681,0.6705,0.6676,0.6689,16372,39761,0,0
13-Feb-90,0.6647,0.6686,0.663,0.6664,23069,40167,0,0
12-Feb-90,0.6668,0.6689,0.6653,0.6657,22548,41474,0,0
9-Feb-90,0.6696,0.6707,0.6658,0.6699,24359,42663,0,0
8-Feb-90,0.671,0.671,0.6676,0.6702,25301,43055,0,0
7-Feb-90,0.6763,0.6767,0.6685,0.6696,32071,40797,0,0
6-Feb-90,0.6775,0.678,0.6744,0.6756,19859,42619,0,0
5-Feb-90,0.672,0.678,0.6717,0.6777,22444,43155,0,0
2-Feb-90,0.6669,0.6696,0.6649,0.6692,21788,40675,0,0
1-Feb-90,0.667,0.6697,0.6641,0.6695,20201,38107,0,0
31-Jan-90,0.6685,0.67,0.6634,0.6655,27463,39066,0,0
30-Jan-90,0.6714,0.6728,0.6595,0.6638,25808,38741,0,0
29-Jan-90,0.674,0.6744,0.6703,0.6728,24185,39514,0,0
26-Jan-90,0.6698,0.6708,0.6659,0.6698,24956,39792,0,0
25-Jan-90,0.6698,0.6725,0.668,0.671,25392,39763,0,0
24-Jan-90,0.6682,0.6711,0.664,0.6652,30694,40863,0,0
23-Jan-90,0.6571,0.6637,0.6568,0.6608,30484,39855,0,0
22-Jan-90,0.6541,0.6543,0.6483,0.6497,22244,36920,0,0
19-Jan-90,0.6544,0.6596,0.6544,0.6561,20291,37038,0,0
18-Jan-90,0.6585,0.6606,0.6538,0.6553,23469,34179,0,0
17-Jan-90,0.6616,0.6665,0.6604,0.6627,22152,35816,0,0
16-Jan-90,0.653,0.662,0.6527,0.6599,27995,35748,0,0
15-Jan-90,0.6654,0.6662,0.6586,0.6604,16929,36729,0,0
12-Jan-90,0.6656,0.6709,0.663,0.666,35868,37499,0,0
11-Jan-90,0.659,0.6644,0.6556,0.6623,31145,38926,0,0
10-Jan-90,0.66,0.6638,0.6572,0.6585,29335,36328,0,0
9-Jan-90,0.654,0.6588,0.6514,0.6569,21607,35351,0,0
8-Jan-90,0.6525,0.657,0.6523,0.655,21005,34115,0,0
5-Jan-90,0.6435,0.6515,0.6435,0.6481,25572,33801,0,0
4-Jan-90,0.6394,0.6511,0.6381,0.6495,29407,30755,0,0
3-Jan-90,0.634,0.6351,0.63,0.6313,23619,29287,0,0
2-Jan-90,0.6423,0.6427,0.6296,0.6298,30286,29385,0,0
29-Dec-89,0.648,0.6487,0.6457,0.6474,5208,32418,0,0
28-Dec-89,0.6531,0.6531,0.6448,0.6469,13690,32663,0,0
27-Dec-89,0.651,0.6538,0.6498,0.6531,11221,34002,0,0
26-Dec-89,0.6479,0.6479,0.6415,0.6456,6661,33590,0,0
22-Dec-89,0.6445,0.6468,0.6435,0.6448,9622,34004,0,0
21-Dec-89,0.6413,0.6442,0.6406,0.6415,11570,36012,0,0
20-Dec-89,0.638,0.6444,0.6373,0.6425,17385,38553,0,0
19-Dec-89,0.6438,0.6445,0.64,0.6413,16184,37752,0,0
18-Dec-89,0.6463,0.6497,0.6459,0.6492,13985,59180,0,0
15-Dec-89,0.6428,0.6485,0.6428,0.6452,25266,60577,0,0
14-Dec-89,0.6412,0.6431,0.6384,0.6404,21511,60191,0,0
13-Dec-89,0.6394,0.6437,0.6349,0.6405,45000,60798,0,0
12-Dec-89,0.6302,0.6372,0.6288,0.636,43665,59540,0,0
11-Dec-89,0.6274,0.6296,0.6263,0.6294,28775,52158,0,0
8-Dec-89,0.6277,0.631,0.6242,0.6269,35685,53943,0,0
7-Dec-89,0.63,0.6306,0.6271,0.629,22710,49532,0,0
6-Dec-89,0.6284,0.6316,0.6277,0.6298,30921,50942,0,0
5-Dec-89,0.6231,0.6302,0.6224,0.6286,31329,50658,0,0
4-Dec-89,0.6251,0.6265,0.6213,0.6217,25050,48723,0,0
1-Dec-89,0.6276,0.6285,0.6248,0.6254,23188,52340,0,0
30-Nov-89,0.6276,0.6297,0.6262,0.6284,17299,50125,0,0
29-Nov-89,0.6293,0.632,0.6264,0.6282,29420,49930,0,0
28-Nov-89,0.6228,0.6332,0.6228,0.6304,39492,50236,0,0
27-Nov-89,0.625,0.6257,0.622,0.6242,25412,45997,0,0
24-Nov-89,0.6217,0.6221,0.6192,0.622,11160,45466,0,0
22-Nov-89,0.6215,0.623,0.6181,0.6209,27159,44765,0,0
21-Nov-89,0.6178,0.6217,0.6165,0.6215,29148,40574,0,0
20-Nov-89,0.6132,0.615,0.6122,0.6142,17207,36520,0,0
17-Nov-89,0.6127,0.615,0.6116,0.6138,13455,38355,0,0
16-Nov-89,0.6127,0.6179,0.6095,0.6128,26433,40086,0,0
15-Nov-89,0.6156,0.6175,0.6135,0.6153,25889,37475,0,0
14-Nov-89,0.6106,0.6204,0.6102,0.6191,29620,36047,0,0
13-Nov-89,0.609,0.6104,0.6083,0.6097,14938,34834,0,0
10-Nov-89,0.6158,0.6158,0.6086,0.6094,28883,36078,0,0
9-Nov-89,0.6189,0.6198,0.6156,0.6159,19301,34120,0,0
8-Nov-89,0.62,0.6204,0.6182,0.619,13587,35033,0,0
7-Nov-89,0.6186,0.6201,0.6175,0.6195,15047,36397,0,0
6-Nov-89,0.616,0.6178,0.6156,0.6161,15489,35938,0,0
3-Nov-89,0.6195,0.6207,0.6165,0.6185,17816,35484,0,0
2-Nov-89,0.6168,0.6205,0.6159,0.6191,20755,35530,0,0
1-Nov-89,0.6201,0.6212,0.6149,0.6154,24153,35922,0,0
31-Oct-89,0.6217,0.6226,0.6193,0.6195,19676,39110,0,0
30-Oct-89,0.624,0.6249,0.6224,0.6236,18074,37352,0,0
27-Oct-89,0.6186,0.6277,0.6183,0.6266,25442,36893,0,0
26-Oct-89,0.621,0.6235,0.6186,0.6206,23324,36063,0,0
25-Oct-89,0.6208,0.6233,0.6202,0.6232,14638,37110,0,0
24-Oct-89,0.6192,0.6239,0.6176,0.6232,24553,36403,0,0
23-Oct-89,0.615,0.6189,0.6146,0.6183,13570,33504,0,0
20-Oct-89,0.617,0.6175,0.6143,0.6154,18214,32937,0,0
19-Oct-89,0.6216,0.625,0.6161,0.6183,28331,32184,0,0
18-Oct-89,0.6178,0.62,0.614,0.6164,22049,29741,0,0
17-Oct-89,0.6127,0.62,0.6112,0.6119,30647,29226,0,0
16-Oct-89,0.6193,0.6207,0.6095,0.6136,41845,30453,0,0
13-Oct-89,0.5987,0.6048,0.5945,0.6043,23670,26436,0,0
12-Oct-89,0.5989,0.6004,0.597,0.5983,22435,26335,0,0
11-Oct-89,0.5984,0.599,0.5951,0.5972,28215,28004,0,0
10-Oct-89,0.6086,0.6093,0.6001,0.6017,29118,25375,0,0
9-Oct-89,0.6089,0.6101,0.6073,0.6076,5287,28550,0,0
6-Oct-89,0.6062,0.6138,0.606,0.6102,33225,33283,0,0
5-Oct-89,0.6168,0.6216,0.6117,0.6127,27980,29752,0,0
4-Oct-89,0.6167,0.6178,0.615,0.6159,16157,27403,0,0
3-Oct-89,0.6161,0.6168,0.6119,0.6137,17616,27359,0,0
2-Oct-89,0.6172,0.6186,0.6147,0.6161,14734,28041,0,0
29-Sep-89,0.6202,0.6217,0.6165,0.6179,18321,29473,0,0
28-Sep-89,0.6123,0.6158,0.6119,0.6152,14551,30445,0,0
27-Sep-89,0.6156,0.6179,0.6136,0.6149,24145,29648,0,0
26-Sep-89,0.6064,0.613,0.6063,0.6115,29910,27871,0,0
25-Sep-89,0.6073,0.6091,0.6052,0.6088,34478,28069,0,0
22-Sep-89,0.5955,0.597,0.5918,0.5925,16586,28087,0,0
21-Sep-89,0.5958,0.5964,0.5941,0.5954,14211,27077,0,0
20-Sep-89,0.5952,0.5984,0.5952,0.5969,18744,27140,0,0
19-Sep-89,0.5921,0.5949,0.5917,0.5935,22461,27243,0,0
18-Sep-89,0.5887,0.5971,0.5887,0.5956,37983,45584,0,0
15-Sep-89,0.5878,0.601,0.5791,0.5947,46350,48996,0,0
14-Sep-89,0.5913,0.5925,0.5867,0.5881,29086,46251,0,0
13-Sep-89,0.5873,0.5914,0.5859,0.5903,25900,44728,0,0
12-Sep-89,0.5867,0.5877,0.584,0.5849,28563,45658,0,0
11-Sep-89,0.5832,0.5855,0.5827,0.5842,30103,46711,0,0
8-Sep-89,0.5848,0.5866,0.5808,0.581,25739,42739,0,0
7-Sep-89,0.5822,0.5851,0.5815,0.5848,19993,44675,0,0
6-Sep-89,0.5862,0.5875,0.5847,0.5854,19535,43678,0,0
5-Sep-89,0.5826,0.5843,0.5815,0.583,21771,42660,0,0
1-Sep-89,0.5889,0.5893,0.5844,0.586,26339,47433,0,0
31-Aug-89,0.5919,0.5938,0.5878,0.5894,23980,45426,0,0
30-Aug-89,0.5995,0.6013,0.5936,0.5942,26885,41548,0,0
29-Aug-89,0.5974,0.602,0.5952,0.5992,32488,42917,0,0
28-Aug-89,0.5911,0.5935,0.5904,0.5917,12911,43146,0,0
25-Aug-89,0.5922,0.5952,0.5919,0.5922,14218,43414,0,0
24-Aug-89,0.5922,0.5951,0.5907,0.5943,24201,48375,0,0
23-Aug-89,0.5963,0.5973,0.593,0.5949,21140,45923,0,0
22-Aug-89,0.5933,0.5997,0.5925,0.5988,22522,43333,0,0
21-Aug-89,0.5927,0.5958,0.5922,0.5937,12059,40655,0,0
18-Aug-89,0.5916,0.5946,0.591,0.5932,20685,42852,0,0
17-Aug-89,0.5941,0.5941,0.5885,0.5912,23009,42069,0,0
16-Aug-89,0.5979,0.6007,0.5962,0.5993,15211,39493,0,0
15-Aug-89,0.5969,0.5999,0.5955,0.5991,22262,39648,0,0
14-Aug-89,0.5977,0.5994,0.5947,0.595,28085,41900,0,0
11-Aug-89,0.6031,0.6057,0.5962,0.5975,33992,41864,0,0
10-Aug-89,0.6161,0.6165,0.6112,0.6118,17927,38009,0,0
9-Aug-89,0.6125,0.615,0.6108,0.6141,16903,37984,0,0
8-Aug-89,0.6148,0.6166,0.613,0.6149,15463,36685,0,0
7-Aug-89,0.6076,0.6125,0.607,0.6081,27034,39949,0,0
4-Aug-89,0.6213,0.6214,0.6095,0.6097,31972,39218,0,0
3-Aug-89,0.6276,0.6282,0.6195,0.6214,22745,38139,0,0
2-Aug-89,0.6291,0.6307,0.6265,0.6269,20000,41597,0,0
1-Aug-89,0.6227,0.632,0.6212,0.6313,26513,42965,0,0
31-Jul-89,0.6238,0.6252,0.6218,0.6242,18896,39847,0,0
28-Jul-89,0.6205,0.6208,0.6156,0.6201,17522,38658,0,0
27-Jul-89,0.6238,0.6246,0.62,0.6204,20414,39130,0,0
26-Jul-89,0.6202,0.6249,0.6189,0.6242,23395,38699,0,0
25-Jul-89,0.6155,0.6197,0.6133,0.6188,20984,37273,0,0
24-Jul-89,0.6101,0.6147,0.609,0.6131,18002,36793,0,0
21-Jul-89,0.613,0.6143,0.6082,0.6088,16746,36798,0,0
20-Jul-89,0.6078,0.6119,0.6068,0.609,21282,36909,0,0
19-Jul-89,0.6102,0.6115,0.6052,0.6054,20607,35986,0,0
18-Jul-89,0.6022,0.6133,0.602,0.6111,26233,36394,0,0
17-Jul-89,0.6079,0.611,0.606,0.6099,17705,34926,0,0
14-Jul-89,0.615,0.6185,0.6075,0.6079,29268,37038,0,0
13-Jul-89,0.6213,0.6222,0.6152,0.6163,22674,33659,0,0
12-Jul-89,0.6194,0.6234,0.6192,0.6217,18202,36462,0,0
11-Jul-89,0.62,0.6225,0.6188,0.6198,22158,35839,0,0
10-Jul-89,0.6285,0.6301,0.6252,0.6267,21576,34923,0,0
7-Jul-89,0.6191,0.625,0.617,0.6233,23478,32760,0,0
6-Jul-89,0.6189,0.6208,0.6169,0.6203,20326,31314,0,0
5-Jul-89,0.6132,0.6238,0.6124,0.6232,26748,30533,0,0
3-Jul-89,0.6062,0.6088,0.6043,0.6068,14538,28575,0,0
30-Jun-89,0.6001,0.602,0.5967,0.6007,18231,26467,0,0
29-Jun-89,0.6015,0.604,0.5954,0.5963,25335,26803,0,0
28-Jun-89,0.5937,0.5977,0.5935,0.5961,18898,25503,0,0
27-Jun-89,0.5969,0.6016,0.5944,0.5953,22290,24410,0,0
26-Jun-89,0.5986,0.5995,0.5937,0.5962,22629,23989,0,0
23-Jun-89,0.6008,0.6073,0.5989,0.6051,28001,26158,0,0
22-Jun-89,0.5958,0.6,0.5913,0.598,32722,25014,0,0
21-Jun-89,0.5829,0.5955,0.5829,0.5947,29889,25541,0,0
20-Jun-89,0.59,0.5902,0.583,0.5836,25882,24913,0,0
19-Jun-89,0.586,0.591,0.5852,0.5895,24362,40988,0,0
16-Jun-89,0.5805,0.5902,0.5805,0.5877,35154,41975,0,0
15-Jun-89,0.5689,0.5875,0.565,0.5852,44542,43880,0,0
14-Jun-89,0.5761,0.5766,0.5728,0.5729,23431,41290,0,0
13-Jun-89,0.5769,0.5781,0.5726,0.5769,30551,41596,0,0
12-Jun-89,0.5703,0.5763,0.57,0.5753,35555,41715,0,0
9-Jun-89,0.5805,0.5809,0.572,0.573,34806,40793,0,0
8-Jun-89,0.5852,0.5867,0.5835,0.5849,28193,41027,0,0
7-Jun-89,0.5893,0.5909,0.5848,0.5856,34469,42850,0,0
6-Jun-89,0.5801,0.5874,0.5793,0.5864,38765,45815,0,0
5-Jun-89,0.5915,0.5934,0.5843,0.5847,39012,44922,0,0
2-Jun-89,0.59,0.6011,0.5876,0.6005,51739,47330,0,0
1-Jun-89,0.5871,0.5915,0.586,0.5887,38665,42500,0,0
31-May-89,0.583,0.589,0.5787,0.5848,50966,43712,0,0
30-May-89,0.57,0.5763,0.5682,0.5762,35346,44497,0,0
26-May-89,0.584,0.586,0.5758,0.5787,32330,44398,0,0
25-May-89,0.5657,0.5744,0.5645,0.5732,40612,44097,0,0
24-May-89,0.5609,0.5619,0.559,0.5594,23405,45197,0,0
23-May-89,0.5617,0.5636,0.5582,0.559,27324,44603,0,0
22-May-89,0.5575,0.5598,0.5569,0.5587,26358,44185,0,0
19-May-89,0.5703,0.5715,0.5678,0.568,15171,43610,0,0
18-May-89,0.5673,0.5709,0.566,0.5685,28093,44613,0,0
17-May-89,0.5757,0.5765,0.5669,0.5687,35824,44716,0,0
16-May-89,0.5791,0.5795,0.5767,0.5784,19761,41260,0,0
15-May-89,0.5754,0.5774,0.5742,0.577,28772,43909,0,0
12-May-89,0.5853,0.593,0.5835,0.5837,34710,43123,0,0
11-May-89,0.588,0.5892,0.5862,0.5873,23147,41206,0,0
10-May-89,0.595,0.595,0.5915,0.593,28788,41670,0,0
9-May-89,0.5883,0.592,0.5871,0.5916,28032,41741,0,0
8-May-89,0.5922,0.5926,0.5868,0.5887,30500,41390,0,0
5-May-89,0.5933,0.5965,0.5899,0.5911,25523,39564,0,0
4-May-89,0.5975,0.5978,0.5931,0.5933,15632,39040,0,0
3-May-89,0.5965,0.5981,0.5943,0.5945,19347,38313,0,0
2-May-89,0.5961,0.5987,0.5961,0.5966,21226,38155,0,0
1-May-89,0.5962,0.5976,0.594,0.5954,21676,36651,0,0
28-Apr-89,0.6008,0.6018,0.5987,0.5989,25775,34448,0,0
27-Apr-89,0.6063,0.6071,0.6048,0.6057,19764,32335,0,0
26-Apr-89,0.6083,0.6096,0.6047,0.6056,24152,32758,0,0
25-Apr-89,0.611,0.6124,0.6101,0.6105,17962,32954,0,0
24-Apr-89,0.6152,0.6152,0.6107,0.612,21275,33372,0,0
21-Apr-89,0.6158,0.6169,0.6152,0.6165,11545,34519,0,0
20-Apr-89,0.6167,0.62,0.616,0.6168,23784,34996,0,0
19-Apr-89,0.6157,0.6166,0.6142,0.6149,24400,35272,0,0
18-Apr-89,0.6138,0.6194,0.6129,0.6184,32786,35298,0,0
17-Apr-89,0.6137,0.6156,0.6129,0.6137,17808,32930,0,0
14-Apr-89,0.6089,0.6126,0.6068,0.6116,27729,34669,0,0
13-Apr-89,0.6077,0.6165,0.6068,0.6127,35046,33851,0,0
12-Apr-89,0.6048,0.6064,0.6038,0.605,16955,35415,0,0
11-Apr-89,0.607,0.608,0.6046,0.6057,18418,34696,0,0
10-Apr-89,0.6084,0.6097,0.6065,0.6068,21581,33915,0,0
7-Apr-89,0.6143,0.617,0.6103,0.611,25957,32074,0,0
6-Apr-89,0.6138,0.616,0.6137,0.6145,14712,31952,0,0
5-Apr-89,0.6141,0.6166,0.6139,0.6149,22577,35223,0,0
4-Apr-89,0.6162,0.6202,0.6162,0.6191,25476,35307,0,0
3-Apr-89,0.6092,0.6141,0.6079,0.6137,27883,35502,0,0
31-Mar-89,0.6088,0.6091,0.6062,0.6072,17788,36992,0,0
30-Mar-89,0.6127,0.6133,0.607,0.6103,21992,37168,0,0
29-Mar-89,0.6116,0.615,0.6106,0.6117,22773,36312,0,0
28-Mar-89,0.6144,0.6155,0.6093,0.611,23099,36526,0,0
27-Mar-89,0.6169,0.6174,0.615,0.6156,12215,36861,0,0
23-Mar-89,0.6249,0.6259,0.6205,0.6216,15148,36053,0,0
22-Mar-89,0.6208,0.6251,0.6205,0.6239,22396,34883,0,0
21-Mar-89,0.625,0.629,0.6214,0.6233,26178,35789,0,0
20-Mar-89,0.6258,0.6289,0.624,0.6282,20368,34501,0,0
17-Mar-89,0.6292,0.6292,0.6242,0.6249,18024,35180,0,0
16-Mar-89,0.6297,0.6306,0.6265,0.6285,23396,34113,0,0
15-Mar-89,0.6324,0.6343,0.6277,0.6285,31610,30339,0,0
14-Mar-89,0.6337,0.6369,0.6336,0.6355,18834,25108,0,0
13-Mar-89,0.635,0.6353,0.6325,0.633,22208,35169,0,0
10-Mar-89,0.6371,0.6379,0.6344,0.6368,26893,35858,0,0
9-Mar-89,0.6356,0.6375,0.6356,0.6373,22137,33798,0,0
8-Mar-89,0.6376,0.6392,0.6348,0.6354,25958,33007,0,0
7-Mar-89,0.6379,0.6402,0.6372,0.6381,24791,31919,0,0
6-Mar-89,0.6409,0.6411,0.637,0.6377,30118,34572,0,0
3-Mar-89,0.6352,0.6371,0.634,0.6356,22617,31640,0,0
2-Mar-89,0.6369,0.6376,0.6331,0.6333,32574,32164,0,0
1-Mar-89,0.6373,0.6392,0.6357,0.6379,38994,34527,0,0
28-Feb-89,0.6425,0.6453,0.6422,0.6442,19355,31709,0,0
27-Feb-89,0.6474,0.6487,0.6436,0.6444,26281,31649,0,0
24-Feb-89,0.6423,0.6453,0.641,0.645,22479,30830,0,0
23-Feb-89,0.6446,0.6478,0.6427,0.6466,31009,31702,0,0
22-Feb-89,0.6385,0.6411,0.6377,0.6396,24873,31128,0,0
21-Feb-89,0.6353,0.6414,0.635,0.6386,27043,32391,0,0
17-Feb-89,0.6429,0.6463,0.6394,0.643,19238,33057,0,0
16-Feb-89,0.6397,0.643,0.6392,0.6423,19027,32305,0,0
15-Feb-89,0.6404,0.6458,0.6386,0.6418,38510,30209,0,0
14-Feb-89,0.6337,0.6409,0.6326,0.6398,36799,30783,0,0
13-Feb-89,0.6302,0.6322,0.629,0.632,17792,30399,0,0
10-Feb-89,0.6414,0.6417,0.6299,0.6308,38392,32821,0,0
9-Feb-89,0.6349,0.6396,0.6342,0.6384,29777,34260,0,0
8-Feb-89,0.63,0.632,0.6292,0.6307,19752,31635,0,0
7-Feb-89,0.6312,0.6333,0.6301,0.6305,19869,29372,0,0
6-Feb-89,0.6263,0.632,0.6263,0.6313,21680,29886,0,0
3-Feb-89,0.6283,0.6319,0.626,0.629,23846,29413,0,0
2-Feb-89,0.6302,0.634,0.6281,0.6296,34695,28979,0,0
1-Feb-89,0.629,0.6343,0.6289,0.6307,30961,31926,0,0
31-Jan-89,0.6334,0.634,0.6264,0.6274,25664,30853,0,0
30-Jan-89,0.6317,0.636,0.6315,0.6346,17547,28034,0,0
27-Jan-89,0.638,0.6398,0.6318,0.6322,20170,28125,0,0
26-Jan-89,0.6412,0.6423,0.6388,0.6399,14758,28219,0,0
25-Jan-89,0.6417,0.644,0.6381,0.6436,23840,28463,0,0
24-Jan-89,0.6499,0.6509,0.6425,0.6436,22790,27909,0,0
23-Jan-89,0.6424,0.651,0.6412,0.648,23190,27562,0,0
20-Jan-89,0.6391,0.645,0.6377,0.6443,20900,28034,0,0
19-Jan-89,0.6303,0.6378,0.6292,0.6371,26793,29735,0,0
18-Jan-89,0.635,0.6408,0.631,0.6312,27854,29668,0,0
17-Jan-89,0.6391,0.6402,0.6372,0.6391,18547,28149,0,0
16-Jan-89,0.6357,0.6369,0.634,0.6348,15931,28148,0,0
13-Jan-89,0.6406,0.6466,0.6385,0.64,28829,27648,0,0
12-Jan-89,0.6492,0.6501,0.6447,0.6461,20356,28310,0,0
11-Jan-89,0.6457,0.65,0.6456,0.6483,25587,26604,0,0
10-Jan-89,0.6457,0.6465,0.6413,0.6429,30003,27940,0,0
9-Jan-89,0.6462,0.6501,0.6448,0.6493,24874,26200,0,0
6-Jan-89,0.6535,0.6535,0.6482,0.6507,23429,25397,0,0
5-Jan-89,0.6638,0.6641,0.6543,0.6548,27478,24898,0,0
4-Jan-89,0.6665,0.6668,0.6623,0.6638,27322,23831,0,0
3-Jan-89,0.6761,0.6773,0.6711,0.6716,18398,22566,0,0
30-Dec-88,0.672,0.6742,0.6695,0.6728,8797,21478,0,0
29-Dec-88,0.667,0.6677,0.6651,0.6657,8197,21879,0,0
28-Dec-88,0.6664,0.6684,0.664,0.667,14569,21137,0,0
27-Dec-88,0.6738,0.674,0.6721,0.6725,3127,20257,0,0
23-Dec-88,0.6731,0.6756,0.6725,0.6752,2490,20153,0,0
22-Dec-88,0.6747,0.6757,0.6731,0.6754,7036,21602,0,0
21-Dec-88,0.6742,0.6774,0.6735,0.6751,14040,21811,0,0
20-Dec-88,0.6734,0.676,0.6708,0.6716,20439,23961,0,0
19-Dec-88,0.6812,0.6825,0.6769,0.6785,21710,33583,0,0
16-Dec-88,0.681,0.6841,0.6775,0.6812,25011,34282,0,0
15-Dec-88,0.6888,0.6896,0.6817,0.6835,25646,34907,0,0
14-Dec-88,0.6868,0.694,0.6866,0.6897,28057,35495,0,0
13-Dec-88,0.688,0.6889,0.6858,0.6868,15872,30328,0,0
12-Dec-88,0.6896,0.6907,0.6881,0.69,15080,31211,0,0
9-Dec-88,0.6838,0.687,0.6831,0.6842,20695,30369,0,0
8-Dec-88,0.682,0.6855,0.681,0.6844,34910,31296,0,0
7-Dec-88,0.6818,0.6829,0.6718,0.6755,46121,33696,0,0
6-Dec-88,0.6931,0.6935,0.6866,0.6869,31052,35689,0,0
5-Dec-88,0.695,0.695,0.6926,0.6936,13406,37107,0,0
2-Dec-88,0.6899,0.6963,0.681,0.6958,26510,37214,0,0
1-Dec-88,0.6904,0.6916,0.6895,0.6908,15024,37340,0,0
30-Nov-88,0.6884,0.6923,0.6875,0.6914,28536,37544,0,0
29-Nov-88,0.6917,0.6942,0.6901,0.6906,24569,37217,0,0
28-Nov-88,0.6912,0.6929,0.689,0.6902,21882,37531,0,0
25-Nov-88,0.6951,0.699,0.694,0.6972,13501,36812,0,0
23-Nov-88,0.6931,0.6978,0.6926,0.6966,21801,36832,0,0
22-Nov-88,0.6902,0.6941,0.6885,0.6936,23484,39548,0,0
21-Nov-88,0.6883,0.6919,0.6874,0.6897,18630,38384,0,0
18-Nov-88,0.6878,0.6894,0.6839,0.6874,23303,37607,0,0
17-Nov-88,0.6957,0.6961,0.6878,0.6933,28621,38457,0,0
16-Nov-88,0.6885,0.6962,0.6855,0.6948,33932,37659,0,0
15-Nov-88,0.6868,0.6875,0.6853,0.6863,16091,36751,0,0
14-Nov-88,0.6841,0.6871,0.6836,0.6844,22460,37616,0,0
11-Nov-88,0.6852,0.6908,0.6852,0.6888,22461,40138,0,0
10-Nov-88,0.679,0.6825,0.6783,0.682,25186,39624,0,0
9-Nov-88,0.6736,0.6811,0.6728,0.6796,37449,42499,0,0
8-Nov-88,0.6727,0.6727,0.668,0.6699,21149,37320,0,0
7-Nov-88,0.6719,0.6762,0.6708,0.6754,18167,37443,0,0
4-Nov-88,0.6755,0.6773,0.6671,0.6698,27712,37866,0,0
3-Nov-88,0.6758,0.6775,0.6739,0.6744,17589,37171,0,0
2-Nov-88,0.672,0.6788,0.6706,0.6775,28326,36666,0,0
1-Nov-88,0.6689,0.6714,0.666,0.6708,27684,33542,0,0
31-Oct-88,0.6755,0.6761,0.6659,0.6669,29132,34238,0,0
28-Oct-88,0.6698,0.6746,0.6677,0.6738,23721,33199,0,0
27-Oct-88,0.675,0.6765,0.6717,0.6723,30083,32374,0,0
26-Oct-88,0.6633,0.6708,0.6628,0.6701,24604,29251,0,0
25-Oct-88,0.6608,0.665,0.6608,0.6624,15967,28818,0,0
24-Oct-88,0.664,0.6663,0.664,0.6647,18475,29308,0,0
21-Oct-88,0.6656,0.6698,0.6647,0.6693,21585,27358,0,0
20-Oct-88,0.6613,0.6635,0.6613,0.6614,17078,27052,0,0
19-Oct-88,0.6598,0.6604,0.6574,0.6579,19451,26122,0,0
18-Oct-88,0.6586,0.6619,0.6586,0.6595,18804,26486,0,0
17-Oct-88,0.6581,0.6609,0.6581,0.6605,20089,26698,0,0
14-Oct-88,0.6556,0.6636,0.6553,0.6622,25594,25886,0,0
13-Oct-88,0.6518,0.6597,0.6517,0.6592,35807,23583,0,0
12-Oct-88,0.6472,0.6537,0.6471,0.6532,25660,21959,0,0
11-Oct-88,0.6434,0.6437,0.6422,0.6426,16032,21849,0,0
10-Oct-88,0.6408,0.6419,0.6402,0.6405,9372,21438,0,0
7-Oct-88,0.6369,0.6401,0.6362,0.6383,15687,22041,0,0
6-Oct-88,0.638,0.6385,0.6369,0.6371,6562,21268,0,0
5-Oct-88,0.6375,0.6388,0.6363,0.6381,12049,21107,0,0
4-Oct-88,0.64,0.6407,0.6377,0.6387,13087,20032,0,0
3-Oct-88,0.6387,0.6408,0.6379,0.6388,13787,20337,0,0
30-Sep-88,0.6358,0.6397,0.6353,0.6383,12449,20240,0,0
29-Sep-88,0.6349,0.6351,0.6341,0.6343,5577,20411,0,0
28-Sep-88,0.635,0.6364,0.6346,0.6362,7824,20308,0,0
27-Sep-88,0.6353,0.6372,0.6349,0.6363,9765,20215,0,0
26-Sep-88,0.6332,0.6363,0.6326,0.6354,17075,20396,0,0
23-Sep-88,0.6377,0.6393,0.637,0.6389,9602,19249,0,0
22-Sep-88,0.6377,0.6389,0.6358,0.6383,16300,19679,0,0
21-Sep-88,0.639,0.6404,0.6386,0.64,10356,18624,0,0
20-Sep-88,0.6412,0.6437,0.6409,0.6418,18516,21533,0,0
19-Sep-88,0.6406,0.6419,0.6397,0.6414,13807,35068,0,0
16-Sep-88,0.6395,0.6407,0.6386,0.6397,18411,36789,0,0
15-Sep-88,0.6397,0.6408,0.6383,0.6396,18004,37358,0,0
14-Sep-88,0.6479,0.6479,0.6371,0.6401,37979,38922,0,0
13-Sep-88,0.651,0.6511,0.6485,0.6492,13085,34230,0,0
12-Sep-88,0.6494,0.6527,0.6493,0.6512,17785,35856,0,0
9-Sep-88,0.642,0.6428,0.6393,0.6407,25599,34096,0,0
8-Sep-88,0.6412,0.6422,0.638,0.6414,30220,35281,0,0
7-Sep-88,0.6443,0.6452,0.6426,0.6444,25919,36052,0,0
6-Sep-88,0.6434,0.6467,0.643,0.6446,30690,38031,0,0
2-Sep-88,0.6343,0.644,0.6342,0.6436,30625,35818,0,0
1-Sep-88,0.6323,0.6347,0.6316,0.6336,16563,35592,0,0
31-Aug-88,0.6333,0.6335,0.6316,0.6326,18273,35500,0,0
30-Aug-88,0.6358,0.6379,0.6353,0.6358,17626,34780,0,0
29-Aug-88,0.6365,0.6373,0.6352,0.6354,11862,34271,0,0
26-Aug-88,0.6372,0.6412,0.6369,0.6397,15182,36161,0,0
25-Aug-88,0.638,0.6405,0.6355,0.639,27782,36482,0,0
24-Aug-88,0.6288,0.6342,0.6278,0.6332,29653,36008,0,0
23-Aug-88,0.6258,0.6286,0.6237,0.6241,25731,35888,0,0
22-Aug-88,0.6228,0.6285,0.6215,0.6268,27772,34048,0,0
19-Aug-88,0.6305,0.6317,0.6286,0.6306,14563,32804,0,0
18-Aug-88,0.6318,0.632,0.6254,0.6279,23734,33570,0,0
17-Aug-88,0.6299,0.6302,0.6248,0.6269,32528,33478,0,0
16-Aug-88,0.6362,0.645,0.63,0.6321,32305,34105,0,0
15-Aug-88,0.6366,0.6386,0.6353,0.6369,15271,33668,0,0
12-Aug-88,0.6368,0.64,0.6368,0.6383,17069,34531,0,0
11-Aug-88,0.6315,0.639,0.6302,0.6385,29396,34690,0,0
10-Aug-88,0.6267,0.631,0.6255,0.63,28181,34336,0,0
9-Aug-88,0.6346,0.6353,0.6251,0.6258,22459,33399,0,0
8-Aug-88,0.6323,0.6348,0.6315,0.6322,19289,33851,0,0
5-Aug-88,0.6408,0.6409,0.6351,0.6357,19205,33293,0,0
4-Aug-88,0.6407,0.6424,0.6399,0.6415,16922,31525,0,0
3-Aug-88,0.6432,0.6447,0.6425,0.6442,16998,30621,0,0
2-Aug-88,0.6461,0.6473,0.6432,0.6446,23377,31001,0,0
1-Aug-88,0.6435,0.6459,0.6425,0.6452,15168,30293,0,0
29-Jul-88,0.646,0.649,0.6426,0.6432,19542,29120,0,0
28-Jul-88,0.6522,0.6524,0.6468,0.6491,21316,28160,0,0
27-Jul-88,0.6464,0.6582,0.6462,0.6548,21027,27813,0,0
26-Jul-88,0.652,0.653,0.6496,0.652,24238,26895,0,0
25-Jul-88,0.6583,0.6597,0.6544,0.6549,15890,27084,0,0
22-Jul-88,0.664,0.6643,0.6621,0.6632,16104,28801,0,0
21-Jul-88,0.6593,0.661,0.6571,0.6593,20378,29234,0,0
20-Jul-88,0.6545,0.6568,0.6534,0.655,20108,30073,0,0
19-Jul-88,0.6515,0.6553,0.6498,0.6548,24233,31086,0,0
18-Jul-88,0.6416,0.6482,0.6415,0.6468,26795,33909,0,0
15-Jul-88,0.6544,0.6555,0.6469,0.6473,23589,31989,0,0
14-Jul-88,0.6577,0.6593,0.6564,0.6571,17689,31256,0,0
13-Jul-88,0.6605,0.6605,0.6565,0.659,19051,29382,0,0
12-Jul-88,0.6596,0.6642,0.6593,0.6627,22138,29085,0,0
11-Jul-88,0.6578,0.6601,0.6555,0.6573,24159,29748,0,0
8-Jul-88,0.6653,0.6655,0.6573,0.658,27040,29130,0,0
7-Jul-88,0.6686,0.6696,0.665,0.666,22122,26510,0,0
6-Jul-88,0.6668,0.6678,0.6654,0.6665,13983,24817,0,0
5-Jul-88,0.6643,0.6668,0.6625,0.6659,18803,25628,0,0
1-Jul-88,0.6664,0.6683,0.6651,0.6666,13058,25291,0,0
30-Jun-88,0.6684,0.6717,0.6659,0.6708,24231,25519,0,0
29-Jun-88,0.6695,0.6706,0.6646,0.6682,28274,26402,0,0
28-Jun-88,0.6776,0.6787,0.672,0.6725,28429,25548,0,0
27-Jun-88,0.6687,0.6724,0.6686,0.6699,22697,26123,0,0
24-Jun-88,0.6777,0.6787,0.67,0.6724,29866,26301,0,0
23-Jun-88,0.6822,0.6865,0.6816,0.6851,22167,27074,0,0
22-Jun-88,0.6868,0.6881,0.6841,0.6844,27257,28416,0,0
21-Jun-88,0.6913,0.6946,0.6908,0.6939,20208,27565,0,0
20-Jun-88,0.6933,0.6945,0.69,0.6905,17448,28633,0,0
17-Jun-88,0.6933,0.6957,0.692,0.6945,14723,27478,0,0
16-Jun-88,0.6946,0.6961,0.6916,0.6934,27275,27574,0,0
15-Jun-88,0.6901,0.6911,0.6886,0.6892,21239,27045,0,0
14-Jun-88,0.7012,0.7013,0.6905,0.6914,30244,27802,0,0
13-Jun-88,0.7014,0.7034,0.7006,0.7026,27273,43419,0,0
10-Jun-88,0.7068,0.7069,0.7031,0.7037,32490,43507,0,0
9-Jun-88,0.7052,0.7087,0.7039,0.7079,28523,40575,0,0
8-Jun-88,0.7086,0.7096,0.7041,0.7047,27186,41666,0,0
7-Jun-88,0.7109,0.7115,0.7088,0.7112,27258,41383,0,0
6-Jun-88,0.706,0.7092,0.7055,0.7089,32268,41290,0,0
3-Jun-88,0.6968,0.6983,0.6948,0.6957,18985,40508,0,0
2-Jun-88,0.694,0.698,0.6927,0.696,29821,40758,0,0
1-Jun-88,0.6979,0.6982,0.6939,0.6949,29476,41534,0,0
31-May-88,0.6964,0.6965,0.6923,0.6926,23594,41433,0,0
27-May-88,0.7,0.7009,0.6969,0.6977,17524,39837,0,0
26-May-88,0.7028,0.7047,0.7021,0.7039,14553,38916,0,0
25-May-88,0.7049,0.7054,0.7031,0.7039,20908,39809,0,0
24-May-88,0.7077,0.7085,0.7041,0.7064,20249,39321,0,0
23-May-88,0.7068,0.7086,0.7058,0.7081,11903,37381,0,0
20-May-88,0.7072,0.7072,0.7056,0.707,10512,38185,0,0
19-May-88,0.7098,0.7098,0.707,0.7074,13132,38162,0,0
18-May-88,0.7059,0.7078,0.7048,0.7077,21784,37396,0,0
17-May-88,0.7159,0.7173,0.7043,0.7055,31704,37724,0,0
16-May-88,0.7157,0.7164,0.7141,0.7142,18874,35687,0,0
13-May-88,0.7187,0.7187,0.7157,0.716,17713,34875,0,0
12-May-88,0.7179,0.7196,0.7172,0.7176,20285,34687,0,0
11-May-88,0.7206,0.721,0.7166,0.7175,23223,31786,0,0
10-May-88,0.7195,0.7219,0.7191,0.7205,20934,36436,0,0
9-May-88,0.7184,0.7187,0.7168,0.7176,12001,35037,0,0
6-May-88,0.7176,0.7181,0.715,0.7177,23692,36317,0,0
5-May-88,0.7202,0.7209,0.7145,0.7148,25569,34469,0,0
4-May-88,0.7173,0.7201,0.7168,0.7197,17070,31221,0,0
3-May-88,0.721,0.7214,0.7189,0.7192,10772,31255,0,0
2-May-88,0.7177,0.7199,0.7163,0.7193,22569,31204,0,0
29-Apr-88,0.7251,0.7254,0.719,0.7194,21389,27511,0,0
28-Apr-88,0.7265,0.7277,0.7258,0.7268,12884,25888,0,0
27-Apr-88,0.7238,0.7265,0.723,0.7258,20939,25557,0,0
26-Apr-88,0.7276,0.7287,0.7251,0.7252,18545,26126,0,0
25-Apr-88,0.7268,0.7272,0.7243,0.7255,11817,25734,0,0
22-Apr-88,0.7287,0.7289,0.7265,0.7269,15787,25530,0,0
21-Apr-88,0.7319,0.7331,0.7308,0.731,11260,26963,0,0
20-Apr-88,0.7342,0.7343,0.7318,0.7319,11039,26700,0,0
19-Apr-88,0.7327,0.7334,0.7313,0.7317,13418,26571,0,0
18-Apr-88,0.735,0.7357,0.7333,0.7339,14798,26936,0,0
15-Apr-88,0.735,0.736,0.7338,0.7348,18241,27477,0,0
14-Apr-88,0.7195,0.745,0.7187,0.7347,43893,28533,0,0
13-Apr-88,0.7201,0.722,0.7167,0.7175,33596,29077,0,0
12-Apr-88,0.723,0.7232,0.7209,0.721,13185,24908,0,0
11-Apr-88,0.7232,0.7242,0.7204,0.7224,24632,23897,0,0
8-Apr-88,0.7288,0.7302,0.7276,0.7292,14746,20930,0,0
7-Apr-88,0.7261,0.7285,0.7252,0.7278,22266,20777,0,0
6-Apr-88,0.7321,0.7333,0.7242,0.7254,31179,22907,0,0
5-Apr-88,0.7366,0.7375,0.7318,0.7329,25871,23819,0,0
4-Apr-88,0.7423,0.7452,0.7393,0.7415,17756,26967,0,0
31-Mar-88,0.7397,0.7421,0.7386,0.7401,20805,24835,0,0
30-Mar-88,0.7337,0.7373,0.7328,0.7366,21978,24263,0,0
29-Mar-88,0.7358,0.7368,0.7331,0.7343,22741,20777,0,0
28-Mar-88,0.7353,0.7405,0.7346,0.7404,24413,20189,0,0
25-Mar-88,0.7277,0.7302,0.7266,0.7288,17782,19611,0,0
24-Mar-88,0.7255,0.7299,0.7252,0.7294,20407,18957,0,0
23-Mar-88,0.721,0.7243,0.7204,0.7234,13589,19580,0,0
22-Mar-88,0.7227,0.7234,0.7208,0.723,16961,20610,0,0
21-Mar-88,0.7234,0.725,0.7223,0.7235,17814,20516,0,0
18-Mar-88,0.7218,0.7223,0.7188,0.7195,19543,20808,0,0
17-Mar-88,0.7296,0.7312,0.7193,0.7199,33857,19520,0,0
16-Mar-88,0.7331,0.7339,0.7298,0.7307,13222,18779,0,0
15-Mar-88,0.7355,0.7365,0.7335,0.7339,11693,19690,0,0
14-Mar-88,0.7408,0.741,0.7365,0.7372,22400,32880,0,0
11-Mar-88,0.7394,0.7397,0.7375,0.7386,20557,32794,0,0
10-Mar-88,0.7342,0.7356,0.7331,0.7336,17965,34340,0,0
9-Mar-88,0.734,0.7357,0.7337,0.7352,20297,33744,0,0
8-Mar-88,0.735,0.7376,0.7336,0.7365,33727,33694,0,0
7-Mar-88,0.7275,0.7335,0.7275,0.7331,28518,34636,0,0
4-Mar-88,0.7135,0.7163,0.7124,0.7152,20697,30729,0,0
3-Mar-88,0.7128,0.7138,0.7116,0.7126,17056,30836,0,0
2-Mar-88,0.7155,0.7168,0.7143,0.7147,22685,32061,0,0
1-Mar-88,0.7192,0.7203,0.7185,0.7191,15220,32056,0,0
29-Feb-88,0.7211,0.7217,0.7184,0.7193,17235,32494,0,0
26-Feb-88,0.721,0.7235,0.7208,0.7211,16191,31572,0,0
25-Feb-88,0.717,0.7207,0.7165,0.7202,23619,31506,0,0
24-Feb-88,0.72,0.7217,0.718,0.7188,18490,33394,0,0
23-Feb-88,0.7219,0.724,0.7193,0.7202,21742,33359,0,0
22-Feb-88,0.7189,0.7222,0.7187,0.7209,19441,33524,0,0
19-Feb-88,0.7172,0.7196,0.7159,0.7173,23497,33525,0,0
18-Feb-88,0.716,0.7173,0.7126,0.713,23063,33615,0,0
17-Feb-88,0.7146,0.7165,0.7138,0.716,16931,33245,0,0
16-Feb-88,0.7138,0.7185,0.7136,0.7164,23759,33158,0,0
12-Feb-88,0.7185,0.732,0.703,0.7128,21695,32857,0,0
11-Feb-88,0.7243,0.7254,0.7224,0.7227,17007,32643,0,0
10-Feb-88,0.7254,0.7275,0.7243,0.7252,20605,33464,0,0
9-Feb-88,0.72,0.724,0.7186,0.7231,29630,34500,0,0
8-Feb-88,0.7214,0.7261,0.721,0.7231,28365,34590,0,0
5-Feb-88,0.7265,0.7281,0.7196,0.721,28071,34573,0,0
4-Feb-88,0.7258,0.7316,0.7248,0.7306,25392,32302,0,0
3-Feb-88,0.7302,0.7328,0.7265,0.7267,25282,31102,0,0
2-Feb-88,0.7292,0.7335,0.7286,0.7325,22640,30376,0,0
1-Feb-88,0.7276,0.7297,0.7267,0.7286,20101,29836,0,0
29-Jan-88,0.736,0.7376,0.7343,0.7346,14057,28279,0,0
28-Jan-88,0.7417,0.7434,0.741,0.7428,13714,27200,0,0
27-Jan-88,0.7385,0.7425,0.7368,0.7414,22397,28560,0,0
26-Jan-88,0.7429,0.7429,0.7396,0.742,18273,28371,0,0
25-Jan-88,0.7428,0.7435,0.7384,0.7397,19012,27145,0,0
22-Jan-88,0.7438,0.7467,0.7413,0.7453,18415,26585,0,0
21-Jan-88,0.7454,0.7481,0.7435,0.7453,22034,27749,0,0
20-Jan-88,0.7446,0.7486,0.743,0.7482,32434,26922,0,0
19-Jan-88,0.7343,0.7411,0.7326,0.7372,25911,26317,0,0
18-Jan-88,0.7336,0.7375,0.7325,0.7359,15508,26106,0,0
15-Jan-88,0.7583,0.7589,0.72,0.7331,18754,25218,0,0
14-Jan-88,0.756,0.7579,0.7541,0.7577,12113,24943,0,0
13-Jan-88,0.761,0.7613,0.756,0.7579,19362,25598,0,0
12-Jan-88,0.7541,0.758,0.7535,0.757,17244,24851,0,0
11-Jan-88,0.754,0.7559,0.7517,0.7522,17324,24310,0,0
8-Jan-88,0.7437,0.7507,0.743,0.7487,19982,23194,0,0
7-Jan-88,0.7542,0.7552,0.7516,0.7523,14587,22383,0,0
6-Jan-88,0.7465,0.7513,0.744,0.7495,24150,23751,0,0
5-Jan-88,0.7682,0.7705,0.7563,0.7569,28551,24255,0,0
4-Jan-88,0.7868,0.7877,0.7818,0.7844,18953,25307,0,0
31-Dec-87,0.792,0.7955,0.7885,0.795,8869,24298,0,0
30-Dec-87,0.7802,0.7828,0.779,0.7812,7996,24032,0,0
29-Dec-87,0.786,0.786,0.78,0.7819,11238,24647,0,0
28-Dec-87,0.779,0.7846,0.7771,0.7817,10720,23793,0,0
24-Dec-87,0.7634,0.769,0.762,0.7672,5993,22988,0,0
23-Dec-87,0.7582,0.7598,0.7557,0.7585,11647,22315,0,0
22-Dec-87,0.7623,0.7658,0.7605,0.7646,8606,21831,0,0
21-Dec-87,0.7625,0.7638,0.7588,0.7635,10427,22106,0,0
18-Dec-87,0.7655,0.7659,0.7585,0.7611,17383,21786,0,0
17-Dec-87,0.7647,0.769,0.7621,0.7684,17795,21479,0,0
16-Dec-87,0.7596,0.7625,0.7566,0.7623,16415,20598,0,0
15-Dec-87,0.7633,0.7638,0.7576,0.7597,15384,20484,0,0
14-Dec-87,0.7636,0.7654,0.7606,0.7628,19520,41283,0,0
11-Dec-87,0.7602,0.7619,0.7568,0.7608,23133,41965,0,0
10-Dec-87,0.7435,0.765,0.7399,0.7584,28873,43198,0,0
9-Dec-87,0.745,0.745,0.7424,0.7445,18135,40730,0,0
8-Dec-87,0.742,0.7437,0.7401,0.7435,18236,40722,0,0
7-Dec-87,0.7417,0.7426,0.7377,0.7389,20868,41981,0,0
4-Dec-87,0.741,0.741,0.731,0.7347,29132,41004,0,0
3-Dec-87,0.7427,0.7427,0.735,0.7364,27565,39330,0,0
2-Dec-87,0.7413,0.7433,0.739,0.7394,23934,40380,0,0
1-Dec-87,0.7395,0.7436,0.7386,0.7388,24443,40508,0,0
30-Nov-87,0.7475,0.7487,0.744,0.7473,23844,40772,0,0
27-Nov-87,0.7371,0.7408,0.7356,0.7406,15031,40253,0,0
25-Nov-87,0.7303,0.7329,0.7286,0.7306,15030,39507,0,0
24-Nov-87,0.7246,0.73,0.7221,0.7299,21720,38870,0,0
23-Nov-87,0.7331,0.7334,0.7303,0.7318,19727,39139,0,0
20-Nov-87,0.7299,0.7373,0.717,0.7285,28592,39868,0,0
19-Nov-87,0.7291,0.7299,0.7247,0.728,19523,38690,0,0
18-Nov-87,0.7208,0.7276,0.7194,0.7248,23529,37054,0,0
17-Nov-87,0.7205,0.7235,0.7193,0.7232,18240,35711,0,0
16-Nov-87,0.71,0.7164,0.7097,0.7127,24062,35261,0,0
13-Nov-87,0.7205,0.7232,0.718,0.7227,16266,34579,0,0
12-Nov-87,0.728,0.732,0.7175,0.7203,26851,34302,0,0
11-Nov-87,0.7354,0.736,0.7284,0.7297,16680,33640,0,0
10-Nov-87,0.7405,0.7433,0.7295,0.7354,34639,33958,0,0
9-Nov-87,0.7291,0.7369,0.7291,0.7355,22995,34856,0,0
6-Nov-87,0.728,0.7323,0.725,0.7294,23882,34710,0,0
5-Nov-87,0.72,0.736,0.7187,0.726,32455,33004,0,0
4-Nov-87,0.7139,0.716,0.7094,0.7145,24766,32402,0,0
3-Nov-87,0.7151,0.7165,0.7075,0.7117,29749,32595,0,0
2-Nov-87,0.7072,0.7125,0.7058,0.7115,21856,31132,0,0
30-Oct-87,0.6983,0.7055,0.6982,0.7026,21865,29809,0,0
29-Oct-87,0.7,0.7051,0.6979,0.7004,24121,28776,0,0
28-Oct-87,0.6955,0.7042,0.6947,0.7026,26428,28976,0,0
27-Oct-87,0.6865,0.6968,0.6862,0.6927,21570,27881,0,0
26-Oct-87,0.6877,0.6897,0.6855,0.687,22396,26407,0,0
23-Oct-87,0.6719,0.6855,0.668,0.6823,24004,24616,0,0
22-Oct-87,0.6679,0.6725,0.6669,0.6678,17500,23640,0,0
21-Oct-87,0.672,0.6724,0.6645,0.6649,18220,23877,0,0
20-Oct-87,0.6735,0.6758,0.6665,0.6703,26411,25028,0,0
19-Oct-87,0.685,0.6875,0.6814,0.6834,27525,26796,0,0
16-Oct-87,0.6753,0.6775,0.6733,0.6771,17652,24647,0,0
15-Oct-87,0.6759,0.6788,0.6736,0.6741,24791,24020,0,0
14-Oct-87,0.6664,0.6748,0.6661,0.6743,25263,24996,0,0
13-Oct-87,0.6677,0.6686,0.6666,0.6672,14259,24891,0,0
12-Oct-87,0.67,0.6728,0.6686,0.6716,10746,25775,0,0
9-Oct-87,0.6697,0.6723,0.6668,0.6721,19380,24491,0,0
8-Oct-87,0.6627,0.668,0.662,0.6677,19286,26273,0,0
7-Oct-87,0.6622,0.6626,0.661,0.6623,16342,27591,0,0
6-Oct-87,0.6602,0.6611,0.6577,0.659,18579,27764,0,0
5-Oct-87,0.656,0.6585,0.6559,0.6582,12559,26082,0,0
2-Oct-87,0.6578,0.6583,0.655,0.6558,12271,25333,0,0
1-Oct-87,0.6567,0.6589,0.6542,0.6587,21277,24296,0,0
30-Sep-87,0.66,0.6607,0.6551,0.6558,16299,23328,0,0
29-Sep-87,0.6591,0.6616,0.6584,0.6597,21038,22413,0,0
28-Sep-87,0.6654,0.6664,0.6645,0.6649,15053,23424,0,0
25-Sep-87,0.6671,0.6675,0.666,0.6664,7181,21888,0,0
24-Sep-87,0.6681,0.6689,0.6669,0.6677,7930,22158,0,0
23-Sep-87,0.6652,0.6681,0.6647,0.6664,20408,22182,0,0
22-Sep-87,0.6693,0.6704,0.6681,0.6693,13295,21022,0,0
21-Sep-87,0.6723,0.6725,0.6695,0.6717,12369,20952,0,0
18-Sep-87,0.6748,0.6753,0.673,0.6741,14511,21763,0,0
17-Sep-87,0.6689,0.6712,0.6685,0.6701,14988,21540,0,0
16-Sep-87,0.6724,0.6728,0.668,0.6697,21042,22210,0,0
15-Sep-87,0.6706,0.6727,0.6696,0.672,20981,20326,0,0
14-Sep-87,0.6703,0.6715,0.6668,0.6688,27201,35150,0,0
11-Sep-87,0.6765,0.6835,0.6733,0.6735,37223,37549,0,0
10-Sep-87,0.6755,0.677,0.6745,0.6768,25289,35540,0,0
9-Sep-87,0.6815,0.6819,0.6752,0.6768,30836,36419,0,0
8-Sep-87,0.6798,0.682,0.6791,0.6813,18916,36849,0,0
4-Sep-87,0.6735,0.6748,0.6706,0.6725,23182,34419,0,0
3-Sep-87,0.6728,0.6775,0.6713,0.6748,28412,36333,0,0
2-Sep-87,0.671,0.6759,0.6707,0.6744,25224,33976,0,0
1-Sep-87,0.6709,0.6726,0.6686,0.67,18484,32324,0,0
31-Aug-87,0.6696,0.6719,0.6685,0.6692,11713,31898,0,0
28-Aug-87,0.6674,0.6721,0.6674,0.6709,17690,31351,0,0
27-Aug-87,0.6681,0.6728,0.6679,0.6726,23516,31089,0,0
26-Aug-87,0.6637,0.6668,0.6626,0.6651,19251,29013,0,0
25-Aug-87,0.6678,0.6697,0.6645,0.6648,20396,28130,0,0
24-Aug-87,0.6656,0.6697,0.6655,0.6681,19849,29310,0,0
21-Aug-87,0.6624,0.668,0.6624,0.667,18308,28927,0,0
20-Aug-87,0.6597,0.6623,0.6581,0.6596,19718,27890,0,0
19-Aug-87,0.655,0.659,0.655,0.6586,17303,28597,0,0
18-Aug-87,0.6531,0.6578,0.6519,0.6551,28439,28601,0,0
17-Aug-87,0.6434,0.645,0.643,0.6448,11130,41792,0,0
14-Aug-87,0.6369,0.6458,0.6365,0.6425,20772,31829,0,0
13-Aug-87,0.638,0.6407,0.6372,0.6394,13613,31459,0,0
12-Aug-87,0.6353,0.6393,0.6349,0.6375,15015,31803,0,0
11-Aug-87,0.6368,0.6373,0.6339,0.6368,14383,31157,0,0
10-Aug-87,0.6377,0.6399,0.6356,0.6377,15721,30664,0,0
7-Aug-87,0.6423,0.6426,0.6371,0.6373,15351,30536,0,0
6-Aug-87,0.643,0.6443,0.642,0.6423,14190,30095,0,0
5-Aug-87,0.644,0.6452,0.6431,0.6436,14502,31536,0,0
4-Aug-87,0.6453,0.6458,0.6401,0.6411,24662,32029,0,0
3-Aug-87,0.652,0.6527,0.6466,0.6468,19246,30821,0,0
31-Jul-87,0.653,0.6546,0.6516,0.6521,12115,29387,0,0
30-Jul-87,0.6518,0.654,0.6498,0.6534,16464,28886,0,0
29-Jul-87,0.6524,0.6531,0.6513,0.6524,9252,27982,0,0
28-Jul-87,0.6505,0.6548,0.6503,0.6543,12271,27938,0,0
27-Jul-87,0.6555,0.6555,0.6517,0.6523,11025,27547,0,0
24-Jul-87,0.6533,0.6548,0.6516,0.6533,11796,27557,0,0
23-Jul-87,0.6518,0.6543,0.6511,0.652,16338,28499,0,0
22-Jul-87,0.6508,0.6518,0.6484,0.6507,16206,28844,0,0
21-Jul-87,0.6504,0.6511,0.648,0.6493,16895,28384,0,0
20-Jul-87,0.6486,0.6499,0.6464,0.6467,19141,28809,0,0
17-Jul-87,0.6506,0.6528,0.6462,0.6464,24228,28321,0,0
16-Jul-87,0.6581,0.6592,0.6564,0.6577,16972,26763,0,0
15-Jul-87,0.6522,0.6625,0.6517,0.6607,25249,27142,0,0
14-Jul-87,0.6533,0.6546,0.6513,0.6516,17352,27146,0,0
13-Jul-87,0.6518,0.6554,0.6515,0.6538,17701,27045,0,0
10-Jul-87,0.6535,0.6545,0.6522,0.6533,13463,26210,0,0
9-Jul-87,0.6582,0.6594,0.6535,0.6539,19571,26948,0,0
8-Jul-87,0.6522,0.6578,0.6522,0.6549,25561,26892,0,0
7-Jul-87,0.6568,0.6582,0.654,0.6542,19474,26208,0,0
6-Jul-87,0.6562,0.6579,0.6548,0.6571,20607,25895,0,0
2-Jul-87,0.6632,0.6635,0.6605,0.6608,14864,25418,0,0
1-Jul-87,0.667,0.6675,0.6628,0.6638,16928,24548,0,0
30-Jun-87,0.6625,0.6661,0.6616,0.6658,17152,24351,0,0
29-Jun-87,0.6638,0.6643,0.6618,0.6627,9391,24005,0,0
26-Jun-87,0.6638,0.6664,0.6618,0.6629,13052,24323,0,0
25-Jun-87,0.663,0.6641,0.6615,0.6632,12784,24759,0,0
24-Jun-87,0.667,0.6679,0.6641,0.6673,19594,25200,0,0
23-Jun-87,0.6582,0.6648,0.6561,0.6625,25337,25708,0,0
22-Jun-87,0.6598,0.66,0.6543,0.6555,20652,25412,0,0
19-Jun-87,0.6635,0.6643,0.6607,0.6619,13796,24350,0,0
18-Jun-87,0.6663,0.6663,0.6627,0.6633,18303,24122,0,0
17-Jun-87,0.6634,0.6656,0.659,0.6603,22958,23277,0,0
16-Jun-87,0.666,0.6667,0.6612,0.6626,22588,22215,0,0
15-Jun-87,0.6667,0.6699,0.6648,0.6669,23047,31521,0,0
12-Jun-87,0.6783,0.6783,0.6706,0.6729,29312,31170,0,0
11-Jun-87,0.6815,0.6818,0.6785,0.6808,23316,30380,0,0
10-Jun-87,0.6849,0.6852,0.6764,0.6799,35042,32906,0,0
9-Jun-87,0.676,0.6831,0.6752,0.6827,32225,32089,0,0
8-Jun-87,0.6775,0.678,0.671,0.6718,24524,32309,0,0
5-Jun-87,0.6669,0.6682,0.6635,0.6638,17280,31401,0,0
4-Jun-87,0.6663,0.6678,0.6641,0.6655,24700,31299,0,0
3-Jun-87,0.6722,0.6735,0.669,0.6698,24366,32155,0,0
2-Jun-87,0.6667,0.6766,0.666,0.6754,38418,33565,0,0
1-Jun-87,0.6581,0.6599,0.6567,0.6594,23358,32409,0,0
29-May-87,0.6637,0.6643,0.6614,0.664,20176,33551,0,0
28-May-87,0.6656,0.6682,0.6644,0.6658,20558,33746,0,0
27-May-87,0.665,0.668,0.6616,0.6629,33169,34214,0,0
26-May-87,0.6781,0.6784,0.6698,0.6703,35614,32974,0,0
22-May-87,0.688,0.6901,0.6835,0.6844,20501,35509,0,0
21-May-87,0.6867,0.6885,0.6857,0.6879,18188,35752,0,0
20-May-87,0.6916,0.6924,0.6865,0.6894,30480,37030,0,0
19-May-87,0.6856,0.6899,0.6855,0.6891,20839,35820,0,0
18-May-87,0.6887,0.6892,0.6845,0.6858,15837,34534,0,0
15-May-87,0.6848,0.689,0.6848,0.6887,22941,34132,0,0
14-May-87,0.6808,0.6843,0.68,0.6835,19676,33681,0,0
13-May-87,0.6793,0.6832,0.6789,0.68,18192,32849,0,0
12-May-87,0.6838,0.6852,0.6822,0.6824,15812,32427,0,0
11-May-87,0.6783,0.681,0.677,0.6795,21150,32760,0,0
8-May-87,0.6843,0.6852,0.6797,0.682,25564,33386,0,0
7-May-87,0.6891,0.6895,0.6845,0.686,25360,33453,0,0
6-May-87,0.688,0.6928,0.688,0.6922,21453,33941,0,0
5-May-87,0.6935,0.6944,0.688,0.6894,27658,34491,0,0
4-May-87,0.6897,0.6953,0.6886,0.6951,23986,35189,0,0
1-May-87,0.6844,0.6912,0.6834,0.6898,17881,33381,0,0
30-Apr-87,0.6849,0.686,0.6782,0.6854,24315,31854,0,0
29-Apr-87,0.6794,0.6826,0.678,0.6814,19997,31808,0,0
28-Apr-87,0.6883,0.6883,0.6811,0.6845,25821,32249,0,0
27-Apr-87,0.692,0.692,0.6824,0.6829,26458,33260,0,0
24-Apr-87,0.6863,0.69,0.6845,0.6874,25330,33505,0,0
23-Apr-87,0.6744,0.6818,0.673,0.6816,29005,34327,0,0
22-Apr-87,0.6715,0.675,0.67,0.6728,20841,31931,0,0
21-Apr-87,0.6768,0.6774,0.6713,0.6733,21668,31716,0,0
20-Apr-87,0.6727,0.6759,0.6697,0.6753,12516,31537,0,0
16-Apr-87,0.6708,0.6738,0.6694,0.6728,14914,31400,0,0
15-Apr-87,0.6731,0.6765,0.6722,0.6745,19864,31042,0,0
14-Apr-87,0.676,0.6805,0.673,0.6802,22096,31088,0,0
13-Apr-87,0.672,0.6731,0.6704,0.6715,11513,30293,0,0
10-Apr-87,0.6734,0.6745,0.6687,0.6703,23422,31347,0,0
9-Apr-87,0.6629,0.6682,0.6616,0.6681,20467,30097,0,0
8-Apr-87,0.6596,0.6602,0.6567,0.6586,24452,29495,0,0
7-Apr-87,0.666,0.6666,0.6637,0.6648,14668,29954,0,0
6-Apr-87,0.6629,0.6635,0.6596,0.663,16727,30329,0,0
3-Apr-87,0.6641,0.6668,0.6605,0.6652,23529,29542,0,0
2-Apr-87,0.6595,0.6663,0.6588,0.6639,24776,29596,0,0
1-Apr-87,0.6617,0.6637,0.6582,0.6583,23801,29388,0,0
31-Mar-87,0.6686,0.6702,0.6659,0.6677,19448,29102,0,0
30-Mar-87,0.6684,0.6724,0.6672,0.672,18333,28992,0,0
27-Mar-87,0.6618,0.6648,0.6606,0.6647,16876,28561,0,0
26-Mar-87,0.6576,0.6597,0.6566,0.6578,13627,27030,0,0
25-Mar-87,0.6608,0.6614,0.6573,0.659,18463,27178,0,0
24-Mar-87,0.6641,0.6651,0.6579,0.6598,26978,26669,0,0
23-Mar-87,0.6589,0.6612,0.6585,0.661,17431,26470,0,0
20-Mar-87,0.6558,0.6561,0.654,0.6559,7709,24390,0,0
19-Mar-87,0.6552,0.6563,0.654,0.6551,9993,24068,0,0
18-Mar-87,0.654,0.6557,0.6523,0.6551,17333,23457,0,0
17-Mar-87,0.6571,0.6577,0.6531,0.6561,21176,20961,0,0
16-Mar-87,0.6515,0.6558,0.651,0.6556,20822,31487,0,0
13-Mar-87,0.6474,0.649,0.6462,0.6479,22276,31397,0,0
12-Mar-87,0.6443,0.6472,0.643,0.6445,24233,32248,0,0
11-Mar-87,0.6441,0.6449,0.6399,0.6429,28569,32261,0,0
10-Mar-87,0.6433,0.646,0.6424,0.6438,26063,33248,0,0
9-Mar-87,0.6446,0.6461,0.6406,0.6408,27205,34528,0,0
6-Mar-87,0.6468,0.6479,0.642,0.6423,23789,37006,0,0
5-Mar-87,0.6441,0.6498,0.6431,0.6476,31399,37523,0,0
4-Mar-87,0.6498,0.65,0.645,0.6458,21950,36723,0,0
3-Mar-87,0.6493,0.651,0.6476,0.6493,17702,35869,0,0
2-Mar-87,0.6521,0.6525,0.6467,0.6474,14611,35512,0,0
27-Feb-87,0.65,0.6532,0.6475,0.6519,16757,36210,0,0
26-Feb-87,0.653,0.6573,0.6508,0.6525,25387,36036,0,0
25-Feb-87,0.6505,0.6517,0.6492,0.6503,20470,35899,0,0
24-Feb-87,0.6444,0.6467,0.6418,0.6457,21446,35512,0,0
23-Feb-87,0.6476,0.649,0.6438,0.6444,19853,34732,0,0
20-Feb-87,0.6471,0.65,0.6471,0.6493,17239,36620,0,0
19-Feb-87,0.6401,0.6498,0.6391,0.6494,35299,37475,0,0
18-Feb-87,0.6488,0.6495,0.6454,0.6469,22465,35472,0,0
17-Feb-87,0.6555,0.6558,0.6502,0.6515,18926,34826,0,0
13-Feb-87,0.6462,0.6516,0.6458,0.6515,20637,34833,0,0
12-Feb-87,0.6526,0.6575,0.646,0.6483,26191,36065,0,0
11-Feb-87,0.6516,0.6549,0.6498,0.6527,21066,35498,0,0
10-Feb-87,0.6545,0.6627,0.6515,0.6529,34938,35961,0,0
9-Feb-87,0.6485,0.6588,0.6462,0.6575,37721,36819,0,0
6-Feb-87,0.6376,0.642,0.6345,0.6406,26562,35215,0,0
5-Feb-87,0.6486,0.6506,0.6467,0.6492,28664,35659,0,0
4-Feb-87,0.656,0.658,0.6527,0.6555,24869,35200,0,0
3-Feb-87,0.6622,0.6659,0.6598,0.6607,28392,34462,0,0
2-Feb-87,0.6548,0.6599,0.6542,0.6579,24863,33466,0,0
30-Jan-87,0.6582,0.6605,0.645,0.6494,34270,33581,0,0
29-Jan-87,0.6699,0.6709,0.6659,0.6679,20817,36034,0,0
28-Jan-87,0.675,0.6753,0.6658,0.671,35999,36566,0,0
27-Jan-87,0.6572,0.6663,0.6572,0.6654,25489,36235,0,0
26-Jan-87,0.6559,0.658,0.6531,0.6552,18544,33776,0,0
23-Jan-87,0.6575,0.6585,0.6524,0.6565,20292,33278,0,0
22-Jan-87,0.6565,0.6618,0.6555,0.6597,20875,32390,0,0
21-Jan-87,0.6461,0.6498,0.6452,0.6478,18982,32664,0,0
20-Jan-87,0.6538,0.6547,0.6486,0.6496,22072,32531,0,0
19-Jan-87,0.663,0.6646,0.6595,0.6607,19322,32261,0,0
16-Jan-87,0.6468,0.6525,0.6439,0.6504,22636,31555,0,0
15-Jan-87,0.6518,0.656,0.6472,0.6499,33045,31252,0,0
14-Jan-87,0.6438,0.6575,0.642,0.6531,40681,31801,0,0
13-Jan-87,0.6406,0.6406,0.6363,0.6381,27095,29288,0,0
12-Jan-87,0.6324,0.6363,0.6314,0.6337,26759,28928,0,0
9-Jan-87,0.6248,0.6271,0.6213,0.6259,23096,27818,0,0
8-Jan-87,0.6201,0.6267,0.6199,0.6262,26210,29287,0,0
7-Jan-87,0.6182,0.6215,0.6176,0.6191,19685,26697,0,0
6-Jan-87,0.6212,0.6251,0.62,0.6232,24501,26394,0,0
5-Jan-87,0.6197,0.6223,0.6144,0.6171,22565,24947,0,0
2-Jan-87,0.6253,0.6263,0.6212,0.6215,8745,23890,0,0
31-Dec-86,0.6206,0.625,0.6194,0.6247,10927,23138,0,0
30-Dec-86,0.6166,0.6192,0.6158,0.6178,12698,22627,0,0
29-Dec-86,0.6175,0.6199,0.6164,0.6181,13791,21641,0,0
26-Dec-86,0.611,0.614,0.6103,0.6127,5004,20294,0,0
24-Dec-86,0.6085,0.6122,0.6085,0.6113,5652,20436,0,0
23-Dec-86,0.6098,0.6128,0.607,0.6123,17468,20897,0,0
22-Dec-86,0.6046,0.6067,0.6033,0.605,12750,19283,0,0
19-Dec-86,0.5968,0.6002,0.5959,0.5989,12876,19499,0,0
18-Dec-86,0.5926,0.5968,0.5925,0.5959,17676,20014,0,0
17-Dec-86,0.59,0.592,0.5896,0.5899,13445,19549,0,0
16-Dec-86,0.5885,0.5905,0.588,0.5884,14629,18688,0,0
15-Dec-86,0.5928,0.594,0.5904,0.5915,17809,29054,0,0
12-Dec-86,0.5908,0.5954,0.5898,0.5948,27937,30669,0,0
11-Dec-86,0.5976,0.5977,0.5942,0.5957,19872,31243,0,0
10-Dec-86,0.595,0.5995,0.5943,0.598,22180,31120,0,0
9-Dec-86,0.5978,0.5978,0.5931,0.5933,28351,30979,0,0
8-Dec-86,0.5986,0.5994,0.5963,0.5987,22907,33167,0,0
5-Dec-86,0.6005,0.6023,0.5941,0.5952,39177,34696,0,0
4-Dec-86,0.6061,0.6098,0.599,0.5992,37903,34792,0,0
3-Dec-86,0.6067,0.6115,0.6064,0.6099,25858,35882,0,0
2-Dec-86,0.6083,0.6105,0.6063,0.6075,24830,35440,0,0
1-Dec-86,0.614,0.6149,0.6086,0.6102,23796,34006,0,0
28-Nov-86,0.6084,0.611,0.6084,0.6099,14207,34495,0,0
26-Nov-86,0.6056,0.6067,0.6021,0.6041,23578,34809,0,0
25-Nov-86,0.5961,0.6069,0.5961,0.6058,34555,34450,0,0
24-Nov-86,0.5915,0.5936,0.5907,0.5932,15394,33159,0,0
21-Nov-86,0.5953,0.5963,0.5903,0.5916,29541,32379,0,0
20-Nov-86,0.6003,0.6012,0.5977,0.5995,13562,32087,0,0
19-Nov-86,0.5977,0.6014,0.596,0.6002,21004,31317,0,0
18-Nov-86,0.5958,0.5991,0.5953,0.5979,14486,31350,0,0
17-Nov-86,0.6001,0.6005,0.5975,0.5978,17881,31831,0,0
14-Nov-86,0.6001,0.6038,0.5978,0.6027,24821,33294,0,0
13-Nov-86,0.5968,0.6017,0.5965,0.6008,26599,33648,0,0
12-Nov-86,0.5967,0.5987,0.5964,0.5986,23724,32170,0,0
11-Nov-86,0.595,0.595,0.5928,0.5932,12161,31253,0,0
10-Nov-86,0.5905,0.592,0.589,0.5903,19019,31567,0,0
7-Nov-86,0.5822,0.5859,0.5787,0.5845,19548,31624,0,0
6-Nov-86,0.581,0.5849,0.5807,0.5833,19733,31361,0,0
5-Nov-86,0.5815,0.5846,0.5795,0.5833,23287,31477,0,0
4-Nov-86,0.5861,0.5878,0.5845,0.5846,15875,31058,0,0
3-Nov-86,0.582,0.5857,0.5814,0.5838,23173,31455,0,0
31-Oct-86,0.584,0.5872,0.5824,0.5863,22196,32621,0,0
30-Oct-86,0.6013,0.6014,0.5884,0.5899,31358,33406,0,0
29-Oct-86,0.5993,0.5994,0.5963,0.5988,16282,31966,0,0
28-Oct-86,0.5984,0.5998,0.5968,0.5972,19431,30276,0,0
27-Oct-86,0.5943,0.5951,0.5909,0.5914,30585,28861,0,0
24-Oct-86,0.6006,0.6006,0.5963,0.5979,31409,29852,0,0
23-Oct-86,0.6117,0.6124,0.604,0.6059,32673,33650,0,0
22-Oct-86,0.6167,0.6179,0.6142,0.6153,15055,32743,0,0
21-Oct-86,0.6142,0.6166,0.6138,0.6154,18568,32566,0,0
20-Oct-86,0.6177,0.6177,0.614,0.6168,21081,34611,0,0
17-Oct-86,0.6204,0.6219,0.6186,0.6205,11837,33727,0,0
16-Oct-86,0.6216,0.6225,0.6185,0.6196,14878,34442,0,0
15-Oct-86,0.6205,0.6227,0.6189,0.6217,10292,33920,0,0
14-Oct-86,0.6204,0.6222,0.6204,0.6215,13743,34129,0,0
13-Oct-86,0.6221,0.6254,0.6218,0.6252,6160,33005,0,0
10-Oct-86,0.616,0.6212,0.6158,0.6203,14200,31933,0,0
9-Oct-86,0.6177,0.6179,0.6143,0.6164,13997,30390,0,0
8-Oct-86,0.6157,0.6183,0.6157,0.6169,10741,31484,0,0
7-Oct-86,0.6123,0.6174,0.6117,0.6166,21870,31081,0,0
6-Oct-86,0.6212,0.6217,0.6194,0.6204,12065,29890,0,0
3-Oct-86,0.6183,0.623,0.6178,0.6189,16412,29031,0,0
2-Oct-86,0.6124,0.6189,0.6124,0.6179,19399,27405,0,0
1-Oct-86,0.6108,0.6142,0.6106,0.6138,13153,26282,0,0
30-Sep-86,0.6146,0.615,0.6086,0.6112,20210,26619,0,0
29-Sep-86,0.6114,0.6152,0.6104,0.6144,18441,25314,0,0
26-Sep-86,0.6062,0.6068,0.6019,0.6022,9834,25566,0,0
25-Sep-86,0.6034,0.6064,0.6025,0.6057,11921,26694,0,0
24-Sep-86,0.6072,0.6076,0.6042,0.6057,15502,27005,0,0
23-Sep-86,0.6079,0.609,0.6032,0.6044,24556,28994,0,0
22-Sep-86,0.6137,0.614,0.6104,0.6115,16660,31036,0,0
19-Sep-86,0.6236,0.6268,0.622,0.6252,20240,32905,0,0
18-Sep-86,0.6174,0.6247,0.6172,0.6243,25202,28644,0,0
17-Sep-86,0.6107,0.6142,0.61,0.6135,23640,26065,0,0
16-Sep-86,0.6078,0.6092,0.6046,0.606,16281,25248,0,0
15-Sep-86,0.6065,0.6085,0.6047,0.6079,24655,36556,0,0
12-Sep-86,0.5966,0.605,0.5931,0.6019,28018,40403,0,0
11-Sep-86,0.5962,0.5965,0.5902,0.592,24572,39563,0,0
10-Sep-86,0.6023,0.6039,0.5987,0.6002,25244,39877,0,0
9-Sep-86,0.5977,0.6016,0.5962,0.5986,32023,41029,0,0
8-Sep-86,0.5965,0.5979,0.5932,0.5936,37765,41761,0,0
5-Sep-86,0.6081,0.6083,0.596,0.5975,48906,44942,0,0
4-Sep-86,0.612,0.6126,0.608,0.6081,22715,47562,0,0
3-Sep-86,0.6082,0.6131,0.6068,0.6118,33813,46834,0,0
2-Sep-86,0.6124,0.6134,0.6105,0.6127,23950,46471,0,0
29-Aug-86,0.6048,0.6124,0.6048,0.6119,31839,44717,0,0
28-Aug-86,0.6074,0.6096,0.6019,0.6033,30431,42970,0,0
27-Aug-86,0.6032,0.6106,0.6025,0.6089,29188,43428,0,0
26-Aug-86,0.6072,0.6073,0.6025,0.6029,17310,43962,0,0
25-Aug-86,0.6081,0.6089,0.6072,0.6087,8647,44745,0,0
22-Aug-86,0.6089,0.6091,0.6056,0.6068,20199,44844,0,0
21-Aug-86,0.6049,0.6097,0.6048,0.6089,19083,39083,0,0
20-Aug-86,0.6066,0.6089,0.6058,0.6078,17787,37057,0,0
19-Aug-86,0.5982,0.605,0.5977,0.6048,22306,37203,0,0
18-Aug-86,0.6022,0.6023,0.5965,0.5984,15218,36531,0,0
15-Aug-86,0.6035,0.6036,0.6018,0.6029,8117,36666,0,0
14-Aug-86,0.6034,0.6043,0.6021,0.6042,12711,35969,0,0
13-Aug-86,0.6005,0.6015,0.5985,0.6007,16424,35031,0,0
12-Aug-86,0.5995,0.6004,0.5962,0.5968,23833,35853,0,0
11-Aug-86,0.6071,0.6072,0.6044,0.6057,15649,36782,0,0
8-Aug-86,0.5996,0.6032,0.599,0.6022,14341,35719,0,0
7-Aug-86,0.6011,0.6022,0.5996,0.6008,12098,35345,0,0
6-Aug-86,0.5978,0.6005,0.5965,0.5983,21011,35303,0,0
5-Aug-86,0.591,0.5959,0.5907,0.5933,23169,33798,0,0
4-Aug-86,0.6017,0.6026,0.5975,0.5997,13895,34329,0,0
1-Aug-86,0.6015,0.6028,0.5966,0.6006,16466,34356,0,0
31-Jul-86,0.5979,0.6002,0.5961,0.5998,20084,35466,0,0
30-Jul-86,0.589,0.5944,0.5889,0.5917,22315,35288,0,0
29-Jul-86,0.5896,0.5942,0.587,0.5908,23048,34883,0,0
28-Jul-86,0.5808,0.5917,0.5801,0.5908,25293,33211,0,0
25-Jul-86,0.5765,0.579,0.5755,0.5779,14806,31781,0,0
24-Jul-86,0.5812,0.5824,0.5795,0.5804,14324,32447,0,0
23-Jul-86,0.5831,0.5851,0.5755,0.5845,23229,33541,0,0
22-Jul-86,0.5846,0.5854,0.5785,0.5831,22978,33831,0,0
21-Jul-86,0.5828,0.5863,0.5809,0.5855,18361,34263,0,0
18-Jul-86,0.5731,0.5823,0.5729,0.5816,18617,34078,0,0
17-Jul-86,0.5749,0.5763,0.5713,0.5746,18409,32567,0,0
16-Jul-86,0.5757,0.578,0.5739,0.5761,21033,32807,0,0
15-Jul-86,0.5711,0.5754,0.5675,0.5747,26464,32598,0,0
14-Jul-86,0.5601,0.5663,0.5593,0.5657,22745,30773,0,0
11-Jul-86,0.5631,0.5654,0.5565,0.5573,26630,31660,0,0
10-Jul-86,0.5658,0.5668,0.5636,0.5654,15456,33350,0,0
9-Jul-86,0.5623,0.5672,0.561,0.567,23268,32953,0,0
8-Jul-86,0.5699,0.5711,0.5631,0.5644,23230,33482,0,0
7-Jul-86,0.5715,0.5717,0.5617,0.5619,21362,34249,0,0
3-Jul-86,0.5702,0.5715,0.5668,0.5688,12213,37771,0,0
2-Jul-86,0.5634,0.5664,0.5629,0.566,13986,36209,0,0
1-Jul-86,0.5647,0.569,0.5636,0.5645,20677,34177,0,0
30-Jun-86,0.5604,0.5648,0.5592,0.5645,20280,32254,0,0
27-Jun-86,0.5526,0.559,0.5526,0.5587,20963,27582,0,0
26-Jun-86,0.5514,0.5528,0.5502,0.5519,11680,21964,0,0
25-Jun-86,0.5515,0.554,0.5473,0.5477,21542,22079,0,0
24-Jun-86,0.5475,0.5519,0.5472,0.5494,21317,21070,0,0
23-Jun-86,0.5388,0.5504,0.5383,0.548,20705,19225,0,0
20-Jun-86,0.5432,0.5441,0.5403,0.5409,8518,19649,0,0
19-Jun-86,0.5462,0.5468,0.5443,0.5464,9730,19835,0,0
18-Jun-86,0.5471,0.5489,0.5409,0.5468,18876,19078,0,0
17-Jun-86,0.5483,0.5502,0.5425,0.5437,18645,18600,0,0
16-Jun-86,0.555,0.5563,0.5502,0.5509,15685,28782,0,0
13-Jun-86,0.5474,0.5524,0.5466,0.5513,15806,28002,0,0
12-Jun-86,0.5503,0.5528,0.5499,0.5515,13874,28796,0,0
11-Jun-86,0.5515,0.5537,0.5492,0.5503,20466,29105,0,0
10-Jun-86,0.5479,0.5532,0.5479,0.5514,24898,29574,0,0
9-Jun-86,0.5437,0.5471,0.5434,0.545,20414,29034,0,0
6-Jun-86,0.543,0.5466,0.5415,0.5463,23493,32863,0,0
5-Jun-86,0.5368,0.5443,0.5368,0.5436,29230,31337,0,0
4-Jun-86,0.5332,0.5343,0.5301,0.5341,19987,30484,0,0
3-Jun-86,0.5303,0.5334,0.5297,0.5322,23379,30831,0,0
2-Jun-86,0.5178,0.5224,0.5164,0.5209,24516,31852,0,0
30-May-86,0.5232,0.5241,0.5166,0.5174,24986,30766,0,0
29-May-86,0.5289,0.5291,0.5237,0.5248,22825,30890,0,0
28-May-86,0.5328,0.535,0.5281,0.5298,20685,30195,0,0
27-May-86,0.5274,0.5343,0.5269,0.533,20128,30567,0,0
23-May-86,0.5289,0.5314,0.5273,0.5284,12643,29343,0,0
22-May-86,0.5325,0.534,0.5286,0.5294,17488,29597,0,0
21-May-86,0.5345,0.5382,0.5316,0.5323,20153,30746,0,0
20-May-86,0.5412,0.5412,0.533,0.5349,22374,31056,0,0
19-May-86,0.5396,0.544,0.536,0.5432,20930,33280,0,0
16-May-86,0.543,0.5448,0.5407,0.5409,14988,33620,0,0
15-May-86,0.55,0.5512,0.5475,0.5499,15107,34137,0,0
14-May-86,0.55,0.5525,0.5491,0.5506,14789,34320,0,0
13-May-86,0.5558,0.5573,0.5458,0.5519,21539,35469,0,0
12-May-86,0.5561,0.558,0.5549,0.5577,15733,35532,0,0
9-May-86,0.5531,0.5553,0.5506,0.5509,17412,34544,0,0
8-May-86,0.5542,0.5574,0.5485,0.5504,22065,33230,0,0
7-May-86,0.5452,0.5527,0.5438,0.5516,17022,31684,0,0
6-May-86,0.5387,0.5462,0.5384,0.5455,18728,29866,0,0
5-May-86,0.5496,0.5521,0.5466,0.5487,16066,30616,0,0
2-May-86,0.5421,0.5447,0.5392,0.5434,14079,29775,0,0
1-May-86,0.5458,0.5458,0.5373,0.538,24964,30420,0,0
30-Apr-86,0.5486,0.5556,0.5475,0.5493,19223,34855,0,0
29-Apr-86,0.5523,0.5542,0.551,0.5513,11922,35027,0,0
28-Apr-86,0.5522,0.5568,0.5521,0.5547,16404,35570,0,0
25-Apr-86,0.545,0.5557,0.5449,0.5555,19934,34746,0,0
24-Apr-86,0.5468,0.5473,0.5436,0.5458,14575,32643,0,0
23-Apr-86,0.5493,0.5503,0.545,0.5484,20317,34239,0,0
22-Apr-86,0.5473,0.5501,0.5425,0.5465,22868,35096,0,0
21-Apr-86,0.5403,0.5473,0.5399,0.5466,22333,35426,0,0
18-Apr-86,0.5405,0.5447,0.5377,0.5439,21784,32181,0,0
17-Apr-86,0.539,0.5451,0.5355,0.5397,31435,31178,0,0
16-Apr-86,0.5309,0.5334,0.5291,0.533,22233,30156,0,0
15-Apr-86,0.517,0.5232,0.5165,0.52,19368,28886,0,0
14-Apr-86,0.519,0.5213,0.5183,0.5203,11695,28084,0,0
11-Apr-86,0.523,0.525,0.5195,0.5205,16748,28356,0,0
10-Apr-86,0.5153,0.5267,0.5146,0.5254,20532,28922,0,0
9-Apr-86,0.5135,0.5166,0.5124,0.5141,19160,29314,0,0
8-Apr-86,0.5095,0.5125,0.5076,0.5123,21862,29505,0,0
7-Apr-86,0.5,0.501,0.498,0.5,16828,29443,0,0
4-Apr-86,0.5047,0.5065,0.5025,0.5052,10776,28173,0,0
3-Apr-86,0.5079,0.5086,0.503,0.5051,20864,28362,0,0
2-Apr-86,0.5117,0.512,0.5075,0.5092,20197,28311,0,0
1-Apr-86,0.5163,0.5187,0.5136,0.5151,13782,28492,0,0
31-Mar-86,0.5153,0.5187,0.5115,0.5175,10938,28521,0,0
27-Mar-86,0.5196,0.52,0.5152,0.5176,11901,27750,0,0
26-Mar-86,0.5128,0.5169,0.512,0.5136,15475,27429,0,0
25-Mar-86,0.5185,0.5185,0.5115,0.512,27298,28207,0,0
24-Mar-86,0.523,0.5263,0.5182,0.5185,25729,29571,0,0
21-Mar-86,0.5339,0.5385,0.5338,0.538,12746,32098,0,0
20-Mar-86,0.5325,0.534,0.532,0.5336,11413,30149,0,0
19-Mar-86,0.5309,0.5328,0.5302,0.5327,13606,29279,0,0
18-Mar-86,0.5355,0.5371,0.5335,0.5366,14680,27590,0,0
17-Mar-86,0.5358,0.5379,0.5336,0.5364,19181,32067,0,0
14-Mar-86,0.5306,0.5328,0.529,0.5311,22587,31902,0,0
13-Mar-86,0.5237,0.5242,0.5206,0.5218,16103,33369,0,0
12-Mar-86,0.5256,0.5265,0.5212,0.5248,25653,33956,0,0
11-Mar-86,0.524,0.528,0.5232,0.5249,21424,33692,0,0
10-Mar-86,0.525,0.5276,0.5202,0.5247,33602,36480,0,0
7-Mar-86,0.5277,0.5318,0.526,0.5287,19769,34590,0,0
6-Mar-86,0.528,0.53,0.5252,0.5292,22945,35693,0,0
5-Mar-86,0.5323,0.5327,0.521,0.5237,38168,34063,0,0
4-Mar-86,0.5357,0.538,0.5327,0.5362,27021,38441,0,0
3-Mar-86,0.534,0.5354,0.5319,0.5348,20127,38796,0,0
28-Feb-86,0.535,0.5375,0.5298,0.5316,21119,39151,0,0
27-Feb-86,0.5385,0.54,0.5296,0.5349,29289,38303,0,0
26-Feb-86,0.53,0.5338,0.528,0.529,24880,37241,0,0
25-Feb-86,0.5308,0.5342,0.5286,0.5316,28658,37745,0,0
24-Feb-86,0.5257,0.5291,0.5231,0.5282,32325,37682,0,0
21-Feb-86,0.517,0.5215,0.5163,0.5214,22562,36142,0,0
20-Feb-86,0.5249,0.5295,0.5209,0.5223,26236,35155,0,0
19-Feb-86,0.5246,0.5332,0.5202,0.5217,37709,34276,0,0
18-Feb-86,0.5134,0.5232,0.5132,0.5217,23821,36906,0,0
14-Feb-86,0.5133,0.5168,0.5123,0.5167,18511,33894,0,0
13-Feb-86,0.5099,0.5175,0.5085,0.5168,25598,33906,0,0
12-Feb-86,0.511,0.5111,0.5093,0.5105,19210,32717,0,0
11-Feb-86,0.5046,0.507,0.5035,0.5063,19894,32684,0,0
10-Feb-86,0.4985,0.5033,0.4979,0.5031,20299,32034,0,0
7-Feb-86,0.4958,0.4962,0.492,0.4956,12936,29628,0,0
6-Feb-86,0.4973,0.499,0.4943,0.4945,14899,29773,0,0
5-Feb-86,0.4935,0.4985,0.4935,0.4973,13731,29885,0,0
4-Feb-86,0.4912,0.4936,0.49,0.4929,14810,29417,0,0
3-Feb-86,0.496,0.4962,0.4931,0.4938,11973,28875,0,0
31-Jan-86,0.4957,0.497,0.4946,0.4964,14730,29412,0,0
30-Jan-86,0.4962,0.5004,0.4958,0.4987,19284,29729,0,0
29-Jan-86,0.4975,0.4981,0.4957,0.4962,14684,30073,0,0
28-Jan-86,0.4943,0.4961,0.4931,0.4958,12860,30889,0,0
27-Jan-86,0.494,0.495,0.4922,0.4943,12992,30251,0,0
24-Jan-86,0.4915,0.493,0.4893,0.4923,20161,30042,0,0
23-Jan-86,0.4843,0.4865,0.4835,0.4863,17920,29290,0,0
22-Jan-86,0.4809,0.4865,0.4793,0.4833,27862,28104,0,0
21-Jan-86,0.4828,0.4844,0.4813,0.482,17536,28248,0,0
20-Jan-86,0.4796,0.486,0.479,0.4857,15489,27917,0,0
17-Jan-86,0.4814,0.4833,0.4805,0.4808,9071,25716,0,0
16-Jan-86,0.485,0.485,0.4823,0.483,11366,25124,0,0
15-Jan-86,0.4827,0.4851,0.4825,0.484,16155,25278,0,0
14-Jan-86,0.4803,0.4825,0.4789,0.4802,13196,26078,0,0
13-Jan-86,0.4798,0.4831,0.4779,0.4814,24597,25721,0,0
10-Jan-86,0.4837,0.4857,0.48,0.4811,23102,26945,0,0
9-Jan-86,0.4835,0.4904,0.4811,0.4881,26633,27390,0,0
8-Jan-86,0.4869,0.487,0.4807,0.4819,19641,27359,0,0
7-Jan-86,0.489,0.4895,0.4865,0.4876,14009,28400,0,0
6-Jan-86,0.4837,0.4884,0.4837,0.4873,14728,27191,0,0
3-Jan-86,0.4879,0.4883,0.486,0.4864,14207,27898,0,0
2-Jan-86,0.4908,0.4947,0.4889,0.4936,15977,28317,0,0
31-Dec-85,0.4888,0.4928,0.4886,0.4908,7789,27351,0,0
30-Dec-85,0.4858,0.4875,0.4852,0.4871,6507,26398,0,0
27-Dec-85,0.4829,0.4864,0.4822,0.4862,12381,25649,0,0
26-Dec-85,0.4777,0.4795,0.4775,0.4777,2350,23784,0,0
24-Dec-85,0.4779,0.4798,0.477,0.479,2678,23466,0,0
23-Dec-85,0.4782,0.4797,0.4768,0.4774,5604,23578,0,0
20-Dec-85,0.4768,0.4792,0.4758,0.4787,5742,23621,0,0
19-Dec-85,0.4756,0.479,0.4753,0.4773,8697,23741,0,0
18-Dec-85,0.4777,0.4781,0.4745,0.4749,13430,24071,0,0
17-Dec-85,0.4798,0.4818,0.4786,0.4788,13991,25271,0,0
16-Dec-85,0.4784,0.4816,0.4764,0.4814,14148,34990,0,0
13-Dec-85,0.4802,0.4814,0.4781,0.4785,17014,33953,0,0
12-Dec-85,0.4784,0.4807,0.4775,0.4783,20941,33503,0,0
11-Dec-85,0.4746,0.4768,0.4725,0.4765,22817,31986,0,0
10-Dec-85,0.4765,0.4776,0.4759,0.4763,13542,31052,0,0
9-Dec-85,0.4796,0.4797,0.4776,0.4782,16250,32337,0,0
6-Dec-85,0.4764,0.4768,0.4744,0.4745,14274,32869,0,0
5-Dec-85,0.4759,0.4785,0.4754,0.4777,13105,32670,0,0
4-Dec-85,0.4782,0.4794,0.4774,0.4784,13921,32127,0,0
3-Dec-85,0.4742,0.4762,0.4735,0.4741,33972,34057,0,0
2-Dec-85,0.4829,0.4831,0.4755,0.4782,28560,34736,0,0
29-Nov-85,0.4819,0.483,0.4807,0.4819,12937,35047,0,0
27-Nov-85,0.4789,0.4804,0.477,0.4782,21265,35343,0,0
26-Nov-85,0.4756,0.4804,0.4753,0.4794,19273,36310,0,0
25-Nov-85,0.4773,0.4784,0.4764,0.4775,16535,35310,0,0
22-Nov-85,0.4738,0.4781,0.4733,0.4772,21710,35021,0,0
21-Nov-85,0.4727,0.4754,0.4715,0.4748,23957,32763,0,0
20-Nov-85,0.4718,0.473,0.4671,0.468,23772,30731,0,0
19-Nov-85,0.4697,0.4724,0.4676,0.4694,27432,29897,0,0
18-Nov-85,0.4672,0.47,0.4669,0.4698,12284,29092,0,0
15-Nov-85,0.4685,0.4686,0.4661,0.4675,13227,29112,0,0
14-Nov-85,0.4689,0.471,0.4673,0.4686,17504,29303,0,0
13-Nov-85,0.4694,0.4701,0.4673,0.4675,16847,28999,0,0
12-Nov-85,0.4661,0.4704,0.4655,0.4703,14838,29202,0,0
11-Nov-85,0.4658,0.4688,0.4652,0.4672,5406,27850,0,0
8-Nov-85,0.4668,0.4682,0.4646,0.4669,15732,27767,0,0
7-Nov-85,0.4705,0.4709,0.4628,0.465,25992,27898,0,0
6-Nov-85,0.4693,0.4707,0.4685,0.4706,14367,29799,0,0
5-Nov-85,0.4684,0.4693,0.4667,0.468,16833,29567,0,0
4-Nov-85,0.4722,0.4723,0.4695,0.4705,19334,29652,0,0
1-Nov-85,0.4682,0.4728,0.4669,0.4724,21084,29647,0,0
31-Oct-85,0.4682,0.4715,0.4668,0.468,21817,28190,0,0
30-Oct-85,0.4693,0.4705,0.4671,0.4675,17227,29053,0,0
29-Oct-85,0.4654,0.4696,0.4653,0.4693,23304,30381,0,0
28-Oct-85,0.4637,0.4642,0.4629,0.4639,7798,27396,0,0
25-Oct-85,0.4637,0.4648,0.4616,0.462,13057,27328,0,0
24-Oct-85,0.463,0.4633,0.4619,0.4623,13087,28067,0,0
23-Oct-85,0.4654,0.4672,0.4637,0.4645,15709,30602,0,0
22-Oct-85,0.4639,0.4656,0.4632,0.4655,12344,30639,0,0
21-Oct-85,0.4659,0.4667,0.4637,0.4651,14744,29585,0,0
18-Oct-85,0.4657,0.4669,0.4636,0.4661,14269,30046,0,0
17-Oct-85,0.459,0.4645,0.458,0.4642,23314,29855,0,0
16-Oct-85,0.4567,0.4577,0.455,0.4564,18817,27248,0,0
15-Oct-85,0.4605,0.4617,0.46,0.4607,10406,29001,0,0
14-Oct-85,0.462,0.4627,0.46,0.4605,5178,28770,0,0
11-Oct-85,0.4612,0.4638,0.4588,0.4623,18207,29018,0,0
10-Oct-85,0.4622,0.4632,0.4585,0.4593,24271,28299,0,0
9-Oct-85,0.465,0.4663,0.4627,0.4629,18996,27497,0,0
8-Oct-85,0.463,0.4657,0.463,0.4637,17485,26522,0,0
7-Oct-85,0.4662,0.4673,0.4638,0.465,21081,25725,0,0
4-Oct-85,0.4716,0.4728,0.4655,0.4686,24564,26283,0,0
3-Oct-85,0.4658,0.4719,0.4654,0.4705,25831,27990,0,0
2-Oct-85,0.4683,0.4701,0.4652,0.4664,29064,27645,0,0
1-Oct-85,0.4603,0.4698,0.4598,0.4695,33761,27302,0,0
30-Sep-85,0.4619,0.4619,0.4565,0.458,24297,25988,0,0
27-Sep-85,0.462,0.462,0.4575,0.4604,13784,28657,0,0
26-Sep-85,0.4618,0.4637,0.4573,0.4582,29363,28623,0,0
25-Sep-85,0.4523,0.4595,0.4516,0.4593,21976,28568,0,0
24-Sep-85,0.4532,0.4547,0.45,0.4536,28701,27147,0,0
23-Sep-85,0.4555,0.4558,0.4487,0.454,35175,23473,0,0
20-Sep-85,0.4257,0.4322,0.4257,0.432,23626,23885,0,0
19-Sep-85,0.4214,0.4244,0.4213,0.4237,16448,24029,0,0
18-Sep-85,0.4228,0.4248,0.4212,0.4221,22301,24504,0,0
17-Sep-85,0.4255,0.4275,0.4225,0.4234,22455,24982,0,0
16-Sep-85,0.4207,0.4267,0.4198,0.4264,19708,31448,0,0
13-Sep-85,0.4208,0.4236,0.4181,0.4213,26567,32272,0,0
12-Sep-85,0.4123,0.4179,0.4118,0.4162,29780,32244,0,0
11-Sep-85,0.4164,0.4165,0.4124,0.4141,26223,31248,0,0
10-Sep-85,0.4161,0.418,0.4147,0.4157,21163,30447,0,0
9-Sep-85,0.4144,0.4192,0.4144,0.4152,27563,29734,0,0
6-Sep-85,0.418,0.418,0.413,0.4151,32534,35243,0,0
5-Sep-85,0.4273,0.4281,0.4211,0.4219,28526,33145,0,0
4-Sep-85,0.4267,0.4294,0.4253,0.4275,28591,33275,0,0
3-Sep-85,0.4273,0.4275,0.4242,0.4243,28936,34044,0,0
30-Aug-85,0.4385,0.4389,0.4319,0.4329,24197,35850,0,0
29-Aug-85,0.4405,0.4414,0.4379,0.4398,17227,36107,0,0
28-Aug-85,0.442,0.4434,0.4407,0.4419,20158,35984,0,0
27-Aug-85,0.441,0.441,0.436,0.44,26684,37413,0,0
26-Aug-85,0.4437,0.4445,0.4404,0.4416,18152,38070,0,0
23-Aug-85,0.4435,0.4459,0.4426,0.4447,18724,37792,0,0
22-Aug-85,0.4455,0.4477,0.4405,0.442,26874,37462,0,0
21-Aug-85,0.4394,0.4449,0.4394,0.4444,20668,37944,0,0
20-Aug-85,0.4412,0.4412,0.4383,0.4401,22965,37852,0,0
19-Aug-85,0.4438,0.445,0.4425,0.4446,14077,36471,0,0
16-Aug-85,0.4422,0.4454,0.4422,0.4436,16700,36307,0,0
15-Aug-85,0.4411,0.4435,0.4391,0.4432,25980,35782,0,0
14-Aug-85,0.436,0.4377,0.4348,0.4366,20687,33747,0,0
13-Aug-85,0.4375,0.44,0.4361,0.4386,24950,33005,0,0
12-Aug-85,0.435,0.4379,0.4338,0.437,20713,32446,0,0
9-Aug-85,0.4286,0.4354,0.4272,0.4351,21767,31523,0,0
8-Aug-85,0.4274,0.4294,0.4272,0.4292,20214,30601,0,0
7-Aug-85,0.4262,0.4278,0.4248,0.4253,20178,30204,0,0
6-Aug-85,0.4274,0.4281,0.4238,0.4244,27388,30819,0,0
5-Aug-85,0.4352,0.4355,0.4301,0.4327,22479,32358,0,0
2-Aug-85,0.433,0.436,0.4319,0.4355,15776,33125,0,0
1-Aug-85,0.4378,0.4385,0.4316,0.4326,29393,32583,0,0
31-Jul-85,0.4404,0.441,0.4357,0.4401,26198,34160,0,0
30-Jul-85,0.4352,0.4392,0.4341,0.4353,29592,34651,0,0
29-Jul-85,0.4354,0.4395,0.4345,0.4348,26903,35478,0,0
26-Jul-85,0.427,0.4358,0.4257,0.4352,29508,35766,0,0
25-Jul-85,0.4291,0.4298,0.4258,0.4279,23483,31681,0,0
24-Jul-85,0.4255,0.4283,0.4236,0.4281,24297,31374,0,0
23-Jul-85,0.429,0.431,0.4257,0.4261,28450,30815,0,0
22-Jul-85,0.4236,0.4264,0.421,0.4262,21569,30164,0,0
19-Jul-85,0.422,0.4256,0.4212,0.4239,21429,29548,0,0
18-Jul-85,0.4296,0.4312,0.4204,0.4207,35090,29711,0,0
17-Jul-85,0.4268,0.4314,0.4261,0.4301,31138,31013,0,0
16-Jul-85,0.4184,0.4221,0.4171,0.4211,26838,30874,0,0
15-Jul-85,0.4205,0.4211,0.4165,0.4203,24443,30719,0,0
12-Jul-85,0.4156,0.4205,0.4146,0.4203,22273,31672,0,0
11-Jul-85,0.409,0.414,0.4083,0.4131,20507,33479,0,0
10-Jul-85,0.4095,0.412,0.4095,0.411,18545,32206,0,0
9-Jul-85,0.406,0.4077,0.4045,0.4051,21405,32932,0,0
8-Jul-85,0.3993,0.4039,0.3979,0.4028,21650,33490,0,0
5-Jul-85,0.3953,0.4015,0.3953,0.4011,14307,31844,0,0
3-Jul-85,0.3954,0.397,0.3951,0.3961,8534,27067,0,0
2-Jul-85,0.3936,0.3958,0.3933,0.3949,11875,28226,0,0
1-Jul-85,0.3956,0.3966,0.3941,0.3943,14986,27712,0,0
28-Jun-85,0.3926,0.3975,0.3926,0.3967,18081,27891,0,0
27-Jun-85,0.394,0.3944,0.3919,0.3935,16481,27001,0,0
26-Jun-85,0.3924,0.3969,0.3923,0.3949,22447,25782,0,0
25-Jun-85,0.3923,0.3925,0.3885,0.3921,13762,25312,0,0
24-Jun-85,0.3908,0.393,0.3904,0.3923,9085,25488,0,0
21-Jun-85,0.3895,0.3932,0.3893,0.3921,11351,25633,0,0
20-Jun-85,0.3957,0.3959,0.3892,0.3904,21247,25432,0,0
19-Jun-85,0.3991,0.3995,0.3937,0.3944,21519,26876,0,0
18-Jun-85,0.3934,0.3993,0.3928,0.3991,22845,27027,0,0
17-Jun-85,0.3902,0.3909,0.3896,0.3907,8726,28417,0,0
14-Jun-85,0.3897,0.3922,0.3888,0.3912,21338,28257,0,0
13-Jun-85,0.3849,0.387,0.3842,0.3859,15417,27827,0,0
12-Jun-85,0.3883,0.3887,0.3863,0.3865,10907,27850,0,0
11-Jun-85,0.387,0.3886,0.3867,0.3878,12912,29154,0,0
10-Jun-85,0.3865,0.3874,0.385,0.3871,16839,29436,0,0
7-Jun-85,0.3921,0.3921,0.3873,0.3876,18469,32337,0,0
6-Jun-85,0.3922,0.3933,0.3905,0.3915,16919,33928,0,0
5-Jun-85,0.3887,0.3896,0.3871,0.3895,20167,33961,0,0
4-Jun-85,0.3908,0.3923,0.3885,0.3892,20615,32342,0,0
3-Jun-85,0.3913,0.3928,0.3888,0.3918,28927,33092,0,0
31-May-85,0.3844,0.3916,0.3832,0.3912,26491,32175,0,0
30-May-85,0.3874,0.3881,0.3839,0.3856,20831,28273,0,0
29-May-85,0.383,0.3882,0.3819,0.3876,19415,27550,0,0
28-May-85,0.3825,0.3833,0.3806,0.3818,17473,28059,0,0
24-May-85,0.3857,0.3859,0.3816,0.3826,14034,28380,0,0
23-May-85,0.3855,0.3877,0.3846,0.3873,14697,27487,0,0
22-May-85,0.387,0.3886,0.3856,0.3878,15650,26672,0,0
21-May-85,0.3895,0.39,0.3844,0.3888,23468,26753,0,0
20-May-85,0.3932,0.3942,0.385,0.3859,26178,26759,0,0
17-May-85,0.3862,0.3897,0.3862,0.3885,12303,26428,0,0
16-May-85,0.385,0.388,0.3845,0.3868,18559,26263,0,0
15-May-85,0.3886,0.392,0.3875,0.3916,22910,27025,0,0
14-May-85,0.3886,0.3917,0.3854,0.39,26839,26008,0,0
13-May-85,0.3864,0.3892,0.3852,0.3884,19447,25922,0,0
10-May-85,0.3822,0.3843,0.3805,0.3839,12301,24891,0,0
9-May-85,0.383,0.3848,0.3815,0.3825,19994,25349,0,0
8-May-85,0.3744,0.3764,0.373,0.3746,15725,25484,0,0
7-May-85,0.3739,0.3775,0.3734,0.3769,24003,25782,0,0
6-May-85,0.3672,0.3716,0.3659,0.369,22558,26319,0,0
3-May-85,0.375,0.375,0.3682,0.3685,25597,27651,0,0
2-May-85,0.3782,0.3795,0.3762,0.3765,20992,25961,0,0
1-May-85,0.3807,0.3841,0.3797,0.3831,17224,26331,0,0
30-Apr-85,0.3881,0.3904,0.3832,0.3838,19053,27144,0,0
29-Apr-85,0.3849,0.3888,0.3827,0.3884,19626,27867,0,0
26-Apr-85,0.3827,0.3857,0.382,0.3836,15132,26344,0,0
25-Apr-85,0.3862,0.387,0.3814,0.3834,22569,26772,0,0
24-Apr-85,0.3861,0.3891,0.3848,0.3882,24062,27139,0,0
23-Apr-85,0.4017,0.404,0.3851,0.388,34003,27572,0,0
22-Apr-85,0.4041,0.4057,0.4003,0.4007,15640,25493,0,0
19-Apr-85,0.406,0.4075,0.4048,0.4061,11760,25299,0,0
18-Apr-85,0.4,0.4077,0.3995,0.4075,23576,25028,0,0
17-Apr-85,0.3977,0.4,0.3955,0.3969,16097,25117,0,0
16-Apr-85,0.4015,0.4021,0.3962,0.3991,23351,26117,0,0
15-Apr-85,0.3996,0.3996,0.3966,0.3974,18830,26369,0,0
12-Apr-85,0.3913,0.3934,0.3876,0.392,21228,27802,0,0
11-Apr-85,0.3851,0.3908,0.3851,0.3901,22971,26802,0,0
10-Apr-85,0.379,0.3818,0.3773,0.3803,21996,27289,0,0
9-Apr-85,0.379,0.3806,0.3764,0.3773,25551,26939,0,0
8-Apr-85,0.3735,0.3829,0.3735,0.3825,15442,26145,0,0
4-Apr-85,0.377,0.3795,0.3738,0.3776,16992,23605,0,0
3-Apr-85,0.3802,0.382,0.3774,0.3785,16534,24664,0,0
2-Apr-85,0.3779,0.384,0.3779,0.383,17914,25116,0,0
1-Apr-85,0.3833,0.3844,0.3814,0.3824,14492,22087,0,0
29-Mar-85,0.3874,0.3902,0.3845,0.3887,20768,22446,0,0
28-Mar-85,0.3818,0.3823,0.3786,0.3817,19706,22690,0,0
27-Mar-85,0.3785,0.3808,0.3768,0.3785,20566,22146,0,0
26-Mar-85,0.3674,0.3709,0.3671,0.3693,14173,23604,0,0
25-Mar-85,0.3678,0.368,0.3666,0.3671,9978,23455,0,0
22-Mar-85,0.3707,0.3715,0.3684,0.371,10615,23061,0,0
21-Mar-85,0.3663,0.3725,0.3663,0.3707,18633,23083,0,0
20-Mar-85,0.3655,0.3686,0.3635,0.3645,21831,23107,0,0
19-Mar-85,0.362,0.3697,0.3603,0.3695,31322,23265,0,0
18-Mar-85,0.351,0.3572,0.3509,0.3563,22059,31017,0,0
15-Mar-85,0.3485,0.3519,0.3482,0.3493,17146,28808,0,0
14-Mar-85,0.3511,0.3517,0.3492,0.3501,20916,28482,0,0
13-Mar-85,0.3555,0.3572,0.3522,0.3526,22200,31300,0,0
12-Mar-85,0.353,0.3562,0.3512,0.3558,27449,31055,0,0
11-Mar-85,0.3528,0.3551,0.3522,0.3546,20910,29992,0,0
8-Mar-85,0.3475,0.3512,0.3473,0.3487,14111,28129,0,0
7-Mar-85,0.3445,0.3452,0.3438,0.3443,14659,27618,0,0
6-Mar-85,0.3427,0.3481,0.3416,0.3471,24245,29168,0,0
5-Mar-85,0.3438,0.3442,0.342,0.3427,16732,27904,0,0
4-Mar-85,0.3463,0.3473,0.345,0.3468,18639,28890,0,0
1-Mar-85,0.3492,0.353,0.3474,0.3493,17498,28329,0,0
28-Feb-85,0.3535,0.3544,0.3491,0.3493,16282,28898,0,0
27-Feb-85,0.3549,0.356,0.3524,0.3544,19437,28246,0,0
26-Feb-85,0.3409,0.35,0.3408,0.3465,22787,28005,0,0
25-Feb-85,0.3456,0.3473,0.3423,0.3429,21853,28315,0,0
22-Feb-85,0.3506,0.3523,0.3502,0.3506,13194,27445,0,0
21-Feb-85,0.3545,0.3554,0.3532,0.3544,20581,28124,0,0
20-Feb-85,0.3561,0.3562,0.3543,0.355,11236,26486,0,0
19-Feb-85,0.3555,0.3569,0.3553,0.3561,17654,26798,0,0
15-Feb-85,0.3609,0.3618,0.3597,0.3615,13591,27125,0,0
14-Feb-85,0.3582,0.3595,0.3574,0.3577,12830,26468,0,0
13-Feb-85,0.3581,0.3583,0.3564,0.3569,18927,26672,0,0
12-Feb-85,0.3592,0.36,0.3577,0.3583,12625,24950,0,0
11-Feb-85,0.3605,0.3619,0.3584,0.3615,17515,25354,0,0
8-Feb-85,0.3624,0.3636,0.3611,0.3614,15322,25929,0,0
7-Feb-85,0.3662,0.3662,0.3634,0.3638,14604,24344,0,0
6-Feb-85,0.3672,0.3679,0.3658,0.3664,10893,23821,0,0
5-Feb-85,0.3665,0.3679,0.3658,0.367,15412,23876,0,0
4-Feb-85,0.3675,0.3682,0.3657,0.3663,13959,24247,0,0
1-Feb-85,0.3728,0.374,0.3689,0.369,19579,24516,0,0
31-Jan-85,0.3756,0.3765,0.3739,0.3743,15976,24406,0,0
30-Jan-85,0.3757,0.3769,0.3748,0.3759,13126,24584,0,0
29-Jan-85,0.3775,0.3777,0.3754,0.3763,11281,23841,0,0
28-Jan-85,0.3767,0.378,0.3765,0.3775,8774,24559,0,0
25-Jan-85,0.378,0.3784,0.376,0.3769,11741,23286,0,0
24-Jan-85,0.3763,0.3795,0.376,0.3778,18576,24856,0,0
23-Jan-85,0.3752,0.3764,0.3738,0.376,11711,22839,0,0
22-Jan-85,0.3762,0.377,0.3741,0.3746,13939,22774,0,0
21-Jan-85,0.3766,0.3775,0.3754,0.3768,8932,23704,0,0
18-Jan-85,0.3757,0.3787,0.3741,0.3784,15038,22700,0,0
17-Jan-85,0.3752,0.3761,0.3739,0.3754,9920,22395,0,0
16-Jan-85,0.3752,0.3764,0.3742,0.3745,13619,21776,0,0
15-Jan-85,0.3747,0.376,0.3734,0.3739,16142,22487,0,0
14-Jan-85,0.3787,0.3791,0.3741,0.3745,13492,21742,0,0
11-Jan-85,0.3816,0.3824,0.3781,0.3782,14552,20997,0,0
10-Jan-85,0.38,0.3827,0.3798,0.3809,13382,21120,0,0
9-Jan-85,0.38,0.3818,0.3792,0.3811,17493,20866,0,0
8-Jan-85,0.3836,0.3841,0.3796,0.3798,16657,19379,0,0
7-Jan-85,0.3817,0.386,0.3802,0.3843,14124,19979,0,0
4-Jan-85,0.3844,0.3856,0.3821,0.3829,9694,18920,0,0
3-Jan-85,0.3854,0.3863,0.3836,0.385,9718,18544,0,0
2-Jan-85,0.384,0.3858,0.3837,0.3841,7184,18351,0,0
31-Dec-84,0.387,0.3885,0.387,0.3879,1995,17861,0,0
28-Dec-84,0.3904,0.3907,0.3887,0.3894,3464,17925,0,0
27-Dec-84,0.3895,0.3903,0.3876,0.3885,5725,17890,0,0
26-Dec-84,0.391,0.3919,0.3898,0.3904,3344,17946,0,0
24-Dec-84,0.3919,0.3936,0.3894,0.3896,3181,18065,0,0
21-Dec-84,0.3922,0.3939,0.3911,0.3921,6456,17740,0,0
20-Dec-84,0.3932,0.3938,0.3913,0.3915,11462,18193,0,0
19-Dec-84,0.3957,0.3957,0.3916,0.3918,15067,18825,0,0
18-Dec-84,0.3955,0.3975,0.3952,0.3969,10483,18805,0,0
17-Dec-84,0.3955,0.397,0.3943,0.3953,12577,23220,0,0
14-Dec-84,0.3943,0.3992,0.3938,0.3962,21292,22830,0,0
13-Dec-84,0.3961,0.3963,0.3938,0.3943,12495,23579,0,0
12-Dec-84,0.3951,0.3965,0.3945,0.3952,10574,23342,0,0
11-Dec-84,0.3973,0.398,0.3947,0.3958,13641,23732,0,0
10-Dec-84,0.3966,0.398,0.395,0.3955,13899,23617,0,0
7-Dec-84,0.3989,0.3992,0.3965,0.3974,14630,23465,0,0
6-Dec-84,0.3995,0.4025,0.3977,0.4006,21572,24146,0,0
5-Dec-84,0.3955,0.3957,0.3913,0.3915,17408,23737,0,0
4-Dec-84,0.3929,0.3971,0.3929,0.3956,17771,24073,0,0
3-Dec-84,0.3903,0.393,0.3898,0.3927,16022,23934,0,0
30-Nov-84,0.3939,0.3945,0.3912,0.3915,17054,23562,0,0
29-Nov-84,0.3972,0.3975,0.3955,0.3958,14603,24403,0,0
28-Nov-84,0.3957,0.4003,0.3947,0.3957,21204,23806,0,0
27-Nov-84,0.3972,0.3982,0.3947,0.3953,16358,22789,0,0
26-Nov-84,0.398,0.398,0.3958,0.3959,17203,23180,0,0
23-Nov-84,0.4013,0.4018,0.3992,0.3994,10002,23640,0,0
21-Nov-84,0.4011,0.4037,0.3995,0.4016,16191,23603,0,0
20-Nov-84,0.4054,0.4063,0.4021,0.4033,16115,23885,0,0
19-Nov-84,0.4087,0.409,0.4046,0.405,15299,24521,0,0
16-Nov-84,0.4104,0.4111,0.4091,0.4099,9759,24986,0,0
15-Nov-84,0.4105,0.412,0.4091,0.4097,18711,26347,0,0
14-Nov-84,0.4135,0.4135,0.41,0.4117,19354,25821,0,0
13-Nov-84,0.4173,0.4175,0.412,0.4127,17332,25823,0,0
12-Nov-84,0.415,0.4165,0.414,0.4156,9675,26329,0,0
9-Nov-84,0.413,0.4162,0.413,0.4139,17559,27991,0,0
8-Nov-84,0.416,0.4169,0.4146,0.4163,14685,26675,0,0
7-Nov-84,0.4198,0.4208,0.4165,0.4196,21543,26141,0,0
6-Nov-84,0.415,0.4167,0.4138,0.4143,15660,27054,0,0
5-Nov-84,0.417,0.4191,0.4144,0.4177,21564,24762,0,0
2-Nov-84,0.4147,0.4169,0.4128,0.4162,3887,23176,0,0
1-Nov-84,0.4045,0.4102,0.4044,0.4097,18555,24546,0,0
31-Oct-84,0.4043,0.4059,0.4028,0.4058,15714,21485,0,0
30-Oct-84,0.4008,0.4043,0.4003,0.4035,12043,20943,0,0
29-Oct-84,0.4002,0.401,0.3988,0.3989,10463,20429,0,0
26-Oct-84,0.404,0.4052,0.4023,0.403,15860,20672,0,0
25-Oct-84,0.4055,0.408,0.4037,0.4072,18217,21983,0,0
24-Oct-84,0.4049,0.406,0.4034,0.4044,13795,21879,0,0
23-Oct-84,0.4004,0.4045,0.3997,0.4044,16746,22500,0,0
22-Oct-84,0.3974,0.3988,0.3969,0.397,7964,19909,0,0
19-Oct-84,0.3985,0.4,0.3966,0.3973,12787,19877,0,0
18-Oct-84,0.3929,0.397,0.3924,0.3959,12323,19995,0,0
17-Oct-84,0.3968,0.3968,0.3931,0.3933,9419,19868,0,0
16-Oct-84,0.3927,0.3936,0.3919,0.3927,11617,19669,0,0
15-Oct-84,0.3922,0.393,0.3915,0.3919,10189,18187,0,0
12-Oct-84,0.3966,0.3975,0.394,0.3947,9869,18024,0,0
11-Oct-84,0.3963,0.3981,0.3951,0.3956,10579,17867,0,0
10-Oct-84,0.3973,0.3995,0.3962,0.3979,13651,17654,0,0
9-Oct-84,0.3998,0.4007,0.3976,0.3979,13425,17558,0,0
8-Oct-84,0.4032,0.4041,0.4019,0.4037,4716,17642,0,0
5-Oct-84,0.4029,0.4038,0.4012,0.4029,10928,17342,0,0
4-Oct-84,0.404,0.4056,0.4032,0.4048,10049,18942,0,0
3-Oct-84,0.4071,0.4082,0.4035,0.4037,17505,19312,0,0
2-Oct-84,0.4038,0.4076,0.4036,0.4071,11346,19720,0,0
1-Oct-84,0.4065,0.4065,0.4023,0.403,11276,19072,0,0
28-Sep-84,0.406,0.4066,0.3993,0.4002,11983,18812,0,0
27-Sep-84,0.4055,0.4084,0.4044,0.4046,11801,20103,0,0
26-Sep-84,0.401,0.4068,0.3999,0.4035,23930,20766,0,0
25-Sep-84,0.4008,0.4033,0.4008,0.4031,16027,19490,0,0
24-Sep-84,0.4095,0.4104,0.4043,0.4052,16964,18855,0,0
21-Sep-84,0.394,0.406,0.3938,0.4052,25642,20227,0,0
20-Sep-84,0.4011,0.4014,0.3953,0.3957,18516,19749,0,0
19-Sep-84,0.4011,0.4022,0.3991,0.4003,17579,19286,0,0
18-Sep-84,0.3962,0.4008,0.3961,0.3999,26190,20257,0,0
17-Sep-84,0.4028,0.4032,0.3988,0.3993,11842,20784,0,0
14-Sep-84,0.4065,0.4079,0.4045,0.4047,18152,21638,0,0
13-Sep-84,0.406,0.4068,0.4045,0.4053,16529,21390,0,0
12-Sep-84,0.4096,0.4101,0.4074,0.4077,13806,22426,0,0
11-Sep-84,0.4085,0.4105,0.4072,0.409,20111,22283,0,0
10-Sep-84,0.4093,0.4116,0.4085,0.4101,18533,22797,0,0
7-Sep-84,0.4126,0.4131,0.409,0.4093,16829,21818,0,0
6-Sep-84,0.4065,0.4082,0.4065,0.4077,15924,21457,0,0
5-Sep-84,0.4075,0.4081,0.4064,0.4071,16095,21325,0,0
4-Sep-84,0.4111,0.4118,0.4084,0.4086,19280,20734,0,0
31-Aug-84,0.4166,0.4175,0.416,0.4163,5076,21229,0,0
30-Aug-84,0.4182,0.4188,0.417,0.4175,11359,21922,0,0
29-Aug-84,0.419,0.4208,0.4186,0.4201,15757,22584,0,0
28-Aug-84,0.4175,0.4203,0.4175,0.418,13205,21042,0,0
27-Aug-84,0.4201,0.4202,0.4168,0.4177,14836,21968,0,0
24-Aug-84,0.4199,0.4221,0.4185,0.4214,12516,22887,0,0
23-Aug-84,0.421,0.4228,0.4167,0.4183,17886,22984,0,0
22-Aug-84,0.4176,0.4213,0.4165,0.4209,17074,22268,0,0
21-Aug-84,0.4174,0.4187,0.4148,0.4152,16046,20931,0,0
20-Aug-84,0.4192,0.4205,0.4174,0.4185,19106,21630,0,0
17-Aug-84,0.4216,0.4239,0.4208,0.4216,16718,24719,0,0
16-Aug-84,0.4205,0.4254,0.4201,0.4215,26056,24866,0,0
15-Aug-84,0.4184,0.4233,0.4165,0.4227,26962,23719,0,0
14-Aug-84,0.4131,0.4195,0.4131,0.4175,26474,21774,0,0
13-Aug-84,0.41,0.4156,0.409,0.4144,18682,20533,0,0
10-Aug-84,0.4156,0.4163,0.4105,0.4112,15935,19713,0,0
9-Aug-84,0.4111,0.4152,0.4104,0.415,15735,20073,0,0
8-Aug-84,0.41,0.4134,0.4099,0.4117,17749,19047,0,0
7-Aug-84,0.4094,0.4119,0.4065,0.4081,21695,20715,0,0
6-Aug-84,0.4195,0.4195,0.4151,0.4152,17093,20271,0,0
3-Aug-84,0.4174,0.4208,0.417,0.4205,21880,19754,0,0
2-Aug-84,0.4094,0.416,0.4093,0.4147,20426,20031,0,0
1-Aug-84,0.4086,0.4112,0.4079,0.41,10927,19685,0,0
31-Jul-84,0.4098,0.4112,0.4082,0.4088,15369,19089,0,0
30-Jul-84,0.4104,0.4117,0.4095,0.4113,9686,19121,0,0
27-Jul-84,0.413,0.4132,0.409,0.4106,11818,19289,0,0
26-Jul-84,0.416,0.4163,0.4117,0.4119,15841,19486,0,0
25-Jul-84,0.4136,0.4164,0.4136,0.4152,15071,17937,0,0
24-Jul-84,0.412,0.4147,0.412,0.4128,15514,17923,0,0
23-Jul-84,0.4153,0.4154,0.4127,0.4131,12062,16057,0,0
20-Jul-84,0.418,0.4191,0.4163,0.4164,13829,17093,0,0
19-Jul-84,0.4189,0.4208,0.4185,0.4194,12490,17861,0,0
18-Jul-84,0.42,0.42,0.4176,0.4186,12304,17118,0,0
17-Jul-84,0.4209,0.4215,0.4193,0.4197,8496,16334,0,0
16-Jul-84,0.4257,0.4257,0.4226,0.4237,12846,17006,0,0
13-Jul-84,0.4199,0.4228,0.4199,0.4204,13309,16986,0,0
12-Jul-84,0.4198,0.4208,0.4175,0.4178,13558,17347,0,0
11-Jul-84,0.4222,0.4239,0.4208,0.4211,17416,19087,0,0
10-Jul-84,0.4266,0.4274,0.4233,0.4235,19856,18880,0,0
9-Jul-84,0.4242,0.4289,0.4239,0.4284,17166,19062,0,0
6-Jul-84,0.4265,0.4273,0.4248,0.4254,8771,17643,0,0
5-Jul-84,0.4271,0.4283,0.4262,0.4263,12397,17398,0,0
3-Jul-84,0.4315,0.4319,0.429,0.4297,9148,17641,0,0
2-Jul-84,0.434,0.4349,0.4338,0.4343,6092,17759,0,0
29-Jun-84,0.4367,0.438,0.4351,0.4352,8679,18398,0,0
28-Jun-84,0.4346,0.4383,0.4342,0.4369,15651,17614,0,0
27-Jun-84,0.4367,0.4375,0.4348,0.4361,15326,17594,0,0
26-Jun-84,0.4379,0.4395,0.4368,0.4393,13108,17298,0,0
25-Jun-84,0.4348,0.4358,0.4348,0.4351,8940,18088,0,0
22-Jun-84,0.439,0.4407,0.4387,0.4399,8112,18285,0,0
21-Jun-84,0.4394,0.4413,0.4388,0.4403,13867,18048,0,0
20-Jun-84,0.4443,0.4443,0.4412,0.4414,12786,17413,0,0
19-Jun-84,0.444,0.4455,0.4438,0.4448,9280,17601,0,0
18-Jun-84,0.4453,0.4456,0.444,0.4448,10259,21940,0,0
15-Jun-84,0.4468,0.4474,0.4457,0.4459,17785,22866,0,0
14-Jun-84,0.45,0.4502,0.4476,0.4483,13384,23129,0,0
13-Jun-84,0.4492,0.4504,0.448,0.4491,21362,23118,0,0
12-Jun-84,0.4504,0.4511,0.4468,0.4483,19332,22986,0,0
11-Jun-84,0.4553,0.4553,0.4502,0.4508,16371,23172,0,0
8-Jun-84,0.455,0.4557,0.4528,0.4549,13856,24119,0,0
7-Jun-84,0.4479,0.4479,0.4443,0.4456,16127,24626,0,0
6-Jun-84,0.4479,0.4494,0.4472,0.448,13855,25913,0,0
5-Jun-84,0.4504,0.4508,0.4483,0.4487,18340,26474,0,0
4-Jun-84,0.4512,0.4515,0.4491,0.4507,19051,27305,0,0
1-Jun-84,0.4483,0.4505,0.4475,0.4493,20216,25924,0,0
31-May-84,0.4436,0.4449,0.4434,0.4446,7416,25548,0,0
30-May-84,0.4447,0.4459,0.4431,0.4445,14346,25352,0,0
29-May-84,0.4443,0.4454,0.443,0.4436,15308,24716,0,0
25-May-84,0.4459,0.4484,0.4457,0.4478,16805,25382,0,0
24-May-84,0.4408,0.4483,0.4402,0.4464,24447,24328,0,0
23-May-84,0.4437,0.4454,0.4404,0.4406,22065,25600,0,0
22-May-84,0.4434,0.4445,0.4428,0.4442,12572,25953,0,0
21-May-84,0.4425,0.4437,0.4417,0.4419,11629,26060,0,0
18-May-84,0.4406,0.4425,0.4404,0.4423,9098,24759,0,0
17-May-84,0.4431,0.4441,0.4413,0.4414,13743,24334,0,0
16-May-84,0.4458,0.4465,0.4437,0.446,18702,24427,0,0
15-May-84,0.4421,0.4448,0.4414,0.4446,14410,24066,0,0
14-May-84,0.4419,0.4429,0.4408,0.4421,15434,24254,0,0
11-May-84,0.4415,0.4419,0.4382,0.4384,13130,24808,0,0
10-May-84,0.4405,0.4417,0.4388,0.44,16915,25629,0,0
9-May-84,0.4413,0.443,0.4397,0.44,16492,24604,0,0
8-May-84,0.4416,0.4428,0.441,0.4421,14868,24179,0,0
7-May-84,0.4441,0.4441,0.4408,0.4412,16080,24895,0,0
4-May-84,0.4498,0.4502,0.4463,0.4468,18279,26220,0,0
3-May-84,0.4487,0.4519,0.4482,0.4507,16680,26539,0,0
2-May-84,0.4494,0.4508,0.4481,0.4499,15001,25822,0,0
1-May-84,0.4492,0.4519,0.4488,0.4503,15282,25858,0,0
30-Apr-84,0.4502,0.451,0.449,0.4495,11270,25118,0,0
27-Apr-84,0.4529,0.4541,0.4507,0.4509,13512,25349,0,0
26-Apr-84,0.4541,0.4543,0.4531,0.4534,11624,25042,0,0
25-Apr-84,0.4568,0.457,0.4554,0.4564,9623,24255,0,0
24-Apr-84,0.4564,0.4575,0.4551,0.4553,16990,25029,0,0
23-Apr-84,0.4595,0.4609,0.4593,0.4604,9417,24538,0,0
19-Apr-84,0.4612,0.4614,0.4586,0.4588,12307,23731,0,0
18-Apr-84,0.4617,0.4628,0.4605,0.4626,10283,23615,0,0
17-Apr-84,0.4624,0.4635,0.4612,0.4624,12696,23317,0,0
16-Apr-84,0.4632,0.4637,0.4616,0.4627,11424,22961,0,0
13-Apr-84,0.4656,0.466,0.4641,0.4644,13156,23020,0,0
12-Apr-84,0.4674,0.4689,0.4646,0.4653,17341,23502,0,0
11-Apr-84,0.469,0.4699,0.4669,0.467,16016,23833,0,0
10-Apr-84,0.4664,0.4685,0.466,0.4679,13071,23678,0,0
9-Apr-84,0.4674,0.4678,0.4655,0.4665,12465,24144,0,0
6-Apr-84,0.4655,0.467,0.4653,0.4659,14928,24835,0,0
5-Apr-84,0.4689,0.4691,0.4644,0.4645,21109,25256,0,0
4-Apr-84,0.4676,0.4693,0.467,0.4689,14125,25693,0,0
3-Apr-84,0.4692,0.4704,0.4669,0.4677,16831,26305,0,0
2-Apr-84,0.4732,0.4735,0.4702,0.4705,13012,25446,0,0
30-Mar-84,0.472,0.4739,0.4712,0.4737,9548,25407,0,0
29-Mar-84,0.473,0.4754,0.4725,0.4729,20034,25247,0,0
28-Mar-84,0.4696,0.4723,0.4691,0.4722,16418,25665,0,0
27-Mar-84,0.4725,0.4743,0.471,0.4716,18949,25980,0,0
26-Mar-84,0.4704,0.4715,0.4696,0.471,13760,26162,0,0
23-Mar-84,0.468,0.4692,0.4662,0.4677,11690,26350,0,0
22-Mar-84,0.4673,0.4682,0.4657,0.4659,17868,26470,0,0
21-Mar-84,0.4671,0.4691,0.4668,0.4685,17598,27238,0,0
20-Mar-84,0.4704,0.4718,0.4689,0.469,19111,27343,0,0
19-Mar-84,0.4685,0.4713,0.4682,0.4691,18155,30959,0,0
16-Mar-84,0.4719,0.4726,0.4701,0.4704,16178,31690,0,0
15-Mar-84,0.4756,0.4772,0.4737,0.4754,21147,31358,0,0
14-Mar-84,0.4821,0.4835,0.4748,0.475,30310,32140,0,0
13-Mar-84,0.4769,0.4803,0.4769,0.4792,24895,32099,0,0
12-Mar-84,0.4726,0.4757,0.4725,0.4748,24323,32346,0,0
9-Mar-84,0.4796,0.4796,0.4773,0.4784,19775,31186,0,0
8-Mar-84,0.4793,0.4805,0.4759,0.4804,30107,32325,0,0
7-Mar-84,0.484,0.4843,0.4809,0.4821,25643,30773,0,0
6-Mar-84,0.4818,0.4846,0.4807,0.4844,32835,32630,0,0
5-Mar-84,0.4812,0.4812,0.4781,0.4805,32514,32554,0,0
2-Mar-84,0.4639,0.4675,0.4636,0.4641,32922,33600,0,0
1-Mar-84,0.462,0.4629,0.4608,0.4626,16088,30234,0,0
29-Feb-84,0.4625,0.465,0.461,0.462,26162,30948,0,0
28-Feb-84,0.465,0.4653,0.462,0.4625,35314,31388,0,0
27-Feb-84,0.461,0.4624,0.4595,0.462,24158,31987,0,0
24-Feb-84,0.4612,0.4629,0.4599,0.4628,27779,31037,0,0
23-Feb-84,0.46,0.4608,0.4561,0.459,30466,28801,0,0
22-Feb-84,0.4577,0.4601,0.4577,0.458,25931,30721,0,0
21-Feb-84,0.4525,0.4552,0.4522,0.4547,22726,29399,0,0
17-Feb-84,0.4569,0.4592,0.4568,0.4586,15841,28973,0,0
16-Feb-84,0.4603,0.4603,0.4568,0.4589,31796,29268,0,0
15-Feb-84,0.4562,0.4584,0.4541,0.4564,35396,29300,0,0
14-Feb-84,0.4495,0.4556,0.4486,0.4549,36369,29730,0,0
13-Feb-84,0.4501,0.4511,0.4497,0.4502,8466,27558,0,0
10-Feb-84,0.451,0.4525,0.4489,0.4514,21549,27262,0,0
9-Feb-84,0.4546,0.4547,0.4483,0.4508,25457,27881,0,0
8-Feb-84,0.4531,0.4538,0.4517,0.4524,20032,28874,0,0
7-Feb-84,0.4513,0.4524,0.4499,0.4505,26731,28036,0,0
6-Feb-84,0.4552,0.4574,0.4534,0.4535,29773,29179,0,0
3-Feb-84,0.4561,0.46,0.4549,0.4587,24467,28130,0,0
2-Feb-84,0.4539,0.4572,0.453,0.4569,25221,26635,0,0
1-Feb-84,0.4505,0.4522,0.4493,0.4513,23446,25653,0,0
31-Jan-84,0.4494,0.4499,0.4473,0.4494,17749,23066,0,0
30-Jan-84,0.4502,0.451,0.4492,0.4495,10181,22628,0,0
27-Jan-84,0.4494,0.4502,0.4484,0.4493,9909,22166,0,0
26-Jan-84,0.4507,0.4516,0.4485,0.4489,14429,22363,0,0
25-Jan-84,0.4495,0.4515,0.4495,0.451,16041,22346,0,0
24-Jan-84,0.4492,0.4501,0.448,0.4492,17703,22265,0,0
23-Jan-84,0.451,0.4521,0.4499,0.45,13286,23185,0,0
20-Jan-84,0.4528,0.4528,0.45,0.4507,17796,22944,0,0
19-Jan-84,0.4544,0.4555,0.4538,0.4548,14469,22954,0,0
18-Jan-84,0.4514,0.4532,0.4509,0.4528,19433,22757,0,0
17-Jan-84,0.4544,0.455,0.4514,0.4518,21055,22869,0,0
16-Jan-84,0.4538,0.4564,0.4536,0.4557,19194,23200,0,0
13-Jan-84,0.4504,0.4558,0.4504,0.4542,23772,24167,0,0
12-Jan-84,0.4487,0.4526,0.4483,0.4514,18577,23573,0,0
11-Jan-84,0.4513,0.4514,0.4482,0.4489,19111,22895,0,0
10-Jan-84,0.4531,0.4535,0.451,0.4512,20010,22840,0,0
9-Jan-84,0.4487,0.4502,0.447,0.4473,16826,22121,0,0
6-Jan-84,0.4535,0.4537,0.4517,0.4519,11624,23311,0,0
5-Jan-84,0.4533,0.4544,0.4526,0.4531,14126,23773,0,0
4-Jan-84,0.4527,0.455,0.4527,0.4543,17550,22714,0,0
3-Jan-84,0.46,0.4611,0.4561,0.4562,23201,22057,0,0
30-Dec-83,0.4645,0.4665,0.4638,0.4658,5007,21450,0,0
29-Dec-83,0.4636,0.466,0.4636,0.4659,9979,21482,0,0
28-Dec-83,0.4635,0.464,0.4624,0.4625,5592,22069,0,0
27-Dec-83,0.4618,0.4641,0.4618,0.4638,8090,22322,0,0
23-Dec-83,0.461,0.4628,0.4597,0.4624,6414,21348,0,0
22-Dec-83,0.459,0.4624,0.4582,0.4618,8736,21234,0,0
21-Dec-83,0.458,0.4593,0.4579,0.4586,7517,20648,0,0
20-Dec-83,0.4596,0.4613,0.457,0.458,14111,20372,0,0
19-Dec-83,0.4591,0.4601,0.4584,0.4598,5590,22104,0,0
16-Dec-83,0.458,0.4593,0.4576,0.4583,11873,22505,0,0
15-Dec-83,0.4608,0.4609,0.4584,0.4591,16067,23658,0,0
14-Dec-83,0.458,0.4606,0.4577,0.4596,15358,24489,0,0
13-Dec-83,0.4599,0.4601,0.4572,0.4578,16139,24913,0,0
12-Dec-83,0.4598,0.4601,0.4576,0.4577,13832,25088,0,0
9-Dec-83,0.4592,0.4609,0.4592,0.4601,12809,25082,0,0
8-Dec-83,0.4635,0.4643,0.4625,0.4626,17087,24990,0,0
7-Dec-83,0.4652,0.467,0.4632,0.4665,20845,25605,0,0
6-Dec-83,0.4651,0.4667,0.4648,0.466,16460,25003,0,0
5-Dec-83,0.466,0.4666,0.4638,0.465,24234,25245,0,0
2-Dec-83,0.4632,0.4633,0.46,0.4609,18489,26064,0,0
1-Dec-83,0.465,0.4654,0.4633,0.4643,19296,27494,0,0
30-Nov-83,0.4642,0.4674,0.4636,0.4655,40829,26793,0,0
29-Nov-83,0.4592,0.4638,0.459,0.4636,17547,25853,0,0
28-Nov-83,0.4608,0.4625,0.4597,0.4599,16443,24126,0,0
23-Nov-83,0.4627,0.4627,0.46,0.4602,8463,24949,0,0
22-Nov-83,0.4617,0.4635,0.4611,0.4621,14776,25245,0,0
21-Nov-83,0.46,0.4623,0.4591,0.4621,16298,24390,0,0
18-Nov-83,0.4609,0.4611,0.459,0.4595,13531,24851,0,0
17-Nov-83,0.4624,0.4625,0.4601,0.4617,17500,24786,0,0
16-Nov-83,0.4663,0.4668,0.462,0.4626,19466,25138,0,0
15-Nov-83,0.4649,0.4655,0.4644,0.4654,9725,24074,0,0
14-Nov-83,0.4666,0.467,0.4645,0.465,11573,23533,0,0
11-Nov-83,0.4658,0.4667,0.4628,0.4635,13964,25365,0,0
10-Nov-83,0.4655,0.4687,0.4653,0.468,16504,23581,0,0
9-Nov-83,0.4633,0.4657,0.4633,0.4656,16847,24358,0,0
8-Nov-83,0.4628,0.4634,0.4621,0.4622,6648,24227,0,0
7-Nov-83,0.4627,0.4637,0.4614,0.4628,14462,24314,0,0
4-Nov-83,0.4648,0.4657,0.4634,0.4644,13549,23090,0,0
3-Nov-83,0.4687,0.4687,0.4662,0.4671,10403,22486,0,0
2-Nov-83,0.468,0.4699,0.4676,0.4683,10462,22620,0,0
1-Nov-83,0.4678,0.4687,0.466,0.4683,15113,23384,0,0
31-Oct-83,0.4714,0.4716,0.4667,0.467,19486,23808,0,0
28-Oct-83,0.474,0.4754,0.4727,0.4732,10229,26096,0,0
27-Oct-83,0.4743,0.4755,0.4734,0.4751,11579,25933,0,0
26-Oct-83,0.4751,0.4759,0.4738,0.4756,12200,26098,0,0
25-Oct-83,0.4773,0.4774,0.4746,0.4751,9884,26472,0,0
24-Oct-83,0.4755,0.477,0.4754,0.4769,8930,27257,0,0
21-Oct-83,0.48,0.481,0.4783,0.4785,10613,27830,0,0
20-Oct-83,0.4788,0.4815,0.4782,0.4811,13975,27060,0,0
19-Oct-83,0.4806,0.4814,0.4775,0.4777,14865,27191,0,0
18-Oct-83,0.4821,0.4828,0.4806,0.4807,15117,28039,0,0
17-Oct-83,0.481,0.4816,0.4783,0.4813,16103,28335,0,0
14-Oct-83,0.4746,0.4792,0.4745,0.4772,13641,27755,0,0
13-Oct-83,0.4785,0.4789,0.4763,0.4767,11821,26535,0,0
12-Oct-83,0.4767,0.4779,0.4756,0.4758,16096,26364,0,0
11-Oct-83,0.4824,0.4824,0.4782,0.4784,18756,27460,0,0
10-Oct-83,0.4823,0.4828,0.4803,0.4823,16290,28557,0,0
7-Oct-83,0.4846,0.486,0.4835,0.4857,10386,30131,0,0
6-Oct-83,0.4817,0.4842,0.4817,0.4831,13458,31133,0,0
5-Oct-83,0.4824,0.4834,0.481,0.4831,18636,30900,0,0
4-Oct-83,0.4772,0.482,0.4772,0.4807,17757,33160,0,0
3-Oct-83,0.4789,0.4806,0.4784,0.4795,15570,30913,0,0
30-Sep-83,0.4757,0.4782,0.4754,0.4774,14643,31098,0,0
29-Sep-83,0.4741,0.4759,0.4734,0.4749,14250,29868,0,0
28-Sep-83,0.4755,0.4761,0.4739,0.4747,16113,30211,0,0
27-Sep-83,0.4715,0.475,0.4713,0.474,21462,29944,0,0
26-Sep-83,0.4718,0.4732,0.4709,0.4728,18007,28991,0,0
23-Sep-83,0.4695,0.4723,0.4694,0.4713,16449,27357,0,0
22-Sep-83,0.4681,0.4692,0.4659,0.4687,14465,25392,0,0
21-Sep-83,0.469,0.4696,0.4674,0.4677,13734,25109,0,0
20-Sep-83,0.4699,0.4711,0.4665,0.467,24144,26720,0,0
19-Sep-83,0.4688,0.4719,0.4687,0.4717,21592,29893,0,0
16-Sep-83,0.4669,0.4698,0.4664,0.4693,14665,25795,0,0
15-Sep-83,0.465,0.4667,0.4649,0.4661,11057,25889,0,0
14-Sep-83,0.466,0.4664,0.4643,0.4658,14450,26760,0,0
13-Sep-83,0.4665,0.4672,0.4653,0.4656,13121,28322,0,0
12-Sep-83,0.4704,0.4707,0.4667,0.467,17483,29711,0,0
9-Sep-83,0.4686,0.4697,0.4671,0.4677,12155,30620,0,0
8-Sep-83,0.4676,0.4684,0.4662,0.4663,11471,29779,0,0
7-Sep-83,0.4655,0.4678,0.4651,0.4675,13781,29040,0,0
6-Sep-83,0.4612,0.4617,0.4592,0.4595,11868,26868,0,0
2-Sep-83,0.4576,0.4598,0.4576,0.4595,7828,25959,0,0
1-Sep-83,0.4594,0.4603,0.4564,0.4568,15298,26315,0,0
31-Aug-83,0.4577,0.462,0.457,0.4604,19390,25367,0,0
30-Aug-83,0.459,0.4605,0.4586,0.4589,10536,24073,0,0
29-Aug-83,0.4599,0.4607,0.4585,0.4596,14607,24338,0,0
26-Aug-83,0.4641,0.4643,0.4605,0.4611,16499,25517,0,0
25-Aug-83,0.4669,0.4687,0.4631,0.4638,23015,27266,0,0
24-Aug-83,0.4663,0.469,0.4658,0.4671,18292,27627,0,0
23-Aug-83,0.4713,0.4721,0.4672,0.4675,19900,27353,0,0
22-Aug-83,0.4681,0.47,0.4678,0.4693,15748,27211,0,0
19-Aug-83,0.4664,0.467,0.4642,0.4647,13707,26973,0,0
18-Aug-83,0.469,0.4695,0.4665,0.4667,16203,29504,0,0
17-Aug-83,0.4696,0.4714,0.4679,0.4694,20089,30494,0,0
16-Aug-83,0.4678,0.4705,0.4657,0.4669,23087,28901,0,0
15-Aug-83,0.4635,0.4689,0.4623,0.4684,18603,26991,0,0
12-Aug-83,0.4593,0.462,0.4587,0.4612,12472,25760,0,0
11-Aug-83,0.4578,0.4598,0.4577,0.4586,11322,25598,0,0
10-Aug-83,0.459,0.4594,0.4575,0.4582,13429,26289,0,0
9-Aug-83,0.4631,0.4634,0.4605,0.4608,8926,27263,0,0
8-Aug-83,0.4614,0.4631,0.4606,0.4627,8964,27359,0,0
5-Aug-83,0.4625,0.4645,0.4624,0.4635,8509,27238,0,0
4-Aug-83,0.4685,0.4689,0.4652,0.4654,10524,27542,0,0
3-Aug-83,0.4695,0.4697,0.4668,0.468,11421,28200,0,0
2-Aug-83,0.4708,0.4713,0.4692,0.4704,12467,27822,0,0
1-Aug-83,0.4687,0.4692,0.4663,0.4684,12003,28769,0,0
29-Jul-83,0.4724,0.4737,0.4678,0.4687,17123,29997,0,0
28-Jul-83,0.4753,0.4755,0.4738,0.4742,12149,30959,0,0
27-Jul-83,0.4765,0.4773,0.4755,0.4756,9030,32200,0,0
26-Jul-83,0.4791,0.4791,0.4767,0.4774,11905,32598,0,0
25-Jul-83,0.4757,0.4774,0.4753,0.4768,10839,32840,0,0
22-Jul-83,0.4798,0.4808,0.4781,0.4795,11803,31504,0,0
21-Jul-83,0.4833,0.4833,0.4795,0.4805,16899,32687,0,0
20-Jul-83,0.4794,0.4833,0.4794,0.4824,19645,31229,0,0
19-Jul-83,0.4759,0.4768,0.4753,0.4756,5669,26871,0,0
18-Jul-83,0.4765,0.4766,0.4752,0.4761,5864,26465,0,0
15-Jul-83,0.4747,0.4753,0.4736,0.474,10086,26285,0,0
14-Jul-83,0.478,0.4788,0.4758,0.4759,11190,27657,0,0
13-Jul-83,0.4765,0.4791,0.4764,0.4775,11181,28880,0,0
12-Jul-83,0.476,0.4794,0.4756,0.478,17112,28128,0,0
11-Jul-83,0.4751,0.478,0.4741,0.4767,15390,26742,0,0
8-Jul-83,0.475,0.4765,0.4744,0.4749,9557,27245,0,0
7-Jul-83,0.4751,0.478,0.472,0.4777,18726,27680,0,0
6-Jul-83,0.4753,0.4762,0.4748,0.4756,8187,25527,0,0
5-Jul-83,0.4746,0.4763,0.4741,0.4744,13368,26281,0,0
1-Jul-83,0.4809,0.4815,0.4793,0.4803,5346,27028,0,0
30-Jun-83,0.4801,0.482,0.479,0.4803,9716,26930,0,0
29-Jun-83,0.4806,0.4819,0.4795,0.4801,14953,26148,0,0
28-Jun-83,0.4799,0.4828,0.4781,0.4786,19456,27441,0,0
27-Jun-83,0.4866,0.4869,0.4806,0.4807,16780,27320,0,0
24-Jun-83,0.4853,0.4872,0.4844,0.4859,10580,30452,0,0
23-Jun-83,0.4853,0.4859,0.4837,0.4845,15712,30333,0,0
22-Jun-83,0.4857,0.4873,0.4848,0.4851,19815,30657,0,0
21-Jun-83,0.4783,0.4827,0.4783,0.4825,17308,31010,0,0
20-Jun-83,0.4786,0.4809,0.4776,0.4797,13523,28517,0,0
17-Jun-83,0.4791,0.4817,0.4769,0.4798,11317,27125,0,0
16-Jun-83,0.4763,0.4787,0.4749,0.4785,12952,27300,0,0
15-Jun-83,0.4732,0.4745,0.4726,0.4732,8814,26172,0,0
14-Jun-83,0.4754,0.4761,0.4738,0.4756,10426,25904,0,0
13-Jun-83,0.479,0.4793,0.4758,0.477,11065,28189,0,0
10-Jun-83,0.477,0.4778,0.4754,0.4755,13880,28595,0,0
9-Jun-83,0.4769,0.478,0.4752,0.4763,15924,30158,0,0
8-Jun-83,0.4747,0.4768,0.4746,0.4753,11537,29423,0,0
7-Jun-83,0.4768,0.478,0.4756,0.4777,15616,30563,0,0
6-Jun-83,0.4786,0.4786,0.4769,0.4776,20791,32995,0,0
3-Jun-83,0.4817,0.482,0.479,0.4806,10977,32408,0,0
2-Jun-83,0.4755,0.4774,0.4752,0.4761,13970,33540,0,0
1-Jun-83,0.4747,0.476,0.4735,0.4739,15163,33546,0,0
31-May-83,0.4785,0.479,0.4758,0.4759,20623,33679,0,0
27-May-83,0.4801,0.4825,0.4794,0.4811,10514,34615,0,0
26-May-83,0.483,0.4833,0.4808,0.4816,9844,35082,0,0
25-May-83,0.4841,0.4846,0.4826,0.4829,11128,35875,0,0
24-May-83,0.4815,0.483,0.4805,0.4817,13320,35924,0,0
23-May-83,0.4811,0.483,0.4792,0.4827,15819,37489,0,0
20-May-83,0.4849,0.4849,0.4808,0.4814,25483,38546,0,0
19-May-83,0.4856,0.4865,0.4829,0.4831,29254,38740,0,0
18-May-83,0.4904,0.4914,0.4865,0.4869,22063,42595,0,0
17-May-83,0.4886,0.491,0.4883,0.4901,19307,44872,0,0
16-May-83,0.4922,0.4924,0.4905,0.4917,18600,44213,0,0
13-May-83,0.4941,0.497,0.4941,0.4948,17078,47641,0,0
12-May-83,0.494,0.4978,0.494,0.4963,22626,47629,0,0
11-May-83,0.494,0.497,0.4931,0.4966,26829,46787,0,0
10-May-83,0.4911,0.4942,0.4903,0.4936,19819,45273,0,0
9-May-83,0.4927,0.4943,0.4921,0.4938,18727,43926,0,0
6-May-83,0.4888,0.4954,0.4885,0.4953,19436,38406,0,0
5-May-83,0.4893,0.4908,0.4892,0.4894,14029,36349,0,0
4-May-83,0.4884,0.4893,0.4875,0.4882,10558,33447,0,0
3-May-83,0.4867,0.4877,0.4858,0.4874,8209,31517,0,0
2-May-83,0.4862,0.4867,0.4854,0.4857,6946,30511,0,0
29-Apr-83,0.4871,0.4883,0.4847,0.4871,12777,30877,0,0
28-Apr-83,0.4859,0.4873,0.4853,0.4867,9676,29488,0,0
27-Apr-83,0.4893,0.4902,0.487,0.4875,11824,30563,0,0
26-Apr-83,0.488,0.4899,0.4875,0.4896,8356,30971,0,0
25-Apr-83,0.4903,0.4914,0.4891,0.4896,9588,30687,0,0
22-Apr-83,0.4894,0.4897,0.4876,0.4886,7289,29901,0,0
21-Apr-83,0.4885,0.4891,0.4876,0.488,6498,30161,0,0
20-Apr-83,0.4871,0.4886,0.4853,0.4878,14481,30197,0,0
19-Apr-83,0.4887,0.4899,0.4867,0.4882,16843,30046,0,0
18-Apr-83,0.4913,0.4917,0.4869,0.4872,22224,30583,0,0
15-Apr-83,0.4933,0.4949,0.4923,0.494,13433,31020,0,0
14-Apr-83,0.4908,0.4936,0.4906,0.4932,12225,30810,0,0
13-Apr-83,0.493,0.4932,0.4901,0.491,12321,29908,0,0
12-Apr-83,0.4948,0.4959,0.4924,0.4928,20428,29824,0,0
11-Apr-83,0.493,0.4943,0.4917,0.4918,13662,29952,0,0
8-Apr-83,0.4899,0.4928,0.4894,0.4904,12521,28129,0,0
7-Apr-83,0.4938,0.4943,0.4921,0.4928,10453,27139,0,0
6-Apr-83,0.4937,0.4955,0.4925,0.4942,18099,26480,0,0
5-Apr-83,0.4879,0.4946,0.4879,0.4934,19907,26266,0,0
4-Apr-83,0.4857,0.49,0.4855,0.4892,7823,23557,0,0
31-Mar-83,0.4847,0.487,0.4847,0.4856,4916,22848,0,0
30-Mar-83,0.487,0.4875,0.4845,0.4852,8031,22873,0,0
29-Mar-83,0.4858,0.487,0.4851,0.4853,5158,22456,0,0
28-Mar-83,0.4851,0.4865,0.4843,0.4859,7825,22284,0,0
25-Mar-83,0.4896,0.4912,0.4858,0.4861,11776,21805,0,0
24-Mar-83,0.4897,0.4912,0.4881,0.4882,12258,20921,0,0
23-Mar-83,0.4855,0.4878,0.485,0.4872,10359,20205,0,0
22-Mar-83,0.4891,0.4898,0.4872,0.488,8193,19112,0,0
21-Mar-83,0.4882,0.4886,0.4855,0.4864,9460,18625,0,0
18-Mar-83,0.4904,0.4925,0.4892,0.492,8581,18816,0,0
17-Mar-83,0.4936,0.495,0.4902,0.4914,15276,19034,0,0
16-Mar-83,0.4928,0.4959,0.4919,0.4949,12882,19644,0,0
15-Mar-83,0.496,0.4967,0.493,0.4945,16942,19039,0,0
14-Mar-83,0.4898,0.4979,0.4881,0.4975,21372,21606,0,0
11-Mar-83,0.4938,0.4941,0.4889,0.4914,20816,22891,0,0
10-Mar-83,0.4947,0.4959,0.4938,0.495,13705,22985,0,0
9-Mar-83,0.493,0.4944,0.4907,0.4936,16233,23869,0,0
8-Mar-83,0.4947,0.4951,0.4912,0.4922,17728,24382,0,0
7-Mar-83,0.4988,0.4997,0.4951,0.4968,15927,24451,0,0
4-Mar-83,0.4959,0.5026,0.4958,0.5021,20388,25555,0,0
3-Mar-83,0.4881,0.4895,0.4872,0.4883,13561,27796,0,0
2-Mar-83,0.4888,0.4892,0.4873,0.4883,13120,27991,0,0
1-Mar-83,0.4867,0.4873,0.4837,0.4848,17475,28714,0,0
28-Feb-83,0.4896,0.49,0.4835,0.4838,28091,29287,0,0
25-Feb-83,0.4928,0.4956,0.492,0.4944,18869,31792,0,0
24-Feb-83,0.4914,0.4969,0.49,0.4915,22239,32088,0,0
23-Feb-83,0.4905,0.4931,0.4893,0.4918,24730,31978,0,0
22-Feb-83,0.5024,0.5028,0.4878,0.4893,32295,33563,0,0
18-Feb-83,0.5024,0.5049,0.5007,0.5013,20365,35423,0,0
17-Feb-83,0.5055,0.5062,0.503,0.5052,15068,35414,0,0
16-Feb-83,0.5029,0.5084,0.5026,0.5057,22412,36085,0,0
15-Feb-83,0.5052,0.5076,0.503,0.5048,21886,34862,0,0
14-Feb-83,0.4975,0.5052,0.4974,0.505,18008,32973,0,0
11-Feb-83,0.502,0.5035,0.5006,0.5024,17242,31052,0,0
10-Feb-83,0.498,0.5009,0.4973,0.4975,20187,31809,0,0
9-Feb-83,0.4999,0.5005,0.4961,0.498,18304,29955,0,0
8-Feb-83,0.4999,0.5016,0.4958,0.4959,22895,29490,0,0
7-Feb-83,0.4935,0.4991,0.4932,0.4972,19118,30323,0,0
4-Feb-83,0.4944,0.4959,0.493,0.4947,12592,28569,0,0
3-Feb-83,0.4986,0.4995,0.4957,0.4959,20692,27550,0,0
2-Feb-83,0.4956,0.4964,0.4906,0.496,24808,28705,0,0
1-Feb-83,0.4989,0.5021,0.4932,0.4934,29252,29538,0,0
31-Jan-83,0.5039,0.5042,0.4989,0.4995,18439,28628,0,0
28-Jan-83,0.5059,0.508,0.5049,0.5071,10304,29671,0,0
27-Jan-83,0.5041,0.5082,0.5034,0.5063,18774,29342,0,0
26-Jan-83,0.51,0.5101,0.5046,0.5059,19053,27893,0,0
25-Jan-83,0.5045,0.508,0.5039,0.5076,18005,27128,0,0
24-Jan-83,0.4961,0.4996,0.496,0.4994,16375,26300,0,0
21-Jan-83,0.5091,0.511,0.5057,0.5065,14265,26372,0,0
20-Jan-83,0.5105,0.5119,0.5086,0.5104,18326,25781,0,0
19-Jan-83,0.5101,0.5121,0.5075,0.5079,21293,26325,0,0
18-Jan-83,0.5155,0.5159,0.5122,0.5151,22762,26743,0,0
17-Jan-83,0.5208,0.5237,0.5199,0.5201,15589,27460,0,0
14-Jan-83,0.5196,0.5235,0.5179,0.5224,19335,26360,0,0
13-Jan-83,0.5261,0.5274,0.5245,0.5259,16901,27053,0,0
12-Jan-83,0.5225,0.5225,0.5184,0.5215,16435,25653,0,0
11-Jan-83,0.526,0.526,0.52,0.5207,20981,26561,0,0
10-Jan-83,0.5256,0.528,0.525,0.5265,14424,28271,0,0
7-Jan-83,0.5185,0.5241,0.5183,0.524,16083,27004,0,0
6-Jan-83,0.5161,0.5172,0.5147,0.516,11746,26912,0,0
5-Jan-83,0.5175,0.5199,0.5153,0.519,15276,26993,0,0
4-Jan-83,0.5113,0.5125,0.5082,0.5121,14159,26793,0,0
3-Jan-83,0.5045,0.5106,0.5042,0.509,13582,26379,0,0
30-Dec-82,0.507,0.5075,0.5032,0.5051,6124,26093,0,0
29-Dec-82,0.5051,0.5087,0.5051,0.5061,7305,26843,0,0
28-Dec-82,0.5079,0.5081,0.5046,0.5065,6392,27273,0,0
27-Dec-82,0.506,0.5075,0.5056,0.5065,4575,27750,0,0
23-Dec-82,0.5018,0.5045,0.5015,0.5036,4499,26957,0,0
22-Dec-82,0.5012,0.503,0.5,0.5006,5464,26509,0,0
21-Dec-82,0.4995,0.503,0.4995,0.5027,8045,25700,0,0
20-Dec-82,0.496,0.4996,0.4951,0.4983,6833,24348,0,0
17-Dec-82,0.4955,0.499,0.4943,0.4951,12607,23142,0,0
16-Dec-82,0.4919,0.499,0.4912,0.4984,12922,19648,0,0
15-Dec-82,0.4852,0.488,0.4838,0.4874,7979,17526,0,0
14-Dec-82,0.4877,0.4892,0.4861,0.4864,11625,17775,0,0
13-Dec-82,0.4806,0.4819,0.4785,0.4786,11664,23037,0,0
10-Dec-82,0.4873,0.4888,0.4849,0.4859,11278,22897,0,0
9-Dec-82,0.489,0.4896,0.485,0.4881,13801,24336,0,0
8-Dec-82,0.4904,0.4926,0.487,0.4872,16005,24215,0,0
7-Dec-82,0.4951,0.4963,0.4923,0.4938,15470,26265,0,0
6-Dec-82,0.4926,0.4946,0.4908,0.4943,14469,27052,0,0
3-Dec-82,0.4876,0.4915,0.486,0.4884,18142,26353,0,0
2-Dec-82,0.4819,0.4875,0.4813,0.487,17836,26178,0,0
1-Dec-82,0.4749,0.4772,0.4722,0.4745,18244,25512,0,0
30-Nov-82,0.4699,0.475,0.4696,0.474,17416,24881,0,0
29-Nov-82,0.4699,0.4716,0.467,0.4685,20216,24606,0,0
26-Nov-82,0.462,0.4684,0.4617,0.4683,20732,26040,0,0
24-Nov-82,0.46,0.465,0.4599,0.4648,20720,23770,0,0
23-Nov-82,0.456,0.4599,0.4556,0.458,11993,17921,0,0
22-Nov-82,0.46,0.4602,0.4559,0.4561,11491,18506,0,0
19-Nov-82,0.4595,0.4622,0.458,0.4585,14811,20783,0,0
18-Nov-82,0.4568,0.4583,0.4557,0.4581,7714,19317,0,0
17-Nov-82,0.4594,0.4596,0.4559,0.4571,11242,18974,0,0
16-Nov-82,0.4565,0.4609,0.4562,0.4589,17853,19196,0,0
15-Nov-82,0.4515,0.4558,0.451,0.4555,9478,16607,0,0
12-Nov-82,0.4504,0.4538,0.4498,0.4535,7686,16180,0,0
11-Nov-82,0.4508,0.4525,0.4486,0.449,8199,16088,0,0
10-Nov-82,0.4558,0.4563,0.4528,0.4532,10524,15910,0,0
9-Nov-82,0.4535,0.4562,0.4525,0.4554,10324,15633,0,0
8-Nov-82,0.451,0.4515,0.4489,0.4501,6259,15346,0,0
5-Nov-82,0.453,0.4546,0.4517,0.4521,5852,15618,0,0
4-Nov-82,0.4528,0.4537,0.4514,0.4523,9473,15755,0,0
3-Nov-82,0.4589,0.4591,0.4545,0.4547,11357,15001,0,0
1-Nov-82,0.4574,0.4622,0.4573,0.4608,10820,14816,0,0
29-Oct-82,0.4549,0.4581,0.4545,0.4555,6207,15793,0,0
28-Oct-82,0.4563,0.4582,0.4546,0.4565,11236,15948,0,0
27-Oct-82,0.4611,0.4614,0.4563,0.4568,7895,16574,0,0
26-Oct-82,0.4618,0.4619,0.4587,0.4603,10145,16001,0,0
25-Oct-82,0.4594,0.4603,0.4583,0.4592,7533,15407,0,0
22-Oct-82,0.4646,0.4657,0.4618,0.4636,5021,14606,0,0
21-Oct-82,0.4653,0.4659,0.4635,0.4644,6595,14705,0,0
20-Oct-82,0.4655,0.466,0.4628,0.4645,10098,15574,0,0
19-Oct-82,0.4695,0.4705,0.4642,0.4643,15652,15862,0,0
18-Oct-82,0.4706,0.4712,0.4681,0.4684,8060,14849,0,0
15-Oct-82,0.4695,0.4726,0.4679,0.4687,8669,15038,0,0
14-Oct-82,0.4719,0.4725,0.468,0.4684,12207,15569,0,0
13-Oct-82,0.474,0.4753,0.4725,0.4751,12343,17764,0,0
12-Oct-82,0.4763,0.4798,0.475,0.4759,18482,18528,0,0
11-Oct-82,0.4745,0.4831,0.4732,0.4825,18027,16284,0,0
8-Oct-82,0.472,0.475,0.4669,0.4681,18149,14203,0,0
7-Oct-82,0.4655,0.474,0.4655,0.4737,19080,14942,0,0
6-Oct-82,0.4624,0.4652,0.4623,0.4626,5898,15993,0,0
5-Oct-82,0.461,0.4635,0.4607,0.4624,5548,16162,0,0
4-Oct-82,0.4613,0.4631,0.4608,0.4609,6472,16424,0,0
1-Oct-82,0.4671,0.468,0.4657,0.4663,3373,15704,0,0
30-Sep-82,0.4679,0.4687,0.4664,0.4668,5152,15768,0,0
29-Sep-82,0.4686,0.4695,0.4667,0.467,7697,15664,0,0
28-Sep-82,0.4654,0.4701,0.465,0.4676,10173,14814,0,0
27-Sep-82,0.4676,0.4686,0.4647,0.4653,5369,16428,0,0
24-Sep-82,0.4698,0.4706,0.468,0.4703,9694,16471,0,0
23-Sep-82,0.474,0.4746,0.4698,0.4701,14889,15270,0,0
22-Sep-82,0.477,0.4795,0.4755,0.4762,13396,12361,0,0
21-Sep-82,0.4761,0.477,0.4725,0.4761,13032,13155,0,0
20-Sep-82,0.4785,0.4787,0.4752,0.4771,7922,12234,0,0
17-Sep-82,0.4775,0.4806,0.4755,0.4763,11826,12425,0,0
16-Sep-82,0.4751,0.4815,0.4734,0.4813,13201,13147,0,0
15-Sep-82,0.4793,0.4798,0.4742,0.4753,13118,13651,0,0
14-Sep-82,0.4766,0.478,0.4735,0.4737,10848,13117,0,0
13-Sep-82,0.4742,0.4773,0.4729,0.4759,11752,15403,0,0
10-Sep-82,0.477,0.4788,0.4739,0.4757,13283,15325,0,0
9-Sep-82,0.4808,0.483,0.4798,0.4814,10549,13811,0,0
8-Sep-82,0.481,0.4838,0.4775,0.4816,14620,15016,0,0
7-Sep-82,0.4862,0.4873,0.4822,0.4827,11283,14274,0,0
3-Sep-82,0.489,0.4915,0.4851,0.4876,11026,13930,0,0
2-Sep-82,0.487,0.4878,0.4845,0.4866,11470,14309,0,0
1-Sep-82,0.4726,0.4742,0.471,0.4726,10366,15587,0,0
31-Aug-82,0.4718,0.476,0.4682,0.4724,15350,15642,0,0
30-Aug-82,0.4735,0.4745,0.4667,0.468,17942,16972,0,0
27-Aug-82,0.4805,0.4819,0.4713,0.4719,16983,17068,0,0
26-Aug-82,0.4872,0.491,0.4805,0.4814,18992,19250,0,0
25-Aug-82,0.4905,0.4934,0.4874,0.4876,15647,19256,0,0
24-Aug-82,0.4899,0.4934,0.4884,0.4925,15578,18953,0,0
23-Aug-82,0.4844,0.4885,0.4835,0.4859,13310,17722,0,0
20-Aug-82,0.4828,0.4877,0.4828,0.4873,13618,17829,0,0
19-Aug-82,0.4746,0.483,0.4741,0.4809,15813,17853,0,0
18-Aug-82,0.4788,0.4805,0.4745,0.4762,19036,17928,0,0
17-Aug-82,0.4645,0.4709,0.4645,0.4701,13971,18373,0,0
16-Aug-82,0.4657,0.469,0.4647,0.4667,15549,17973,0,0
13-Aug-82,0.4707,0.4733,0.466,0.4664,13501,17603,0,0
12-Aug-82,0.4674,0.4722,0.4655,0.4718,12153,17484,0,0
11-Aug-82,0.467,0.4693,0.4664,0.4682,9846,16712,0,0
10-Aug-82,0.4744,0.4748,0.4694,0.4703,12196,17050,0,0
9-Aug-82,0.4669,0.4727,0.4662,0.4704,12619,17009,0,0
6-Aug-82,0.4716,0.474,0.4687,0.4689,12392,17097,0,0
5-Aug-82,0.4787,0.4787,0.4736,0.4758,14228,16291,0,0
4-Aug-82,0.479,0.4812,0.4763,0.4781,13184,15764,0,0
3-Aug-82,0.4895,0.4898,0.4843,0.485,11245,16021,0,0
2-Aug-82,0.4895,0.4902,0.4866,0.4891,10104,16433,0,0
30-Jul-82,0.4832,0.4862,0.4802,0.4805,11239,16935,0,0
29-Jul-82,0.4845,0.4864,0.4762,0.4795,18399,18780,0,0
28-Jul-82,0.489,0.4907,0.4817,0.4819,21056,19676,0,0
27-Jul-82,0.4944,0.4965,0.4925,0.4949,13717,22221,0,0
26-Jul-82,0.4984,0.5005,0.4969,0.4979,11589,21831,0,0
23-Jul-82,0.5,0.5028,0.4983,0.5018,14407,20127,0,0
22-Jul-82,0.4904,0.4932,0.4894,0.4931,15544,22026,0,0
21-Jul-82,0.4912,0.4946,0.4896,0.4906,19939,21632,0,0
20-Jul-82,0.4839,0.4884,0.4836,0.4877,14191,17082,0,0
19-Jul-82,0.4854,0.4868,0.4815,0.4831,14192,15936,0,0
16-Jul-82,0.4787,0.4904,0.4782,0.4882,14462,14366,0,0
15-Jul-82,0.4776,0.4802,0.4766,0.4779,9823,13605,0,0
14-Jul-82,0.4786,0.4808,0.4769,0.4782,10972,12462,0,0
13-Jul-82,0.482,0.4823,0.4766,0.4803,13194,13151,0,0
12-Jul-82,0.486,0.4869,0.4815,0.482,12975,13206,0,0
9-Jul-82,0.4792,0.4839,0.4792,0.481,15733,12442,0,0
8-Jul-82,0.4768,0.4795,0.4738,0.4791,15868,12110,0,0
7-Jul-82,0.4761,0.4766,0.4732,0.476,11279,13133,0,0
6-Jul-82,0.483,0.4837,0.4781,0.4786,9303,11868,0,0
2-Jul-82,0.4875,0.4884,0.481,0.4815,9595,11950,0,0
1-Jul-82,0.4873,0.4903,0.4843,0.4898,10616,12243,0,0
30-Jun-82,0.4855,0.4909,0.4846,0.486,16516,12217,0,0
29-Jun-82,0.4827,0.4884,0.4806,0.4876,12229,11573,0,0
28-Jun-82,0.4797,0.4818,0.4779,0.4815,8607,11432,0,0
25-Jun-82,0.482,0.4835,0.4787,0.4798,8036,10731,0,0
24-Jun-82,0.4895,0.4906,0.4839,0.4843,12694,10939,0,0
23-Jun-82,0.4834,0.4925,0.4819,0.4917,13275,11527,0,0
22-Jun-82,0.4866,0.4922,0.4845,0.4863,13847,10830,0,0
21-Jun-82,0.4786,0.4843,0.4776,0.4831,8879,10765,0,0
18-Jun-82,0.4833,0.485,0.4808,0.4812,6488,10928,0,0
17-Jun-82,0.4841,0.4855,0.4816,0.4817,6616,11181,0,0
16-Jun-82,0.49,0.4912,0.4886,0.4889,6076,12534,0,0
15-Jun-82,0.4936,0.4967,0.4923,0.4938,7068,11697,0,0
14-Jun-82,0.4973,0.4978,0.4937,0.4953,9441,13540,0,0
11-Jun-82,0.5017,0.5053,0.4997,0.5051,12970,13500,0,0
10-Jun-82,0.4987,0.4992,0.4955,0.4963,7895,15294,0,0
9-Jun-82,0.4994,0.5012,0.4971,0.4986,10734,15839,0,0
8-Jun-82,0.5048,0.5053,0.4995,0.5001,9659,15455,0,0
7-Jun-82,0.5038,0.5071,0.5036,0.5062,9183,14758,0,0
4-Jun-82,0.509,0.5093,0.5044,0.5055,7420,16075,0,0
3-Jun-82,0.5079,0.5103,0.5063,0.5066,10011,16125,0,0
2-Jun-82,0.4936,0.4993,0.4934,0.4982,10888,15587,0,0
1-Jun-82,0.4974,0.499,0.4952,0.4956,7719,16419,0,0
28-May-82,0.5034,0.5043,0.5011,0.5024,7229,15956,0,0
27-May-82,0.5083,0.5097,0.5025,0.5048,10842,15765,0,0
26-May-82,0.5124,0.5138,0.5097,0.51,7733,15000,0,0
25-May-82,0.5105,0.514,0.5102,0.513,8126,15014,0,0
24-May-82,0.515,0.5178,0.513,0.5141,10168,15578,0,0
21-May-82,0.5148,0.5169,0.5114,0.5128,9679,17233,0,0
20-May-82,0.5083,0.5145,0.5082,0.514,10267,16873,0,0
19-May-82,0.5082,0.5115,0.5068,0.5072,10195,18079,0,0
18-May-82,0.5108,0.5125,0.5062,0.5102,19852,17146,0,0
17-May-82,0.5207,0.5207,0.5069,0.5071,20911,16195,0,0
14-May-82,0.5185,0.5211,0.5172,0.5175,11631,15643,0,0
13-May-82,0.522,0.5225,0.517,0.5172,19365,15916,0,0
12-May-82,0.5296,0.5305,0.5255,0.5259,11880,18933,0,0
11-May-82,0.5314,0.5318,0.5286,0.5308,12403,17271,0,0
10-May-82,0.5334,0.5345,0.5297,0.5303,15340,16922,0,0
7-May-82,0.5343,0.5394,0.5334,0.5392,14890,14140,0,0
6-May-82,0.525,0.5325,0.525,0.5323,16840,14156,0,0
5-May-82,0.5211,0.5245,0.5211,0.5237,14036,12482,0,0
4-May-82,0.5185,0.5195,0.5172,0.5193,7209,12706,0,0
3-May-82,0.523,0.523,0.5196,0.5201,7974,12980,0,0
30-Apr-82,0.5188,0.5215,0.5169,0.5179,8250,13313,0,0
29-Apr-82,0.5167,0.52,0.5151,0.5194,12478,13605,0,0
28-Apr-82,0.5213,0.5223,0.5193,0.5204,10457,13751,0,0
27-Apr-82,0.517,0.5233,0.5167,0.5217,13591,14308,0,0
26-Apr-82,0.519,0.5198,0.5176,0.5187,7414,14362,0,0
23-Apr-82,0.5158,0.518,0.5141,0.5148,9614,14381,0,0
22-Apr-82,0.5145,0.5171,0.5145,0.5154,8416,13849,0,0
21-Apr-82,0.5216,0.5217,0.5188,0.5197,9854,13745,0,0
20-Apr-82,0.5215,0.5232,0.5208,0.5214,10277,13187,0,0
19-Apr-82,0.517,0.5205,0.5168,0.5193,9123,12875,0,0
16-Apr-82,0.5129,0.5177,0.5129,0.5164,6422,12769,0,0
15-Apr-82,0.5155,0.5161,0.5137,0.5144,5693,12996,0,0
14-Apr-82,0.5187,0.521,0.5172,0.5185,9114,12973,0,0
13-Apr-82,0.5171,0.5223,0.5165,0.5199,11581,13875,0,0
12-Apr-82,0.5141,0.5167,0.5141,0.5155,3778,14479,0,0
8-Apr-82,0.515,0.515,0.5122,0.5136,5060,14354,0,0
7-Apr-82,0.5198,0.5208,0.5186,0.5194,4798,14608,0,0
6-Apr-82,0.5193,0.5196,0.5172,0.5187,6037,14922,0,0
5-Apr-82,0.5232,0.5235,0.5217,0.522,5564,15586,0,0
2-Apr-82,0.528,0.528,0.5253,0.5262,4768,15425,0,0
1-Apr-82,0.527,0.5282,0.5259,0.5266,7848,15313,0,0
31-Mar-82,0.527,0.5295,0.5263,0.5283,7625,14772,0,0
30-Mar-82,0.5254,0.5303,0.5252,0.5281,8603,15529,0,0
29-Mar-82,0.5298,0.53,0.5264,0.5287,6253,15763,0,0
26-Mar-82,0.534,0.5347,0.5317,0.5324,7592,15017,0,0
25-Mar-82,0.5355,0.5362,0.5329,0.5343,10128,13814,0,0
24-Mar-82,0.54,0.5403,0.5365,0.537,6571,11361,0,0
23-Mar-82,0.5366,0.5401,0.5363,0.5395,9801,10398,0,0
22-Mar-82,0.5371,0.5379,0.5345,0.5349,7464,9435,0,0
19-Mar-82,0.5375,0.5395,0.5366,0.5392,9356,9693,0,0
18-Mar-82,0.543,0.5432,0.5404,0.5415,8210,9376,0,0
17-Mar-82,0.5423,0.5443,0.5421,0.543,6017,7342,0,0
16-Mar-82,0.5434,0.5444,0.5417,0.5422,7215,7688,0,0
15-Mar-82,0.5459,0.547,0.5436,0.5455,8742,8307,0,0
12-Mar-82,0.5435,0.5442,0.5403,0.5417,6677,8218,0,0
11-Mar-82,0.5479,0.5487,0.5447,0.5454,10106,8977,0,0
10-Mar-82,0.548,0.551,0.5473,0.5502,7356,10493,0,0
9-Mar-82,0.5498,0.5504,0.5464,0.5472,6567,10133,0,0
8-Mar-82,0.554,0.5556,0.5514,0.5524,8396,10439,0,0
5-Mar-82,0.55,0.5539,0.5496,0.5528,11279,11261,0,0
4-Mar-82,0.5432,0.5494,0.5431,0.5489,10916,12209,0,0
3-Mar-82,0.543,0.545,0.5423,0.5441,5359,10700,0,0
2-Mar-82,0.534,0.5362,0.5326,0.5359,9821,10852,0,0
1-Mar-82,0.5312,0.5325,0.5284,0.5296,7754,10573,0,0
26-Feb-82,0.5305,0.5314,0.5263,0.5266,6418,10637,0,0
25-Feb-82,0.5341,0.5348,0.5331,0.5338,5399,10454,0,0
24-Feb-82,0.5364,0.5371,0.5343,0.5352,6031,10537,0,0
23-Feb-82,0.5364,0.5377,0.534,0.5352,8968,10770,0,0
22-Feb-82,0.5359,0.539,0.5359,0.5383,10615,11428,0,0
19-Feb-82,0.5336,0.5346,0.5321,0.5337,5478,11371,0,0
18-Feb-82,0.5285,0.5335,0.5274,0.532,9543,11722,0,0
17-Feb-82,0.5281,0.5284,0.5245,0.5265,7222,12060,0,0
16-Feb-82,0.5247,0.5278,0.5239,0.5276,6314,12564,0,0
12-Feb-82,0.5247,0.5267,0.5243,0.5254,3503,11605,0,0
11-Feb-82,0.53,0.5314,0.5285,0.5291,4820,11666,0,0
10-Feb-82,0.5304,0.5308,0.5283,0.5303,7299,11677,0,0
9-Feb-82,0.5293,0.5294,0.5267,0.5275,7062,11348,0,0
8-Feb-82,0.5337,0.5344,0.5302,0.5306,6858,11116,0,0
5-Feb-82,0.537,0.5375,0.5331,0.5355,4405,10961,0,0
4-Feb-82,0.5344,0.5389,0.5331,0.5356,8087,11195,0,0
3-Feb-82,0.5373,0.5375,0.5315,0.5323,8093,11496,0,0
2-Feb-82,0.5356,0.5373,0.5332,0.5342,11350,10688,0,0
1-Feb-82,0.5397,0.5406,0.5373,0.5377,9702,11205,0,0
29-Jan-82,0.547,0.5479,0.5451,0.5466,6346,11493,0,0
28-Jan-82,0.5427,0.5443,0.542,0.5429,7252,11745,0,0
27-Jan-82,0.5457,0.5468,0.5421,0.5432,8481,11628,0,0
26-Jan-82,0.5397,0.5456,0.5395,0.5455,9423,12705,0,0
25-Jan-82,0.5407,0.5407,0.5378,0.5399,8856,12735,0,0
22-Jan-82,0.5453,0.5459,0.5417,0.5435,5468,11454,0,0
21-Jan-82,0.5439,0.5477,0.5436,0.5453,8405,10887,0,0
20-Jan-82,0.5428,0.5444,0.5417,0.5434,7219,11010,0,0
19-Jan-82,0.547,0.5492,0.5441,0.5443,9949,10892,0,0
18-Jan-82,0.543,0.5484,0.5418,0.5468,8251,11896,0,0
15-Jan-82,0.5463,0.5473,0.5412,0.5422,7527,12343,0,0
14-Jan-82,0.5404,0.545,0.5397,0.5442,9207,11848,0,0
13-Jan-82,0.545,0.5466,0.5405,0.5408,8897,11767,0,0
12-Jan-82,0.5427,0.545,0.5415,0.5431,7911,11043,0,0
11-Jan-82,0.5464,0.5471,0.5427,0.5432,8098,11033,0,0
8-Jan-82,0.5521,0.5542,0.5499,0.5503,7007,9846,0,0
7-Jan-82,0.5516,0.5544,0.5508,0.5535,9192,10079,0,0
6-Jan-82,0.5614,0.5625,0.5567,0.5574,7586,10625,0,0
5-Jan-82,0.5596,0.56,0.557,0.5591,7235,10145,0,0
4-Jan-82,0.5665,0.5675,0.5622,0.5648,6504,10056,0,0
31-Dec-81,0.562,0.5671,0.5615,0.5668,2121,10035,0,0
30-Dec-81,0.5585,0.5623,0.5585,0.5616,3161,10086,0,0
29-Dec-81,0.5591,0.5613,0.5561,0.5604,3703,10536,0,0
28-Dec-81,0.5585,0.559,0.5554,0.5566,1865,10284,0,0
24-Dec-81,0.5555,0.5574,0.5544,0.5549,930,10082,0,0
23-Dec-81,0.5542,0.5559,0.553,0.5548,4222,10220,0,0
22-Dec-81,0.556,0.5578,0.554,0.5577,4222,10220,0,0
21-Dec-81,0.5526,0.5573,0.5522,0.5537,6144,9733,0,0
18-Dec-81,0.5505,0.5528,0.5481,0.5521,7175,9490,0,0
17-Dec-81,0.555,0.5554,0.5516,0.5533,5817,10476,0,0
16-Dec-81,0.5503,0.5546,0.5498,0.5535,6576,10097,0,0
15-Dec-81,0.5501,0.5547,0.548,0.5506,11864,10827,0,0
14-Dec-81,0.5417,0.5528,0.5406,0.55,10821,11660,0,0
11-Dec-81,0.5462,0.55,0.5452,0.5474,8534,12085,0,0
10-Dec-81,0.545,0.5495,0.5444,0.5493,9124,11961,0,0
9-Dec-81,0.5522,0.5535,0.5476,0.5494,15007,12660,0,0
8-Dec-81,0.5534,0.5551,0.55,0.5508,14574,12079,0,0
7-Dec-81,0.5634,0.5639,0.5556,0.5572,13077,12254,0,0
4-Dec-81,0.5661,0.5679,0.561,0.5619,9763,12966,0,0
3-Dec-81,0.5648,0.5648,0.5607,0.5632,10494,12447,0,0
2-Dec-81,0.5632,0.5685,0.5624,0.568,8029,12705,0,0
1-Dec-81,0.5639,0.5644,0.5597,0.5621,8428,12635,0,0
30-Nov-81,0.5685,0.5699,0.5646,0.5657,5184,13394,0,0
27-Nov-81,0.5614,0.5676,0.5613,0.567,6051,13548,0,0
25-Nov-81,0.5635,0.5652,0.5602,0.5622,7083,13384,0,0
24-Nov-81,0.5595,0.5625,0.5583,0.5608,7854,13286,0,0
23-Nov-81,0.5516,0.558,0.5512,0.5548,10032,13378,0,0
20-Nov-81,0.556,0.5569,0.5496,0.5533,10223,13632,0,0
19-Nov-81,0.56,0.5616,0.5538,0.554,11187,13767,0,0
18-Nov-81,0.554,0.5646,0.5535,0.5629,11348,13196,0,0
17-Nov-81,0.5622,0.5638,0.5547,0.5587,12634,13689,0,0
16-Nov-81,0.5665,0.5704,0.5617,0.5619,10036,14395,0,0
13-Nov-81,0.5715,0.5735,0.567,0.5729,10977,14031,0,0
12-Nov-81,0.568,0.573,0.5675,0.5721,10594,13865,0,0
11-Nov-81,0.5665,0.5695,0.563,0.5675,8766,13436,0,0
10-Nov-81,0.5641,0.5646,0.5587,0.5596,9633,13012,0,0
9-Nov-81,0.5673,0.5699,0.565,0.5665,8970,13503,0,0
6-Nov-81,0.5596,0.5636,0.5588,0.5634,7788,13161,0,0
5-Nov-81,0.5595,0.566,0.5575,0.5603,13211,13413,0,0
4-Nov-81,0.5643,0.5652,0.5578,0.5596,12900,13280,0,0
3-Nov-81,0.5568,0.563,0.5552,0.5625,7881,13391,0,0
2-Nov-81,0.5561,0.5606,0.5539,0.5574,12159,13506,0,0
30-Oct-81,0.545,0.5558,0.5425,0.5555,11291,12902,0,0
29-Oct-81,0.537,0.5453,0.5368,0.5449,10810,12201,0,0
28-Oct-81,0.5287,0.5355,0.5282,0.5351,8381,11626,0,0
27-Oct-81,0.5275,0.528,0.5251,0.5276,5967,11199,0,0
26-Oct-81,0.5211,0.5256,0.5208,0.5235,7867,11231,0,0
23-Oct-81,0.5306,0.535,0.5299,0.5325,7630,11298,0,0
22-Oct-81,0.53,0.534,0.5259,0.5335,10216,11269,0,0
21-Oct-81,0.5331,0.5339,0.5275,0.5296,9421,12018,0,0
20-Oct-81,0.54,0.5409,0.5338,0.535,9882,11957,0,0
19-Oct-81,0.5384,0.5414,0.5378,0.5399,4901,12237,0,0
16-Oct-81,0.5369,0.5401,0.5356,0.5387,5928,12527,0,0
15-Oct-81,0.5466,0.5474,0.5365,0.5368,8891,12489,0,0
14-Oct-81,0.5399,0.5462,0.538,0.5459,7925,12365,0,0
13-Oct-81,0.547,0.5492,0.5422,0.5429,8557,13471,0,0
12-Oct-81,0.5487,0.5519,0.5455,0.5462,5104,13890,0,0
9-Oct-81,0.5492,0.5515,0.5463,0.5484,6781,14202,0,0
8-Oct-81,0.535,0.5445,0.5349,0.5438,4528,13898,0,0
7-Oct-81,0.5385,0.5401,0.5358,0.5376,5786,13916,0,0
6-Oct-81,0.532,0.5339,0.525,0.5335,8261,13221,0,0
5-Oct-81,0.535,0.5371,0.532,0.5344,9329,14122,0,0
2-Oct-81,0.524,0.5275,0.5234,0.5272,7470,13215,0,0
1-Oct-81,0.5126,0.5159,0.5121,0.5153,4264,11738,0,0
30-Sep-81,0.5135,0.515,0.5117,0.5129,4606,11437,0,0
29-Sep-81,0.519,0.5193,0.5117,0.5128,6132,12447,0,0
28-Sep-81,0.5072,0.5145,0.5065,0.5129,7978,11215,0,0
25-Sep-81,0.512,0.5145,0.5075,0.5095,7729,10787,0,0
24-Sep-81,0.5114,0.5162,0.5096,0.5144,7081,11069,0,0
23-Sep-81,0.518,0.5216,0.5144,0.5156,8256,11524,0,0
22-Sep-81,0.519,0.5229,0.5167,0.5174,8418,11522,0,0
21-Sep-81,0.5282,0.5337,0.5267,0.5317,8239,11144,0,0
18-Sep-81,0.5235,0.5249,0.5205,0.5223,5494,10858,0,0
17-Sep-81,0.52,0.5239,0.5131,0.5162,11075,10751,0,0
16-Sep-81,0.5083,0.5157,0.5068,0.5136,10095,11602,0,0
15-Sep-81,0.5071,0.5133,0.5056,0.5108,11995,11069,0,0
14-Sep-81,0.5047,0.5081,0.5008,0.5078,10547,15315,0,0
11-Sep-81,0.4947,0.4992,0.4932,0.4989,11045,15034,0,0
10-Sep-81,0.4907,0.4961,0.4898,0.4927,13003,13262,0,0
9-Sep-81,0.484,0.4879,0.4828,0.4875,6801,11354,0,0
8-Sep-81,0.4872,0.4876,0.4805,0.4825,6286,11228,0,0
4-Sep-81,0.4865,0.4906,0.4857,0.4873,6146,11595,0,0
3-Sep-81,0.4822,0.487,0.482,0.4867,8411,11206,0,0
2-Sep-81,0.468,0.4705,0.4658,0.4702,7257,11195,0,0
1-Sep-81,0.4674,0.4682,0.4645,0.4668,5611,11394,0,0
31-Aug-81,0.4732,0.4735,0.4647,0.4661,8785,10500,0,0
28-Aug-81,0.47,0.4746,0.47,0.4714,5444,9658,0,0
27-Aug-81,0.466,0.4687,0.4651,0.468,3886,9857,0,0
26-Aug-81,0.465,0.469,0.465,0.4681,5763,9836,0,0
25-Aug-81,0.4606,0.464,0.458,0.4612,7372,9937,0,0
24-Aug-81,0.4717,0.4721,0.464,0.4654,8342,10051,0,0
21-Aug-81,0.4711,0.4781,0.4685,0.4776,8435,11050,0,0
20-Aug-81,0.4658,0.47,0.4656,0.4657,7399,11563,0,0
19-Aug-81,0.462,0.468,0.4613,0.4668,7611,11547,0,0
18-Aug-81,0.4682,0.4682,0.4622,0.4633,6596,11084,0,0
17-Aug-81,0.4615,0.4663,0.4615,0.4644,6653,11036,0,0
14-Aug-81,0.4644,0.4646,0.4593,0.4598,5592,11162,0,0
13-Aug-81,0.468,0.4685,0.463,0.4636,4172,10981,0,0
12-Aug-81,0.4656,0.4752,0.4649,0.4667,11978,11293,0,0
11-Aug-81,0.4583,0.463,0.4581,0.4628,7164,11204,0,0
10-Aug-81,0.4573,0.4595,0.4566,0.4586,4092,11391,0,0
7-Aug-81,0.4602,0.464,0.4594,0.4617,4000,11325,0,0
6-Aug-81,0.462,0.4643,0.4601,0.464,5565,11379,0,0
5-Aug-81,0.4638,0.4651,0.462,0.4646,5406,11677,0,0
4-Aug-81,0.463,0.4633,0.4579,0.4605,4646,12411,0,0
3-Aug-81,0.4645,0.465,0.4588,0.4601,5245,12035,0,0
31-Jul-81,0.472,0.4738,0.4699,0.47,3918,11969,0,0
30-Jul-81,0.4723,0.4764,0.4717,0.4753,4955,11608,0,0
29-Jul-81,0.4783,0.4795,0.4748,0.4756,4107,10843,0,0
28-Jul-81,0.4774,0.4792,0.4758,0.4775,6150,10649,0,0
27-Jul-81,0.4831,0.4834,0.4766,0.4767,6755,10272,0,0
24-Jul-81,0.4799,0.482,0.4798,0.4816,2778,9251,0,0
23-Jul-81,0.482,0.483,0.4785,0.4795,5086,9542,0,0
22-Jul-81,0.4828,0.4849,0.4814,0.4821,4831,9425,0,0
21-Jul-81,0.4803,0.4817,0.4787,0.4808,4020,8516,0,0
20-Jul-81,0.4839,0.4844,0.4828,0.483,4255,8042,0,0
17-Jul-81,0.4856,0.488,0.4853,0.4869,3323,7798,0,0
16-Jul-81,0.4883,0.4909,0.4868,0.487,6442,8054,0,0
15-Jul-81,0.488,0.4915,0.4878,0.4903,4953,8167,0,0
14-Jul-81,0.4854,0.4887,0.4846,0.4878,4414,8112,0,0
13-Jul-81,0.4924,0.4932,0.4875,0.4877,4363,8002,0,0
10-Jul-81,0.4877,0.491,0.4869,0.4898,4990,8161,0,0
9-Jul-81,0.485,0.4901,0.4818,0.4886,6756,8400,0,0
8-Jul-81,0.4815,0.4828,0.4799,0.4818,5878,8305,0,0
7-Jul-81,0.487,0.4878,0.4854,0.4857,4247,7689,0,0
6-Jul-81,0.4863,0.4873,0.4848,0.4858,5593,7632,0,0
2-Jul-81,0.4904,0.4928,0.4893,0.4916,3894,7904,0,0
1-Jul-81,0.4927,0.4929,0.4886,0.4913,6477,8256,0,0
30-Jun-81,0.4989,0.5007,0.4945,0.495,7765,8516,0,0
29-Jun-81,0.502,0.5032,0.4993,0.5002,4861,9194,0,0
26-Jun-81,0.4987,0.504,0.4976,0.5022,7325,9486,0,0
25-Jun-81,0.501,0.5016,0.4973,0.4997,6135,8468,0,0
24-Jun-81,0.5015,0.5023,0.4976,0.5005,6925,7886,0,0
23-Jun-81,0.499,0.5022,0.4982,0.4983,8078,8032,0,0
22-Jun-81,0.4955,0.4977,0.4941,0.4973,4311,6376,0,0
19-Jun-81,0.49,0.4957,0.4896,0.4956,4783,6649,0,0
18-Jun-81,0.4931,0.4933,0.4912,0.4916,4687,5751,0,0
17-Jun-81,0.4985,0.4992,0.4958,0.4968,3739,6652,0,0
16-Jun-81,0.4989,0.4994,0.4951,0.4963,4827,6613,0,0
15-Jun-81,0.4955,0.501,0.4954,0.4994,6328,9197,0,0
12-Jun-81,0.4847,0.4885,0.484,0.488,4547,9127,0,0
11-Jun-81,0.4828,0.4838,0.4814,0.4829,4496,9171,0,0
10-Jun-81,0.487,0.489,0.4861,0.4868,7213,9595,0,0
9-Jun-81,0.4845,0.485,0.4815,0.4824,4928,9475,0,0
8-Jun-81,0.4773,0.4843,0.4772,0.481,5612,9460,0,0
5-Jun-81,0.4775,0.4794,0.4735,0.4774,5820,10128,0,0
4-Jun-81,0.4808,0.4817,0.4755,0.4778,6658,9915,0,0
3-Jun-81,0.4801,0.481,0.476,0.4764,5483,9859,0,0
2-Jun-81,0.4789,0.4819,0.478,0.4795,6464,9633,0,0
1-Jun-81,0.4855,0.4866,0.4804,0.4808,6059,9851,0,0
29-May-81,0.4853,0.4856,0.4834,0.4838,2890,9101,0,0
28-May-81,0.4832,0.4866,0.4832,0.4851,5118,9078,0,0
27-May-81,0.481,0.4847,0.4805,0.4832,3983,8835,0,0
26-May-81,0.482,0.4839,0.4813,0.4829,3145,8498,0,0
22-May-81,0.484,0.488,0.484,0.4861,4018,8533,0,0
21-May-81,0.486,0.4876,0.4832,0.4852,7675,8175,0,0
20-May-81,0.4931,0.4939,0.4901,0.4929,5653,8763,0,0
19-May-81,0.4923,0.4934,0.488,0.4882,6291,8356,0,0
18-May-81,0.4926,0.4944,0.4896,0.4939,6830,8634,0,0
15-May-81,0.4886,0.49,0.4851,0.4853,4460,7968,0,0
14-May-81,0.4834,0.4918,0.4825,0.4897,6503,8590,0,0
13-May-81,0.4875,0.4877,0.4852,0.4864,2045,9009,0,0
12-May-81,0.4875,0.4887,0.4859,0.4871,3416,9096,0,0
11-May-81,0.4881,0.4887,0.4848,0.4854,3446,9100,0,0
8-May-81,0.4931,0.4943,0.4912,0.4921,3053,8775,0,0
7-May-81,0.4859,0.4889,0.4857,0.4883,3836,9093,0,0
6-May-81,0.4932,0.4938,0.4888,0.4891,5081,8896,0,0
5-May-81,0.4883,0.4904,0.4876,0.4902,4120,9187,0,0
4-May-81,0.4942,0.4956,0.4912,0.4926,4209,9300,0,0
1-May-81,0.499,0.5023,0.4974,0.5006,4015,8857,0,0
30-Apr-81,0.4993,0.5011,0.4972,0.4987,4885,8637,0,0
29-Apr-81,0.5005,0.5018,0.4986,0.5002,5015,7967,0,0
28-Apr-81,0.5058,0.5079,0.5047,0.507,3298,8054,0,0
27-Apr-81,0.509,0.5093,0.5052,0.5053,2955,7966,0,0
24-Apr-81,0.5076,0.5093,0.5038,0.504,3972,8197,0,0
23-Apr-81,0.5094,0.512,0.5081,0.5099,5236,7645,0,0
22-Apr-81,0.5115,0.5138,0.5105,0.5106,4159,7887,0,0
21-Apr-81,0.5089,0.511,0.5065,0.5101,6633,8468,0,0
20-Apr-81,0.5035,0.514,0.5026,0.5126,4784,8663,0,0
16-Apr-81,0.5081,0.509,0.5049,0.5068,3509,8902,0,0
15-Apr-81,0.5104,0.5112,0.5063,0.5064,4491,8887,0,0
14-Apr-81,0.513,0.5147,0.5112,0.5116,3583,7998,0,0
13-Apr-81,0.5095,0.5128,0.5089,0.5123,3317,7408,0,0
10-Apr-81,0.517,0.5185,0.5145,0.5153,3377,7058,0,0
9-Apr-81,0.5184,0.5201,0.5159,0.5195,3585,6480,0,0
8-Apr-81,0.5251,0.5271,0.5192,0.5193,4358,6522,0,0
7-Apr-81,0.5188,0.5248,0.518,0.5224,4080,6233,0,0
6-Apr-81,0.5162,0.5172,0.5139,0.5156,4080,6680,0,0
3-Apr-81,0.523,0.5249,0.5202,0.5217,3662,6171,0,0
2-Apr-81,0.5287,0.5291,0.5256,0.5265,2663,5755,0,0
1-Apr-81,0.5303,0.5304,0.5271,0.5296,2772,5675,0,0
31-Mar-81,0.5286,0.5319,0.5255,0.527,4246,5794,0,0
30-Mar-81,0.5241,0.5353,0.524,0.5348,3877,5741,0,0
27-Mar-81,0.5224,0.5267,0.5204,0.5235,3719,5462,0,0
26-Mar-81,0.5309,0.5311,0.5207,0.5226,4535,5641,0,0
25-Mar-81,0.5335,0.5343,0.5308,0.5333,4421,5653,0,0
24-Mar-81,0.5342,0.5365,0.5326,0.5329,2694,5764,0,0
23-Mar-81,0.5324,0.5378,0.5324,0.537,3255,5779,0,0
20-Mar-81,0.541,0.5415,0.5362,0.5399,5658,6472,0,0
19-Mar-81,0.5428,0.5455,0.5391,0.5395,4825,7432,0,0
18-Mar-81,0.5417,0.5472,0.5384,0.5467,6576,7798,0,0
17-Mar-81,0.5375,0.538,0.5343,0.5359,3773,6698,0,0
16-Mar-81,0.533,0.5358,0.5326,0.5333,5439,7794,0,0
13-Mar-81,0.5266,0.5304,0.5266,0.5298,4777,7213,0,0
12-Mar-81,0.5257,0.5272,0.5245,0.5266,2748,6973,0,0
11-Mar-81,0.526,0.5284,0.5233,0.5263,5445,7261,0,0
10-Mar-81,0.5287,0.5348,0.5285,0.5292,7650,7660,0,0
9-Mar-81,0.5223,0.5285,0.5222,0.5264,4320,7404,0,0
6-Mar-81,0.5192,0.5226,0.5189,0.52,3942,7259,0,0
5-Mar-81,0.5205,0.526,0.5197,0.5239,4549,7396,0,0
4-Mar-81,0.528,0.5307,0.5213,0.5237,6040,7336,0,0
3-Mar-81,0.5115,0.5267,0.5115,0.5254,5866,7700,0,0
2-Mar-81,0.505,0.5064,0.5018,0.5028,4620,7957,0,0
27-Feb-81,0.5085,0.513,0.5071,0.5117,5049,7292,0,0
26-Feb-81,0.5177,0.519,0.5118,0.5126,7052,7262,0,0
25-Feb-81,0.5242,0.526,0.5211,0.5218,3210,6754,0,0
24-Feb-81,0.5275,0.5307,0.5205,0.5254,6026,6727,0,0
23-Feb-81,0.5305,0.531,0.523,0.5236,4382,6883,0,0
20-Feb-81,0.5355,0.5393,0.5293,0.5339,5123,7698,0,0
19-Feb-81,0.52,0.5269,0.5163,0.5264,6618,7984,0,0
18-Feb-81,0.5125,0.5164,0.5055,0.5079,5583,9061,0,0
17-Feb-81,0.504,0.5105,0.5026,0.5103,4333,8776,0,0
13-Feb-81,0.5027,0.5037,0.4984,0.4997,2633,8717,0,0
12-Feb-81,0.5079,0.5092,0.5039,0.5046,4087,9078,0,0
11-Feb-81,0.5155,0.518,0.514,0.5144,2730,8832,0,0
10-Feb-81,0.517,0.519,0.5163,0.5182,3260,8368,0,0
9-Feb-81,0.5221,0.5223,0.5191,0.5202,1922,8085,0,0
6-Feb-81,0.52,0.5241,0.5192,0.5221,3820,8067,0,0
5-Feb-81,0.525,0.5255,0.5177,0.5184,3694,8770,0,0
4-Feb-81,0.5274,0.53,0.5258,0.5266,4642,9029,0,0
3-Feb-81,0.5218,0.53,0.5195,0.5272,6063,8846,0,0
2-Feb-81,0.5317,0.5318,0.5263,0.5266,3458,9826,0,0
30-Jan-81,0.5268,0.529,0.5236,0.5241,4044,9508,0,0
29-Jan-81,0.535,0.5356,0.5322,0.5329,3636,9711,0,0
28-Jan-81,0.5394,0.5419,0.538,0.54,3648,10297,0,0
27-Jan-81,0.5474,0.5492,0.5427,0.5447,4348,10356,0,0
26-Jan-81,0.5485,0.5504,0.5479,0.5488,2685,10485,0,0
23-Jan-81,0.5555,0.5577,0.5526,0.5527,4848,10327,0,0
22-Jan-81,0.5565,0.5597,0.5539,0.5583,5128,10118,0,0
21-Jan-81,0.564,0.5648,0.5555,0.5585,3500,9846,0,0
20-Jan-81,0.5598,0.563,0.559,0.561,2575,9758,0,0
19-Jan-81,0.5604,0.5628,0.5582,0.5604,3213,10084,0,0
16-Jan-81,0.5582,0.5642,0.5552,0.5634,5861,10183,0,0
15-Jan-81,0.564,0.564,0.5571,0.5573,4799,10094,0,0
14-Jan-81,0.5642,0.5676,0.5642,0.5659,4201,9582,0,0
13-Jan-81,0.566,0.567,0.562,0.5664,6299,9341,0,0
12-Jan-81,0.5701,0.571,0.5637,0.5638,6927,9592,0,0
9-Jan-81,0.5748,0.576,0.5671,0.5685,4347,8605,0,0
8-Jan-81,0.5754,0.5775,0.5741,0.5745,3336,8198,0,0
7-Jan-81,0.5817,0.5826,0.5772,0.5781,3450,8807,0,0
6-Jan-81,0.5855,0.5865,0.582,0.5834,5660,9014,0,0
5-Jan-81,0.5799,0.5838,0.579,0.5827,4392,8591,0,0
2-Jan-81,0.5715,0.5764,0.5665,0.5755,1695,7748,0,0
31-Dec-80,0.5794,0.5794,0.5694,0.5697,2116,7671,0,0
30-Dec-80,0.5835,0.5836,0.5745,0.5756,2143,7657,0,0
29-Dec-80,0.58,0.5802,0.5763,0.5781,1581,8107,0,0
24-Dec-80,0.5799,0.583,0.575,0.5782,1448,8441,0,0
23-Dec-80,0.581,0.5838,0.5785,0.5788,2968,8551,0,0
22-Dec-80,0.575,0.5811,0.5739,0.5777,5236,8386,0,0
19-Dec-80,0.5705,0.5856,0.5704,0.585,6140,7637,0,0
18-Dec-80,0.5707,0.5741,0.5693,0.5727,2858,7189,0,0
17-Dec-80,0.569,0.5775,0.5688,0.5745,4007,7388,0,0
16-Dec-80,0.5672,0.5688,0.5644,0.5685,2867,7853,0,0
15-Dec-80,0.5803,0.5806,0.569,0.5711,3607,10112,0,0
12-Dec-80,0.571,0.5733,0.5696,0.5709,3582,9996,0,0
11-Dec-80,0.5645,0.5686,0.5637,0.5655,3417,10810,0,0
10-Dec-80,0.5725,0.5736,0.567,0.5684,3918,11328,0,0
9-Dec-80,0.5781,0.5786,0.5732,0.5756,2646,11830,0,0
8-Dec-80,0.5845,0.5851,0.5818,0.5834,1437,11732,0,0
5-Dec-80,0.586,0.5862,0.5826,0.5846,2710,11587,0,0
4-Dec-80,0.5895,0.5908,0.5888,0.5889,2668,11054,0,0
3-Dec-80,0.59,0.5919,0.5884,0.5892,2664,11256,0,0
2-Dec-80,0.591,0.5923,0.5878,0.5882,3773,11684,0,0
1-Dec-80,0.5722,0.5749,0.572,0.5723,3446,11680,0,0
28-Nov-80,0.5775,0.5785,0.576,0.5761,2130,10442,0,0
26-Nov-80,0.5803,0.5815,0.5785,0.5793,3255,10303,0,0
25-Nov-80,0.5828,0.5828,0.5802,0.5819,1469,10349,0,0
24-Nov-80,0.5817,0.5838,0.5806,0.581,2974,10382,0,0
21-Nov-80,0.581,0.5832,0.5804,0.5822,3475,9872,0,0
20-Nov-80,0.5858,0.5858,0.583,0.5839,3128,9605,0,0
19-Nov-80,0.5881,0.5902,0.5867,0.59,3282,9739,0,0
18-Nov-80,0.5836,0.5872,0.582,0.5849,4045,10026,0,0
17-Nov-80,0.584,0.5847,0.5806,0.5818,3817,9708,0,0
14-Nov-80,0.5885,0.5902,0.5875,0.5893,2735,9759,0,0
13-Nov-80,0.5928,0.5936,0.5885,0.5893,2457,10071,0,0
12-Nov-80,0.5887,0.5946,0.5871,0.5906,3449,10057,0,0
11-Nov-80,0.5931,0.6006,0.5892,0.5947,6229,10561,0,0
10-Nov-80,0.5825,0.5947,0.5825,0.5947,7860,10911,0,0
7-Nov-80,0.5756,0.581,0.5731,0.5797,6633,11981,0,0
6-Nov-80,0.5815,0.5819,0.5782,0.5784,3976,12628,0,0
5-Nov-80,0.5807,0.5841,0.5792,0.5818,6060,12391,0,0
3-Nov-80,0.5877,0.5954,0.586,0.5923,4246,12890,0,0
31-Oct-80,0.5886,0.5925,0.5886,0.5888,3231,13063,0,0
30-Oct-80,0.5955,0.5955,0.5886,0.5896,3841,13376,0,0
29-Oct-80,0.5935,0.598,0.5931,0.5957,5111,12841,0,0
28-Oct-80,0.5916,0.5955,0.5912,0.5936,4971,13611,0,0
27-Oct-80,0.5989,0.5997,0.5929,0.5939,9485,13336,0,0
24-Oct-80,0.6053,0.6063,0.6024,0.6028,5322,12133,0,0
23-Oct-80,0.6085,0.6113,0.606,0.6069,4374,11419,0,0
22-Oct-80,0.609,0.6121,0.6064,0.6108,6871,11147,0,0
21-Oct-80,0.609,0.6127,0.6087,0.6101,3180,11146,0,0
20-Oct-80,0.613,0.6142,0.6102,0.6123,4892,10646,0,0
17-Oct-80,0.6118,0.6136,0.6082,0.6085,5496,10197,0,0
16-Oct-80,0.6157,0.6157,0.612,0.6121,3361,9443,0,0
15-Oct-80,0.6119,0.6167,0.6119,0.6163,2261,9296,0,0
14-Oct-80,0.6181,0.6182,0.614,0.6142,2850,9485,0,0
13-Oct-80,0.6197,0.6197,0.6153,0.6161,3010,9746,0,0
10-Oct-80,0.6203,0.6209,0.6195,0.6206,1379,10690,0,0
9-Oct-80,0.6182,0.6214,0.6181,0.6205,2238,10302,0,0
8-Oct-80,0.6198,0.62,0.6181,0.6182,1458,9582,0,0
7-Oct-80,0.618,0.6204,0.6179,0.6196,2390,9770,0,0
6-Oct-80,0.623,0.6234,0.621,0.6219,3312,9513,0,0
3-Oct-80,0.6183,0.624,0.6178,0.6238,3619,8563,0,0
2-Oct-80,0.619,0.6197,0.617,0.618,1785,7434,0,0
1-Oct-80,0.6179,0.6207,0.6179,0.6194,5943,7566,0,0
30-Sep-80,0.616,0.6164,0.6142,0.6147,1543,8370,0,0
29-Sep-80,0.6144,0.6153,0.6133,0.6138,2307,8369,0,0
26-Sep-80,0.616,0.6178,0.6146,0.6165,2192,7764,0,0
25-Sep-80,0.6175,0.6187,0.6143,0.6153,1825,7953,0,0
24-Sep-80,0.6132,0.618,0.613,0.6145,2948,7829,0,0
23-Sep-80,0.6122,0.6132,0.6104,0.6122,3379,8575,0,0
22-Sep-80,0.6155,0.6158,0.6112,0.6115,3609,8091,0,0
19-Sep-80,0.6157,0.6177,0.6152,0.6163,2867,8129,0,0
18-Sep-80,0.6203,0.6203,0.6158,0.6168,5862,8096,0,0
17-Sep-80,0.6226,0.6238,0.6224,0.6225,1643,8734,0,0
16-Sep-80,0.6215,0.6225,0.6211,0.6221,1005,8183,0,0
15-Sep-80,0.6213,0.6231,0.6206,0.622,2046,9523,0,0
12-Sep-80,0.623,0.624,0.6217,0.6222,3195,10154,0,0
11-Sep-80,0.6248,0.626,0.6244,0.6256,1596,10416,0,0
10-Sep-80,0.6238,0.6245,0.6223,0.6237,2029,9910,0,0
9-Sep-80,0.6255,0.6256,0.6223,0.6239,3823,9886,0,0
8-Sep-80,0.6266,0.6276,0.6244,0.6253,2854,10020,0,0
5-Sep-80,0.6223,0.6238,0.6207,0.6221,2520,9819,0,0
4-Sep-80,0.626,0.6265,0.6208,0.6231,4569,9938,0,0
3-Sep-80,0.6218,0.6259,0.621,0.6237,3541,9381,0,0
2-Sep-80,0.6223,0.624,0.6221,0.6234,2892,8960,0,0
29-Aug-80,0.617,0.6207,0.6151,0.6194,2851,8724,0,0
28-Aug-80,0.6082,0.612,0.6073,0.6091,6842,8842,0,0
27-Aug-80,0.6025,0.6041,0.6008,0.6012,3750,9317,0,0
26-Aug-80,0.6023,0.6073,0.6009,0.6067,6326,10156,0,0
25-Aug-80,0.6015,0.6015,0.5988,0.601,3745,11865,0,0
22-Aug-80,0.6008,0.6035,0.5965,0.6031,6059,12342,0,0
21-Aug-80,0.6031,0.607,0.6005,0.6017,7037,12348,0,0
20-Aug-80,0.6057,0.6057,0.603,0.6036,2033,11165,0,0
19-Aug-80,0.6038,0.6054,0.6027,0.6033,2225,10759,0,0
18-Aug-80,0.6027,0.6056,0.6021,0.6025,4144,10675,0,0
15-Aug-80,0.6101,0.6111,0.6078,0.6085,2774,9925,0,0
14-Aug-80,0.6106,0.6111,0.608,0.6109,2411,9593,0,0
13-Aug-80,0.6143,0.6145,0.61,0.6128,3376,9547,0,0
12-Aug-80,0.6094,0.6144,0.6093,0.6141,2782,9098,0,0
11-Aug-80,0.6079,0.6111,0.6072,0.6106,2545,9573,0,0
8-Aug-80,0.608,0.6094,0.607,0.6076,1988,9613,0,0
7-Aug-80,0.612,0.613,0.6095,0.6119,3101,9666,0,0
6-Aug-80,0.6155,0.6176,0.6138,0.6167,2970,9510,0,0
5-Aug-80,0.612,0.6148,0.6113,0.6142,3386,10012,0,0
4-Aug-80,0.6104,0.6133,0.6077,0.6128,3976,10220,0,0
1-Aug-80,0.6059,0.606,0.6027,0.6032,2962,10843,0,0
31-Jul-80,0.6092,0.6112,0.603,0.6059,5682,10644,0,0
30-Jul-80,0.618,0.6193,0.607,0.609,9220,10498,0,0
29-Jul-80,0.6227,0.6227,0.6155,0.6164,8666,12089,0,0
28-Jul-80,0.6274,0.6275,0.6227,0.6237,6594,14410,0,0
25-Jul-80,0.6295,0.6304,0.628,0.6292,1878,15440,0,0
24-Jul-80,0.6307,0.6329,0.6296,0.6301,3488,15615,0,0
23-Jul-80,0.6286,0.6307,0.6276,0.6289,2571,15238,0,0
22-Jul-80,0.6311,0.6316,0.628,0.6283,3463,14973,0,0
21-Jul-80,0.6298,0.6303,0.6276,0.6295,1778,14911,0,0
18-Jul-80,0.6264,0.6293,0.6244,0.6279,2165,14566,0,0
17-Jul-80,0.6303,0.6315,0.627,0.6273,2695,14523,0,0
16-Jul-80,0.627,0.6313,0.6265,0.6311,2971,14501,0,0
15-Jul-80,0.6255,0.6266,0.6234,0.6236,3881,14337,0,0
14-Jul-80,0.627,0.6288,0.6264,0.628,3854,14914,0,0
11-Jul-80,0.6288,0.6327,0.6281,0.6296,4704,14976,0,0
10-Jul-80,0.6303,0.6332,0.6286,0.6321,4659,15324,0,0
9-Jul-80,0.6351,0.6355,0.6307,0.6328,3494,14487,0,0
8-Jul-80,0.6355,0.637,0.6311,0.6333,4474,14067,0,0
7-Jul-80,0.6305,0.6363,0.6305,0.6344,6709,14739,0,0
3-Jul-80,0.6227,0.6289,0.6203,0.6287,4910,11899,0,0
2-Jul-80,0.621,0.6241,0.6209,0.6219,3014,10760,0,0
1-Jul-80,0.6193,0.6215,0.6183,0.6214,2718,9895,0,0
30-Jun-80,0.622,0.6224,0.6186,0.6189,1454,9390,0,0
27-Jun-80,0.6199,0.6208,0.6179,0.6196,1660,9369,0,0
26-Jun-80,0.6174,0.6205,0.6167,0.6196,2895,9691,0,0
25-Jun-80,0.6152,0.6161,0.6136,0.6138,2761,10003,0,0
24-Jun-80,0.6164,0.6167,0.6135,0.6149,3015,10860,0,0
23-Jun-80,0.6186,0.6186,0.6152,0.6157,1893,11766,0,0
20-Jun-80,0.6178,0.6193,0.6164,0.617,1433,11960,0,0
19-Jun-80,0.6163,0.6204,0.6161,0.6183,1547,12016,0,0
18-Jun-80,0.6195,0.6217,0.6193,0.6201,1705,12084,0,0
17-Jun-80,0.6178,0.6221,0.6148,0.6209,4908,12491,0,0
16-Jun-80,0.6225,0.6227,0.6123,0.6139,8936,14913,0,0
13-Jun-80,0.6259,0.6282,0.6247,0.6268,4441,17251,0,0
12-Jun-80,0.62,0.6242,0.6198,0.624,4508,16349,0,0
11-Jun-80,0.6212,0.6221,0.6181,0.6205,4442,14775,0,0
10-Jun-80,0.6235,0.6255,0.62,0.6209,5202,14841,0,0
9-Jun-80,0.622,0.6246,0.622,0.6239,7560,15078,0,0
6-Jun-80,0.6154,0.621,0.6146,0.6186,4745,12798,0,0
5-Jun-80,0.6152,0.616,0.6138,0.6152,2005,11784,0,0
4-Jun-80,0.6145,0.6161,0.6133,0.6138,2522,11136,0,0
3-Jun-80,0.6125,0.6166,0.6108,0.6153,3101,10806,0,0
2-Jun-80,0.606,0.6063,0.603,0.6032,1698,10841,0,0
30-May-80,0.602,0.6074,0.6015,0.6051,3185,10813,0,0
29-May-80,0.6066,0.6072,0.6025,0.6026,4194,11183,0,0
28-May-80,0.6091,0.6094,0.6041,0.6067,5452,11441,0,0
27-May-80,0.612,0.6142,0.6105,0.6141,5176,11911,0,0
23-May-80,0.6025,0.6105,0.6025,0.6098,4696,11307,0,0
22-May-80,0.602,0.6041,0.6011,0.6036,1748,10140,0,0
21-May-80,0.6025,0.605,0.602,0.603,2915,10046,0,0
20-May-80,0.597,0.6009,0.5947,0.6,4604,10164,0,0
19-May-80,0.6005,0.6015,0.5972,0.5977,1650,10042,0,0
16-May-80,0.5985,0.6029,0.597,0.6,2617,10011,0,0
15-May-80,0.6031,0.6033,0.6003,0.6006,2642,10439,0,0
14-May-80,0.6035,0.6065,0.6022,0.6023,2934,10603,0,0
13-May-80,0.6047,0.6055,0.601,0.6053,2699,10515,0,0
12-May-80,0.604,0.6071,0.6036,0.6066,1915,10756,0,0
9-May-80,0.6008,0.6027,0.5949,0.5995,3238,10711,0,0
8-May-80,0.6061,0.6078,0.6043,0.6044,2233,10686,0,0
7-May-80,0.611,0.612,0.6076,0.6106,2453,10562,0,0
6-May-80,0.6095,0.6131,0.6054,0.6069,3542,10389,0,0
5-May-80,0.6014,0.6087,0.6007,0.6066,4004,10066,0,0
2-May-80,0.6005,0.6008,0.5932,0.5949,4779,10236,0,0
1-May-80,0.6065,0.6085,0.604,0.6068,2192,10166,0,0
30-Apr-80,0.6062,0.6082,0.6051,0.6062,1853,9907,0,0
29-Apr-80,0.605,0.6098,0.6035,0.6096,2467,9779,0,0
28-Apr-80,0.6077,0.6081,0.6036,0.6053,2363,9626,0,0
25-Apr-80,0.601,0.6032,0.5958,0.5968,2452,9983,0,0
24-Apr-80,0.5948,0.5998,0.5942,0.5983,3144,9606,0,0
23-Apr-80,0.595,0.5993,0.5941,0.598,4577,8711,0,0
22-Apr-80,0.5855,0.5858,0.5815,0.5849,3047,7853,0,0
21-Apr-80,0.588,0.5918,0.588,0.5898,1733,8293,0,0
18-Apr-80,0.5887,0.5936,0.5831,0.585,4114,8164,0,0
17-Apr-80,0.5923,0.5923,0.5825,0.5894,4544,8126,0,0
16-Apr-80,0.5765,0.5923,0.5762,0.5923,5585,8030,0,0
15-Apr-80,0.575,0.5798,0.5704,0.5773,3957,6721,0,0
14-Apr-80,0.5855,0.586,0.5839,0.5849,1979,6542,0,0
11-Apr-80,0.5855,0.587,0.5808,0.5858,3239,6678,0,0
10-Apr-80,0.571,0.59,0.5703,0.5882,4613,7131,0,0
9-Apr-80,0.574,0.5742,0.5701,0.5737,2995,6539,0,0
8-Apr-80,0.5504,0.5592,0.5503,0.5592,3476,6524,0,0
7-Apr-80,0.5447,0.5493,0.5437,0.5442,2973,7437,0,0
3-Apr-80,0.551,0.5513,0.5468,0.5471,1627,7553,0,0
2-Apr-80,0.552,0.5551,0.5503,0.5518,2214,7295,0,0
1-Apr-80,0.547,0.5515,0.5467,0.5514,2132,7449,0,0
31-Mar-80,0.556,0.5561,0.5525,0.5533,2036,7280,0,0
28-Mar-80,0.5603,0.5648,0.5589,0.5604,3462,7160,0,0
27-Mar-80,0.562,0.5628,0.558,0.5582,2571,8072,0,0
26-Mar-80,0.5725,0.5743,0.5715,0.5716,2723,7767,0,0
25-Mar-80,0.5748,0.5756,0.571,0.5743,2741,7787,0,0
24-Mar-80,0.576,0.5767,0.5744,0.5746,1613,8137,0,0
21-Mar-80,0.5791,0.5799,0.5768,0.5775,1885,7654,0,0
20-Mar-80,0.5855,0.5862,0.5837,0.5843,1747,7032,0,0
19-Mar-80,0.5824,0.5829,0.58,0.5822,1633,7196,0,0
18-Mar-80,0.5806,0.5845,0.5782,0.5789,2718,7633,0,0
17-Mar-80,0.5785,0.5785,0.575,0.5783,2155,8989,0,0
14-Mar-80,0.585,0.5896,0.584,0.587,2005,9330,0,0
13-Mar-80,0.5917,0.5923,0.5889,0.5897,2548,9686,0,0
12-Mar-80,0.5965,0.5971,0.5947,0.5961,1575,9494,0,0
11-Mar-80,0.5971,0.5978,0.5936,0.595,2035,9640,0,0
10-Mar-80,0.5969,0.5975,0.5939,0.5946,2596,9515,0,0
7-Mar-80,0.6008,0.6029,0.5957,0.596,3780,9653,0,0
6-Mar-80,0.601,0.6037,0.5994,0.6015,3616,9706,0,0
5-Mar-80,0.6019,0.6053,0.6017,0.6031,3168,10035,0,0
4-Mar-80,0.6025,0.6029,0.5983,0.599,3147,10232,0,0
3-Mar-80,0.6015,0.6041,0.6004,0.6027,3076,10042,0,0
29-Feb-80,0.6074,0.6088,0.6019,0.6025,3372,10353,0,0
28-Feb-80,0.62,0.62,0.6165,0.6167,2186,10112,0,0
27-Feb-80,0.6166,0.622,0.6165,0.6204,3474,9663,0,0
26-Feb-80,0.6186,0.6194,0.6171,0.6193,2556,10354,0,0
25-Feb-80,0.619,0.619,0.6162,0.6172,2943,10782,0,0
22-Feb-80,0.622,0.6233,0.62,0.6206,3483,10537,0,0
21-Feb-80,0.6295,0.6301,0.6269,0.6285,2171,10202,0,0
20-Feb-80,0.6324,0.6333,0.6266,0.6279,4458,10249,0,0
19-Feb-80,0.6317,0.6321,0.6288,0.6295,3199,11147,0,0
15-Feb-80,0.6367,0.638,0.6333,0.6356,2822,12201,0,0
14-Feb-80,0.625,0.6252,0.6217,0.6223,1495,11957,0,0
13-Feb-80,0.6251,0.6266,0.6229,0.6242,2313,11898,0,0
12-Feb-80,0.6242,0.6252,0.6222,0.6241,1340,11604,0,0
11-Feb-80,0.6244,0.6262,0.6232,0.6245,1368,11538,0,0
8-Feb-80,0.6223,0.625,0.6218,0.6235,2057,11176,0,0
7-Feb-80,0.628,0.6289,0.6239,0.6253,2845,11263,0,0
6-Feb-80,0.625,0.6321,0.625,0.6303,5441,11187,0,0
5-Feb-80,0.622,0.6245,0.621,0.6225,2991,9609,0,0
4-Feb-80,0.6174,0.6209,0.6174,0.6208,2200,9946,0,0
1-Feb-80,0.6168,0.6193,0.6162,0.6181,3133,10785,0,0
31-Jan-80,0.6215,0.6226,0.6153,0.6169,4064,11463,0,0
30-Jan-80,0.6257,0.6257,0.6223,0.6225,1764,11480,0,0
29-Jan-80,0.6265,0.627,0.6248,0.6255,1220,11111,0,0
28-Jan-80,0.6268,0.6278,0.6219,0.6255,2604,11300,0,0
25-Jan-80,0.6275,0.6281,0.6242,0.6246,1819,11397,0,0
24-Jan-80,0.6299,0.6307,0.6284,0.6297,1453,11145,0,0
23-Jan-80,0.6306,0.6322,0.6266,0.6269,2548,11356,0,0
22-Jan-80,0.632,0.6333,0.6281,0.6287,2895,11424,0,0
21-Jan-80,0.6345,0.6356,0.631,0.6312,2316,11732,0,0
18-Jan-80,0.6362,0.6388,0.631,0.632,3554,11665,0,0
17-Jan-80,0.6362,0.6389,0.6352,0.6378,2322,11119,0,0
16-Jan-80,0.6347,0.6408,0.6343,0.6399,2824,11029,0,0
15-Jan-80,0.6416,0.6422,0.6356,0.6368,2732,11074,0,0
14-Jan-80,0.6432,0.6436,0.6414,0.6425,1695,11315,0,0
11-Jan-80,0.6438,0.645,0.6422,0.6442,1756,11314,0,0
10-Jan-80,0.6449,0.6454,0.641,0.6414,3069,11209,0,0
9-Jan-80,0.646,0.6474,0.6451,0.6457,1143,12779,0,0
8-Jan-80,0.6457,0.6463,0.6425,0.6438,3844,12838,0,0
7-Jan-80,0.6455,0.6504,0.6449,0.6491,2629,12551,0,0
4-Jan-80,0.6425,0.6476,0.642,0.6463,1926,12033,0,0
3-Jan-80,0.6487,0.6516,0.6457,0.6488,3604,11857,0,0
2-Jan-80,0.6445,0.6485,0.6438,0.6478,2550,12018,0,0
31-Dec-79,0.64,0.6405,0.6368,0.6394,682,10985,0,0
28-Dec-79,0.6386,0.642,0.6347,0.6352,1514,10875,0,0
27-Dec-79,0.6451,0.6497,0.6441,0.6456,2846,11134,0,0
26-Dec-79,0.638,0.647,0.638,0.6457,2102,9984,0,0
21-Dec-79,0.633,0.6405,0.6313,0.6392,844,9386,0,0
20-Dec-79,0.6381,0.6385,0.6316,0.6321,1072,9491,0,0
19-Dec-79,0.6338,0.6413,0.6335,0.6374,2094,9597,0,0
18-Dec-79,0.6385,0.6385,0.6337,0.6372,1200,9372,0,0
17-Dec-79,0.6378,0.6389,0.6345,0.6371,1063,9906,0,0
14-Dec-79,0.6325,0.6394,0.6295,0.6358,2664,9840,0,0
13-Dec-79,0.6401,0.6425,0.638,0.6387,1675,10113,0,0
12-Dec-79,0.642,0.643,0.6375,0.6393,2164,10027,0,0
11-Dec-79,0.64,0.6426,0.6395,0.6406,1535,10910,0,0
10-Dec-79,0.6345,0.6357,0.6329,0.6355,1148,10674,0,0
7-Dec-79,0.6311,0.6353,0.6305,0.6316,2543,10702,0,0
6-Dec-79,0.6396,0.641,0.6346,0.6353,2499,11025,0,0
5-Dec-79,0.6365,0.6422,0.6365,0.6404,3366,11428,0,0
4-Dec-79,0.643,0.6475,0.643,0.6455,3834,10979,0,0
3-Dec-79,0.656,0.66,0.654,0.656,2858,10012,0,0
30-Nov-79,0.641,0.65,0.6407,0.648,3014,9860,0,0
29-Nov-79,0.6304,0.6385,0.6303,0.6365,3819,9165,0,0
28-Nov-79,0.6259,0.6291,0.6246,0.6281,2298,8705,0,0
27-Nov-79,0.624,0.6259,0.6217,0.6241,2910,8661,0,0
26-Nov-79,0.6212,0.624,0.6203,0.6207,2670,9124,0,0
23-Nov-79,0.609,0.61,0.608,0.6085,1215,9451,0,0
21-Nov-79,0.615,0.6159,0.6112,0.6115,1829,9410,0,0
20-Nov-79,0.6112,0.615,0.611,0.614,1553,9620,0,0
19-Nov-79,0.614,0.6175,0.6136,0.6137,2915,9616,0,0
16-Nov-79,0.6125,0.6152,0.6105,0.6136,2716,9323,0,0
15-Nov-79,0.6107,0.6116,0.6077,0.608,1589,9085,0,0
14-Nov-79,0.612,0.617,0.6116,0.6142,3143,8994,0,0
13-Nov-79,0.606,0.6102,0.6057,0.6081,2264,9206,0,0
12-Nov-79,0.6068,0.61,0.6026,0.6036,2043,9302,0,0
9-Nov-79,0.6121,0.614,0.6115,0.6121,1254,9170,0,0
8-Nov-79,0.6164,0.6166,0.6144,0.615,1427,8985,0,0
7-Nov-79,0.62,0.6221,0.6178,0.6185,2596,9242,0,0
6-Nov-79,0.6147,0.6208,0.6119,0.618,1880,9090,0,0
5-Nov-79,0.6179,0.6185,0.6142,0.615,2569,9229,0,0
2-Nov-79,0.6137,0.6227,0.6131,0.6217,3255,8846,0,0
1-Nov-79,0.6135,0.6167,0.6129,0.6145,2506,9197,0,0
31-Oct-79,0.61,0.6175,0.61,0.6162,2570,9392,0,0
30-Oct-79,0.6068,0.6084,0.6043,0.6047,2530,10093,0,0
29-Oct-79,0.6072,0.6072,0.6043,0.6053,2050,11042,0,0
26-Oct-79,0.612,0.6125,0.6095,0.6107,1339,11026,0,0
25-Oct-79,0.6145,0.6161,0.6116,0.6118,1048,10914,0,0
24-Oct-79,0.6131,0.6165,0.6131,0.6152,1650,10781,0,0
23-Oct-79,0.6097,0.6122,0.6076,0.6111,3458,11146,0,0
22-Oct-79,0.618,0.6185,0.6104,0.6117,4821,11146,0,0
19-Oct-79,0.6219,0.622,0.6165,0.6173,1460,11935,0,0
18-Oct-79,0.618,0.6238,0.6178,0.6226,3452,11903,0,0
17-Oct-79,0.6232,0.6233,0.6149,0.6199,4255,12424,0,0
16-Oct-79,0.6239,0.6252,0.6195,0.6197,3380,13466,0,0
15-Oct-79,0.625,0.627,0.6237,0.624,2292,13787,0,0
12-Oct-79,0.6285,0.6317,0.6261,0.6273,4651,13708,0,0
11-Oct-79,0.6346,0.635,0.6285,0.6292,4093,13498,0,0
10-Oct-79,0.6341,0.6384,0.6319,0.6377,2641,13485,0,0
9-Oct-79,0.6273,0.6325,0.6255,0.6315,3484,13562,0,0
8-Oct-79,0.631,0.634,0.6305,0.6305,1633,13109,0,0
5-Oct-79,0.648,0.6483,0.6452,0.6455,1271,13248,0,0
4-Oct-79,0.645,0.646,0.6422,0.6434,2318,13498,0,0
3-Oct-79,0.651,0.6541,0.644,0.6477,3955,13878,0,0
2-Oct-79,0.6605,0.6623,0.648,0.6505,6740,14313,0,0
1-Oct-79,0.6616,0.6648,0.6602,0.6626,2265,15296,0,0
28-Sep-79,0.6592,0.662,0.6575,0.6585,2565,14533,0,0
27-Sep-79,0.6584,0.6617,0.6575,0.66,2867,14788,0,0
26-Sep-79,0.6494,0.6522,0.6467,0.6518,3479,14299,0,0
25-Sep-79,0.6508,0.6531,0.65,0.6508,4019,14036,0,0
24-Sep-79,0.6528,0.6564,0.6495,0.6546,4329,14354,0,0
21-Sep-79,0.6515,0.6553,0.6484,0.6544,3866,13174,0,0
20-Sep-79,0.648,0.6507,0.6461,0.6507,5621,12875,0,0
19-Sep-79,0.6325,0.6366,0.6313,0.6357,3622,10858,0,0
18-Sep-79,0.6323,0.6338,0.6298,0.6317,2381,9459,0,0
17-Sep-79,0.6296,0.6325,0.629,0.6312,1742,9881,0,0
14-Sep-79,0.6286,0.6298,0.6248,0.6253,1781,9660,0,0
13-Sep-79,0.6298,0.6307,0.6272,0.6283,1338,9991,0,0
12-Sep-79,0.6294,0.6322,0.6292,0.6313,1298,10267,0,0
11-Sep-79,0.6295,0.631,0.6265,0.6272,2336,10211,0,0
10-Sep-79,0.6335,0.6346,0.6302,0.6318,2263,10799,0,0
7-Sep-79,0.6297,0.6348,0.6288,0.6321,4949,10948,0,0
6-Sep-79,0.6264,0.6329,0.6257,0.6313,5207,9519,0,0
5-Sep-79,0.6221,0.624,0.6219,0.6239,2039,7876,0,0
4-Sep-79,0.6209,0.6217,0.6205,0.6207,687,7709,0,0
31-Aug-79,0.6209,0.6225,0.6206,0.6225,919,7879,0,0
30-Aug-79,0.6233,0.6233,0.6216,0.6227,1887,7992,0,0
29-Aug-79,0.605,0.605,0.6031,0.6035,2390,8067,0,0
28-Aug-79,0.6062,0.6065,0.6058,0.606,722,7978,0,0
27-Aug-79,0.6066,0.6067,0.6055,0.6062,593,8011,0,0
24-Aug-79,0.6081,0.6085,0.607,0.6074,761,8066,0,0
23-Aug-79,0.6076,0.6089,0.6071,0.6087,627,8063,0,0
22-Aug-79,0.6069,0.6083,0.6062,0.6082,1265,7948,0,0
21-Aug-79,0.6073,0.6079,0.6065,0.6067,822,7946,0,0
20-Aug-79,0.6069,0.6073,0.606,0.6068,475,8055,0,0
17-Aug-79,0.6086,0.609,0.606,0.6062,1556,7989,0,0
16-Aug-79,0.6085,0.6101,0.6085,0.6092,455,8074,0,0
15-Aug-79,0.61,0.6103,0.6075,0.61,1447,8102,0,0
14-Aug-79,0.608,0.611,0.6073,0.6109,3358,8328,0,0
13-Aug-79,0.6128,0.613,0.6087,0.6091,1517,8877,0,0
10-Aug-79,0.614,0.615,0.6128,0.6141,1079,8836,0,0
9-Aug-79,0.6132,0.6138,0.6119,0.6122,1496,8662,0,0
8-Aug-79,0.6085,0.6125,0.6085,0.612,2443,8657,0,0
7-Aug-79,0.6096,0.61,0.6074,0.6082,1206,9052,0,0
6-Aug-79,0.6095,0.6108,0.6085,0.6093,1087,8863,0,0
3-Aug-79,0.6093,0.6105,0.6084,0.6103,452,8937,0,0
2-Aug-79,0.6106,0.6113,0.6078,0.6092,1240,9040,0,0
1-Aug-79,0.6106,0.6114,0.6096,0.6107,1598,9140,0,0
31-Jul-79,0.6075,0.6105,0.6066,0.6072,2552,9071,0,0
30-Jul-79,0.6126,0.6128,0.605,0.6059,4622,9299,0,0
27-Jul-79,0.6164,0.6187,0.6163,0.6172,846,9933,0,0
26-Jul-79,0.617,0.6175,0.6154,0.6156,2014,9959,0,0
25-Jul-79,0.6187,0.619,0.6177,0.6183,1446,10279,0,0
24-Jul-79,0.623,0.6232,0.6204,0.6217,2569,10508,0,0
23-Jul-79,0.6227,0.6235,0.6217,0.6218,1632,10900,0,0
20-Jul-79,0.6212,0.622,0.6172,0.6217,2389,10699,0,0
19-Jul-79,0.6236,0.6246,0.6185,0.6208,2679,11214,0,0
18-Jul-79,0.6262,0.627,0.623,0.6259,3748,11127,0,0
17-Jul-79,0.623,0.6245,0.6197,0.6213,3443,10570,0,0
16-Jul-79,0.6162,0.6247,0.6162,0.622,3142,9533,0,0
13-Jul-79,0.612,0.616,0.6117,0.6142,1610,9279,0,0
12-Jul-79,0.6142,0.615,0.6133,0.6143,671,9305,0,0
11-Jul-79,0.6147,0.616,0.6135,0.6148,1040,9391,0,0
10-Jul-79,0.6123,0.6128,0.6109,0.6115,1221,9541,0,0
9-Jul-79,0.6115,0.6137,0.6105,0.6127,3532,9908,0,0
6-Jul-79,0.6174,0.619,0.6036,0.6078,6276,10543,0,0
5-Jul-79,0.6206,0.6223,0.6165,0.6166,4531,11412,0,0
3-Jul-79,0.6146,0.6195,0.614,0.6194,2556,10376,0,0
2-Jul-79,0.6173,0.6181,0.6159,0.6166,1043,9677,0,0
29-Jun-79,0.6147,0.6197,0.6138,0.6158,2307,9398,0,0
28-Jun-79,0.6155,0.6179,0.6125,0.6161,2602,9346,0,0
27-Jun-79,0.613,0.6198,0.613,0.6178,1736,9331,0,0
26-Jun-79,0.6133,0.617,0.611,0.6111,3617,9314,0,0
25-Jun-79,0.6225,0.6251,0.6219,0.6227,3266,9498,0,0
22-Jun-79,0.6208,0.6245,0.6171,0.6188,3524,9639,0,0
21-Jun-79,0.613,0.622,0.6125,0.6203,4628,9202,0,0
20-Jun-79,0.6108,0.6129,0.6092,0.6109,4030,8774,0,0
19-Jun-79,0.6049,0.612,0.6042,0.6115,5289,8539,0,0
18-Jun-79,0.5982,0.6026,0.5977,0.6011,5525,8115,0,0
15-Jun-79,0.5985,0.6042,0.5977,0.604,5299,6699,0,0
14-Jun-79,0.5915,0.5943,0.5915,0.5941,2668,5658,0,0
13-Jun-79,0.5906,0.5917,0.5902,0.5909,1211,5397,0,0
12-Jun-79,0.5885,0.5917,0.5882,0.5912,2484,5856,0,0
11-Jun-79,0.5905,0.5905,0.5897,0.5902,1064,5969,0,0
8-Jun-79,0.5911,0.5932,0.5909,0.5917,1414,6161,0,0
7-Jun-79,0.5895,0.5928,0.589,0.5911,1235,6122,0,0
6-Jun-79,0.59,0.5909,0.589,0.5906,859,6302,0,0
5-Jun-79,0.5926,0.5929,0.5903,0.5905,1124,6250,0,0
4-Jun-79,0.5925,0.5933,0.5923,0.5932,908,6186,0,0
1-Jun-79,0.579,0.5797,0.5787,0.5793,703,6536,0,0
31-May-79,0.5837,0.5837,0.5793,0.5805,3052,6550,0,0
30-May-79,0.5769,0.5875,0.5769,0.585,4949,7977,0,0
29-May-79,0.5772,0.5778,0.5764,0.5772,1531,8413,0,0
25-May-79,0.5795,0.5797,0.578,0.5789,594,8361,0,0
24-May-79,0.5796,0.5806,0.579,0.5798,398,8346,0,0
23-May-79,0.5782,0.5808,0.5777,0.5801,1572,8430,0,0
22-May-79,0.5805,0.5805,0.5782,0.5797,1615,8104,0,0
21-May-79,0.5779,0.5807,0.5778,0.5799,2151,8048,0,0
18-May-79,0.5784,0.5796,0.5778,0.578,1919,8829,0,0
17-May-79,0.5828,0.5829,0.5803,0.5806,1884,8393,0,0
16-May-79,0.5836,0.5841,0.5824,0.5834,1680,7351,0,0
15-May-79,0.5847,0.5848,0.5827,0.583,2434,6938,0,0
14-May-79,0.5873,0.5873,0.5859,0.586,1062,5885,0,0
11-May-79,0.5868,0.5899,0.5863,0.5898,1154,5825,0,0
10-May-79,0.587,0.5879,0.5868,0.5877,470,5799,0,0
9-May-79,0.59,0.5902,0.5888,0.5894,688,5885,0,0
8-May-79,0.5901,0.591,0.5895,0.5901,1471,5893,0,0
7-May-79,0.5892,0.5908,0.5892,0.5905,2594,6121,0,0
4-May-79,0.5875,0.5886,0.5868,0.5882,1254,7266,0,0
3-May-79,0.587,0.5879,0.5865,0.5874,1060,7595,0,0
2-May-79,0.588,0.5882,0.5855,0.5862,2176,7340,0,0
1-May-79,0.588,0.5902,0.5878,0.588,1178,6230,0,0
30-Apr-79,0.5875,0.5895,0.5862,0.5887,1964,6232,0,0
27-Apr-79,0.5908,0.5913,0.589,0.5899,1060,5822,0,0
26-Apr-79,0.5905,0.5925,0.5901,0.5915,921,5774,0,0
25-Apr-79,0.5909,0.5931,0.5908,0.5926,1102,5855,0,0
24-Apr-79,0.5912,0.5915,0.5896,0.59,835,6199,0,0
23-Apr-79,0.589,0.5909,0.589,0.5906,1601,6527,0,0
20-Apr-79,0.5885,0.5889,0.5873,0.5886,1571,6972,0,0
19-Apr-79,0.5955,0.5955,0.5904,0.5907,1822,6596,0,0
18-Apr-79,0.5925,0.5949,0.5913,0.5947,3129,6344,0,0
17-Apr-79,0.5888,0.5909,0.588,0.589,2395,7331,0,0
16-Apr-79,0.5865,0.588,0.5859,0.5871,1604,8124,0,0
12-Apr-79,0.5902,0.5902,0.5875,0.5884,1666,7269,0,0
11-Apr-79,0.5923,0.5946,0.5918,0.5927,1299,6334,0,0
10-Apr-79,0.5911,0.593,0.5906,0.5917,1759,6468,0,0
9-Apr-79,0.591,0.5912,0.5888,0.589,1902,6910,0,0
6-Apr-79,0.5942,0.5951,0.5934,0.5947,1253,5854,0,0
5-Apr-79,0.5976,0.5977,0.5947,0.5952,1557,5711,0,0
4-Apr-79,0.5985,0.599,0.5973,0.5988,930,5142,0,0
3-Apr-79,0.599,0.5996,0.5965,0.5986,1144,5266,0,0
2-Apr-79,0.5991,0.6001,0.5984,0.5985,680,4839,0,0
30-Mar-79,0.603,0.6032,0.6009,0.6026,1222,4640,0,0
29-Mar-79,0.6052,0.6056,0.604,0.6054,998,4395,0,0
28-Mar-79,0.608,0.608,0.6073,0.6078,189,4180,0,0
27-Mar-79,0.608,0.6081,0.606,0.6068,475,4195,0,0
26-Mar-79,0.6098,0.6103,0.6087,0.6098,987,4165,0,0
23-Mar-79,0.607,0.6072,0.6053,0.6061,573,4415,0,0
22-Mar-79,0.6076,0.6088,0.6065,0.607,776,4161,0,0
21-Mar-79,0.6058,0.6097,0.6045,0.6093,2175,4285,0,0
20-Mar-79,0.6108,0.6109,0.606,0.6063,1330,4538,0,0
19-Mar-79,0.61,0.6108,0.609,0.6091,1037,4557,0,0
16-Mar-79,0.611,0.6112,0.6096,0.6099,823,4513,0,0
15-Mar-79,0.6128,0.6132,0.6107,0.6123,736,4397,0,0
14-Mar-79,0.6117,0.613,0.6108,0.612,685,4475,0,0
13-Mar-79,0.6117,0.6118,0.6098,0.6108,1228,4649,0,0
12-Mar-79,0.6148,0.6148,0.6138,0.6139,280,4665,0,0
9-Mar-79,0.616,0.6172,0.6148,0.616,350,4739,0,0
8-Mar-79,0.616,0.6182,0.6156,0.616,434,4758,0,0
7-Mar-79,0.6152,0.6185,0.6152,0.618,962,4782,0,0
6-Mar-79,0.6149,0.6151,0.6139,0.6144,256,4924,0,0
5-Mar-79,0.6138,0.6138,0.6128,0.6132,990,5071,0,0
2-Mar-79,0.6152,0.6155,0.612,0.6122,1820,5144,0,0
1-Mar-79,0.615,0.6165,0.6145,0.6159,1197,5474,0,0
28-Feb-79,0.6199,0.6201,0.6138,0.6186,1840,6074,0,0
27-Feb-79,0.6212,0.6215,0.6197,0.6204,666,6209,0,0
26-Feb-79,0.6053,0.6064,0.6037,0.6039,1544,6150,0,0
23-Feb-79,0.6027,0.6066,0.602,0.6056,1339,5997,0,0
22-Feb-79,0.6025,0.6029,0.6017,0.602,643,5801,0,0
21-Feb-79,0.6018,0.6025,0.6012,0.6018,500,5644,0,0
20-Feb-79,0.6033,0.6044,0.6016,0.6027,402,5640,0,0
16-Feb-79,0.6044,0.6046,0.6013,0.6024,542,5705,0,0
15-Feb-79,0.6034,0.6058,0.603,0.6044,1163,5681,0,0
14-Feb-79,0.6014,0.603,0.6012,0.6025,1000,5694,0,0
13-Feb-79,0.6007,0.6067,0.6,0.6033,1996,5870,0,0
12-Feb-79,0.6075,0.6105,0.6053,0.6104,1145,6099,0,0
9-Feb-79,0.6082,0.6106,0.6072,0.6089,1526,5984,0,0
8-Feb-79,0.61,0.6112,0.604,0.6052,4230,6193,0,0
7-Feb-79,0.6098,0.6165,0.608,0.6155,3610,5963,0,0
6-Feb-79,0.599,0.605,0.5984,0.6028,1749,5267,0,0
5-Feb-79,0.597,0.6023,0.5967,0.6021,2301,5296,0,0
2-Feb-79,0.5906,0.5933,0.5896,0.593,1396,5217,0,0
1-Feb-79,0.593,0.5947,0.5905,0.5944,1945,5096,0,0
31-Jan-79,0.6002,0.6003,0.5934,0.5944,1776,4986,0,0
30-Jan-79,0.601,0.6019,0.5994,0.5997,1175,4745,0,0
29-Jan-79,0.6,0.6018,0.5999,0.6016,899,4628,0,0
26-Jan-79,0.6033,0.6033,0.5995,0.5998,1125,4676,0,0
25-Jan-79,0.599,0.6029,0.5979,0.6028,1620,4688,0,0
24-Jan-79,0.606,0.6077,0.6055,0.6074,1348,4889,0,0
23-Jan-79,0.6055,0.606,0.6038,0.6045,723,4507,0,0
22-Jan-79,0.608,0.6092,0.6052,0.6074,1242,4632,0,0
19-Jan-79,0.6088,0.6095,0.607,0.6085,1140,4671,0,0
18-Jan-79,0.6075,0.6137,0.6075,0.6113,2081,4594,0,0
17-Jan-79,0.6096,0.6125,0.6075,0.6119,1313,4336,0,0
16-Jan-79,0.6018,0.6098,0.6018,0.6084,1552,4257,0,0
15-Jan-79,0.5995,0.6003,0.5984,0.5999,673,4303,0,0
12-Jan-79,0.6026,0.6055,0.6025,0.6049,1091,4393,0,0
11-Jan-79,0.615,0.6155,0.6034,0.6056,2443,4382,0,0
10-Jan-79,0.612,0.615,0.6116,0.6133,1652,4417,0,0
9-Jan-79,0.6215,0.6215,0.611,0.6117,1429,4433,0,0
8-Jan-79,0.623,0.6238,0.6217,0.622,462,4448,0,0
5-Jan-79,0.6193,0.6216,0.6192,0.6202,500,4507,0,0
4-Jan-79,0.619,0.623,0.618,0.6203,1040,4539,0,0
3-Jan-79,0.6175,0.623,0.6161,0.6214,1494,4487,0,0
2-Jan-79,0.638,0.6386,0.6309,0.6311,1103,4923,0,0
29-Dec-78,0.6335,0.6368,0.6328,0.6347,931,4913,0,0
28-Dec-78,0.6333,0.6358,0.6286,0.6334,1064,4810,0,0
27-Dec-78,0.6325,0.6364,0.6316,0.6344,1149,4667,0,0
26-Dec-78,0.6242,0.6268,0.6235,0.6267,237,4542,0,0
22-Dec-78,0.6245,0.6251,0.622,0.6231,326,4727,0,0
21-Dec-78,0.621,0.6233,0.6208,0.6231,1044,4673,0,0
20-Dec-78,0.6285,0.6305,0.6257,0.6285,1420,4381,0,0
19-Dec-78,0.6285,0.6295,0.6251,0.6286,2107,4329,0,0
18-Dec-78,0.6201,0.6201,0.6201,0.6201,192,4735,0,0
15-Dec-78,0.6105,0.612,0.6098,0.6101,1479,4847,0,0
14-Dec-78,0.6085,0.6112,0.6083,0.6111,1320,4703,0,0
13-Dec-78,0.6037,0.6058,0.6026,0.6054,926,4563,0,0
12-Dec-78,0.607,0.6099,0.6068,0.6079,992,4789,0,0
11-Dec-78,0.6095,0.6114,0.6086,0.6089,1277,4880,0,0
8-Dec-78,0.6052,0.6085,0.6045,0.6083,1568,4778,0,0
7-Dec-78,0.6045,0.606,0.6027,0.6047,779,4470,0,0
6-Dec-78,0.604,0.6055,0.602,0.6039,872,4367,0,0
5-Dec-78,0.6005,0.6058,0.6005,0.6051,1165,4479,0,0
4-Dec-78,0.6005,0.605,0.6005,0.6033,1301,4642,0,0
1-Dec-78,0.5923,0.5961,0.5923,0.595,971,4508,0,0
30-Nov-78,0.5968,0.597,0.5944,0.5954,819,4458,0,0
29-Nov-78,0.5966,0.604,0.5955,0.5996,1367,4486,0,0
28-Nov-78,0.5945,0.5985,0.5938,0.5956,614,4464,0,0
27-Nov-78,0.5769,0.5823,0.5769,0.582,574,4524,0,0
22-Nov-78,0.5817,0.588,0.5809,0.5869,501,4447,0,0
21-Nov-78,0.5845,0.588,0.5812,0.5829,2016,4481,0,0
20-Nov-78,0.5763,0.5812,0.5763,0.579,1460,4583,0,0
17-Nov-78,0.5913,0.5913,0.5913,0.5913,590,4845,0,0
16-Nov-78,0.605,0.6055,0.6013,0.6013,867,4641,0,0
15-Nov-78,0.6165,0.617,0.6109,0.6113,1045,4774,0,0
14-Nov-78,0.62,0.6202,0.6182,0.6193,571,4780,0,0
13-Nov-78,0.618,0.6212,0.618,0.6202,777,4806,0,0
10-Nov-78,0.62,0.6245,0.6185,0.6207,1663,4904,0,0
9-Nov-78,0.6245,0.6246,0.6178,0.6243,3330,4842,0,0
8-Nov-78,0.6226,0.6226,0.6226,0.6226,604,4720,0,0
6-Nov-78,0.6125,0.616,0.6119,0.6126,2394,4873,0,0
3-Nov-78,0.6372,0.6372,0.6372,0.6372,247,5468,0,0
2-Nov-78,0.6572,0.6572,0.6572,0.6572,186,5536,0,0
1-Nov-78,0.6722,0.6722,0.6722,0.6722,531,5589,0,0
31-Oct-78,0.688,0.688,0.6822,0.6822,1547,5758,0,0
30-Oct-78,0.6815,0.6922,0.6813,0.6922,2273,5998,0,0
27-Oct-78,0.6745,0.683,0.6715,0.6822,1843,5874,0,0
26-Oct-78,0.6718,0.6782,0.6685,0.6781,2509,5827,0,0
25-Oct-78,0.6703,0.6703,0.6675,0.6703,1246,5753,0,0
24-Oct-78,0.662,0.6662,0.6587,0.6603,1712,5705,0,0
23-Oct-78,0.661,0.671,0.6585,0.6647,2183,5518,0,0
20-Oct-78,0.6723,0.6723,0.6666,0.6682,1436,5477,0,0
19-Oct-78,0.6621,0.6664,0.6621,0.6623,1820,5632,0,0
18-Oct-78,0.675,0.6755,0.6687,0.6721,1951,5866,0,0
17-Oct-78,0.6745,0.679,0.6675,0.6704,3320,5708,0,0
16-Oct-78,0.664,0.677,0.6625,0.6755,1973,5213,0,0
13-Oct-78,0.6635,0.6679,0.6618,0.6672,2087,5030,0,0
12-Oct-78,0.6625,0.6633,0.6565,0.6579,2271,5167,0,0
11-Oct-78,0.6573,0.6573,0.6562,0.6573,675,5405,0,0
10-Oct-78,0.6445,0.65,0.6442,0.6473,1795,5289,0,0
9-Oct-78,0.6415,0.6478,0.6396,0.6474,1653,5232,0,0
6-Oct-78,0.641,0.6433,0.636,0.6378,1569,5417,0,0
5-Oct-78,0.641,0.6435,0.6378,0.643,1813,5435,0,0
4-Oct-78,0.6544,0.6555,0.638,0.6444,2642,5389,0,0
3-Oct-78,0.644,0.6515,0.6433,0.648,3235,5118,0,0
2-Oct-78,0.6545,0.6545,0.6545,0.6545,235,4592,0,0
29-Sep-78,0.6645,0.6645,0.6645,0.6645,322,4698,0,0
28-Sep-78,0.6795,0.6805,0.6732,0.6745,2003,4826,0,0
27-Sep-78,0.6775,0.6853,0.6755,0.6832,2477,5116,0,0
26-Sep-78,0.6951,0.6951,0.6755,0.679,2730,4878,0,0
25-Sep-78,0.676,0.686,0.6753,0.6851,1898,4489,0,0
22-Sep-78,0.6688,0.6803,0.6688,0.6774,2475,4453,0,0
21-Sep-78,0.6653,0.6653,0.6653,0.6653,276,4512,0,0
20-Sep-78,0.6553,0.6553,0.6553,0.6553,353,4482,0,0
19-Sep-78,0.6495,0.6528,0.6451,0.6453,2303,4512,0,0
18-Sep-78,0.6425,0.6496,0.6425,0.6489,1885,4689,0,0
15-Sep-78,0.6425,0.6465,0.6391,0.6396,1942,4639,0,0
14-Sep-78,0.6365,0.642,0.6355,0.641,3093,4595,0,0
13-Sep-78,0.634,0.64,0.634,0.64,1009,4431,0,0
12-Sep-78,0.6315,0.6327,0.6291,0.63,1444,4663,0,0
11-Sep-78,0.626,0.6313,0.6254,0.6278,1785,4983,0,0
8-Sep-78,0.6288,0.6291,0.6241,0.6257,1831,4842,0,0
7-Sep-78,0.633,0.6336,0.6277,0.6282,1797,4316,0,0
6-Sep-78,0.6313,0.6367,0.6309,0.6349,1428,4023,0,0
5-Sep-78,0.6335,0.637,0.6315,0.6368,1975,4054,0,0
1-Sep-78,0.629,0.6309,0.629,0.6309,697,4135,0,0
31-Aug-78,0.6252,0.6252,0.6213,0.6219,1204,4171,0,0
30-Aug-78,0.6192,0.6192,0.614,0.6192,1529,4022,0,0
29-Aug-78,0.6042,0.6132,0.603,0.6132,917,3889,0,0
28-Aug-78,0.5978,0.598,0.5933,0.5933,770,3817,0,0
25-Aug-78,0.5993,0.601,0.5993,0.5993,949,3882,0,0
24-Aug-78,0.6075,0.6088,0.605,0.6053,1184,4180,0,0
23-Aug-78,0.599,0.6067,0.5988,0.6058,2246,4182,0,0
22-Aug-78,0.612,0.612,0.6029,0.603,1754,4428,0,0
21-Aug-78,0.6038,0.6115,0.6038,0.6089,1567,4440,0,0
18-Aug-78,0.6215,0.624,0.6128,0.6128,2101,4529,0,0
17-Aug-78,0.6188,0.6188,0.6188,0.6188,389,4314,0,0
16-Aug-78,0.6303,0.6395,0.6184,0.6248,3851,4376,0,0
15-Aug-78,0.6283,0.6283,0.6185,0.6283,3530,4410,0,0
14-Aug-78,0.6163,0.6163,0.6163,0.6163,513,4187,0,0
11-Aug-78,0.606,0.6073,0.6058,0.6073,785,4175,0,0
10-Aug-78,0.5965,0.6013,0.5965,0.6013,1317,4183,0,0
9-Aug-78,0.601,0.6018,0.5928,0.5953,2396,4135,0,0
8-Aug-78,0.595,0.5981,0.594,0.598,1789,4122,0,0
7-Aug-78,0.592,0.5948,0.5898,0.5942,2084,4209,0,0
4-Aug-78,0.5903,0.5935,0.5853,0.5931,2297,3977,0,0
3-Aug-78,0.59,0.5913,0.5853,0.5875,2974,4001,0,0
2-Aug-78,0.587,0.5883,0.5846,0.5883,1490,3714,0,0
1-Aug-78,0.5863,0.588,0.5785,0.5823,2900,3741,0,0
31-Jul-78,0.579,0.579,0.5776,0.579,754,3931,0,0
28-Jul-78,0.573,0.573,0.5685,0.573,1006,3918,0,0
27-Jul-78,0.5637,0.5671,0.5622,0.567,1835,4122,0,0
26-Jul-78,0.5665,0.5679,0.5641,0.5657,1657,4047,0,0
25-Jul-78,0.5665,0.5698,0.5664,0.5677,1133,4188,0,0
24-Jul-78,0.5705,0.5718,0.5667,0.5677,1620,4172,0,0
21-Jul-78,0.564,0.5673,0.5618,0.5673,2157,4095,0,0
20-Jul-78,0.5568,0.5615,0.5568,0.5613,1365,3651,0,0
19-Jul-78,0.5552,0.5588,0.5543,0.5583,1230,3414,0,0
18-Jul-78,0.552,0.5554,0.5515,0.5544,1507,3368,0,0
17-Jul-78,0.5547,0.5555,0.5533,0.5533,1187,3290,0,0
14-Jul-78,0.558,0.5603,0.5574,0.5593,525,3403,0,0
13-Jul-78,0.5603,0.561,0.5572,0.5588,513,3361,0,0
12-Jul-78,0.5565,0.5575,0.5554,0.5559,714,3412,0,0
11-Jul-78,0.5583,0.5597,0.558,0.5588,671,3500,0,0
10-Jul-78,0.5623,0.5623,0.5604,0.562,1040,3419,0,0
7-Jul-78,0.557,0.5579,0.5549,0.5563,989,3448,0,0
6-Jul-78,0.5551,0.5552,0.5521,0.5521,1357,3395,0,0
5-Jul-78,0.5601,0.5601,0.5564,0.5581,1108,3562,0,0
3-Jul-78,0.5521,0.5541,0.5521,0.5541,668,3640,0,0
30-Jun-78,0.5465,0.55,0.5455,0.5481,1076,3745,0,0
29-Jun-78,0.548,0.5485,0.5461,0.5471,1227,3697,0,0
28-Jun-78,0.5465,0.548,0.5445,0.5455,1751,3771,0,0
27-Jun-78,0.5435,0.5462,0.5426,0.5454,920,3608,0,0
26-Jun-78,0.5461,0.5465,0.5435,0.544,888,3419,0,0
23-Jun-78,0.5441,0.5468,0.5435,0.5453,920,3564,0,0
22-Jun-78,0.5438,0.5442,0.5402,0.5416,1216,3475,0,0
21-Jun-78,0.5453,0.5463,0.5441,0.5462,1439,3539,0,0
20-Jun-78,0.5425,0.5446,0.541,0.5446,1657,3250,0,0
19-Jun-78,0.5375,0.5392,0.5369,0.5386,889,3425,0,0
16-Jun-78,0.536,0.5385,0.5355,0.5364,883,3395,0,0
15-Jun-78,0.5345,0.5359,0.5331,0.5337,1105,3604,0,0
14-Jun-78,0.5392,0.54,0.5374,0.538,729,3621,0,0
13-Jun-78,0.5397,0.5397,0.5361,0.5383,952,3690,0,0
12-Jun-78,0.5365,0.5402,0.5355,0.5384,1040,3728,0,0
9-Jun-78,0.535,0.5388,0.534,0.5384,477,3594,0,0
8-Jun-78,0.539,0.5392,0.5367,0.5374,547,3586,0,0
7-Jun-78,0.532,0.5348,0.5318,0.5332,911,3733,0,0
6-Jun-78,0.528,0.5347,0.528,0.5335,1525,3868,0,0
5-Jun-78,0.5417,0.5419,0.5323,0.5333,1245,3858,0,0
2-Jun-78,0.5415,0.5438,0.5388,0.5393,1335,3949,0,0
1-Jun-78,0.5295,0.5339,0.5291,0.5325,1871,4005,0,0
31-May-78,0.5289,0.5289,0.5276,0.5289,887,3956,0,0
30-May-78,0.5205,0.523,0.52,0.5229,1281,4118,0,0
26-May-78,0.5141,0.5173,0.5137,0.517,1526,4095,0,0
25-May-78,0.5105,0.5145,0.5103,0.5136,1755,4179,0,0
24-May-78,0.5105,0.5113,0.5094,0.5096,692,4180,0,0
23-May-78,0.51,0.511,0.5083,0.5092,1472,4183,0,0
22-May-78,0.5065,0.5096,0.5065,0.5095,693,4533,0,0
19-May-78,0.5095,0.5113,0.507,0.5092,1182,4668,0,0
18-May-78,0.5095,0.5122,0.5093,0.5122,1846,4619,0,0
17-May-78,0.5048,0.5073,0.5034,0.5062,1740,4818,0,0
16-May-78,0.5045,0.5052,0.5025,0.5037,1381,4765,0,0
15-May-78,0.5055,0.5061,0.5034,0.504,810,4452,0,0
12-May-78,0.5076,0.5086,0.5046,0.5053,1064,4274,0,0
11-May-78,0.51,0.5106,0.5086,0.5089,956,3993,0,0
10-May-78,0.5117,0.5138,0.511,0.5114,1165,3934,0,0
9-May-78,0.5087,0.512,0.5076,0.51,1585,3971,0,0
8-May-78,0.5119,0.5122,0.5119,0.5119,619,3573,0,0
5-May-78,0.5172,0.519,0.516,0.5179,987,3763,0,0
4-May-78,0.519,0.5204,0.5178,0.5202,1827,3619,0,0
3-May-78,0.5145,0.5168,0.512,0.5145,2151,4095,0,0
2-May-78,0.515,0.5153,0.5108,0.5108,1767,4270,0,0
1-May-78,0.5193,0.5193,0.5161,0.5168,390,3811,0,0
28-Apr-78,0.5223,0.5223,0.5168,0.5181,1332,3772,0,0
27-Apr-78,0.518,0.5229,0.518,0.522,2182,3674,0,0
26-Apr-78,0.5145,0.517,0.511,0.5169,1618,4000,0,0
25-Apr-78,0.5155,0.5169,0.5136,0.5138,1178,4055,0,0
24-Apr-78,0.5144,0.517,0.5137,0.5154,902,3696,0,0
21-Apr-78,0.5132,0.518,0.513,0.5158,1504,3720,0,0
20-Apr-78,0.5172,0.5172,0.5172,0.5172,403,3588,0,0
19-Apr-78,0.5292,0.5298,0.5224,0.5232,1584,3806,0,0
18-Apr-78,0.5295,0.5308,0.5269,0.5275,1181,3940,0,0
17-Apr-78,0.533,0.5333,0.5314,0.5314,1089,3902,0,0
14-Apr-78,0.5388,0.5398,0.5352,0.5374,1082,3709,0,0
13-Apr-78,0.5416,0.5422,0.5392,0.5404,1414,3504,0,0
12-Apr-78,0.544,0.5454,0.543,0.5442,767,3281,0,0
11-Apr-78,0.546,0.5492,0.5428,0.549,643,3293,0,0
10-Apr-78,0.5465,0.5476,0.5455,0.5473,467,3362,0,0
7-Apr-78,0.5435,0.5456,0.5418,0.5426,467,3281,0,0
6-Apr-78,0.5426,0.5449,0.5421,0.5445,626,3227,0,0
5-Apr-78,0.5406,0.5459,0.5404,0.5458,1037,3272,0,0
4-Apr-78,0.543,0.544,0.5385,0.5399,1655,3354,0,0
3-Apr-78,0.5526,0.5526,0.544,0.5445,1111,3225,0,0
31-Mar-78,0.5445,0.5466,0.5445,0.5466,295,3246,0,0
30-Mar-78,0.537,0.541,0.537,0.5406,583,3239,0,0
29-Mar-78,0.54,0.5423,0.5376,0.5421,857,3179,0,0
28-Mar-78,0.5425,0.5427,0.5375,0.539,778,3167,0,0
27-Mar-78,0.5367,0.5386,0.5367,0.5386,129,3067,0,0
23-Mar-78,0.533,0.5335,0.5305,0.5326,504,3157,0,0
22-Mar-78,0.528,0.532,0.5275,0.5318,744,3080,0,0
21-Mar-78,0.5249,0.5269,0.5249,0.5266,733,3197,0,0
20-Mar-78,0.5325,0.5325,0.5309,0.5309,396,3174,0,0
17-Mar-78,0.5392,0.5392,0.5322,0.5369,1218,3284,0,0
16-Mar-78,0.5302,0.5302,0.5302,0.5302,92,3216,0,0
15-Mar-78,0.523,0.5242,0.5223,0.5242,641,3245,0,0
14-Mar-78,0.5215,0.5242,0.5179,0.5182,1188,3331,0,0
13-Mar-78,0.5179,0.5255,0.5179,0.5218,2066,3998,0,0
10-Mar-78,0.5269,0.5269,0.5269,0.5269,228,4328,0,0
9-Mar-78,0.5329,0.5329,0.5329,0.5329,307,4406,0,0
8-Mar-78,0.541,0.543,0.537,0.5389,1900,4423,0,0
7-Mar-78,0.5419,0.5456,0.5419,0.5419,1500,4460,0,0
6-Mar-78,0.5415,0.5485,0.5398,0.5479,2052,4509,0,0
3-Mar-78,0.55,0.554,0.5488,0.5488,1750,4703,0,0
2-Mar-78,0.56,0.56,0.5548,0.5548,1957,5132,0,0
1-Mar-78,0.5615,0.567,0.5569,0.5608,4066,5045,0,0
28-Feb-78,0.55,0.5629,0.5497,0.5629,3359,4720,0,0
27-Feb-78,0.5539,0.5539,0.5539,0.5539,429,4168,0,0
24-Feb-78,0.5719,0.5719,0.5599,0.5599,2587,4273,0,0
23-Feb-78,0.5659,0.5659,0.5659,0.5659,300,4582,0,0
22-Feb-78,0.5573,0.5616,0.5569,0.5599,1918,4619,0,0
21-Feb-78,0.5554,0.5554,0.5554,0.5554,498,4662,0,0
17-Feb-78,0.5423,0.5468,0.5415,0.5464,1521,4923,0,0
16-Feb-78,0.5395,0.5409,0.5368,0.5409,1621,4937,0,0
15-Feb-78,0.5244,0.5254,0.523,0.5252,1454,4700,0,0
14-Feb-78,0.5242,0.5245,0.5203,0.5207,1719,4487,0,0
13-Feb-78,0.5198,0.5227,0.5192,0.5221,1804,4435,0,0
10-Feb-78,0.514,0.5176,0.5137,0.5176,2029,4041,0,0
9-Feb-78,0.5127,0.514,0.5121,0.5139,680,3823,0,0
8-Feb-78,0.5124,0.513,0.5112,0.5122,640,3862,0,0
7-Feb-78,0.5134,0.5135,0.5117,0.5122,665,3763,0,0
6-Feb-78,0.5138,0.5139,0.5124,0.5127,552,3707,0,0
3-Feb-78,0.5121,0.5125,0.5104,0.5115,849,3718,0,0
2-Feb-78,0.5085,0.5103,0.5084,0.5099,436,3842,0,0
1-Feb-78,0.508,0.508,0.5068,0.5077,425,3813,0,0
31-Jan-78,0.5099,0.5099,0.507,0.5087,1272,3752,0,0
30-Jan-78,0.508,0.5089,0.502,0.5039,960,3752,0,0
27-Jan-78,0.5103,0.511,0.5061,0.5065,878,3660,0,0
26-Jan-78,0.5115,0.5116,0.5087,0.5087,1114,3465,0,0
25-Jan-78,0.515,0.516,0.5141,0.5147,775,3480,0,0
24-Jan-78,0.5111,0.5143,0.51,0.513,1252,3439,0,0
23-Jan-78,0.5072,0.5096,0.5068,0.5094,700,3200,0,0
20-Jan-78,0.5055,0.5059,0.5033,0.5057,802,3239,0,0
19-Jan-78,0.5042,0.5064,0.5042,0.5057,929,3135,0,0
18-Jan-78,0.5014,0.5033,0.5014,0.5014,638,3200,0,0
17-Jan-78,0.508,0.5089,0.5071,0.5074,846,3257,0,0
16-Jan-78,0.5126,0.5138,0.511,0.5131,646,3209,0,0
13-Jan-78,0.51,0.5134,0.5091,0.5131,841,3253,0,0
12-Jan-78,0.5142,0.5142,0.506,0.5081,1651,3304,0,0
11-Jan-78,0.5082,0.5082,0.5082,0.5082,472,3258,0,0
10-Jan-78,0.503,0.5038,0.5016,0.5022,404,3488,0,0
9-Jan-78,0.4995,0.503,0.4994,0.5016,1324,3581,0,0
6-Jan-78,0.505,0.5077,0.4961,0.504,1767,4318,0,0
5-Jan-78,0.5019,0.5019,0.5019,0.5019,443,4372,0,0
4-Jan-78,0.5199,0.5199,0.5079,0.5079,1024,4453,0,0
3-Jan-78,0.5139,0.5139,0.5139,0.5139,344,4421,0,0
30-Dec-77,0.506,0.5094,0.5059,0.5079,1043,4430,0,0
29-Dec-77,0.501,0.5049,0.5002,0.5048,1068,4219,0,0
28-Dec-77,0.4989,0.4989,0.4951,0.4989,1171,4280,0,0
27-Dec-77,0.4933,0.4933,0.4912,0.4929,655,4141,0,0
23-Dec-77,0.4955,0.497,0.4951,0.4959,328,4173,0,0
22-Dec-77,0.4929,0.4994,0.4929,0.4985,2119,4117,0,0
21-Dec-77,0.5025,0.5028,0.4965,0.4989,1748,3272,0,0
20-Dec-77,0.5035,0.5038,0.4967,0.4977,1883,3177,0,0
19-Dec-77,0.4973,0.4985,0.4973,0.4985,527,3477,0,0
16-Dec-77,0.49,0.4927,0.4899,0.4925,888,3599,0,0
15-Dec-77,0.4835,0.4902,0.4835,0.4899,757,3298,0,0
14-Dec-77,0.4881,0.4881,0.4842,0.4869,950,3288,0,0
13-Dec-77,0.4813,0.4827,0.4808,0.4821,863,3212,0,0
12-Dec-77,0.4778,0.4781,0.4762,0.4767,470,3252,0,0
9-Dec-77,0.4722,0.4762,0.4722,0.4735,1181,3328,0,0
8-Dec-77,0.478,0.478,0.4722,0.4739,1063,3161,0,0
7-Dec-77,0.4762,0.4784,0.4758,0.4782,508,3262,0,0
6-Dec-77,0.4765,0.4782,0.4748,0.4777,1278,3271,0,0
5-Dec-77,0.476,0.4773,0.4754,0.4771,992,3214,0,0
2-Dec-77,0.4738,0.4747,0.4727,0.4733,662,3302,0,0
1-Dec-77,0.4722,0.4735,0.4716,0.4726,621,3376,0,0
30-Nov-77,0.4675,0.4697,0.4667,0.4688,1085,3341,0,0
29-Nov-77,0.4703,0.471,0.4669,0.4683,1358,3161,0,0
28-Nov-77,0.4698,0.4731,0.4689,0.4722,844,3305,0,0
25-Nov-77,0.464,0.4647,0.4639,0.464,693,3186,0,0
23-Nov-77,0.4588,0.4588,0.4578,0.4587,375,3170,0,0
22-Nov-77,0.4568,0.4578,0.4566,0.4574,326,3124,0,0
21-Nov-77,0.457,0.4573,0.4557,0.4564,593,3121,0,0
18-Nov-77,0.4556,0.4573,0.4552,0.4571,555,3211,0,0
17-Nov-77,0.455,0.4558,0.4546,0.4546,721,2995,0,0
16-Nov-77,0.4555,0.4555,0.4537,0.4548,327,3010,0,0
15-Nov-77,0.4563,0.4563,0.4545,0.4554,725,3060,0,0
14-Nov-77,0.4559,0.4568,0.4546,0.4548,587,3218,0,0
11-Nov-77,0.4535,0.4544,0.4535,0.4539,159,3339,0,0
10-Nov-77,0.453,0.4545,0.452,0.4536,489,3352,0,0
9-Nov-77,0.4539,0.454,0.4507,0.4519,668,3385,0,0
8-Nov-77,0.452,0.4553,0.4519,0.4538,498,3396,0,0
7-Nov-77,0.4538,0.4543,0.4523,0.4529,629,3364,0,0
4-Nov-77,0.4524,0.4541,0.4524,0.453,416,3224,0,0
3-Nov-77,0.4538,0.4556,0.45,0.4527,1113,3169,0,0
2-Nov-77,0.4538,0.4549,0.4528,0.4545,445,3214,0,0
1-Nov-77,0.4545,0.4566,0.4533,0.4564,609,3129,0,0
31-Oct-77,0.4512,0.4528,0.4506,0.4517,380,3107,0,0
28-Oct-77,0.4492,0.45,0.4487,0.4496,392,3052,0,0
27-Oct-77,0.4515,0.4515,0.4472,0.4493,1366,3114,0,0
26-Oct-77,0.4506,0.4518,0.4501,0.4512,672,3294,0,0
25-Oct-77,0.4514,0.4518,0.4497,0.4516,975,3287,0,0
24-Oct-77,0.452,0.4531,0.4518,0.4529,1480,3336,0,0
21-Oct-77,0.4475,0.4497,0.4468,0.4494,820,3073,0,0
20-Oct-77,0.445,0.4479,0.445,0.4468,986,2795,0,0
19-Oct-77,0.4487,0.4487,0.4422,0.4435,1316,2729,0,0
18-Oct-77,0.4462,0.4484,0.4462,0.4482,717,2853,0,0
17-Oct-77,0.445,0.4463,0.4448,0.446,411,2836,0,0
14-Oct-77,0.4428,0.4452,0.4415,0.4441,604,2817,0,0
13-Oct-77,0.4407,0.4415,0.4387,0.4395,701,2824,0,0
12-Oct-77,0.4375,0.4394,0.4372,0.4393,698,2740,0,0
11-Oct-77,0.4377,0.438,0.4359,0.436,648,2584,0,0
10-Oct-77,0.4385,0.4404,0.4369,0.4396,488,2823,0,0
7-Oct-77,0.4374,0.4384,0.4363,0.4377,389,2670,0,0
6-Oct-77,0.4343,0.4363,0.4338,0.4354,784,2657,0,0
5-Oct-77,0.4321,0.4335,0.4314,0.433,481,2446,0,0
4-Oct-77,0.4315,0.4332,0.4315,0.4318,324,2251,0,0
3-Oct-77,0.4322,0.4333,0.432,0.4323,360,2132,0,0
30-Sep-77,0.4314,0.4315,0.4297,0.43,334,2124,0,0
29-Sep-77,0.4311,0.4322,0.4307,0.4308,551,2219,0,0
28-Sep-77,0.4294,0.4299,0.429,0.4295,715,1983,0,0
27-Sep-77,0.427,0.4283,0.4267,0.4276,914,2261,0,0
26-Sep-77,0.43,0.4309,0.4292,0.4298,921,2444,0,0
23-Sep-77,0.4269,0.429,0.4268,0.4283,991,2692,0,0
22-Sep-77,0.4282,0.429,0.4268,0.4272,533,2272,0,0
21-Sep-77,0.4259,0.428,0.4255,0.4279,1308,2329,0,0
20-Sep-77,0.4261,0.427,0.4257,0.4265,832,1731,0,0
19-Sep-77,0.4247,0.4249,0.4241,0.4247,603,1840,0,0
16-Sep-77,0.4238,0.424,0.4237,0.4239,228,1670,0,0
15-Sep-77,0.4236,0.4237,0.423,0.4231,81,1607,0,0
14-Sep-77,0.4225,0.4235,0.4225,0.4235,210,1614,0,0
13-Sep-77,0.4231,0.4233,0.4228,0.423,46,1602,0,0
12-Sep-77,0.4227,0.4235,0.4227,0.423,186,1622,0,0
9-Sep-77,0.4233,0.4241,0.4232,0.4234,277,1639,0,0
8-Sep-77,0.4249,0.4249,0.4236,0.4239,298,1594,0,0
7-Sep-77,0.4235,0.425,0.4235,0.4247,336,1652,0,0
6-Sep-77,0.4222,0.4228,0.4222,0.4222,52,1614,0,0
2-Sep-77,0.423,0.4234,0.4229,0.4229,87,1659,0,0
1-Sep-77,0.4215,0.4229,0.4215,0.4226,117,1635,0,0
31-Aug-77,0.4236,0.4238,0.4225,0.4227,166,1650,0,0
30-Aug-77,0.4215,0.4238,0.4215,0.4238,364,1710,0,0
29-Aug-77,0.4224,0.4234,0.4201,0.4223,784,1723,0,0
26-Aug-77,0.4259,0.4267,0.4252,0.4261,896,1752,0,0
25-Aug-77,0.425,0.425,0.4223,0.4235,1174,1319,0,0
24-Aug-77,0.4207,0.4226,0.4203,0.4221,1073,1417,0,0
23-Aug-77,0.417,0.4187,0.4164,0.4187,492,973,0,0
22-Aug-77,0.4158,0.4165,0.4156,0.4157,335,1008,0,0
19-Aug-77,0.4138,0.415,0.4137,0.415,192,1056,0,0
18-Aug-77,0.4116,0.4135,0.4116,0.413,175,1086,0,0
17-Aug-77,0.4122,0.4123,0.4115,0.4116,266,1105,0,0
16-Aug-77,0.4105,0.4113,0.4099,0.4112,540,1212,0,0
15-Aug-77,0.4145,0.4145,0.413,0.4133,159,1260,0,0
12-Aug-77,0.4148,0.4152,0.4136,0.4138,491,1227,0,0
11-Aug-77,0.4161,0.4164,0.4142,0.4149,311,1155,0,0
10-Aug-77,0.4157,0.4158,0.415,0.4157,438,1080,0,0
9-Aug-77,0.4163,0.4175,0.4163,0.417,162,963,0,0
8-Aug-77,0.4185,0.4185,0.4157,0.416,278,979,0,0
5-Aug-77,0.4177,0.4195,0.4177,0.4195,72,1013,0,0
4-Aug-77,0.4176,0.4178,0.4173,0.4174,76,1032,0,0
3-Aug-77,0.4198,0.4198,0.418,0.4183,190,1016,0,0
2-Aug-77,0.419,0.4192,0.4184,0.4189,140,984,0,0
1-Aug-77,0.417,0.4175,0.417,0.4172,165,973,0,0
29-Jul-77,0.4181,0.4184,0.4165,0.4179,78,934,0,0
28-Jul-77,0.4182,0.4189,0.4168,0.4179,191,939,0,0
27-Jul-77,0.4187,0.4211,0.4187,0.421,338,1020,0,0
26-Jul-77,0.4205,0.4222,0.4203,0.4211,348,1090,0,0
25-Jul-77,0.4215,0.422,0.4213,0.4217,244,1088,0,0
22-Jul-77,0.4192,0.42,0.4186,0.4193,241,1076,0,0
21-Jul-77,0.418,0.4182,0.4171,0.4172,335,1031,0,0
20-Jul-77,0.4195,0.4195,0.4185,0.4186,127,1081,0,0
19-Jul-77,0.4199,0.4199,0.4184,0.4186,124,1077,0,0
18-Jul-77,0.4169,0.4193,0.4169,0.4191,196,1136,0,0
15-Jul-77,0.4165,0.4166,0.416,0.4162,165,1119,0,0
13-Jul-77,0.4177,0.4179,0.4158,0.4165,387,1112,0,0
12-Jul-77,0.416,0.4177,0.4146,0.4173,1042,1217,0,0
11-Jul-77,0.4168,0.418,0.4166,0.4167,605,1340,0,0
8-Jul-77,0.4134,0.4156,0.4134,0.4156,261,1291,0,0
7-Jul-77,0.4147,0.4148,0.4139,0.4144,255,1196,0,0
6-Jul-77,0.4124,0.4131,0.4122,0.4128,360,1209,0,0
5-Jul-77,0.4132,0.4132,0.4124,0.4129,305,1107,0,0
1-Jul-77,0.4084,0.4089,0.408,0.4085,243,1224,0,0
30-Jun-77,0.4081,0.4082,0.4074,0.4075,197,1188,0,0
29-Jun-77,0.408,0.4096,0.407,0.4091,402,1172,0,0
28-Jun-77,0.4046,0.4058,0.4046,0.4057,195,1057,0,0
27-Jun-77,0.4048,0.4049,0.4043,0.4046,29,1019,0,0
24-Jun-77,0.4033,0.4047,0.4029,0.4043,137,1017,0,0
23-Jun-77,0.4028,0.4031,0.4022,0.4026,12,1008,0,0
22-Jun-77,0.4019,0.403,0.4019,0.4029,205,1016,0,0
21-Jun-77,0.4017,0.4018,0.4013,0.4016,90,1085,0,0
20-Jun-77,0.4037,0.4037,0.4021,0.4024,201,1070,0,0
17-Jun-77,0.4038,0.4042,0.4036,0.4041,235,1171,0,0
16-Jun-77,0.4039,0.4043,0.4039,0.4043,10,1002,0,0
15-Jun-77,0.4036,0.4037,0.4034,0.4036,12,1012,0,0
14-Jun-77,0.4036,0.4036,0.4032,0.4035,52,1001,0,0
13-Jun-77,0.4041,0.4042,0.4034,0.4038,239,1412,0,0
10-Jun-77,0.404,0.4041,0.4036,0.404,153,1420,0,0
9-Jun-77,0.4043,0.4047,0.4036,0.4042,148,1449,0,0
8-Jun-77,0.4044,0.4046,0.4033,0.404,396,1455,0,0
7-Jun-77,0.4042,0.4042,0.4033,0.4039,223,1651,0,0
6-Jun-77,0.4049,0.4053,0.4045,0.4049,473,1613,0,0
3-Jun-77,0.4022,0.4025,0.4018,0.4022,247,1425,0,0
2-Jun-77,0.4009,0.402,0.4009,0.4015,476,1426,0,0
1-Jun-77,0.4005,0.4006,0.4001,0.4006,325,1258,0,0
31-May-77,0.3995,0.4,0.3995,0.4,110,1205,0,0
27-May-77,0.3996,0.3998,0.3993,0.3997,166,1181,0,0
26-May-77,0.3981,0.4005,0.398,0.4004,439,1181,0,0
25-May-77,0.3984,0.3986,0.3982,0.3982,406,1134,0,0
24-May-77,0.3972,0.3981,0.3969,0.3981,76,1238,0,0
23-May-77,0.3973,0.3974,0.3972,0.3974,42,1256,0,0
20-May-77,0.3971,0.3975,0.397,0.3975,40,1256,0,0
19-May-77,0.3974,0.3974,0.3973,0.3973,11,1309,0,0
18-May-77,0.3975,0.3979,0.3971,0.3972,118,1304,0,0
17-May-77,0.3971,0.3979,0.3969,0.3978,94,1298,0,0
16-May-77,0.397,0.397,0.3966,0.3966,33,1282,0,0
13-May-77,0.3975,0.3977,0.3963,0.3965,162,1324,0,0
12-May-77,0.396,0.3983,0.396,0.3982,197,1334,0,0
11-May-77,0.3967,0.3967,0.396,0.3963,219,1302,0,0
10-May-77,0.3966,0.3975,0.3958,0.3964,441,1330,0,0
9-May-77,0.3957,0.3968,0.3954,0.3963,248,1543,0,0
6-May-77,0.3959,0.3971,0.3957,0.3966,268,1667,0,0
5-May-77,0.3975,0.3975,0.3965,0.3967,202,1546,0,0
4-May-77,0.3974,0.3978,0.3971,0.3972,247,1510,0,0
3-May-77,0.3964,0.3965,0.3956,0.3965,394,1461,0,0
2-May-77,0.3982,0.3982,0.3965,0.3967,247,1497,0,0
29-Apr-77,0.3967,0.3986,0.3964,0.398,444,1521,0,0
28-Apr-77,0.3981,0.3981,0.3969,0.3969,634,1469,0,0
27-Apr-77,0.3965,0.3983,0.3961,0.3982,618,1530,0,0
26-Apr-77,0.3958,0.3964,0.3952,0.3952,824,1665,0,0
25-Apr-77,0.3992,0.3994,0.3979,0.3981,161,1932,0,0
22-Apr-77,0.3979,0.3982,0.3975,0.3982,170,1928,0,0
21-Apr-77,0.3978,0.3986,0.3978,0.398,515,1950,0,0
20-Apr-77,0.3976,0.3983,0.3972,0.3978,399,1589,0,0
19-Apr-77,0.4004,0.4004,0.3984,0.3988,578,1779,0,0
18-Apr-77,0.4,0.4009,0.3999,0.4008,303,1911,0,0
15-Apr-77,0.3986,0.4005,0.3986,0.4004,313,1703,0,0
14-Apr-77,0.399,0.399,0.3974,0.3978,498,1896,0,0
13-Apr-77,0.4,0.4001,0.3988,0.399,685,1946,0,0
12-Apr-77,0.3981,0.3991,0.398,0.3987,346,2059,0,0
11-Apr-77,0.3965,0.397,0.3965,0.3967,141,1907,0,0
7-Apr-77,0.3963,0.3971,0.3963,0.3969,310,1823,0,0
6-Apr-77,0.3957,0.3961,0.3956,0.3961,250,1755,0,0
5-Apr-77,0.3955,0.3959,0.3953,0.3956,55,1669,0,0
4-Apr-77,0.395,0.3958,0.395,0.3956,428,1706,0,0
1-Apr-77,0.3948,0.3975,0.3947,0.397,387,1702,0,0
31-Mar-77,0.3947,0.3952,0.3947,0.3948,62,1603,0,0
30-Mar-77,0.3944,0.3956,0.3944,0.3954,48,1583,0,0
29-Mar-77,0.3954,0.3956,0.3948,0.3952,121,1600,0,0
28-Mar-77,0.3945,0.396,0.3943,0.3958,305,1576,0,0
25-Mar-77,0.3939,0.3952,0.3939,0.3952,291,1426,0,0
24-Mar-77,0.3943,0.3945,0.3934,0.3942,261,1309,0,0
23-Mar-77,0.3957,0.396,0.395,0.3952,345,1274,0,0
22-Mar-77,0.396,0.3968,0.3956,0.3963,537,1258,0,0
21-Mar-77,0.3945,0.3946,0.3941,0.3945,252,1232,0,0
18-Mar-77,0.3942,0.3947,0.394,0.3945,260,1360,0,0
17-Mar-77,0.3933,0.3943,0.3932,0.394,442,1466,0,0
16-Mar-77,0.392,0.3936,0.392,0.3933,338,1491,0,0
15-Mar-77,0.3925,0.3932,0.3924,0.3929,239,1694,0,0
14-Mar-77,0.3939,0.3939,0.3929,0.3937,200,1754,0,0
11-Mar-77,0.3935,0.3935,0.3929,0.3933,210,1893,0,0
10-Mar-77,0.3927,0.3933,0.392,0.3927,414,2009,0,0
9-Mar-77,0.3926,0.3927,0.3914,0.3915,768,2325,0,0
8-Mar-77,0.394,0.394,0.3918,0.3921,761,2009,0,0
7-Mar-77,0.3946,0.3949,0.394,0.3947,82,1645,0,0
4-Mar-77,0.3956,0.396,0.3945,0.3957,405,1664,0,0
3-Mar-77,0.394,0.3954,0.394,0.3946,195,1851,0,0
2-Mar-77,0.395,0.3958,0.394,0.3941,640,1828,0,0
1-Mar-77,0.3921,0.396,0.392,0.3941,1551,1834,0,0
28-Feb-77,0.3931,0.395,0.3927,0.3941,893,1896,0,0
25-Feb-77,0.3956,0.3956,0.3939,0.394,554,2096,0,0
24-Feb-77,0.395,0.3953,0.3948,0.395,558,1743,0,0
23-Feb-77,0.3988,0.3989,0.3978,0.3978,735,1452,0,0
22-Feb-77,0.4002,0.401,0.4,0.4004,310,986,0,0
18-Feb-77,0.4026,0.4026,0.4021,0.4023,209,922,0,0
17-Feb-77,0.4021,0.4027,0.4019,0.4024,23,950,0,0
16-Feb-77,0.4029,0.4029,0.4021,0.4024,151,961,0,0
15-Feb-77,0.399,0.3993,0.3986,0.3991,344,933,0,0
14-Feb-77,0.4,0.401,0.4,0.401,359,869,0,0
11-Feb-77,0.3985,0.3987,0.3985,0.3987,49,879,0,0
10-Feb-77,0.3984,0.3987,0.398,0.3985,156,867,0,0
9-Feb-77,0.399,0.3992,0.3987,0.3987,79,804,0,0
8-Feb-77,0.3998,0.3998,0.3981,0.3983,29,809,0,0
7-Feb-77,0.3984,0.3994,0.3984,0.3994,78,813,0,0
4-Feb-77,0.3988,0.3988,0.3981,0.3982,114,844,0,0
3-Feb-77,0.3985,0.399,0.3985,0.399,17,837,0,0
2-Feb-77,0.3991,0.3998,0.399,0.3993,65,838,0,0
1-Feb-77,0.4,0.4002,0.3991,0.3993,133,830,0,0
31-Jan-77,0.4003,0.4015,0.4002,0.401,328,820,0,0
28-Jan-77,0.3992,0.3997,0.3977,0.3988,97,827,0,0
27-Jan-77,0.398,0.3987,0.3978,0.3981,145,817,0,0
26-Jan-77,0.398,0.3987,0.3979,0.3985,134,861,0,0
25-Jan-77,0.396,0.3988,0.396,0.3988,213,851,0,0
24-Jan-77,0.4001,0.4001,0.3984,0.3986,171,929,0,0
21-Jan-77,0.402,0.402,0.4013,0.4017,66,849,0,0
20-Jan-77,0.402,0.4022,0.4014,0.4017,153,823,0,0
19-Jan-77,0.4014,0.4018,0.401,0.4012,111,796,0,0
18-Jan-77,0.4018,0.4019,0.401,0.4018,222,810,0,0
17-Jan-77,0.4038,0.4041,0.4035,0.4035,46,866,0,0
14-Jan-77,0.4035,0.4041,0.4035,0.4038,121,864,0,0
13-Jan-77,0.4053,0.4055,0.4045,0.4048,71,821,0,0
12-Jan-77,0.4066,0.4072,0.4064,0.4065,45,802,0,0
11-Jan-77,0.4056,0.4066,0.4056,0.4058,77,808,0,0
10-Jan-77,0.4062,0.4062,0.4047,0.4055,218,817,0,0
7-Jan-77,0.4085,0.4088,0.4074,0.4074,356,758,0,0
6-Jan-77,0.4108,0.4108,0.4094,0.4099,361,715,0,0
5-Jan-77,0.4116,0.4116,0.4103,0.4103,134,732,0,0
4-Jan-77,0.4126,0.4126,0.4117,0.4122,129,754,0,0
3-Jan-77,0.4125,0.4128,0.4124,0.4127,103,676,0,0
30-Dec-76,0.4123,0.4124,0.412,0.4124,18,657,0,0
29-Dec-76,0.4118,0.4124,0.4118,0.4124,27,650,0,0
28-Dec-76,0.4117,0.4117,0.4111,0.4112,42,658,0,0
27-Dec-76,0.4117,0.4119,0.4117,0.4117,22,635,0,0
23-Dec-76,0.4115,0.4115,0.4108,0.4113,31,625,0,0
22-Dec-76,0.4116,0.4122,0.4115,0.4115,90,626,0,0
21-Dec-76,0.4133,0.4138,0.4128,0.4131,140,614,0,0
20-Dec-76,0.4117,0.4125,0.4115,0.412,92,629,0,0
17-Dec-76,0.4103,0.4107,0.4103,0.4105,25,648,0,0
16-Dec-76,0.4118,0.4118,0.4112,0.4113,42,658,0,0
15-Dec-76,0.4102,0.4113,0.4102,0.4112,63,661,0,0
14-Dec-76,0.4107,0.4109,0.4106,0.4108,52,658,0,0
13-Dec-76,0.4107,0.411,0.4101,0.4109,73,766,0,0
10-Dec-76,0.4112,0.4115,0.4108,0.4112,165,792,0,0
9-Dec-76,0.4109,0.4116,0.4106,0.4113,169,807,0,0
8-Dec-76,0.4103,0.4116,0.41,0.4113,71,838,0,0
7-Dec-76,0.4112,0.4113,0.4097,0.4103,199,875,0,0
6-Dec-76,0.4128,0.4128,0.4115,0.4117,123,909,0,0
3-Dec-76,0.411,0.411,0.4103,0.4108,280,951,0,0
2-Dec-76,0.4104,0.4111,0.4099,0.4108,247,933,0,0
1-Dec-76,0.4108,0.4111,0.4104,0.4109,383,959,0,0
30-Nov-76,0.4124,0.4126,0.412,0.4121,111,1064,0,0
29-Nov-76,0.4101,0.4101,0.4097,0.41,96,1048,0,0
26-Nov-76,0.4102,0.4107,0.4102,0.4107,49,1081,0,0
24-Nov-76,0.4088,0.4099,0.4088,0.4099,128,1093,0,0
23-Nov-76,0.4114,0.4114,0.4112,0.4113,110,1086,0,0
22-Nov-76,0.4118,0.4125,0.4118,0.4125,96,1071,0,0
19-Nov-76,0.4096,0.4098,0.4093,0.4095,401,1088,0,0
18-Nov-76,0.4098,0.4099,0.4092,0.4092,160,1241,0,0
17-Nov-76,0.4101,0.4101,0.4097,0.4097,61,1281,0,0
16-Nov-76,0.4104,0.4104,0.4102,0.4103,29,1287,0,0
15-Nov-76,0.4103,0.4108,0.4103,0.4108,32,1299,0,0
12-Nov-76,0.4114,0.4114,0.4104,0.4105,59,1319,0,0
11-Nov-76,0.4114,0.4114,0.4112,0.4112,29,1338,0,0
10-Nov-76,0.4107,0.4116,0.4107,0.4112,140,1336,0,0
9-Nov-76,0.4105,0.4109,0.4105,0.4109,66,1379,0,0
8-Nov-76,0.4105,0.4115,0.4105,0.4114,37,1399,0,0
5-Nov-76,0.4104,0.4108,0.4103,0.4107,47,1382,0,0
4-Nov-76,0.411,0.4112,0.4101,0.4108,103,1380,0,0
3-Nov-76,0.4125,0.4125,0.4115,0.4117,161,1372,0,0
1-Nov-76,0.4125,0.4125,0.411,0.4118,140,1479,0,0
29-Oct-76,0.413,0.4135,0.4126,0.4129,82,1392,0,0
28-Oct-76,0.414,0.4142,0.4133,0.4133,150,1387,0,0
27-Oct-76,0.413,0.4139,0.4127,0.4134,317,1409,0,0
26-Oct-76,0.412,0.413,0.4119,0.4129,26,1356,0,0
25-Oct-76,0.4126,0.4135,0.4121,0.4124,261,1340,0,0
22-Oct-76,0.4112,0.4117,0.4111,0.4112,38,1364,0,0
21-Oct-76,0.4121,0.4122,0.411,0.4116,256,1371,0,0
20-Oct-76,0.412,0.4127,0.4111,0.4113,375,1267,0,0
19-Oct-76,0.4105,0.4123,0.4105,0.412,150,1396,0,0
18-Oct-76,0.4102,0.4102,0.4092,0.4098,87,1363,0,0
15-Oct-76,0.4105,0.411,0.4104,0.411,150,1387,0,0
14-Oct-76,0.4124,0.4126,0.4111,0.4112,100,1356,0,0
13-Oct-76,0.4122,0.4125,0.4119,0.4121,105,1381,0,0
12-Oct-76,0.4115,0.4118,0.4115,0.4116,38,1344,0,0
11-Oct-76,0.4108,0.4108,0.4101,0.4105,74,1334,0,0
8-Oct-76,0.4112,0.4114,0.4111,0.4112,29,1283,0,0
7-Oct-76,0.4115,0.412,0.411,0.4116,239,1279,0,0
6-Oct-76,0.412,0.4128,0.411,0.4122,384,1239,0,0
5-Oct-76,0.4099,0.4113,0.4096,0.4113,206,1314,0,0
4-Oct-76,0.4108,0.4108,0.4094,0.4095,118,1202,0,0
1-Oct-76,0.4118,0.412,0.4112,0.4116,325,1257,0,0
30-Sep-76,0.4122,0.413,0.4112,0.4126,561,1248,0,0
29-Sep-76,0.4102,0.411,0.4098,0.4107,193,1006,0,0
28-Sep-76,0.409,0.4101,0.4084,0.4096,154,921,0,0
27-Sep-76,0.4092,0.4092,0.4086,0.409,48,871,0,0
24-Sep-76,0.408,0.4093,0.408,0.4088,35,855,0,0
23-Sep-76,0.4085,0.4085,0.4074,0.4075,43,828,0,0
22-Sep-76,0.409,0.4093,0.4082,0.409,193,838,0,0
21-Sep-76,0.407,0.4082,0.407,0.408,107,762,0,0
20-Sep-76,0.4087,0.4088,0.4072,0.4072,110,801,0,0
17-Sep-76,0.4089,0.409,0.408,0.408,42,755,0,0
16-Sep-76,0.408,0.4091,0.408,0.4089,107,774,0,0
15-Sep-76,0.4086,0.4102,0.4086,0.4097,124,752,0,0
14-Sep-76,0.4065,0.4084,0.4065,0.4082,58,739,0,0
13-Sep-76,0.4075,0.4077,0.4075,0.4075,48,870,0,0
10-Sep-76,0.4075,0.4078,0.4075,0.4077,98,909,0,0
9-Sep-76,0.4075,0.4088,0.4075,0.4078,111,931,0,0
8-Sep-76,0.4079,0.4079,0.4072,0.4072,69,908,0,0
7-Sep-76,0.4074,0.4075,0.4069,0.4072,84,943,0,0
3-Sep-76,0.4074,0.4075,0.4069,0.4075,114,992,0,0
2-Sep-76,0.4088,0.4088,0.406,0.4062,143,967,0,0
1-Sep-76,0.4092,0.41,0.4092,0.4098,128,958,0,0
31-Aug-76,0.4079,0.4085,0.4076,0.4083,64,986,0,0
30-Aug-76,0.409,0.4091,0.4082,0.4083,29,994,0,0
27-Aug-76,0.4082,0.4084,0.4081,0.4081,184,1011,0,0
26-Aug-76,0.4094,0.4095,0.409,0.4092,67,889,0,0
25-Aug-76,0.4098,0.4098,0.4085,0.4085,91,878,0,0
24-Aug-76,0.4106,0.4106,0.4099,0.4099,84,897,0,0
23-Aug-76,0.409,0.4104,0.409,0.4099,100,884,0,0
20-Aug-76,0.4094,0.4096,0.4086,0.4087,77,904,0,0
19-Aug-76,0.411,0.4112,0.4093,0.41,98,910,0,0
18-Aug-76,0.4111,0.4114,0.4106,0.4111,91,899,0,0
17-Aug-76,0.41,0.412,0.41,0.4108,210,898,0,0
16-Aug-76,0.4071,0.4085,0.4071,0.4085,66,805,0,0
13-Aug-76,0.4082,0.4084,0.4071,0.4072,91,801,0,0
12-Aug-76,0.4075,0.4078,0.4063,0.4077,80,817,0,0
11-Aug-76,0.4065,0.4082,0.4064,0.4082,190,858,0,0
10-Aug-76,0.4056,0.4059,0.405,0.4058,207,924,0,0
9-Aug-76,0.4081,0.4081,0.4064,0.4069,150,965,0,0
6-Aug-76,0.4083,0.409,0.4082,0.4086,66,927,0,0
5-Aug-76,0.406,0.406,0.4048,0.4052,76,908,0,0
4-Aug-76,0.405,0.4064,0.405,0.4057,102,927,0,0
3-Aug-76,0.4045,0.4051,0.4041,0.4043,241,925,0,0
2-Aug-76,0.4065,0.4066,0.4053,0.4053,47,961,0,0
30-Jul-76,0.4049,0.4071,0.4049,0.4071,483,983,0,0
29-Jul-76,0.4045,0.405,0.4038,0.4044,238,1141,0,0
28-Jul-76,0.4032,0.4034,0.4022,0.4034,135,1194,0,0
27-Jul-76,0.4015,0.4017,0.4015,0.4016,40,1237,0,0
26-Jul-76,0.4002,0.4015,0.4002,0.4011,153,1236,0,0
23-Jul-76,0.4002,0.4005,0.3995,0.4002,241,1285,0,0
22-Jul-76,0.4026,0.4026,0.3999,0.4003,437,1240,0,0
21-Jul-76,0.4038,0.4042,0.4034,0.4041,197,1100,0,0
20-Jul-76,0.4051,0.4054,0.4041,0.4041,394,1082,0,0
19-Jul-76,0.4062,0.4062,0.4055,0.4055,105,1162,0,0
16-Jul-76,0.4056,0.406,0.4054,0.4056,182,1166,0,0
15-Jul-76,0.407,0.407,0.4051,0.4051,116,1169,0,0
14-Jul-76,0.4074,0.4075,0.4071,0.4072,79,1157,0,0
13-Jul-76,0.4062,0.4074,0.4059,0.4073,114,1199,0,0
12-Jul-76,0.4067,0.4069,0.4058,0.4059,60,1191,0,0
9-Jul-76,0.408,0.4082,0.4066,0.4069,101,1187,0,0
8-Jul-76,0.4059,0.4073,0.4059,0.4069,79,1197,0,0
7-Jul-76,0.4068,0.4074,0.4067,0.4072,192,1167,0,0
6-Jul-76,0.4081,0.4081,0.4078,0.4078,92,1286,0,0
2-Jul-76,0.4095,0.4097,0.409,0.4096,31,1304,0,0
1-Jul-76,0.4098,0.4098,0.4091,0.4095,50,1307,0,0
30-Jun-76,0.4095,0.4095,0.4091,0.4092,59,1345,0,0
29-Jun-76,0.4095,0.4096,0.4083,0.4091,131,1309,0,0
28-Jun-76,0.4112,0.4114,0.4102,0.411,339,1352,0,0
25-Jun-76,0.4099,0.4102,0.4094,0.4102,242,1215,0,0
24-Jun-76,0.4099,0.41,0.4093,0.4097,206,1134,0,0
23-Jun-76,0.4076,0.4078,0.4075,0.4075,48,1167,0,0
22-Jun-76,0.4067,0.4076,0.4065,0.4076,98,1161,0,0
21-Jun-76,0.407,0.408,0.4067,0.4072,101,1135,0,0
18-Jun-76,0.4075,0.409,0.4065,0.4082,145,1177,0,0
17-Jun-76,0.4077,0.4092,0.4056,0.4076,244,1124,0,0
16-Jun-76,0.4118,0.4124,0.4096,0.4104,149,1089,0,0
15-Jun-76,0.409,0.4106,0.4089,0.4105,186,1112,0,0
14-Jun-76,0.4065,0.4074,0.4062,0.4065,70,1221,0,0
11-Jun-76,0.408,0.4088,0.4058,0.4068,375,1248,0,0
10-Jun-76,0.4065,0.4089,0.4065,0.4085,533,1308,0,0
9-Jun-76,0.4042,0.4056,0.4031,0.4055,474,1130,0,0
8-Jun-76,0.405,0.4075,0.405,0.4053,474,1103,0,0
7-Jun-76,0.414,0.414,0.4107,0.411,116,1189,0,0
4-Jun-76,0.4136,0.4147,0.4126,0.4129,550,1214,0,0
3-Jun-76,0.4167,0.4167,0.4135,0.4135,247,1173,0,0
2-Jun-76,0.4175,0.4189,0.4164,0.417,464,1181,0,0
1-Jun-76,0.4085,0.413,0.4085,0.4129,356,1115,0,0
28-May-76,0.4066,0.4083,0.4066,0.4083,106,1146,0,0
27-May-76,0.4069,0.4069,0.4058,0.406,135,1126,0,0
26-May-76,0.406,0.4066,0.4057,0.4064,100,1110,0,0
25-May-76,0.406,0.406,0.4044,0.4057,165,1059,0,0
24-May-76,0.405,0.406,0.405,0.4051,117,1079,0,0
21-May-76,0.4014,0.4031,0.4014,0.4029,153,1067,0,0
20-May-76,0.4051,0.4053,0.4025,0.4037,199,1038,0,0
19-May-76,0.3997,0.4025,0.3994,0.4025,302,1030,0,0
18-May-76,0.3973,0.3985,0.3968,0.3982,204,998,0,0
17-May-76,0.3985,0.3987,0.3973,0.3974,413,1055,0,0
14-May-76,0.4018,0.4018,0.4009,0.4016,188,1180,0,0
13-May-76,0.4044,0.4044,0.4023,0.4028,120,1301,0,0
12-May-76,0.4024,0.4027,0.4015,0.4024,349,1282,0,0
11-May-76,0.4055,0.4056,0.4042,0.4043,267,1432,0,0
10-May-76,0.4043,0.4053,0.404,0.4053,255,1549,0,0
7-May-76,0.4055,0.4059,0.4053,0.4059,159,1413,0,0
6-May-76,0.4068,0.4076,0.4065,0.4067,341,1444,0,0
5-May-76,0.4033,0.4039,0.4032,0.4035,112,1527,0,0
4-May-76,0.4023,0.4027,0.4019,0.4026,189,1521,0,0
3-May-76,0.4016,0.4022,0.4015,0.4018,225,1533,0,0
30-Apr-76,0.4,0.4003,0.3998,0.4003,190,1442,0,0
29-Apr-76,0.4005,0.4006,0.4,0.4004,282,1319,0,0
28-Apr-76,0.399,0.399,0.3987,0.3987,34,1123,0,0
27-Apr-76,0.3982,0.3982,0.3979,0.398,19,1107,0,0
26-Apr-76,0.398,0.3989,0.3979,0.398,58,1107,0,0
23-Apr-76,0.3979,0.3981,0.3977,0.3979,210,1097,0,0
22-Apr-76,0.398,0.3981,0.3976,0.398,86,1266,0,0
21-Apr-76,0.3973,0.3983,0.397,0.3979,134,1299,0,0
20-Apr-76,0.3993,0.3999,0.3988,0.3993,147,1335,0,0
19-Apr-76,0.3987,0.3988,0.3985,0.3987,42,1265,0,0
15-Apr-76,0.3985,0.3991,0.3983,0.3991,43,1249,0,0
14-Apr-76,0.3995,0.4,0.3993,0.3999,148,1256,0,0
13-Apr-76,0.3978,0.3982,0.3977,0.3977,58,1262,0,0
12-Apr-76,0.398,0.398,0.3967,0.3971,209,1279,0,0
9-Apr-76,0.3978,0.3979,0.3973,0.3976,58,1391,0,0
8-Apr-76,0.3986,0.399,0.3982,0.3983,175,1381,0,0
7-Apr-76,0.3965,0.3967,0.3961,0.3966,110,1412,0,0
6-Apr-76,0.398,0.3984,0.3973,0.3975,90,1372,0,0
5-Apr-76,0.3972,0.3976,0.3972,0.3972,30,1368,0,0
2-Apr-76,0.397,0.3974,0.3969,0.397,108,1356,0,0
1-Apr-76,0.3997,0.3998,0.399,0.3992,146,1327,0,0
31-Mar-76,0.397,0.3974,0.3965,0.3974,121,1351,0,0
30-Mar-76,0.3972,0.3979,0.3972,0.3977,154,1362,0,0
29-Mar-76,0.3955,0.3959,0.3953,0.3959,25,1317,0,0
26-Mar-76,0.3961,0.3962,0.3953,0.3958,93,1312,0,0
25-Mar-76,0.3964,0.3968,0.3962,0.3968,80,1355,0,0
24-Mar-76,0.3955,0.3955,0.3948,0.395,50,1354,0,0
23-Mar-76,0.3952,0.3952,0.3936,0.394,148,1336,0,0
22-Mar-76,0.3977,0.3977,0.3975,0.3975,37,1304,0,0
19-Mar-76,0.3983,0.3995,0.3982,0.3986,306,1288,0,0
18-Mar-76,0.3984,0.3992,0.397,0.3983,238,1010,0,0
17-Mar-76,0.3968,0.398,0.3968,0.398,74,994,0,0
16-Mar-76,0.3913,0.3925,0.3913,0.3921,102,987,0,0
15-Mar-76,0.3927,0.3928,0.3907,0.3916,97,1087,0,0
12-Mar-76,0.3904,0.3909,0.3903,0.3908,161,1160,0,0
11-Mar-76,0.3904,0.3904,0.3897,0.39,218,1226,0,0
10-Mar-76,0.392,0.3923,0.3917,0.3921,101,1247,0,0
9-Mar-76,0.3917,0.3923,0.3917,0.3923,145,1254,0,0
8-Mar-76,0.3922,0.3922,0.3906,0.3907,95,1203,0,0
5-Mar-76,0.391,0.3912,0.3905,0.391,128,1228,0,0
4-Mar-76,0.39,0.3905,0.3895,0.3898,187,1218,0,0
3-Mar-76,0.3913,0.3922,0.391,0.3922,183,1263,0,0
2-Mar-76,0.3908,0.3915,0.3908,0.3913,300,1295,0,0
1-Mar-76,0.3909,0.3909,0.3898,0.3903,280,1226,0,0
27-Feb-76,0.3939,0.3944,0.3936,0.3941,77,1282,0,0
26-Feb-76,0.395,0.395,0.3944,0.3948,76,1290,0,0
25-Feb-76,0.3957,0.3959,0.3951,0.3956,82,1337,0,0
24-Feb-76,0.3967,0.3967,0.3962,0.3962,69,1348,0,0
23-Feb-76,0.3958,0.396,0.3957,0.396,34,1341,0,0
20-Feb-76,0.3912,0.3912,0.3907,0.391,82,1348,0,0
19-Feb-76,0.3922,0.3922,0.3918,0.3922,201,1363,0,0
18-Feb-76,0.3911,0.3915,0.391,0.3912,106,1406,0,0
17-Feb-76,0.3904,0.3905,0.3897,0.39,121,1385,0,0
13-Feb-76,0.3936,0.394,0.3935,0.3937,122,1417,0,0
12-Feb-76,0.3938,0.3941,0.3937,0.3939,179,1403,0,0
11-Feb-76,0.3933,0.3945,0.393,0.3945,222,1320,0,0
10-Feb-76,0.3905,0.3905,0.3898,0.3902,95,1279,0,0
9-Feb-76,0.3901,0.3904,0.3897,0.3904,280,1242,0,0
6-Feb-76,0.3879,0.3879,0.3871,0.3871,39,1181,0,0
5-Feb-76,0.3873,0.3879,0.3873,0.3879,44,1176,0,0
4-Feb-76,0.3879,0.3882,0.3875,0.3877,159,1206,0,0
3-Feb-76,0.3885,0.3885,0.3882,0.3883,50,1108,0,0
2-Feb-76,0.3888,0.3891,0.3887,0.389,175,1097,0,0
30-Jan-76,0.3868,0.3868,0.3861,0.3861,91,1080,0,0
29-Jan-76,0.3858,0.3865,0.3858,0.3863,64,1085,0,0
28-Jan-76,0.3867,0.3868,0.3865,0.3865,72,1073,0,0
27-Jan-76,0.3863,0.3864,0.3862,0.3862,18,1071,0,0
26-Jan-76,0.387,0.3872,0.3865,0.3866,25,1086,0,0
23-Jan-76,0.3863,0.3864,0.3859,0.3859,85,1098,0,0
22-Jan-76,0.3857,0.3864,0.3855,0.386,200,1109,0,0
21-Jan-76,0.3854,0.3857,0.3852,0.3856,308,1079,0,0
20-Jan-76,0.3868,0.3868,0.3866,0.3868,45,1227,0,0
19-Jan-76,0.387,0.3872,0.3864,0.3871,22,1237,0,0
16-Jan-76,0.387,0.3875,0.387,0.3874,58,1253,0,0
15-Jan-76,0.3875,0.3878,0.387,0.387,94,1281,0,0
14-Jan-76,0.3871,0.3876,0.3871,0.3875,121,1239,0,0
13-Jan-76,0.3862,0.3867,0.386,0.3867,58,1251,0,0
12-Jan-76,0.3875,0.3875,0.3865,0.3867,87,1246,0,0
9-Jan-76,0.386,0.3875,0.3857,0.3872,108,1221,0,0
8-Jan-76,0.3874,0.3879,0.3865,0.3866,142,1233,0,0
7-Jan-76,0.387,0.3879,0.387,0.3879,350,1212,0,0
6-Jan-76,0.3883,0.3886,0.388,0.3886,614,1220,0,0
5-Jan-76,0.387,0.3887,0.387,0.3887,399,1239,0,0
2-Jan-76,0.3844,0.3845,0.3843,0.3844,18,1186,0,0
31-Dec-75,0.3835,0.384,0.3835,0.3838,25,1171,0,0
30-Dec-75,0.383,0.3835,0.3828,0.3835,77,1168,0,0
29-Dec-75,0.383,0.3834,0.383,0.3832,171,1155,0,0
24-Dec-75,0.3843,0.3843,0.3823,0.3823,104,1135,0,0
23-Dec-75,0.3849,0.3849,0.3843,0.3843,79,1160,0,0
22-Dec-75,0.3838,0.3842,0.3837,0.384,39,1202,0,0
19-Dec-75,0.3833,0.3845,0.3833,0.3843,40,1210,0,0
18-Dec-75,0.3837,0.384,0.3833,0.3838,41,1198,0,0
17-Dec-75,0.3828,0.3841,0.3825,0.384,94,1196,0,0
16-Dec-75,0.3822,0.3833,0.3822,0.383,291,1158,0,0
15-Dec-75,0.3815,0.3818,0.3813,0.3817,136,1618,0,0
12-Dec-75,0.3818,0.382,0.3815,0.3819,155,1696,0,0
11-Dec-75,0.3827,0.3827,0.3822,0.3823,245,1741,0,0
10-Dec-75,0.3832,0.3832,0.3825,0.3831,190,1731,0,0
9-Dec-75,0.3827,0.3832,0.3825,0.3827,191,1803,0,0
8-Dec-75,0.3841,0.3858,0.3841,0.3849,259,1794,0,0
5-Dec-75,0.3829,0.3829,0.3817,0.382,347,1872,0,0
4-Dec-75,0.3818,0.383,0.3816,0.3827,418,2150,0,0
3-Dec-75,0.3796,0.3805,0.3796,0.3805,278,2175,0,0
2-Dec-75,0.379,0.3792,0.3785,0.3788,143,2279,0,0
1-Dec-75,0.3777,0.3781,0.3776,0.3778,503,2287,0,0
28-Nov-75,0.3734,0.3743,0.3734,0.3742,201,2209,0,0
26-Nov-75,0.3747,0.3756,0.3745,0.3756,104,2157,0,0
25-Nov-75,0.377,0.377,0.3764,0.3765,50,2144,0,0
24-Nov-75,0.3752,0.3768,0.3752,0.3768,68,2149,0,0
21-Nov-75,0.3765,0.377,0.3747,0.3748,219,2157,0,0
20-Nov-75,0.3782,0.3791,0.3781,0.3782,121,2135,0,0
19-Nov-75,0.3765,0.3777,0.3762,0.3775,172,2125,0,0
18-Nov-75,0.375,0.3769,0.375,0.3768,228,2091,0,0
17-Nov-75,0.3748,0.3748,0.3737,0.3741,217,2056,0,0
14-Nov-75,0.378,0.3782,0.3764,0.3765,459,2018,0,0
13-Nov-75,0.3802,0.3802,0.377,0.3774,459,2075,0,0
12-Nov-75,0.3803,0.3808,0.3802,0.3808,76,2076,0,0
11-Nov-75,0.3805,0.3805,0.3798,0.3798,42,2095,0,0
10-Nov-75,0.3806,0.381,0.3806,0.3806,49,2117,0,0
7-Nov-75,0.3819,0.3819,0.3803,0.3805,139,2106,0,0
6-Nov-75,0.381,0.3821,0.381,0.3819,172,2099,0,0
5-Nov-75,0.3805,0.3808,0.3796,0.3798,253,2132,0,0
4-Nov-75,0.382,0.3826,0.3818,0.3825,38,2118,0,0
3-Nov-75,0.3835,0.3838,0.3835,0.3836,105,2145,0,0
31-Oct-75,0.3836,0.3836,0.3825,0.383,81,2145,0,0
30-Oct-75,0.3836,0.3836,0.3822,0.3831,196,2147,0,0
29-Oct-75,0.3804,0.3831,0.3804,0.3826,205,2164,0,0
28-Oct-75,0.3805,0.3815,0.3798,0.381,288,2176,0,0
27-Oct-75,0.3828,0.3828,0.3804,0.3804,335,2143,0,0
24-Oct-75,0.3822,0.3838,0.3822,0.3825,31,2202,0,0
23-Oct-75,0.3818,0.3828,0.3815,0.3823,107,2215,0,0
22-Oct-75,0.3839,0.3841,0.3836,0.3841,252,2250,0,0
21-Oct-75,0.3817,0.3829,0.3816,0.3826,246,2220,0,0
20-Oct-75,0.3815,0.3817,0.3805,0.3814,189,2159,0,0
17-Oct-75,0.381,0.3816,0.3805,0.3815,276,2233,0,0
16-Oct-75,0.381,0.3819,0.3805,0.3812,329,2159,0,0
15-Oct-75,0.3781,0.3802,0.3779,0.38,522,2103,0,0
14-Oct-75,0.3765,0.3765,0.3755,0.3762,261,1961,0,0
13-Oct-75,0.38,0.3812,0.3795,0.3811,154,2009,0,0
10-Oct-75,0.3776,0.3801,0.3775,0.3799,706,2022,0,0
9-Oct-75,0.3743,0.3755,0.3735,0.3755,117,2142,0,0
8-Oct-75,0.3743,0.3744,0.3734,0.3743,147,2153,0,0
7-Oct-75,0.376,0.3764,0.3732,0.3741,372,2156,0,0
6-Oct-75,0.3722,0.3735,0.3722,0.3729,260,2163,0,0
3-Oct-75,0.37,0.3712,0.3694,0.3712,276,2133,0,0
2-Oct-75,0.3726,0.3743,0.371,0.3718,370,2180,0,0
1-Oct-75,0.372,0.3737,0.3713,0.3734,1066,2232,0,0
30-Sep-75,0.3676,0.3684,0.3672,0.3677,294,2488,0,0
29-Sep-75,0.3656,0.3671,0.3652,0.3671,362,2577,0,0
26-Sep-75,0.3694,0.3695,0.366,0.3661,450,2466,0,0
25-Sep-75,0.37,0.3712,0.3695,0.3696,426,2420,0,0
24-Sep-75,0.3697,0.3714,0.3697,0.3714,415,2595,0,0
23-Sep-75,0.368,0.3702,0.368,0.3697,563,2698,0,0
22-Sep-75,0.3695,0.3695,0.369,0.3695,236,2910,0,0
19-Sep-75,0.3708,0.3714,0.37,0.371,266,2863,0,0
18-Sep-75,0.37,0.3722,0.3698,0.3712,342,3064,0,0
17-Sep-75,0.3708,0.3716,0.3702,0.3715,352,2986,0,0
16-Sep-75,0.3728,0.3728,0.3708,0.3711,636,2913,0,0
15-Sep-75,0.3738,0.3743,0.3733,0.3735,127,2759,0,0
12-Sep-75,0.3742,0.3745,0.3735,0.3738,264,2779,0,0
11-Sep-75,0.3755,0.3763,0.3746,0.3763,355,2709,0,0
10-Sep-75,0.3764,0.3764,0.3753,0.376,242,2638,0,0
9-Sep-75,0.3773,0.3782,0.3763,0.3765,313,2628,0,0
8-Sep-75,0.3776,0.3776,0.3769,0.377,332,2537,0,0
5-Sep-75,0.3775,0.3775,0.3766,0.3767,183,2501,0,0
4-Sep-75,0.3782,0.3782,0.3772,0.3773,69,2498,0,0
3-Sep-75,0.3795,0.3798,0.3785,0.3788,257,2507,0,0
2-Sep-75,0.377,0.3786,0.376,0.3777,135,2522,0,0
29-Aug-75,0.3775,0.3784,0.3772,0.3784,145,2553,0,0
28-Aug-75,0.379,0.3791,0.3784,0.3787,150,2492,0,0
27-Aug-75,0.3789,0.3797,0.378,0.3784,148,2530,0,0
26-Aug-75,0.3767,0.3795,0.3767,0.3779,276,2598,0,0
25-Aug-75,0.3775,0.3782,0.3755,0.3757,374,2654,0,0
22-Aug-75,0.3792,0.3792,0.377,0.3783,204,2616,0,0
21-Aug-75,0.3795,0.3802,0.3785,0.3787,203,2639,0,0
20-Aug-75,0.379,0.3808,0.379,0.3807,173,2652,0,0
19-Aug-75,0.381,0.3828,0.381,0.3825,201,2638,0,0
18-Aug-75,0.381,0.3818,0.381,0.3812,215,2705,0,0
15-Aug-75,0.38,0.3805,0.3796,0.3805,350,2705,0,0
14-Aug-75,0.3722,0.3827,0.3722,0.3823,750,2709,0,0
13-Aug-75,0.3755,0.378,0.3752,0.377,196,2864,0,0
12-Aug-75,0.3758,0.376,0.3746,0.3747,160,2905,0,0
11-Aug-75,0.375,0.3755,0.375,0.375,156,2872,0,0
8-Aug-75,0.374,0.3765,0.3735,0.3748,295,2925,0,0
7-Aug-75,0.375,0.3754,0.3726,0.3753,426,2879,0,0
6-Aug-75,0.3775,0.3778,0.3758,0.3762,234,2719,0,0
5-Aug-75,0.3784,0.3795,0.3775,0.3793,587,2627,0,0
4-Aug-75,0.3717,0.3741,0.3716,0.3737,859,2867,0,0
1-Aug-75,0.3718,0.3718,0.3708,0.3715,154,3076,0,0
31-Jul-75,0.3703,0.373,0.3695,0.3725,410,3125,0,0
30-Jul-75,0.371,0.3721,0.3697,0.3703,518,3246,0,0
29-Jul-75,0.3718,0.3733,0.371,0.3732,399,3237,0,0
28-Jul-75,0.376,0.376,0.3719,0.3719,615,3176,0,0
25-Jul-75,0.377,0.3779,0.376,0.3779,430,2900,0,0
24-Jul-75,0.3735,0.3759,0.3733,0.3743,407,2987,0,0
23-Jul-75,0.3738,0.3755,0.3737,0.3751,306,2998,0,0
22-Jul-75,0.379,0.3805,0.3769,0.3769,522,3027,0,0
21-Jul-75,0.378,0.3797,0.378,0.3788,436,2967,0,0
18-Jul-75,0.38,0.3812,0.3778,0.3783,408,3044,0,0
17-Jul-75,0.382,0.3827,0.3814,0.3825,536,2985,0,0
16-Jul-75,0.3844,0.3875,0.3836,0.3874,558,2790,0,0
15-Jul-75,0.3885,0.3892,0.3859,0.3865,385,2926,0,0
14-Jul-75,0.3878,0.3895,0.3872,0.3888,390,2749,0,0
11-Jul-75,0.3892,0.39,0.3883,0.39,264,2715,0,0
10-Jul-75,0.3903,0.3914,0.3896,0.3902,323,2652,0,0
9-Jul-75,0.394,0.3941,0.3908,0.3909,412,2567,0,0
8-Jul-75,0.3937,0.3942,0.393,0.3938,119,2435,0,0
7-Jul-75,0.392,0.3923,0.3913,0.3916,205,2429,0,0
3-Jul-75,0.395,0.3963,0.394,0.3963,328,2414,0,0
2-Jul-75,0.396,0.396,0.3944,0.3951,545,2388,0,0
1-Jul-75,0.3997,0.3997,0.3987,0.3988,609,2185,0,0
30-Jun-75,0.401,0.4016,0.4006,0.4007,187,1983,0,0
27-Jun-75,0.402,0.4022,0.4011,0.4014,120,1889,0,0
26-Jun-75,0.4028,0.4035,0.402,0.4023,48,1879,0,0
25-Jun-75,0.403,0.4036,0.403,0.4035,58,1872,0,0
24-Jun-75,0.4018,0.4031,0.4015,0.403,190,1864,0,0
23-Jun-75,0.403,0.403,0.4019,0.4021,122,1796,0,0
20-Jun-75,0.404,0.404,0.4035,0.4037,41,1807,0,0
19-Jun-75,0.4037,0.4039,0.403,0.4031,150,1807,0,0
18-Jun-75,0.404,0.4047,0.4037,0.4044,81,1885,0,0
17-Jun-75,0.407,0.4073,0.4051,0.4061,99,1883,0,0
16-Jun-75,0.4052,0.406,0.4044,0.406,132,1876,0,0
13-Jun-75,0.4037,0.4055,0.4032,0.4052,258,1865,0,0
12-Jun-75,0.4052,0.4052,0.4035,0.4037,164,1779,0,0
11-Jun-75,0.4029,0.4047,0.4029,0.4046,220,1732,0,0
10-Jun-75,0.402,0.403,0.4016,0.402,140,1736,0,0
9-Jun-75,0.3996,0.4015,0.3996,0.4013,163,1780,0,0
6-Jun-75,0.4036,0.4037,0.401,0.401,194,1716,0,0
5-Jun-75,0.4031,0.4043,0.4031,0.4039,67,1663,0,0
4-Jun-75,0.4035,0.404,0.4018,0.4038,134,1649,0,0
3-Jun-75,0.406,0.406,0.4046,0.4046,101,1647,0,0
2-Jun-75,0.4016,0.4041,0.4012,0.404,139,1685,0,0
30-May-75,0.402,0.4025,0.4002,0.4023,314,1739,0,0
29-May-75,0.404,0.404,0.403,0.403,223,1697,0,0
28-May-75,0.4078,0.4078,0.4051,0.4059,256,1589,0,0
27-May-75,0.4075,0.408,0.4058,0.4061,213,1560,0,0
23-May-75,0.4053,0.4075,0.4048,0.4073,130,1459,0,0
22-May-75,0.408,0.4088,0.4055,0.4065,215,1455,0,0
21-May-75,0.403,0.4054,0.403,0.405,227,1416,0,0
20-May-75,0.4002,0.4019,0.3998,0.4013,129,1398,0,0
19-May-75,0.4015,0.4015,0.4002,0.4007,133,1337,0,0
16-May-75,0.4015,0.4015,0.399,0.4003,130,1272,0,0
15-May-75,0.4014,0.4026,0.4014,0.4014,132,1309,0,0
14-May-75,0.408,0.41,0.4055,0.4074,189,1282,0,0
13-May-75,0.407,0.4081,0.4063,0.4081,134,1269,0,0
12-May-75,0.3996,0.4025,0.3996,0.4021,103,1264,0,0
9-May-75,0.4016,0.402,0.3988,0.3988,263,1261,0,0
8-May-75,0.4018,0.4035,0.4018,0.4026,294,1310,0,0
7-May-75,0.3987,0.4009,0.3979,0.4002,185,1351,0,0
6-May-75,0.3943,0.3957,0.3943,0.3956,95,1237,0,0
5-May-75,0.394,0.3948,0.394,0.3944,44,1224,0,0
2-May-75,0.3924,0.3929,0.3917,0.3929,41,659,0,0
1-May-75,0.3925,0.3925,0.3923,0.3923,42,664,0,0
30-Apr-75,0.394,0.3947,0.3925,0.3927,70,640,0,0
29-Apr-75,0.3915,0.3938,0.3915,0.3934,66,611,0,0
28-Apr-75,0.3912,0.3913,0.3907,0.3911,57,602,0,0
25-Apr-75,0.3915,0.3915,0.389,0.3902,50,580,0,0
24-Apr-75,0.3948,0.3959,0.394,0.394,37,606,0,0
23-Apr-75,0.3956,0.3965,0.3948,0.3963,90,600,0,0
22-Apr-75,0.3923,0.394,0.3916,0.3939,34,598,0,0
21-Apr-75,0.3911,0.3911,0.3903,0.3906,29,618,0,0
18-Apr-75,0.3914,0.3924,0.3914,0.3922,99,607,0,0
17-Apr-75,0.3929,0.3941,0.3925,0.3938,170,569,0,0
16-Apr-75,0.3905,0.3924,0.3905,0.3915,49,575,0,0
15-Apr-75,0.3909,0.3909,0.3892,0.3899,65,576,0,0
14-Apr-75,0.3885,0.3892,0.388,0.388,56,580,0,0
11-Apr-75,0.3903,0.3907,0.3902,0.3902,26,567,0,0
10-Apr-75,0.39,0.3902,0.3893,0.39,40,563,0,0
9-Apr-75,0.395,0.395,0.3923,0.3924,27,559,0,0
8-Apr-75,0.3943,0.3958,0.3943,0.3958,25,558,0,0
7-Apr-75,0.3935,0.3943,0.393,0.3943,39,561,0,0
4-Apr-75,0.393,0.3932,0.391,0.3922,36,554,0,0
3-Apr-75,0.394,0.3958,0.394,0.3958,38,547,0,0
2-Apr-75,0.3987,0.3987,0.395,0.395,45,537,0,0
1-Apr-75,0.3987,0.3992,0.3979,0.399,96,541,0,0
31-Mar-75,0.3957,0.397,0.3946,0.3946,237,537,0,0
27-Mar-75,0.396,0.396,0.3945,0.3949,51,328,0,0
26-Mar-75,0.3993,0.3995,0.3981,0.3988,46,322,0,0
25-Mar-75,0.401,0.4017,0.3993,0.4,154,336,0,0
24-Mar-75,0.4016,0.4017,0.4005,0.4007,62,332,0,0
21-Mar-75,0.4048,0.4052,0.4038,0.4038,65,372,0,0
20-Mar-75,0.4065,0.4072,0.4055,0.4061,61,367,0,0
19-Mar-75,0.4104,0.4117,0.4097,0.4105,60,334,0,0
18-Mar-75,0.4058,0.4099,0.4056,0.4099,135,333,0,0
17-Mar-75,0.4063,0.4063,0.4043,0.4049,25,340,0,0
14-Mar-75,0.4066,0.4068,0.4052,0.4057,14,327,0,0
13-Mar-75,0.404,0.4068,0.4035,0.4057,27,326,0,0
12-Mar-75,0.408,0.408,0.4055,0.4055,20,325,0,0
11-Mar-75,0.4083,0.411,0.408,0.4105,60,323,0,0
10-Mar-75,0.4056,0.4086,0.4052,0.4086,101,325,0,0
7-Mar-75,0.4115,0.4115,0.4082,0.4082,32,346,0,0
6-Mar-75,0.4163,0.4163,0.412,0.4132,102,343,0,0
5-Mar-75,0.4138,0.4171,0.4138,0.417,62,337,0,0
4-Mar-75,0.4188,0.4188,0.4188,0.4188,10,340,0,0
3-Mar-75,0.4243,0.4244,0.4238,0.4238,37,339,0,0
28-Feb-75,0.423,0.4234,0.4225,0.4234,33,330,0,0
27-Feb-75,0.4245,0.4259,0.4231,0.4235,41,323,0,0
26-Feb-75,0.4185,0.4222,0.4185,0.4222,14,309,0,0
25-Feb-75,0.419,0.419,0.4158,0.4172,43,305,0,0
24-Feb-75,0.4175,0.42,0.4174,0.42,27,294,0,0
21-Feb-75,0.4158,0.416,0.415,0.416,43,280,0,0
20-Feb-75,0.4135,0.4139,0.4134,0.4139,40,267,0,0
19-Feb-75,0.41,0.41,0.4089,0.4089,31,250,0,0
18-Feb-75,0.4112,0.4127,0.4112,0.4127,17,239,0,0
14-Feb-75,0.41,0.4114,0.4095,0.4107,16,227,0,0
13-Feb-75,0.41,0.4105,0.41,0.4105,8,224,0,0
