date,open,high,low,close 
30-Dec-99,1485.5,1489.5,1476.5,1480.8
29-Dec-99,1477,1483.5,1476.5,1482.2
28-Dec-99,1473.5,1481.5,1471,1478.7
27-Dec-99,1482,1482,1469.5,1477.8
23-Dec-99,1464,1481,1464,1480.4
22-Dec-99,1454,1458,1446,1457.5
21-Dec-99,1432,1456.5,1430.6,1454.5
20-Dec-99,1443.5,1448.8,1429.2,1435
17-Dec-99,1447.8,1451,1439,1444.5
16-Dec-99,1435.5,1441.5,1427,1437.2
15-Dec-99,1420.5,1437.5,1416,1428.7
14-Dec-99,1429.5,1440,1422,1425.3
13-Dec-99,1430.5,1442.7,1429.5,1436.5
10-Dec-99,1440,1443.5,1425,1435
9-Dec-99,1413,1418,1391,1410.4
8-Dec-99,1412.5,1417.8,1404,1405.4
7-Dec-99,1430,1430.3,1411,1415.8
6-Dec-99,1435,1435.7,1421.2,1425.5
3-Dec-99,1429.5,1452,1429,1438.5
2-Dec-99,1403.5,1412.5,1402,1412.2
1-Dec-99,1391,1404.5,1389,1402.5
30-Nov-99,1407,1414.5,1390,1391.5
29-Nov-99,1412,1419.5,1405,1410.4
26-Nov-99,1423,1428.8,1413.5,1414.6
24-Nov-99,1407.5,1424.2,1402.1,1421.5
23-Nov-99,1428,1429,1405.5,1412
22-Nov-99,1423,1430.5,1416.5,1427.2
19-Nov-99,1424.1,1430.9,1422.1,1427.5
18-Nov-99,1425,1432,1418.2,1428.6
17-Nov-99,1424,1429.7,1416,1418
16-Nov-99,1406,1433,1403,1431
15-Nov-99,1400,1405,1397.1,1403
12-Nov-99,1398,1403.3,1374,1401.6
11-Nov-99,1383.5,1388.2,1378,1387.9
10-Nov-99,1365,1386.4,1363.5,1380
9-Nov-99,1389,1390,1367,1372
8-Nov-99,1373.5,1387.9,1371,1383.2
5-Nov-99,1391,1395,1372.5,1384.6
4-Nov-99,1372.5,1378,1362.5,1368.5
3-Nov-99,1364,1368,1355.5,1360.5
2-Nov-99,1363,1378,1352,1352.5
1-Nov-99,1370.3,1375.2,1362,1362.5
29-Oct-99,1362,1382,1361,1376.2
28-Oct-99,1328,1354,1327,1350.2
27-Oct-99,1292,1308,1287.5,1305.5
26-Oct-99,1306,1312.4,1285.2,1285.6
25-Oct-99,1298.2,1310.5,1294,1300.9
22-Oct-99,1302,1318,1302,1307.2
21-Oct-99,1276.5,1296.5,1272.5,1296
20-Oct-99,1281,1299.8,1277.7,1292.5
19-Oct-99,1276,1289,1266.5,1274.5
18-Oct-99,1257,1266.5,1241.6,1265.7
15-Oct-99,1257,1275,1253,1257.3
14-Oct-99,1291.5,1300,1275.8,1290
13-Oct-99,1316,1321,1289,1289.5
12-Oct-99,1342,1343,1321.3,1326
11-Oct-99,1343.5,1350.7,1343,1347
8-Oct-99,1332,1348,1321.5,1346.5
7-Oct-99,1337.3,1339.3,1324.3,1329
6-Oct-99,1317.5,1337.2,1316,1334.7
5-Oct-99,1316.5,1329,1297,1315.7
4-Oct-99,1301.5,1319,1298.5,1318.7
1-Oct-99,1286,1295.3,1276.5,1293.5
30-Sep-99,1284,1304,1280.2,1298.2
29-Sep-99,1292,1302,1278.6,1279.9
28-Sep-99,1290,1299,1267,1294.3
27-Sep-99,1297,1308.5,1295,1296.2
24-Sep-99,1286,1294.4,1275.5,1288.5
23-Sep-99,1328,1329.5,1289,1291
22-Sep-99,1324,1330.8,1310.2,1321.8
21-Sep-99,1337.5,1338.5,1315.5,1321.9
20-Sep-99,1353.5,1354.5,1345,1348.8
17-Sep-99,1341.5,1353,1336.8,1351.5
16-Sep-99,1335.5,1338,1313.2,1333.6
15-Sep-99,1363.5,1364.5,1330.5,1332
14-Sep-99,1354,1357,1345.8,1352.8
13-Sep-99,1362.5,1366.3,1357.5,1362.3
10-Sep-99,1375,1376,1361.5,1369.6
9-Sep-99,1345.5,1349,1334.5,1345
8-Sep-99,1345,1357.2,1337.5,1345.9
7-Sep-99,1359,1363.8,1350.8,1352.4
3-Sep-99,1345,1363,1344,1362.5
2-Sep-99,1318.5,1324.4,1305,1320.2
1-Sep-99,1326,1335,1321.5,1334
31-Aug-99,1329.5,1336.5,1308.5,1319.8
30-Aug-99,1352.5,1354.3,1324,1326
27-Aug-99,1370,1370,1350.6,1351.7
26-Aug-99,1381.5,1383.9,1365.5,1367.8
25-Aug-99,1373.5,1387.4,1362.1,1383
24-Aug-99,1360,1378.5,1355,1370.5
23-Aug-99,1346.8,1366.5,1346.8,1366.2
20-Aug-99,1330.5,1342.5,1327.7,1340.2
19-Aug-99,1325.5,1333,1318.5,1327
18-Aug-99,1343,1345,1334,1334.6
17-Aug-99,1346,1349.5,1333.2,1347
16-Aug-99,1332,1340,1325.2,1339.4
13-Aug-99,1316.5,1333.5,1315,1332.9
12-Aug-99,1307.5,1319.5,1302,1304.7
11-Aug-99,1297,1307.5,1288.6,1304
10-Aug-99,1301,1304.5,1272,1290.5
9-Aug-99,1308,1312.8,1300.6,1303
6-Aug-99,1314,1323,1298.2,1307
5-Aug-99,1313,1322,1292,1321.2
4-Aug-99,1328.5,1337,1308,1309
3-Aug-99,1341.1,1342.5,1320.2,1328.8
2-Aug-99,1335,1352,1330.5,1336.2
30-Jul-99,1352,1358,1330,1331.8
29-Jul-99,1353,1357.4,1338,1349.8
28-Jul-99,1367,1378.5,1362,1367.7
27-Jul-99,1366,1377.6,1360,1363.7
26-Jul-99,1356.5,1367,1353.1,1354.8
23-Jul-99,1372.5,1376,1357.8,1362.8
22-Jul-99,1383,1386,1361.5,1367.8
21-Jul-99,1389,1395.5,1380.5,1385.5
20-Jul-99,1410,1411.5,1383,1387.5
19-Jul-99,1428,1429.8,1413.5,1418
16-Jul-99,1421.5,1429.5,1416.4,1427.5
15-Jul-99,1415,1420.8,1412,1419.4
14-Jul-99,1407.7,1410.5,1396,1409.2
13-Jul-99,1401.5,1407.5,1396.5,1403.7
12-Jul-99,1416.5,1418,1404.6,1409.1
9-Jul-99,1407.5,1415,1405.2,1413.7
8-Jul-99,1398,1416,1397.2,1405
7-Jul-99,1399.3,1406.5,1395.2,1404.5
6-Jul-99,1402,1417.5,1397.5,1403.5
2-Jul-99,1392,1406.5,1390,1405.9
1-Jul-99,1382,1395.5,1371.7,1392.1
30-Jun-99,1357,1385.5,1349.3,1381.7
29-Jun-99,1340.5,1362.5,1339.7,1356.7
28-Jun-99,1336.5,1346.7,1335.5,1344
25-Jun-99,1335,1341.9,1324.1,1329
24-Jun-99,1340,1340.8,1319.1,1332.8
23-Jun-99,1342.5,1347.9,1335.8,1342.3
22-Jun-99,1355,1365,1348.2,1349.3
21-Jun-99,1357,1364.5,1349.6,1360
18-Jun-99,1351,1359.5,1346.5,1356.8
17-Jun-99,1335.5,1357.8,1335.5,1355.5
16-Jun-99,1329.5,1347.5,1329.5,1342.9
15-Jun-99,1312,1325.5,1310.5,1318.5
14-Jun-99,1313.5,1316.5,1305.5,1309.5
11-Jun-99,1320.5,1327,1300.5,1309.3
10-Jun-99,1311,1311.5,1293,1307.5
9-Jun-99,1321,1327.5,1315.5,1318.8
8-Jun-99,1332,1335,1314.2,1321.3
7-Jun-99,1331,1339,1327.2,1332.2
4-Jun-99,1309,1331.5,1307.3,1329.7
3-Jun-99,1302.9,1306.5,1295.5,1305
2-Jun-99,1296.5,1299.5,1278,1296.2
1-Jun-99,1298.5,1299.5,1283,1295.6
28-May-99,1287.5,1306,1285.5,1297.2
27-May-99,1296.6,1301,1279,1286
26-May-99,1294,1308.5,1280.8,1304.5
25-May-99,1310.5,1322,1283,1284.5
24-May-99,1338.9,1338.9,1306.2,1312.5
21-May-99,1341.5,1344.9,1329,1334.8
20-May-99,1349.5,1355.8,1341.5,1342.5
19-May-99,1343.5,1350.3,1333.1,1349.2
18-May-99,1345.9,1349.9,1326,1341.2
17-May-99,1337,1346,1325.1,1341
14-May-99,1347,1356,1336.5,1339.3
13-May-99,1374,1382,1370.5,1375
12-May-99,1357,1373.5,1329,1369.1
11-May-99,1354,1366.5,1350,1358.2
10-May-99,1350.5,1358.5,1338,1347
7-May-99,1344,1354,1337.3,1351.2
6-May-99,1346,1353.5,1327.1,1342.3
5-May-99,1343,1353.2,1322,1352
4-May-99,1356,1361,1335.5,1343
3-May-99,1339,1362.4,1336,1359.2
30-Apr-99,1354,1359.3,1319,1336.5
29-Apr-99,1358.5,1364.5,1342,1347.5
28-Apr-99,1370.5,1376.3,1355,1359
27-Apr-99,1379,1379.8,1363.5,1376.5
26-Apr-99,1368,1372,1360.5,1371.5
23-Apr-99,1363.5,1372.5,1355.5,1365
22-Apr-99,1353.5,1369.9,1349,1369.1
21-Apr-99,1314,1355,1309.5,1351.7
20-Apr-99,1304,1318,1295.5,1315
19-Apr-99,1332,1350.5,1290.5,1301.8
16-Apr-99,1333,1336,1318,1323
15-Apr-99,1342.5,1343.5,1315.5,1332
14-Apr-99,1366.5,1367.9,1334.5,1339.3
13-Apr-99,1368,1372,1353,1362.3
12-Apr-99,1339.8,1372.5,1339.8,1372
9-Apr-99,1351.5,1362.5,1344,1358.2
8-Apr-99,1339,1357,1331,1355.6
7-Apr-99,1336,1340.5,1322,1338.5
6-Apr-99,1330,1337.5,1320.5,1330.5
5-Apr-99,1316,1333.9,1310.8,1333.4
1-Apr-99,1304,1305,1291.5,1302.7
31-Mar-99,1321,1324.5,1292.5,1293.3
30-Mar-99,1309,1320.5,1305.4,1315.7
29-Mar-99,1302.8,1323.8,1302,1315.7
26-Mar-99,1294.5,1301,1287.5,1297
25-Mar-99,1288.5,1304.9,1287.5,1304
24-Mar-99,1277,1281.5,1267.5,1279.6
23-Mar-99,1305.5,1306.5,1267,1272.3
22-Mar-99,1309.6,1316.5,1305.5,1311.2
19-Mar-99,1335.5,1337,1308,1309.5
18-Mar-99,1307,1332.5,1306,1331.2
17-Mar-99,1316.5,1317.8,1304.2,1311.8
16-Mar-99,1320.5,1325,1315,1318.9
15-Mar-99,1308,1322,1304.2,1319.2
12-Mar-99,1319,1320.2,1301.5,1303.8
11-Mar-99,1291,1309,1285,1304.5
10-Mar-99,1281.6,1289.9,1275.7,1289
9-Mar-99,1281,1296.2,1275.5,1279.8
8-Mar-99,1278.5,1285.4,1272.6,1283.3
5-Mar-99,1272,1279,1263.7,1278.5
4-Mar-99,1237,1252.5,1231,1249.7
3-Mar-99,1231,1234.5,1217.1,1234
2-Mar-99,1242,1251,1221.1,1229.5
1-Mar-99,1237,1241.5,1223,1239
26-Feb-99,1250,1250,1227.1,1235.5
25-Feb-99,1247,1251.8,1226.5,1241.5
24-Feb-99,1278.5,1287.5,1249.2,1253.3
23-Feb-99,1274,1284.5,1266,1275.5
22-Feb-99,1243,1276.5,1240.5,1274.5
19-Feb-99,1241,1252,1234.7,1243.5
18-Feb-99,1233,1243.5,1224,1238.4
17-Feb-99,1232,1253.9,1223.5,1229.3
16-Feb-99,1244.6,1257,1235.5,1242.2
12-Feb-99,1252,1255.5,1228,1238.3
11-Feb-99,1229.8,1263,1226.5,1262.5
10-Feb-99,1217.5,1231.5,1215.5,1225.4
9-Feb-99,1248,1248,1218,1219
8-Feb-99,1250,1253,1236.5,1247.2
5-Feb-99,1258,1259,1236,1243.5
4-Feb-99,1277.1,1277.5,1252,1259.3
3-Feb-99,1260,1282.5,1259.5,1278.5
2-Feb-99,1274,1275.8,1251.5,1265.3
1-Feb-99,1288.5,1290.5,1273.5,1274.3
29-Jan-99,1276,1287.7,1259.5,1281.5
28-Jan-99,1257.5,1273.6,1257,1265.7
27-Jan-99,1266.5,1269.7,1247,1249
26-Jan-99,1243.5,1266,1241.6,1265.5
25-Jan-99,1236,1244,1224.7,1243.5
22-Jan-99,1226,1243.8,1223.5,1232
21-Jan-99,1262,1263.5,1231,1233
20-Jan-99,1268,1283.5,1257.5,1268.2
19-Jan-99,1258.5,1262,1241.3,1257
15-Jan-99,1230,1249.8,1226.2,1248.6
14-Jan-99,1239,1245,1215,1219
13-Jan-99,1224.1,1258,1210,1239
12-Jan-99,1268.5,1269.8,1246,1251.1
11-Jan-99,1285,1285,1262,1274
8-Jan-99,1290,1290.5,1271,1287
7-Jan-99,1268.5,1280.8,1266.5,1277.8
6-Jan-99,1265,1285.7,1263,1280.2
5-Jan-99,1240,1258,1239,1253.2
4-Jan-99,1247.5,1261,1227,1240.9
31-Dec-98,1241,1248,1234.1,1245.5
30-Dec-98,1251,1256.8,1241,1242.1
29-Dec-98,1235.8,1255,1231.7,1254.6
28-Dec-98,1242.5,1243.4,1231.7,1233.5
24-Dec-98,1241,1242.6,1236.7,1239.5
23-Dec-98,1222,1243.5,1218.5,1242.6
22-Dec-98,1216.3,1222,1203.5,1216
21-Dec-98,1202,1225,1201,1214.6
18-Dec-98,1193,1202.3,1190.4,1197.2
17-Dec-98,1179,1194,1178,1192.2
16-Dec-98,1177,1178.5,1166,1174.8
15-Dec-98,1158,1176.5,1154,1175
14-Dec-98,1167.7,1171.2,1147,1148.4
11-Dec-98,1174,1181.5,1165,1175.3
10-Dec-98,1185,1185.6,1163.5,1166.4
9-Dec-98,1183,1186.9,1176.4,1184.5
8-Dec-98,1184.5,1195.6,1173,1181.5
7-Dec-98,1180,1191.8,1177.7,1187.5
4-Dec-98,1165,1184,1162.7,1180.2
3-Dec-98,1167,1179.8,1150,1153
2-Dec-98,1169.5,1177,1158.8,1172.3
1-Dec-98,1155,1178.7,1151.4,1174.2
30-Nov-98,1189.6,1193,1162,1162.5
27-Nov-98,1192.5,1196.2,1191,1194.2
25-Nov-98,1187,1190.8,1182.4,1186.1
24-Nov-98,1191,1195.3,1184.2,1186.8
23-Nov-98,1173,1195,1171.8,1194.1
20-Nov-98,1163.5,1168,1158.5,1167.5
19-Nov-98,1152,1159,1147.2,1158.7
18-Nov-98,1143,1151,1136,1150
17-Nov-98,1139.5,1157.5,1132.8,1143.5
16-Nov-98,1141,1144.4,1130.5,1142.3
13-Nov-98,1124,1134,1122.8,1133.3
12-Nov-98,1121.8,1131.9,1119,1123.8
11-Nov-98,1139,1142,1121.1,1126.2
10-Nov-98,1131,1140.5,1128,1129
9-Nov-98,1143,1144.9,1127.5,1136.5
6-Nov-98,1139,1148.5,1136,1148
5-Nov-98,1120,1142.5,1113.5,1140.7
4-Nov-98,1126.5,1133.5,1114.5,1124.6
3-Nov-98,1117,1121,1111.5,1114
2-Nov-98,1112,1122,1105.6,1121.2
30-Oct-98,1102.5,1110,1098.5,1105.2
29-Oct-98,1074,1097,1070.5,1096.5
28-Oct-98,1071,1079,1065.5,1071
27-Oct-98,1088.8,1093.5,1067.5,1074.5
26-Oct-98,1080,1090,1073.5,1080.5
23-Oct-98,1083,1084.5,1073,1074.1
22-Oct-98,1073,1088.5,1067,1086.7
21-Oct-98,1075,1081,1063,1072.8
20-Oct-98,1078,1092.5,1067,1074
19-Oct-98,1060,1073.4,1059.5,1069.5
16-Oct-98,1060,1071.2,1055.5,1066.2
15-Oct-98,1007.5,1075,1003.5,1064
14-Oct-98,995,1023,994.5,1010.8
13-Oct-98,1002.5,1008.5,993.5,1003
12-Oct-98,1011,1019.5,1003.5,1005.2
9-Oct-98,981,994.5,958,991.5
8-Oct-98,954,972,929,969.3
7-Oct-98,993,1007,965,979
6-Oct-98,1014,1019,982.1,994.3
5-Oct-98,1001,1006.5,970,994.5
2-Oct-98,998,1016,979,1013
1-Oct-98,1007,1022.5,987,994.8
30-Sep-98,1045,1050.5,1022.5,1026
29-Sep-98,1064.5,1067.5,1045,1057.5
28-Sep-98,1060.5,1072,1051,1063.2
25-Sep-98,1038.5,1063.5,1035.8,1051
24-Sep-98,1071,1076.5,1041,1053.8
23-Sep-98,1048.7,1079.5,1046.6,1077.7
22-Sep-98,1044,1045.5,1031,1039.5
21-Sep-98,1004,1037.5,999,1030.5
18-Sep-98,1030,1033.5,1021,1031
17-Sep-98,1031.2,1035.5,1025,1029.5
16-Sep-98,1052,1060,1038.8,1058.2
15-Sep-98,1035,1050,1030.5,1046.5
14-Sep-98,1032,1052,1032,1040.4
11-Sep-98,984,1024,977,1023
10-Sep-98,985,989,965,969.4
9-Sep-98,1024,1027.5,1001.8,1003
8-Sep-98,1003.5,1028,996,1027.5
4-Sep-98,991,994,955,976
3-Sep-98,975,991,965,985.5
2-Sep-98,998,1015,987,990.8
1-Sep-98,959,1004,936,999.5
31-Aug-98,1037,1038.5,952,954
28-Aug-98,1047,1056,1021.1,1031
27-Aug-98,1071,1075,1034.6,1036
26-Aug-98,1082.5,1095.9,1077.5,1087.8
25-Aug-98,1100,1110.8,1088.5,1095.5
24-Aug-98,1090,1098.5,1084,1093.2
21-Aug-98,1086,1087.5,1055,1086.8
20-Aug-98,1097,1103.5,1092.3,1094.5
19-Aug-98,1111.5,1111.5,1098.1,1102.7
18-Aug-98,1088.5,1107,1088.5,1106.1
17-Aug-98,1063,1087.4,1058,1084.5
14-Aug-98,1086,1088.8,1060.5,1062.3
13-Aug-98,1087,1097.7,1075,1075.8
12-Aug-98,1079.5,1091,1077.8,1090.5
11-Aug-98,1073,1075.5,1058.5,1071
10-Aug-98,1092,1098.4,1085.2,1088.5
7-Aug-98,1096,1108.5,1088,1094.7
6-Aug-98,1082,1097,1078.5,1092.5
5-Aug-98,1078,1091,1060,1088.5
4-Aug-98,1124.5,1125.5,1073,1074
3-Aug-98,1124.5,1127.9,1114.8,1117.6
31-Jul-98,1147,1149,1118,1123
30-Jul-98,1138,1150,1138,1146.1
29-Jul-98,1140,1145.9,1126.8,1129.3
28-Jul-98,1150.5,1151.3,1124,1135.5
27-Jul-98,1143,1154.9,1135,1153.2
24-Jul-98,1156,1156.3,1135.5,1147.4
23-Jul-98,1170.1,1172,1146,1147.5
22-Jul-98,1170.5,1175.8,1162.1,1171.8
21-Jul-98,1196.5,1196.5,1170.5,1172.8
20-Jul-98,1195,1199.4,1186.5,1193.6
17-Jul-98,1193.6,1197,1190.5,1193.8
16-Jul-98,1184.5,1193.5,1178.5,1191.2
15-Jul-98,1187,1190.5,1183,1183.4
14-Jul-98,1177,1189.7,1175.3,1185.8
13-Jul-98,1174,1176.7,1169.4,1173.7
10-Jul-98,1169,1177.2,1159.5,1172.4
9-Jul-98,1172.5,1176,1165,1167.5
8-Jul-98,1167,1177.8,1166.3,1174.9
7-Jul-98,1168.8,1170.7,1162.5,1167.3
6-Jul-98,1157,1169.9,1155.6,1169.4
2-Jul-98,1154.5,1158.5,1152.5,1158
1-Jul-98,1151,1158.5,1145.7,1156.4
30-Jun-98,1148.5,1151.9,1141,1143
29-Jun-98,1151,1157.5,1148.5,1151.5
26-Jun-98,1143,1148.7,1141.7,1147.6
25-Jun-98,1149,1154.8,1138.9,1143.5
24-Jun-98,1131,1147.2,1126.3,1145.6
23-Jun-98,1119.2,1131.5,1119.2,1129.9
22-Jun-98,1112.7,1121.4,1111.6,1116.7
19-Jun-98,1120.5,1123.5,1107.5,1112.3
18-Jun-98,1118,1122,1116.1,1118.1
17-Jun-98,1107,1126.5,1107,1122.1
16-Jun-98,1093.5,1100.5,1086.5,1099.5
15-Jun-98,1098,1107.4,1084,1085.3
12-Jun-98,1107.5,1113,1092,1112.2
11-Jun-98,1112.5,1116,1091.7,1091.9
10-Jun-98,1115.5,1127.5,1110,1113.1
9-Jun-98,1116.5,1122,1112.8,1119.5
8-Jun-98,1116,1122.3,1114.7,1117
5-Jun-98,1102,1117.8,1097.2,1117.4
4-Jun-98,1082.5,1098.9,1079.5,1097.7
3-Jun-98,1098.2,1100.1,1077,1078.3
2-Jun-98,1098.5,1102.5,1091.1,1095.7
1-Jun-98,1087.5,1101,1086,1095.2
29-May-98,1104,1107.5,1090,1090.8
28-May-98,1096,1103.2,1091.1,1100.7
27-May-98,1087,1098,1075.5,1096.5
26-May-98,1119,1120.8,1093,1094
22-May-98,1121,1121.2,1110.8,1114
21-May-98,1123.9,1128.8,1114.5,1118.2
20-May-98,1121,1124.6,1110.6,1124.1
19-May-98,1114.5,1118.4,1110,1115.4
18-May-98,1110,1117.2,1100.5,1108.3
15-May-98,1121,1123.4,1110.1,1112.4
14-May-98,1119,1129.4,1116.1,1119.4
13-May-98,1122,1128,1118.8,1124
12-May-98,1111.5,1122.5,1106.6,1122.1
11-May-98,1117.5,1124.7,1107.7,1112.3
8-May-98,1099.3,1116.8,1098.5,1115.5
7-May-98,1108.8,1109.9,1097.1,1098.3
6-May-98,1124,1124.4,1106.5,1106.8
5-May-98,1123.5,1125.9,1115,1119.9
4-May-98,1131.5,1137,1126.3,1127.9
1-May-98,1121.2,1130.5,1118.1,1129.6
30-Apr-98,1108,1123.8,1107.7,1119.2
29-Apr-98,1094,1103.8,1089.3,1096.8
28-Apr-98,1102.8,1102.8,1086.7,1091
27-Apr-98,1100,1103.5,1081.7,1093.5
24-Apr-98,1124,1130.2,1109.3,1112.8
23-Apr-98,1133,1135.7,1123.6,1126.5
22-Apr-98,1134.5,1140,1133.7,1136.4
21-Apr-98,1130.7,1137.5,1125.9,1135.4
20-Apr-98,1128.5,1132.5,1125.1,1129
17-Apr-98,1114,1131.5,1112.2,1130.6
16-Apr-98,1123.4,1124,1112.1,1115.5
15-Apr-98,1126,1128.6,1119.6,1128.3
14-Apr-98,1118.5,1125.5,1117.3,1125.1
13-Apr-98,1121.5,1122,1107.6,1117.2
9-Apr-98,1114.5,1121.2,1113.8,1119.5
8-Apr-98,1119,1121,1105.4,1111.8
7-Apr-98,1128,1128.3,1110.5,1119
6-Apr-98,1141,1142.3,1126.5,1127
3-Apr-98,1132,1137.2,1128.5,1134.7
2-Apr-98,1117.5,1132.8,1117.5,1131
1-Apr-98,1112,1121.2,1104,1118.2
31-Mar-98,1111,1122.2,1107.8,1110.5
30-Mar-98,1106.5,1111,1100.1,1105.7
27-Mar-98,1116.5,1117.7,1099,1107.5
26-Mar-98,1110.5,1117.9,1107.4,1110.8
25-Mar-98,1123.5,1125.2,1102.7,1113.7
24-Mar-98,1111,1119.4,1110.5,1117.1
23-Mar-98,1109.5,1113.4,1105.7,1108.3
20-Mar-98,1106,1113.5,1100.3,1111.2
19-Mar-98,1097.5,1101.9,1095.6,1101.7
18-Mar-98,1090.6,1098,1089.6,1097.7
17-Mar-98,1091.9,1094.5,1086,1094.2
16-Mar-98,1086,1092.4,1084.6,1091.7
13-Mar-98,1086.5,1088.6,1078.4,1080.9
12-Mar-98,1067.7,1073.7,1064,1072.5
11-Mar-98,1067,1070.9,1065.7,1068.6
10-Mar-98,1059.4,1067.2,1057.9,1065
9-Mar-98,1053,1061.1,1051.5,1054
6-Mar-98,1042,1057.9,1041.8,1057.2
5-Mar-98,1036,1043,1032.2,1038.7
4-Mar-98,1050.5,1053.2,1043.7,1047.9
3-Mar-98,1046.5,1056.3,1045.5,1055.6
2-Mar-98,1051,1056.8,1046.6,1050.1
27-Feb-98,1049,1055.2,1046.1,1050.5
26-Feb-98,1044,1052.3,1042.2,1052.1
25-Feb-98,1038,1049.4,1036.9,1045.6
24-Feb-98,1038.5,1041.2,1030.2,1033.7
23-Feb-98,1042.5,1043.7,1034,1041.3
20-Feb-98,1034,1038,1025.1,1037.5
19-Feb-98,1034.5,1035.8,1028.6,1030.7
18-Feb-98,1025.7,1036,1025,1035.2
17-Feb-98,1029,1033.2,1023.7,1027.5
13-Feb-98,1023,1027,1021,1022.3
12-Feb-98,1018.5,1031.5,1011.3,1026.7
11-Feb-98,1022,1025.2,1019.7,1023.7
10-Feb-98,1016.5,1027.5,1014.9,1024.2
9-Feb-98,1020.2,1020.3,1010.3,1015
6-Feb-98,1012.5,1019,1010.2,1018.6
5-Feb-98,1015.2,1019,1004.3,1009.5
4-Feb-98,1006.7,1014.7,1002.9,1009.7
3-Feb-98,1003,1011.4,1001.6,1010.7
2-Feb-98,1002.5,1008.8,1001,1004
30-Jan-98,990.5,993.3,984.2,987.8
29-Jan-98,982,999.4,980.1,987.1
28-Jan-98,977,984.9,976.1,982.1
27-Jan-98,961.2,979.6,961.2,973.7
26-Jan-98,967,969.3,959.5,963.6
23-Jan-98,969,972.5,955.1,964.4
22-Jan-98,969.5,974,964.5,966.3
21-Jan-98,979,982,967.7,975.4
20-Jan-98,970,985.8,970,985.2
16-Jan-98,965,972.5,962.6,968.4
15-Jan-98,962.4,963.2,954.8,955.1
14-Jan-98,963,965.5,954.1,963.3
13-Jan-98,951.5,959.8,949,959.5
12-Jan-98,920,948.5,917.7,945.5
9-Jan-98,960.5,962.5,926,929.5
8-Jan-98,970,970.5,960.6,961.2
7-Jan-98,969.9,974.8,960.5,974
6-Jan-98,979,980.5,970.5,971
5-Jan-98,986,992.5,976.5,986.9
2-Jan-98,982.5,985.5,973.8,984.7
31-Dec-97,977,984.2,975.4,979.1
30-Dec-97,967.5,980.5,966.5,979.3
29-Dec-97,953,966.2,950.5,965.8
26-Dec-97,950.5,950.5,943.2,945.9
24-Dec-97,953,953,941.5,942.2
23-Dec-97,963.5,965.4,944,945
22-Dec-97,964,968,955.5,962.8
19-Dec-97,955,960,934.9,957.5
18-Dec-97,975.5,976.5,960.4,964.9
17-Dec-97,984.3,986.5,974.6,975.4
16-Dec-97,979,985.5,976.6,980.4
15-Dec-97,968.5,978.5,966.5,974.2
12-Dec-97,971,973,957.5,966.4
11-Dec-97,962,963.5,952,954.4
10-Dec-97,973.5,976,963.5,970.2
9-Dec-97,980.5,983.7,974.3,978.9
8-Dec-97,987,988,980.9,984.6
5-Dec-97,970,988.9,969.5,986.6
4-Dec-97,982,985.8,972.8,976.9
3-Dec-97,975,983.5,967.7,977.5
2-Dec-97,977.3,978.7,972,975.1
1-Dec-97,960,979.8,959.8,979.6
28-Nov-97,956.7,962.2,954.5,954.9
26-Nov-97,957.5,959.7,953.2,955
25-Nov-97,956.5,957.5,946.5,951.7
24-Nov-97,959.5,963.3,947,949.8
21-Nov-97,965.3,971,957.5,969.6
20-Nov-97,952,965.5,952,963
19-Nov-97,939,951.3,937.7,947.8
18-Nov-97,950.2,951.9,940.2,942.6
17-Nov-97,944,954.2,941.9,949.9
14-Nov-97,924,935,917.7,932.6
13-Nov-97,916,922,903,919.2
12-Nov-97,915,928,905.3,908.3
11-Nov-97,928,932.2,922.5,926.6
10-Nov-97,936.6,940.5,923,926.2
7-Nov-97,927.2,934.5,916.5,931.3
6-Nov-97,944.1,945.4,937.3,942.2
5-Nov-97,944,955,941.5,947
4-Nov-97,938,946.5,936.2,942
3-Nov-97,933.5,946,932.3,945.7
31-Oct-97,919,926,908,924
30-Oct-97,909.25,928.5,902,903.1
29-Oct-97,926,941.5,917.1,924.25
28-Oct-97,859,932,844,924.5
27-Oct-97,935.5,943.9,874,874
24-Oct-97,964,966.25,942,944
23-Oct-97,959.3,963.5,948,955.5
22-Oct-97,978.75,979.75,970.8,974.3
21-Oct-97,966,980.5,964.75,979.45
20-Oct-97,950,963.1,947.25,962.25
17-Oct-97,957.65,959.2,935.5,948.65
16-Oct-97,976.5,981.5,956,959.8
15-Oct-97,970,976.8,968.25,973.5
14-Oct-97,980.5,981.7,968.8,977.5
13-Oct-97,980.3,982,974.1,976.35
10-Oct-97,966.5,976.9,966.5,976.65
9-Oct-97,974.5,983.25,969,978.05
8-Oct-97,990,991,974.9,982.35
7-Oct-97,980.5,992.25,980.1,989.6
6-Oct-97,980,983.7,976.85,981.5
3-Oct-97,982,985.5,961.75,975.45
2-Oct-97,963.25,969.7,961.1,969.1
1-Oct-97,959.5,966.5,955.8,963.4
30-Sep-97,959,965,952.75,954.5
29-Sep-97,952.75,964.3,950.25,961.75
26-Sep-97,952.75,956.4,950.6,953.2
25-Sep-97,953.5,956.6,945.5,946.5
24-Sep-97,963.5,970.5,952,954.4
23-Sep-97,964.85,966,956.8,962
22-Sep-97,964,972.2,962.25,966.2
19-Sep-97,956,963.25,953.6,960.6
18-Sep-97,956.25,970.5,955.5,957.85
17-Sep-97,959,961,951.6,955.9
16-Sep-97,939,960,937.5,956
15-Sep-97,933.75,939.9,929.3,931.5
12-Sep-97,926,936.5,916,933.85
11-Sep-97,915,916,901,908.6
10-Sep-97,931,932.75,914.5,915.25
9-Sep-97,931.5,941.5,927.5,934
8-Sep-97,934,938.75,931.75,933.35
5-Sep-97,937,942.5,923.5,931.75
4-Sep-97,928,935.7,926.25,933
3-Sep-97,931.25,938.8,926.5,928
2-Sep-97,904.5,934,904,933.5
29-Aug-97,901.25,909.75,896,903.1
28-Aug-97,910,918.5,899,899.8
27-Aug-97,912,919,904,914
26-Aug-97,919.5,925.9,906.5,907
25-Aug-97,927,934.5,919,923.35
22-Aug-97,911.65,927,906,926.15
21-Aug-97,942,943,922.25,926.65
20-Aug-97,929,945.1,927.5,944.55
19-Aug-97,922.5,932,917,931
18-Aug-97,904.5,919,895.25,918.75
15-Aug-97,923,923.5,898.05,898.8
14-Aug-97,932.8,934,918.5,928.05
13-Aug-97,936.5,939.5,916,925.8
12-Aug-97,944,947.5,927,927.65
11-Aug-97,940,944,928.75,942.55
8-Aug-97,946.5,949.75,926.75,936.4
7-Aug-97,967,969.2,954.25,956.25
6-Aug-97,956.3,968,953.7,963.6
5-Aug-97,955.25,959.7,952.7,956.5
4-Aug-97,951.5,958.6,947.7,955.4
1-Aug-97,957,960.25,941.5,953
31-Jul-97,957.5,963.9,953.6,957.95
30-Jul-97,948,960.3,947.3,957.15
29-Jul-97,940.8,949,937.8,947
28-Jul-97,947.5,949.35,939.7,943.65
25-Jul-97,948.7,951.75,940.8,944.9
24-Jul-97,944,948,931,945.85
23-Jul-97,942.5,949.25,940,941.25
22-Jul-97,921,942.6,921,942.25
21-Jul-97,919.5,921,912.5,917.75
18-Jul-97,936.5,937.7,916,917
17-Jul-97,942.8,944.2,933.5,937.95
16-Jul-97,936.5,946.75,934.9,942.3
15-Jul-97,929,934,920.8,931.75
14-Jul-97,925.9,929.7,918.1,926.85
11-Jul-97,922.4,928.3,919.8,924.4
10-Jul-97,916.5,924.8,911,921.5
9-Jul-97,929.5,930.5,906.5,918
8-Jul-97,918.7,928.8,918.7,927.8
7-Jul-97,929.75,932.25,915.85,918.35
3-Jul-97,922.5,929,922,927.75
2-Jul-97,902.6,916,899.75,915.5
1-Jul-97,893,903.25,891.5,901.25
30-Jun-97,897.5,901.8,886,890.25
27-Jun-97,896.8,905,894.7,896.9
26-Jun-97,896.5,902.5,885,894.25
25-Jun-97,904.7,911.2,890,896.25
24-Jun-97,891.5,907.7,888.25,905
23-Jun-97,903.7,907.9,881,881.75
20-Jun-97,908.5,912.4,904,904.85
19-Jun-97,901.5,911.2,899.7,907.5
18-Jun-97,898,901.75,895.8,899.3
17-Jun-97,901.9,908.5,895.25,902.75
16-Jun-97,904.5,905.8,901.3,904.15
13-Jun-97,896.25,906.4,895.2,903.45
12-Jun-97,875,887.7,872,886.1
11-Jun-97,868.3,871.8,866,870.55
10-Jun-97,866.1,872.25,862.85,868.7
9-Jun-97,862,867.2,861.7,865.85
6-Jun-97,844.5,862.7,844.1,862.5
5-Jun-97,844,851.3,842.6,846
4-Jun-97,844.25,846.2,839.4,842.1
3-Jun-97,843.8,853.3,842.5,843.15
2-Jun-97,853.1,853.9,846,846.2
30-May-97,833,854.5,831.5,850.6
29-May-97,851,851.4,844,845.5
28-May-97,849.5,853.9,844.6,850.55
27-May-97,844.25,854.7,842.6,851.35
23-May-97,843,852,841.6,847.75
22-May-97,843.1,844.4,835.6,840.25
21-May-97,847,849.5,836.5,842.9
20-May-97,833.2,846.5,828.5,844.55
19-May-97,833.5,840,831.9,836.05
16-May-97,842.4,844.2,830.6,832.05
15-May-97,838,846.5,836.1,844.75
14-May-97,843.7,846.3,835.5,839.95
13-May-97,841.2,842.5,832.2,837.85
12-May-97,831,844.2,830.1,841.35
9-May-97,829.55,832.5,818.5,829.65
8-May-97,816,834.2,814.25,822.55
7-May-97,831.5,831.8,816,817.65
6-May-97,833.3,837.2,827.7,834.85
5-May-97,818.6,838,815.25,836.6
2-May-97,804.5,818.9,803.2,816.55
1-May-97,804,807.4,795.85,802.05
30-Apr-97,795.5,810,795.5,802.8
29-Apr-97,787.5,800,786,799.8
28-Apr-97,768.1,778.1,767.15,775.2
25-Apr-97,774,774.75,767.5,768.9
24-Apr-97,782.2,785.2,772,776.35
23-Apr-97,779.8,782.8,775.3,780.2
22-Apr-97,765.3,781.15,763.6,780.75
21-Apr-97,769.6,772.5,758.3,764.15
18-Apr-97,770,773,766.7,770.25
17-Apr-97,768.2,773.6,764.3,766.1
16-Apr-97,757,769.3,755.75,768.3
15-Apr-97,754.3,759.9,749.5,759.7
14-Apr-97,740.5,748.2,737.6,747.3
11-Apr-97,756.35,757,738,738.5
10-Apr-97,764.7,769.5,761.5,763.35
9-Apr-97,773.75,774.6,763.6,765.6
8-Apr-97,767.4,772.55,763.6,772.05
7-Apr-97,765.5,770.7,765.5,767.3
4-Apr-97,749.5,763.3,747,762.6
3-Apr-97,751.5,756,748,753.85
2-Apr-97,762.4,764.2,750.6,751.3
1-Apr-97,759.5,767.25,756.5,765
31-Mar-97,775.7,777,757,758
27-Mar-97,799.4,799.9,768.5,775.5
26-Mar-97,796.3,802.7,793.7,798.2
25-Mar-97,800.8,806,794.5,795.2
24-Mar-97,793,802.2,788,801.25
21-Mar-97,792.7,794.3,790.6,791.75
20-Mar-97,793,794,782.5,788.4
19-Mar-97,794.5,800.4,786,792.25
18-Mar-97,804.4,805.6,792.2,795
17-Mar-97,798.25,806,790,804.4
14-Mar-97,801.8,805.3,798,803
13-Mar-97,800.5,802,788.7,790.4
12-Mar-97,810.9,811.25,801.3,803.7
11-Mar-97,815.25,816,810.9,811.3
10-Mar-97,807.5,815.5,804.1,815
7-Mar-97,802.5,810,801,807.2
6-Mar-97,805,805.8,798.1,800.6
5-Mar-97,795,804.65,793.7,804.25
4-Mar-97,796.9,800,790.1,792.05
3-Mar-97,788,796.3,787,795.25
28-Feb-97,792.6,797.8,790,790.4
27-Feb-97,806,807.4,792,792.5
26-Feb-97,814,814.1,795,803.75
25-Feb-97,812.8,815,808.8,814.15
24-Feb-97,800.1,813.4,800.1,812.55
21-Feb-97,805,807.4,801.8,804.45
20-Feb-97,812.1,814.2,801.8,804.35
19-Feb-97,817.1,820.4,812.5,814.3
18-Feb-97,813.5,819.5,808.25,818.35
14-Feb-97,814.25,815.6,810.25,812.2
13-Feb-97,808.75,816.3,807.8,814.15
12-Feb-97,793.8,807.5,793.6,807.25
11-Feb-97,790.25,795.1,782.9,794.85
10-Feb-97,794.35,796.95,786.5,788.05
7-Feb-97,788.75,794.7,779.75,794.35
6-Feb-97,780.5,783.5,776.6,782.65
5-Feb-97,794,796.6,771.5,780.5
4-Feb-97,788.8,794.2,786.6,793.7
3-Feb-97,789.45,791.3,785.8,789.75
31-Jan-97,791,796.2,786,787.5
30-Jan-97,780.5,788.25,777.5,787.95
29-Jan-97,772,778.5,769.1,778.3
28-Jan-97,778,781,763.5,771.5
27-Jan-97,771.8,775.7,767,768.95
24-Jan-97,780.25,782.2,768.5,769.75
23-Jan-97,793.4,799.7,774,780.25
22-Jan-97,786.7,791.9,782.9,791.6
21-Jan-97,777.7,789.3,775.5,786.95
20-Jan-97,780.6,784.6,778.3,780.15
17-Jan-97,775.6,781.7,775.4,780.75
16-Jan-97,774.25,777.1,769.2,775.25
15-Jan-97,772,776.3,767.8,771.65
14-Jan-97,769.3,778.2,768.8,773.2
13-Jan-97,768.8,769.2,761.2,764.3
10-Jan-97,749.5,767,748,766.6
9-Jan-97,756,764.4,754.4,758.9
8-Jan-97,762.1,762.5,751.3,755.5
7-Jan-97,751,760.2,746.6,759.65
6-Jan-97,755.6,759.8,749.1,750.7
3-Jan-97,747.75,757.6,746.5,757.2
2-Jan-97,749.5,749.5,733.25,744.7
31-Dec-96,759.6,759.6,744,744.5
30-Dec-96,766.6,766.8,758,759.1
27-Dec-96,764.1,766.1,761.2,764.6
26-Dec-96,760.4,765,759.6,764.6
24-Dec-96,754.5,759.2,754.2,759.05
23-Dec-96,756,758.3,749.3,754.1
20-Dec-96,757.5,765,755,757.25
19-Dec-96,743,753.8,741.75,753.5
18-Dec-96,736.5,740.6,735,738.15
17-Dec-96,725,736.4,723,733.25
16-Dec-96,737.75,740.2,725,727.75
13-Dec-96,733.7,739.8,729,736.4
12-Dec-96,744.45,745.5,726,727.55
11-Dec-96,736,744,732,739.55
10-Dec-96,752.4,755,747.8,748
9-Dec-96,743.8,751.9,743,751.5
6-Dec-96,730,745.5,725.5,740.5
5-Dec-96,746.1,749.3,743.2,745.35
4-Dec-96,746.8,748.9,739.55,747.6
3-Dec-96,759.1,763.95,745,745.5
2-Dec-96,757.2,759.5,752.8,758
29-Nov-96,757.8,760.7,757.5,758.25
27-Nov-96,758.7,760.2,755.1,755.95
26-Nov-96,760.9,765.3,754,757.35
25-Nov-96,751.5,760.6,750.2,759.95
22-Nov-96,746.1,751.8,745.8,751.2
21-Nov-96,747,747.65,743.05,745.45
20-Nov-96,744.5,749.8,742.4,746.15
19-Nov-96,740.5,746.5,739.95,746.3
18-Nov-96,740.8,742.5,737,740.35
15-Nov-96,740.8,745.5,737,740.85
14-Nov-96,732,739.4,731.5,739.25
13-Nov-96,731.9,735.5,730.4,734.15
12-Nov-96,735.5,736.2,730.7,732
11-Nov-96,734.1,736.05,732.85,734.1
8-Nov-96,730.2,734.5,727.9,734.25
7-Nov-96,726.7,733.1,725.6,730.95
6-Nov-96,715.6,729.8,714.9,729.4
5-Nov-96,712.8,718.35,712.8,715.4
4-Nov-96,708,711.5,706.2,711.25
1-Nov-96,710.15,712.3,704.05,706.5
31-Oct-96,703.8,710.5,703.2,709.65
30-Oct-96,707.5,708,702.6,702.8
29-Oct-96,702.9,707.4,698.8,706.25
28-Oct-96,705.35,709.3,699.7,700.35
25-Oct-96,704.1,707.8,703.2,705.35
24-Oct-96,710.25,712.2,703.5,703.75
23-Oct-96,707.7,711.4,704.1,711.05
22-Oct-96,713.2,713.4,708.3,709.1
21-Oct-96,714.8,718.7,711.8,714.4
18-Oct-96,711.5,716,709.85,715.85
17-Oct-96,710.9,713.2,708.65,711
16-Oct-96,707,709,702.4,708.6
15-Oct-96,712.5,712.5,702.8,706.65
14-Oct-96,705.8,709.9,705.4,707.5
11-Oct-96,701,706.1,700.9,705.9
10-Oct-96,698.7,702,697.5,698.4
9-Oct-96,706.7,707.2,698.7,700.5
8-Oct-96,708.2,710.6,704.4,704.75
7-Oct-96,706.7,709.9,706.5,708.2
4-Oct-96,700.1,707.5,699.5,707.2
3-Oct-96,698.7,700.1,696.5,697.7
2-Oct-96,697.5,700,696.25,699.35
1-Oct-96,691.3,695.3,689.2,695.1
30-Sep-96,692.25,696,690.7,691.4
27-Sep-96,692.1,692.2,688.6,691.4
26-Sep-96,692.1,696.4,688.6,691.95
25-Sep-96,694.1,694.45,690.2,691.05
24-Sep-96,690.8,697.5,689.2,692.05
23-Sep-96,689.8,693,687,692.4
20-Sep-96,691,693.5,689.9,691.9
19-Sep-96,686,690.55,685,689.85
18-Sep-96,688.7,690.45,685.4,687.2
17-Sep-96,692.1,692.5,685.9,689.95
16-Sep-96,688.7,694.2,688.2,690.75
13-Sep-96,684,689,683.75,688.85
12-Sep-96,669.5,674.3,668.8,672.15
11-Sep-96,662.7,668.5,661.7,667
10-Sep-96,664.3,666.6,661.6,665.1
9-Sep-96,659.2,665.2,658.15,665.05
6-Sep-96,650.6,659.6,649.5,658.25
5-Sep-96,653.4,655.75,648.6,649
4-Sep-96,654.6,657.1,652.75,656.6
3-Sep-96,644,656.4,642.7,655.85
30-Aug-96,657.8,658,649.2,651.35
29-Aug-96,664.3,664.3,654.8,657.15
28-Aug-96,667.3,668.15,664.8,665.7
27-Aug-96,666.2,667.25,664.4,666.7
26-Aug-96,666.7,667.2,663.1,664.2
23-Aug-96,669.9,671.25,666,668.8
22-Aug-96,667.2,672.55,666.55,671.85
21-Aug-96,666.2,667.4,663.4,666
20-Aug-96,667.8,668.5,666.5,667.95
19-Aug-96,668,669.2,666.4,668.2
16-Aug-96,664.8,669.05,664.5,668.1
15-Aug-96,662.7,666.5,662.2,663.6
14-Aug-96,662.3,665,659.8,663.6
13-Aug-96,665.75,666.7,660.2,661.8
12-Aug-96,662.7,668.75,660.75,667.75
9-Aug-96,666.7,668.2,661.4,662.45
8-Aug-96,665.55,666.5,662.9,666.2
7-Aug-96,666.5,667.7,661.8,666.2
6-Aug-96,661.5,665.7,659.2,664.25
5-Aug-96,666,666.6,661.1,661.7
2-Aug-96,659.5,666.6,658.1,666.35
1-Aug-96,641.5,654.4,641.5,653.05
31-Jul-96,637,643.7,636.2,642.4
30-Jul-96,634.5,637.8,631.3,637.7
29-Jul-96,637.3,638.8,630.8,631
26-Jul-96,636.4,639.5,634.9,639.35
25-Jul-96,635.7,637.2,632.1,635.2
24-Jul-96,623,633,620,630.7
23-Jul-96,638.5,641.1,628,628.15
22-Jul-96,638.8,639.9,632.1,637.55
19-Jul-96,645.8,646.4,638,642
18-Jul-96,639.3,647.9,636,647.45
17-Jul-96,637.1,640,632.5,637.8
16-Jul-96,632,636.4,610.25,632.1
15-Jul-96,649,649.5,630,630.25
12-Jul-96,650,652.5,643.5,648.05
11-Jul-96,659.95,660.4,641.7,648.35
10-Jul-96,658.6,662.1,652.4,661.7
9-Jul-96,658.7,661.4,658.1,659.15
8-Jul-96,661,662.9,655.1,656.3
5-Jul-96,664.1,668.6,659,661.1
3-Jul-96,677.8,678.7,675,676.1
2-Jul-96,680,680.5,677.4,678.8
1-Jul-96,677.1,681.4,676.4,680.8
28-Jun-96,676.1,678.4,674,676.8
27-Jun-96,668.4,674.95,666.7,673.05
26-Jun-96,673.2,673.9,668.5,668.65
25-Jun-96,676,676.9,673,674.15
24-Jun-96,674.6,677.2,673.9,675.15
21-Jun-96,670.5,673.65,669.2,673.45
20-Jun-96,669.6,671.3,664.3,666.85
19-Jun-96,668.5,672,666.55,668.7
18-Jun-96,671.5,673.1,665.8,667.5
17-Jun-96,671.8,674.9,669.9,671.5
14-Jun-96,674.8,675.2,669.7,670.55
13-Jun-96,671.3,672,665.65,668.75
12-Jun-96,673.5,674.7,668.9,669.7
11-Jun-96,673.6,678,670.4,671.45
10-Jun-96,674.1,674.85,670.75,671.3
7-Jun-96,661.25,674.3,661.25,673.8
6-Jun-96,681.6,682.2,672.65,673.25
5-Jun-96,673.1,679.7,672.75,678.75
4-Jun-96,671.9,674.1,670.5,673.2
3-Jun-96,667.6,669.8,665.6,669.45
31-May-96,672.55,675.2,666.5,666.95
30-May-96,668.7,675.7,665.7,673.4
29-May-96,675.1,675.5,666.3,669.1
28-May-96,681.8,682.35,671.9,673.8
24-May-96,679.5,682.25,678.45,680.6
23-May-96,681,683.2,675.1,678.45
22-May-96,674.7,681.2,673.5,680.9
21-May-96,676.3,678.1,674.3,675.8
20-May-96,675.25,676.4,669.7,676.25
17-May-96,669.4,672.7,668.7,671.5
16-May-96,664,669.6,663.6,667.05
15-May-96,667.1,672.5,666.1,667.35
14-May-96,666.7,669.4,664.85,667.3
13-May-96,654.8,665.9,654.5,663.75
10-May-96,652.35,655.7,650.95,654.9
9-May-96,646.6,650.35,644.55,647.35
8-May-96,637.2,648,631.5,647.5
7-May-96,643,643.55,638.3,639.05
6-May-96,645.8,646.2,637.9,642.9
3-May-96,647.25,650.7,639.5,643.5
2-May-96,651.45,654,642.2,645.85
1-May-96,654.3,658.95,653.9,656.45
30-Apr-96,655.5,657.4,652.9,654.85
29-Apr-96,653.8,657.2,653.15,655.15
26-Apr-96,655.7,659.4,653.8,656.45
25-Apr-96,652.8,657.1,649.1,655.05
24-Apr-96,657,657,650,651.7
23-Apr-96,650.7,655.2,650.15,655
22-Apr-96,652.05,654.5,647.6,652.05
19-Apr-96,648.5,650.8,646.45,647.05
18-Apr-96,646,648.1,643.3,645.95
17-Apr-96,646.4,648.3,640.8,644.85
16-Apr-96,646.1,649.4,645.3,647.3
15-Apr-96,642.6,645.95,640.95,645.8
12-Apr-96,635.9,640.8,635.1,640.6
11-Apr-96,635.9,638.5,625,633.6
10-Apr-96,644.3,646.3,630.8,633.25
9-Apr-96,649.5,649.8,643.85,645
8-Apr-96,647.6,647.6,639.6,647
5-Apr-96,658.4,660.5,658.3,659.6
4-Apr-96,658.4,660.5,658.3,659.6
3-Apr-96,656.6,660,655.55,659.1
2-Apr-96,658.5,659.3,656.7,658.6
1-Apr-96,654.1,658.45,652.6,657.4
29-Mar-96,656.1,656.1,648,651.25
28-Mar-96,650.1,654.9,650.1,654.75
27-Mar-96,658.7,659.6,650.9,651.3
26-Mar-96,655.3,660.7,653.8,658.8
25-Mar-96,661.35,663.5,653.95,655.9
22-Mar-96,656.2,658.5,654.3,656.35
21-Mar-96,657.5,657.9,653.2,654.65
20-Mar-96,659.9,660.5,650.9,656.15
19-Mar-96,664,664.5,655.25,657.3
18-Mar-96,652.5,659.6,651.5,659.5
15-Mar-96,647.25,649.3,643.6,647
14-Mar-96,645.2,650.8,644.9,647.5
13-Mar-96,644.4,647.05,640.75,643.75
12-Mar-96,643,644.5,632.3,640.9
11-Mar-96,636,647.3,634,644.95
8-Mar-96,648.3,652.3,630.3,638
7-Mar-96,651.3,654.5,649.5,654.15
6-Mar-96,656.1,657.75,650.9,651.2
5-Mar-96,648.95,657.85,648.8,657.45
4-Mar-96,648.4,655.15,646.35,650.7
1-Mar-96,637.85,647.5,634.5,647.25
29-Feb-96,643,648,637,638.25
28-Feb-96,647.4,655.8,643,643.5
27-Feb-96,649,651.4,643.55,647.6
26-Feb-96,658.95,659.25,648,648.85
23-Feb-96,659.7,664.95,652.7,659.25
22-Feb-96,651.05,663,651.05,659.95
21-Feb-96,643.4,651.9,641,651.7
20-Feb-96,649.9,650.6,638.5,643.5
16-Feb-96,651.7,652.6,647.8,650.3
15-Feb-96,655.9,659.05,651.1,651.4
14-Feb-96,661.8,663.7,655.5,655.9
13-Feb-96,663.8,667.1,660.5,661.8
12-Feb-96,659.25,666.7,658.35,664.35
9-Feb-96,658.35,664.2,655.2,659.25
8-Feb-96,651.55,659.5,650.2,658.45
7-Feb-96,648.2,652.3,647.35,651.75
6-Feb-96,641.9,649.2,640.8,648.2
5-Feb-96,637.95,643.75,635.1,642
2-Feb-96,639.5,641.3,635.7,638.35
1-Feb-96,637.65,640.35,636.3,639.7
31-Jan-96,632.05,638.3,631.3,637.85
30-Jan-96,625.95,632.95,625.95,631.95
29-Jan-96,624.3,626.7,622.9,626.2
26-Jan-96,619.05,624.75,616.5,624.2
25-Jan-96,621.75,622.65,618.2,619
24-Jan-96,616.45,622.8,616,621.95
23-Jan-96,613.7,616.3,612.7,616.25
22-Jan-96,613.85,615.95,612.9,613.7
19-Jan-96,610.5,616.2,609.5,614.25
18-Jan-96,608.05,611.25,606.1,610.6
17-Jan-96,609.5,613.5,606.65,608.25
16-Jan-96,603.35,611.1,601.15,610.9
15-Jan-96,604.9,606.85,600.7,603.2
12-Jan-96,605.6,607.75,599.5,604.95
11-Jan-96,601,605.8,600.3,605.55
10-Jan-96,608.5,611.65,598.4,600.85
9-Jan-96,622.4,623.9,606,608.5
8-Jan-96,619.5,622.6,619.5,622.3
5-Jan-96,619.95,620.1,614.7,619.3
4-Jan-96,627.3,630.05,616.5,619.8
3-Jan-96,625.1,628.2,623.55,627
2-Jan-96,617.8,625.3,617.6,625.1
29-Dec-95,617.5,619.5,616.2,618.45
28-Dec-95,619.2,620.5,616.85,617.75
27-Dec-95,619.5,620.95,618.3,619.25
26-Dec-95,618.9,620.05,618.4,619.55
22-Dec-95,616.05,619.8,616.05,618.35
21-Dec-95,614.4,616.8,613.3,615.95
20-Dec-95,619.3,620.4,612,613.05
19-Dec-95,611.5,618.5,610.65,617.85
18-Dec-95,622.25,622.6,611.35,611.7
15-Dec-95,623.75,624.5,621.05,622.75
14-Dec-95,627.3,629.7,622.1,623.7
13-Dec-95,625,628.9,624.9,627.55
12-Dec-95,625.9,626.25,624.3,625
11-Dec-95,624.2,627.9,623.7,626
8-Dec-95,622.3,625.2,620,624.2
7-Dec-95,619,619.8,615.7,616.65
6-Dec-95,618.45,622.65,617.35,619.8
5-Dec-95,614.7,619.5,613.85,618.75
4-Dec-95,608.3,615.5,608.05,614.8
1-Dec-95,607.25,609.4,605.9,608.4
30-Nov-95,608.1,610,606.1,607.25
29-Nov-95,607.3,608.85,606.3,607.95
28-Nov-95,601.75,608,599.8,608
27-Nov-95,601.35,605.1,601.15,601.7
24-Nov-95,600.4,601.8,599.5,601.55
22-Nov-95,601.6,602.5,600.2,600.4
21-Nov-95,601.6,601.7,601.5,601.55
20-Nov-95,601.1,602.75,598.05,600.25
17-Nov-95,599.85,601.95,599.1,601.05
16-Nov-95,596.3,600,595.3,599.8
15-Nov-95,590.15,596.4,589.9,596.2
14-Nov-95,593.9,594.7,590.05,590.45
13-Nov-95,593.95,596.2,592.55,593.9
10-Nov-95,594.7,595.65,591.9,594.45
9-Nov-95,594,595.9,592.4,594.7
8-Nov-95,588.9,594.4,588.9,594.1
7-Nov-95,591.25,592.1,586.25,588.2
6-Nov-95,592.45,592.45,590.45,591.3
3-Nov-95,592.35,592.95,590.6,592.5
2-Nov-95,588.15,592.5,587.5,592.45
1-Nov-95,583.85,588.4,582.4,588.25
31-Oct-95,586.65,589.85,583.7,583.85
30-Oct-95,583.35,587,583.3,586.7
27-Oct-95,578.6,583.6,575.2,583.6
26-Oct-95,583.75,585.45,573,578.65
25-Oct-95,589.15,590.5,583.75,583.95
24-Oct-95,587.65,590.6,586.5,589.25
23-Oct-95,588.9,590.2,586.25,587.8
20-Oct-95,593.9,594.35,589.5,589.65
19-Oct-95,590.95,594,589.35,593.95
17-Oct-95,585.3,590.3,584.9,590
16-Oct-95,587.9,588.1,585,585.2
13-Oct-95,587.35,591.5,587.3,588.2
12-Oct-95,583.3,587.6,583.3,587.5
11-Oct-95,581.25,583.75,580.9,583.45
10-Oct-95,581.55,582.2,575.5,581.25
9-Oct-95,586.5,586.5,580.4,581.75
6-Oct-95,586.6,586.6,586.6,586.6
5-Oct-95,584.95,587,583.3,586.6
4-Oct-95,586.25,586.55,583.5,584.9
3-Oct-95,584.95,586.65,582.3,586.3
2-Oct-95,588.2,589.85,584.6,585.05
29-Sep-95,589.2,592.6,587.7,588.2
28-Sep-95,585.3,589.8,584.15,589.2
27-Sep-95,585.95,586.05,579.2,585.45
26-Sep-95,586,589.5,584.7,585.95
25-Sep-95,587.25,587.8,583.8,586
22-Sep-95,586.7,587.75,582,587.25
21-Sep-95,592.1,592.15,584.6,586.65
20-Sep-95,589.7,592.25,589.1,592.15
19-Sep-95,587.75,590,585.6,589.9
18-Sep-95,588.65,589.05,584.65,587.75
15-Sep-95,588.7,590.5,586.5,589.1
14-Sep-95,584.25,589.7,583.8,588.9
13-Sep-95,581.2,585.1,580.4,584.2
12-Sep-95,578.6,581.5,577.65,581.4
11-Sep-95,577.85,580.05,577.8,578.65
8-Sep-95,575.7,578.3,573.75,578.15
7-Sep-95,570.95,571.3,569.5,571
6-Sep-95,569.25,571.3,569.05,571.15
5-Sep-95,565.15,569.7,564.5,569.35
1-Sep-95,562.75,565.35,561.2,564.95
31-Aug-95,561.2,563.25,560.7,562.85
30-Aug-95,560.6,562.45,560,561.15
29-Aug-95,559.4,561.1,556.15,560.55
28-Aug-95,562,563.3,558.5,559.35
25-Aug-95,559.15,563,558.85,562.05
24-Aug-95,557.8,560.1,555.9,559.1
23-Aug-95,559.9,561.2,557.7,557.8
22-Aug-95,558.7,560.85,556.8,560
21-Aug-95,561.45,565.5,558.5,558.85
18-Aug-95,560.35,563.3,559.1,561.7
17-Aug-95,560.55,561.5,558.3,560.65
16-Aug-95,560,561.2,557.7,560.6
15-Aug-95,561.7,561.9,556.25,560.05
14-Aug-95,557,561.8,556.2,561.7
11-Aug-95,558.5,559.8,554.2,557.2
10-Aug-95,561.8,562.7,557,558.5
9-Aug-95,561.8,563.6,560.7,561.95
8-Aug-95,561.05,563.6,559.25,561.8
7-Aug-95,560.4,563.2,560.4,561.25
4-Aug-95,560.35,561.95,558.5,560.6
3-Aug-95,559.35,560.5,555.3,560.45
2-Aug-95,561.35,568.9,559.1,559.35
1-Aug-95,563.2,563.55,558.6,561.4
31-Jul-95,564.3,565.25,561.8,563.25
28-Jul-95,567.35,568.5,563.9,564.3
27-Jul-95,564,568.3,563.6,567.6
26-Jul-95,563.2,566.4,562.7,564
25-Jul-95,560.4,565,558.6,563.4
24-Jul-95,555.2,560.5,554.7,560.4
21-Jul-95,556.35,557.9,553.1,555.35
20-Jul-95,553.7,557.5,551.7,556.25
19-Jul-95,560.45,560.5,546,553.9
18-Jul-95,565.4,565.45,559.9,560.9
17-Jul-95,562.75,566.5,562.3,565.45
14-Jul-95,564,564.15,559.7,562.8
13-Jul-95,564.25,565.5,562.6,564
12-Jul-95,557.75,565.8,557.4,564.1
11-Jul-95,561.25,561.25,556.8,557.75
10-Jul-95,560.05,562.5,559.5,561.2
7-Jul-95,557,560.4,556.25,560.05
6-Jul-95,551.95,558.2,550.05,557.75
5-Jul-95,549.55,554.1,549.45,552
3-Jul-95,547.15,550.5,546.85,549.55
30-Jun-95,548.35,551.25,546.75,547.15
29-Jun-95,549.4,550.6,544.4,548.45
28-Jun-95,547.1,551.35,544.8,549.4
27-Jun-95,548.05,551.75,546.5,547.15
26-Jun-95,554.9,555.5,547.85,548.1
23-Jun-95,555.1,556.15,552.3,554.9
22-Jun-95,548.9,555.95,548.65,555.35
21-Jun-95,549.2,551.15,548.6,548.9
20-Jun-95,548.6,550.2,547.6,549.3
19-Jun-95,543.9,550.4,543.8,549.75
16-Jun-95,542.55,544.9,541.2,544.1
15-Jun-95,540.55,544.3,539.9,542.7
14-Jun-95,540.7,541.8,538.75,540.5
13-Jun-95,536.8,541.65,536.5,540.7
12-Jun-95,532.95,538.1,532.95,536.9
9-Jun-95,536.15,536.15,529.7,533.1
8-Jun-95,533.35,535,531.3,531.55
7-Jun-95,535.4,535.45,531.8,532.9
6-Jun-95,536.6,537.95,535.25,535.4
5-Jun-95,531.95,538.7,531.65,536.6
2-Jun-95,533.75,538.2,529,532
1-Jun-95,533.3,535.3,530.2,533.8
31-May-95,523.5,534.25,522.2,533.25
30-May-95,523.55,526.7,521.7,523.55
26-May-95,529.8,529.8,521.5,523.8
25-May-95,529.4,530.25,525.35,529.9
24-May-95,530,533,525.8,529.45
23-May-95,525.25,530.2,524.55,530
22-May-95,520.35,526.2,520.15,525.3
19-May-95,519.1,520.8,517.2,520.45
18-May-95,527.8,527.95,518.9,519.2
17-May-95,529.4,530.4,526.5,527.9
16-May-95,529.85,530.95,528.15,529.6
15-May-95,527.2,530,526.3,529.85
12-May-95,526.5,528.75,524.5,527.25
11-May-95,525.3,526.8,523.45,526.8
10-May-95,524.4,526.5,522.55,525.5
9-May-95,525.4,527.9,522.9,524.5
8-May-95,521.2,527.1,520.25,525.4
5-May-95,522.8,524.7,519.2,521.35
4-May-95,522.4,527.45,520.8,523
3-May-95,516.55,522.75,516.5,522.6
2-May-95,515.15,517.1,514.2,516.55
1-May-95,516.55,517.25,514.7,515.3
28-Apr-95,515.3,517.25,511.85,516.8
27-Apr-95,514.3,515.9,513,515.3
26-Apr-95,513.3,515.4,512,514.2
25-Apr-95,514.95,515.7,513.1,513.4
24-Apr-95,510.05,515.5,509.3,515.1
21-Apr-95,507.25,510.4,507.25,510.25
20-Apr-95,506.5,508.9,505.15,507.35
19-Apr-95,507.7,508.35,503.1,506.6
17-Apr-95,513.5,514.85,507.1,508.4
13-Apr-95,509.9,512.8,509.8,512.2
12-Apr-95,507.95,510.1,507.35,509.95
11-Apr-95,511.3,511.9,507.7,508
10-Apr-95,508.65,509.9,507.4,509.7
7-Apr-95,509.6,511,506.25,508.7
6-Apr-95,508.85,510.5,507.8,509.6
5-Apr-95,507.8,509,506.55,509
4-Apr-95,504.65,508.3,504.15,507.7
3-Apr-95,503.9,505.25,503,504.7
31-Mar-95,506.35,506.5,499,504.35
30-Mar-95,506.4,509.45,504.1,506.3
29-Mar-95,507.25,512.45,504.3,506.4
28-Mar-95,507.7,507.75,505.5,507.35
27-Mar-95,505.1,507.4,505,507.2
24-Mar-95,499.3,505.5,499.2,505.3
23-Mar-95,499.35,500.8,497.6,499.3
22-Mar-95,499.25,499.45,497.05,499.35
21-Mar-95,500.1,503.6,497.4,499.6
20-Mar-95,499.75,500.75,498.9,500.1
17-Mar-95,499.3,501,498.5,499.7
16-Mar-95,496.1,500.1,495.65,499.5
15-Mar-95,497.2,497.7,494.5,496.2
14-Mar-95,493.85,498.45,493.75,497.4
13-Mar-95,494.5,496.05,493.55,494
10-Mar-95,487.2,496,486.5,495.15
9-Mar-95,483.3,484.3,482.3,483.3
8-Mar-95,482.35,484.95,481.3,483.35
7-Mar-95,486.35,486.4,479.3,482.3
6-Mar-95,485.55,486.85,481.8,486.2
3-Mar-95,486.25,486.25,483.1,485.6
2-Mar-95,486.1,486.6,483.7,486.4
1-Mar-95,488.45,489.15,485.4,486.15
28-Feb-95,484.95,488.6,484.65,488.5
27-Feb-95,488.15,489.2,483.75,485
24-Feb-95,488.8,489.45,486.75,488.65
23-Feb-95,486.85,490.75,486.7,488.7
22-Feb-95,484.4,487.6,483.95,487.1
21-Feb-95,484.1,484.85,483.6,484.5
17-Feb-95,486.3,486.3,483.9,484.5
16-Feb-95,486.75,487.1,484.3,486.3
15-Feb-95,483.8,487.4,482.8,486.7
14-Feb-95,483.35,484.7,481.75,483.7
13-Feb-95,483.5,484.6,482.9,483.35
10-Feb-95,482.5,483.95,480.55,483.65
9-Feb-95,482.3,483.45,481.1,482.7
8-Feb-95,482.9,484.8,482,482.3
7-Feb-95,482.75,483.55,481.45,483
6-Feb-95,480.8,484.2,480.4,482.8
3-Feb-95,474.6,482,474.5,481.05
2-Feb-95,471.85,474.75,471.35,474.3
1-Feb-95,472.2,474.3,470.4,471.9
31-Jan-95,469.85,472.9,469.4,472.1
30-Jan-95,471.65,472,469.15,469.85
27-Jan-95,471.1,473.85,470.1,472.05
26-Jan-95,469.8,471.2,468.2,471.1
25-Jan-95,468.25,471.85,466.3,469.8
24-Jan-95,467.75,468.8,467.1,468.1
23-Jan-95,467,468.4,463.4,467.8
20-Jan-95,468.6,468.65,466,466.9
19-Jan-95,471.2,471.25,468.2,468.55
18-Jan-95,471.8,472.8,469.85,471.45
17-Jan-95,471.7,472.4,469.75,472
16-Jan-95,469.35,472.5,468.75,471.8
13-Jan-95,464.05,469.25,463.7,469.05
12-Jan-95,464.4,465.05,462.4,464.25
11-Jan-95,464.1,466.1,460.4,464.35
10-Jan-95,463.6,467.2,463.45,463.8
9-Jan-95,463,464.6,461.8,463.75
6-Jan-95,463.2,465.7,461.65,463.15
5-Jan-95,463.75,464.1,462.5,463.1
4-Jan-95,461.55,463.7,460.25,463.6
3-Jan-95,461.3,462.35,460.2,461.45
30-Dec-94,464.6,465.45,461.2,461.55
29-Dec-94,464.2,465.6,463.4,464.6
28-Dec-94,465.95,466,461.9,464.15
27-Dec-94,463.75,466.6,463.75,465.95
23-Dec-94,463.2,464.8,463.15,463.5
22-Dec-94,464.9,465.3,462.7,463.25
21-Dec-94,460.5,465.85,460.35,465
20-Dec-94,461.75,462.5,460,460.25
19-Dec-94,461.55,462.1,460.2,461.9
16-Dec-94,458.55,462.5,458.15,461.95
15-Dec-94,458.1,460.85,457.8,458.65
14-Dec-94,454,460,453.9,458.1
13-Dec-94,453.25,455.7,453,454.1
12-Dec-94,450.75,453.4,449.5,453.2
9-Dec-94,448.95,451.1,446.6,450.9
8-Dec-94,452.05,453,445.1,446.1
7-Dec-94,452,453.35,450.2,452.1
6-Dec-94,454.05,454.9,450.55,453.7
5-Dec-94,453.85,455.85,452.1,454
2-Dec-94,449.05,454,447.55,454
1-Dec-94,453.95,454.4,448,449
30-Nov-94,456,457.8,453.8,454.1
29-Nov-94,454.95,456.35,451.9,456.2
28-Nov-94,453.6,455.25,451.4,454.85
25-Nov-94,450.55,453.8,450.55,453.65
23-Nov-94,446.6,451.4,444.5,450.6
22-Nov-94,457.7,459.1,446.5,446.5
21-Nov-94,464.35,465.1,460.7,463.3
18-Nov-94,464.35,465.1,460.7,463.3
17-Nov-94,466.85,467.25,461.85,464.25
16-Nov-94,465.7,467.6,464.65,466.9
15-Nov-94,467.4,470,461,465.8
14-Nov-94,465.25,465.25,461.7,462.9
11-Nov-94,465.25,465.25,461.7,462.9
10-Nov-94,465.9,469,463.8,465.3
9-Nov-94,466.9,471.75,463.3,465.7
8-Nov-94,462.4,464.9,461.6,464.5
7-Nov-94,462.4,464.9,461.6,464.5
4-Nov-94,468.8,471,461.8,462.45
3-Nov-94,466.8,469.8,466.65,468.8
2-Nov-94,469.05,472.45,466.65,467
1-Nov-94,472.65,472.95,468.3,469.05
31-Oct-94,476.2,476.9,472.3,472.55
28-Oct-94,467.2,476.9,465.85,476.2
27-Oct-94,463.35,467.3,463,467.2
26-Oct-94,462.3,464.5,461.6,463.35
25-Oct-94,462.05,463.4,459.35,462.5
24-Oct-94,465.85,467.7,461.5,462.2
21-Oct-94,467.3,467.6,464,465.65
20-Oct-94,471,471.9,466,467.25
19-Oct-94,468.45,473,466.6,470.9
18-Oct-94,469.85,470.2,467.4,468.5
17-Oct-94,471.25,471.55,469.1,470
14-Oct-94,469.1,471.35,467,471.2
13-Oct-94,467.5,473.75,467.1,471.25
12-Oct-94,467.4,468.4,466.05,467.8
11-Oct-94,460.65,468.9,460.15,467.3
10-Oct-94,456.35,460.9,456.2,460.7
7-Oct-94,453.9,457.2,452.3,456.65
6-Oct-94,454.25,455.85,453,454
5-Oct-94,455.05,455.75,450.2,454.25
4-Oct-94,463.15,464.6,459.55,459.8
3-Oct-94,463.15,464.5,461,463.2
30-Sep-94,463.95,466.85,463.1,463.3
29-Sep-94,466.5,466.95,462.6,463.9
28-Sep-94,464,467.7,463.85,466.5
27-Sep-94,463.35,465.15,461.2,463.9
26-Sep-94,461.95,463.5,461.1,463.2
23-Sep-94,462.6,464.2,460.5,461.9
22-Sep-94,463.75,465.55,462.6,462.75
21-Sep-94,463.8,465.55,459.7,463.65
20-Sep-94,472.55,473.05,463.7,463.95
19-Sep-94,472.5,475.45,472.25,472.6
16-Sep-94,475.65,476.25,471.25,472.45
15-Sep-94,470.65,475.9,470.6,475.55
14-Sep-94,469.25,471,468.3,470.85
13-Sep-94,467.75,471.15,467.1,469.2
12-Sep-94,469.55,470.8,467.55,467.8
9-Sep-94,475.2,475.75,467.85,470.1
8-Sep-94,471,473.95,470.65,472.9
7-Sep-94,472.05,472.35,469.85,470.65
6-Sep-94,471,472.2,469.5,471.4
2-Sep-94,474.8,475.3,470.2,471.55
1-Sep-94,473.8,473.9,471.65,473.8
31-Aug-94,475.5,478.25,474,474.1
30-Aug-94,474.8,477.2,473.75,476.15
29-Aug-94,476.1,478.15,474.35,475
26-Aug-94,470,476.95,469.9,475.3
25-Aug-94,469.1,470.4,467.6,468.4
24-Aug-94,465.3,470.1,464.85,469.75
23-Aug-94,463.6,467.5,463.4,465.2
22-Aug-94,462.8,463.2,461.25,462.8
19-Aug-94,463.8,464.3,461.6,463.65
18-Aug-94,463.8,465,461.75,463.2
17-Aug-94,465.7,466.2,464.45,464.85
16-Aug-94,461.8,465.7,459.2,465.35
15-Aug-94,462.15,463.75,461.6,462.05
12-Aug-94,459.2,462.9,459.2,462.65
11-Aug-94,459.6,461.7,456.55,458.4
10-Aug-94,458.5,461.3,458.2,461.1
9-Aug-94,456.8,458.6,456.55,458.5
8-Aug-94,457.6,458.45,457.1,457.95
5-Aug-94,456.7,457.7,455.65,457.4
4-Aug-94,461.1,461.4,458.25,458.35
3-Aug-94,460.9,462,459.9,461.45
2-Aug-94,461.8,463.3,459.65,460.95
1-Aug-94,458.6,461.2,458.1,461.1
29-Jul-94,456.3,460.1,456.05,458.9
28-Jul-94,452.9,455.7,452.75,455.1
27-Jul-94,453.1,453.45,451.4,453.15
26-Jul-94,453.9,454.2,452.8,453.95
25-Jul-94,453.5,454.75,452.95,454.3
22-Jul-94,453.8,454.6,452.3,453.5
21-Jul-94,452.3,453.8,451.1,453.3
20-Jul-94,454.5,454.6,450.95,451.9
19-Jul-94,455.2,456.1,454.25,454.85
18-Jul-94,455.2,456.6,453.8,455.5
15-Jul-94,453.9,455,453.3,454.8
14-Jul-94,450.8,455.25,450.7,453.9
13-Jul-94,448.85,450.65,448.5,449.55
12-Jul-94,448.6,448.9,444.95,448.75
11-Jul-94,449.9,451,445.35,447.2
8-Jul-94,446.8,450.8,446.75,449.9
7-Jul-94,447.5,449.7,446.95,449.4
6-Jul-94,446.35,448.6,444.7,446.8
5-Jul-94,446.5,448.75,445.5,447.05
1-Jul-94,446.8,447.5,444.05,446.5
30-Jun-94,449.5,449.85,443.7,445.05
29-Jun-94,447.4,451.6,446.6,448.8
28-Jun-94,448.8,449.7,443.5,447.05
27-Jun-94,442.3,449.3,440.4,449.25
24-Jun-94,449.2,450.2,440,442.1
23-Jun-94,454.45,455.65,450.5,450.65
22-Jun-94,454.2,455.4,453.05,454.4
21-Jun-94,456.35,456.45,450.5,452.5
20-Jun-94,457.8,458.5,455.7,456.75
17-Jun-94,462.9,463.65,459.15,459.8
16-Jun-94,461.7,463.5,461.15,463.15
15-Jun-94,464.15,464.75,460.9,461.95
14-Jun-94,462,464.5,461.8,464.15
13-Jun-94,459.9,461.4,458.9,461.25
10-Jun-94,460.1,461.65,459.05,460.6
9-Jun-94,458.9,460.2,458.25,459.95
8-Jun-94,459.6,459.95,455.35,457.25
7-Jun-94,458.6,459.9,457.7,458.05
6-Jun-94,460.8,462.15,459,459.35
3-Jun-94,457.2,461.55,455.6,460.15
2-Jun-94,457.8,458.4,456.7,457.6
1-Jun-94,455.4,458.2,453.5,457.7
31-May-94,455.2,457.6,454.5,456.2
27-May-94,455.4,457.4,454.25,456.5
26-May-94,455.3,458.1,455.3,457.3
25-May-94,454,456.7,451.3,456.15
24-May-94,454.1,456.95,454,455.35
23-May-94,454,454.5,451.6,453.9
20-May-94,455.5,455.9,453.75,454.8
19-May-94,453.3,457.25,453.1,456.35
18-May-94,450.3,454.85,448.75,454.1
17-May-94,444.6,450.75,443.65,450.65
16-May-94,444.3,446.15,443.6,444.25
13-May-94,444.25,444.95,440.6,444.15
12-May-94,443.8,445,442.3,443.1
11-May-94,445.5,446.25,440.3,441.15
10-May-94,444.7,447.5,443.85,445.75
9-May-94,445.1,446.5,441.55,442
6-May-94,447.8,448.2,444.6,446.6
5-May-94,451.3,452.45,450.25,450.55
4-May-94,452.4,452.7,449.05,451.05
3-May-94,452.05,453.45,449.6,451.95
2-May-94,450.1,453.6,448.15,452.85
29-Apr-94,447.6,451.6,447.05,450.35
28-Apr-94,450.8,451.8,447.25,449.05
26-Apr-94,451.9,452.8,450.5,451.75
25-Apr-94,447.3,453,447.3,452.15
22-Apr-94,449,450.1,447,448
21-Apr-94,444.25,449.6,442.8,449.35
20-Apr-94,443.25,444.9,439.3,442.7
19-Apr-94,442.4,445,438.7,443.1
18-Apr-94,445.75,447.8,440.7,442.4
15-Apr-94,445.6,447.7,444.9,445.75
14-Apr-94,445,448,442.9,445.95
13-Apr-94,448,448.85,442.25,446.1
12-Apr-94,449.9,450.8,447.25,448
11-Apr-94,447.9,450.9,447.05,450.45
8-Apr-94,448.9,449.55,444.95,447.25
7-Apr-94,448.1,452,445.9,450.5
6-Apr-94,449.25,449.65,444.8,447.25
5-Apr-94,443.25,448.75,442.65,448.65
4-Apr-94,441.75,441.75,434.75,439.25
31-Mar-94,445.8,447.55,435.9,446.75
30-Mar-94,452.95,453.6,445.6,446.15
29-Mar-94,460.5,461.25,451,451.65
28-Mar-94,461.65,461.65,456.9,461.35
25-Mar-94,465.5,466.5,459.8,459.95
24-Mar-94,468.9,469.3,462.3,465.1
23-Mar-94,470.2,471.75,469.75,470.7
22-Mar-94,469.8,472.2,468.55,470.5
21-Mar-94,469.5,470.2,467.45,469.4
18-Mar-94,468.8,471.7,468.35,470.2
17-Mar-94,469.6,472,469.5,471.55
16-Mar-94,468,471.45,466.75,470.65
15-Mar-94,468.7,469.9,466.5,467.65
14-Mar-94,468.6,469,466.9,468.1
11-Mar-94,465.5,468.25,463.6,467.4
10-Mar-94,468.7,468.75,463.7,465.15
9-Mar-94,465.6,467.95,463.15,467.2
8-Mar-94,467.5,467.65,464.65,465.35
7-Mar-94,466.2,468.1,466.15,467.1
4-Mar-94,463.8,466.4,461.9,464.5
3-Mar-94,464.6,464.6,462.05,462.8
2-Mar-94,459.2,465.1,457.5,464.6
1-Mar-94,466.5,467.45,461.7,463.9
28-Feb-94,467.8,469.35,466.05,466.15
25-Feb-94,465,466.6,464.3,466.25
24-Feb-94,469.1,469.5,463.4,463.5
23-Feb-94,472.45,472.85,469.3,471.05
22-Feb-94,468.8,472.4,467.7,472.25
18-Feb-94,471.2,471.5,465.3,468.15
17-Feb-94,474.9,475.3,468,470.4
16-Feb-94,473.9,474.8,471.95,473.15
15-Feb-94,471.5,474,471.15,473.6
14-Feb-94,470,472.75,468.5,471.3
11-Feb-94,469,471.95,466.5,470
10-Feb-94,472.8,473.3,468.9,469.45
9-Feb-94,471.4,474,470.9,473.3
8-Feb-94,472.2,472.25,469.65,471.9
7-Feb-94,468.2,472.4,467.6,472.05
4-Feb-94,479.9,481.4,468.5,468.95
3-Feb-94,481.1,481.35,478.4,480.2
2-Feb-94,480.95,482.7,480.2,482.3
1-Feb-94,481.3,481.5,478.95,479.9
31-Jan-94,480.2,483.1,479.6,481.7
28-Jan-94,478.5,480.15,478.25,478.7
27-Jan-94,473.4,478.1,473.4,477.55
26-Jan-94,471.4,474,471.25,473.9
25-Jan-94,472.5,472.95,470.7,471.6
24-Jan-94,473.8,475.75,471.25,472.65
21-Jan-94,475,475.7,473.3,473.6
20-Jan-94,474.4,475.4,473.6,475.3
19-Jan-94,473.9,475.3,472.35,474.15
18-Jan-94,474.5,475.8,474,474.4
17-Jan-94,474.3,474.75,472.85,473.55
14-Jan-94,474.1,475.8,473.8,474.65
13-Jan-94,472.9,473.7,471.85,473.6
12-Jan-94,475.4,475.7,472.5,474.2
11-Jan-94,475.8,475.8,474.1,475.35
10-Jan-94,470.8,476.5,470.2,476
7-Jan-94,468.5,471.4,467.6,471.25
6-Jan-94,469,469.4,467.35,467.85
5-Jan-94,467,468.35,466.1,468.05
4-Jan-94,465.7,467.65,465.25,467.5
3-Jan-94,467,467.7,464.6,465.95
31-Dec-93,470,471,466.8,466.95
30-Dec-93,471.05,471.15,468.6,469.75
29-Dec-93,472.1,472.75,470.5,471.65
28-Dec-93,471.1,472.5,470.6,471.9
27-Dec-93,469,471.75,468.8,471.65
23-Dec-93,468.7,470.2,468.5,468.55
22-Dec-93,467.2,469.3,466.8,468.7
21-Dec-93,467,467,465.6,466.8
20-Dec-93,466.5,468.2,466.2,467.4
17-Dec-93,465.5,467.45,464.95,466.95
16-Dec-93,465.1,465.5,463.6,464.75
15-Dec-93,463.9,465.9,463.1,464
14-Dec-93,467.3,467.45,463.5,463.65
13-Dec-93,464.3,467.6,464.1,467.5
10-Dec-93,465.5,465.7,463.25,464.9
9-Dec-93,467.3,468.1,465.05,465.35
8-Dec-93,466.6,466.6,465.25,465.9
7-Dec-93,466.5,467.1,465.8,466.65
6-Dec-93,465.4,467.7,465,467.15
3-Dec-93,463.3,465.55,462.55,465.35
2-Dec-93,462.8,463.75,461.65,463.5
1-Dec-93,463.8,464.9,461.95,462.9
30-Nov-93,461.5,464.25,460.5,461.85
29-Nov-93,463.8,465.7,461.3,461.4
26-Nov-93,464.2,464.4,463,463.15
24-Nov-93,462.5,463.3,461.9,462.9
23-Nov-93,461,462.1,458.7,461.75
22-Nov-93,460.5,460.9,457.5,459.5
19-Nov-93,461.9,463.6,460.2,461.55
18-Nov-93,463.7,464.75,461.55,463.4
17-Nov-93,467.2,467.4,462.65,464.4
16-Nov-93,465.1,467.5,463.55,467.1
15-Nov-93,466.1,466.4,463.2,464.3
12-Nov-93,463.7,466.5,463.15,466.3
11-Nov-93,464.15,465.65,462.4,462.9
10-Nov-93,460.65,464.6,459.3,464.5
9-Nov-93,463,463.6,460.4,460.8
8-Nov-93,459.8,461.95,458.75,460.4
5-Nov-93,456.95,459.9,454.4,459.6
4-Nov-93,462.7,463.35,457.05,458.4
3-Nov-93,468.6,468.7,460.75,462
2-Nov-93,468.75,469.6,466.1,468.5
1-Nov-93,467.4,469.55,467.25,469.45
29-Oct-93,467.45,468.45,467.45,468.05
28-Oct-93,465.3,469.7,465.05,468.05
27-Oct-93,463.9,465.8,463.6,465.7
26-Oct-93,464.6,464.8,463.1,464.55
25-Oct-93,464.2,465.15,462.3,464.55
22-Oct-93,466.65,468.7,463.3,463.45
21-Oct-93,466.8,467.4,464.6,466
20-Oct-93,467.1,467.45,465.35,467.1
19-Oct-93,468.9,469.6,465.5,466.35
18-Oct-93,470.1,470.7,468.55,469.5
15-Oct-93,469.5,471.55,468.8,470.35
14-Oct-93,463.5,468.15,462.4,467.95
13-Oct-93,461.9,463.2,461.2,462.25
12-Oct-93,462.5,463,461.05,461.95
11-Oct-93,461.6,463.2,461,461.75
8-Oct-93,461.6,462.2,456.9,461.35
7-Oct-93,461.9,462.25,459.65,459.8
6-Oct-93,461.6,463.8,461.1,461.95
5-Oct-93,463.5,463.95,459.9,461.65
4-Oct-93,462,463.2,461.2,462.45
1-Oct-93,459.35,462.8,458.1,462.4
30-Sep-93,460.4,461.85,458.7,459.35
29-Sep-93,462.25,463.8,460,460.9
28-Sep-93,463,463.1,462,462.4
27-Sep-93,461.25,463.3,461,462.9
24-Sep-93,458.9,459.8,458,459.35
23-Sep-93,458,460.1,457.45,459
22-Sep-93,455.7,458.3,454.5,457.65
21-Sep-93,456.1,456.8,449.1,453.4
20-Sep-93,459.2,461.25,455.4,455.65
17-Sep-93,459.4,460.6,458.6,459.15
16-Sep-93,461.5,461.9,459.65,460.6
15-Sep-93,459,462.6,457.2,462.3
14-Sep-93,461.1,461.7,458.8,460.95
13-Sep-93,464,464.8,462.6,462.85
10-Sep-93,458.65,463.2,458.6,462.8
9-Sep-93,455.3,459.5,454.9,458.55
8-Sep-93,458,458.7,453.9,456.65
7-Sep-93,461.05,462.7,457.8,458.65
3-Sep-93,461.1,462.55,460.1,461.6
2-Sep-93,463.2,463.8,460.85,461.15
31-Aug-93,461.7,463.9,460.9,463.25
30-Aug-93,460.9,463.25,460.9,462
27-Aug-93,460.1,461.15,459.5,460.9
26-Aug-93,460.7,463.65,459.1,461.2
25-Aug-93,460.4,462.65,459.5,461.1
24-Aug-93,455.5,460.65,455.2,460.3
23-Aug-93,454.6,456,454.5,455.45
20-Aug-93,455.4,456.8,454.6,456.35
19-Aug-93,456.3,456.9,455.15,456.6
18-Aug-93,455.25,457.25,454.9,456.3
17-Aug-93,451.6,454.2,451.6,454.1
16-Aug-93,450.1,453.8,450.1,452.35
13-Aug-93,450,450.4,449.25,450.1
12-Aug-93,451.6,452.2,447.6,449.65
11-Aug-93,450.4,451.9,450.1,450.6
10-Aug-93,450.35,451.15,449.7,450.8
9-Aug-93,449.5,452.35,448.65,450.6
6-Aug-93,448.8,449.8,447.6,448.75
5-Aug-93,449,449.8,447.3,448.65
4-Aug-93,448.9,450.3,447.5,449.2
3-Aug-93,449.7,450.8,447.45,448.95
2-Aug-93,448,450.5,447.8,449.6
30-Jul-93,450.1,450.4,446.75,448
29-Jul-93,448.8,451.5,447.9,450.35
28-Jul-93,447.9,449.2,447.1,448
27-Jul-93,449,449.8,446.95,447.7
26-Jul-93,447.7,450,447.7,449.05
23-Jul-93,445.1,447.6,445.1,447.45
22-Jul-93,446.7,447.75,443.8,445.75
21-Jul-93,446.8,448,446.1,447.6
20-Jul-93,446.3,448.4,443.85,448
19-Jul-93,446.8,447.55,445.45,446.75
16-Jul-93,449.2,449.4,446.1,446.95
15-Jul-93,449.4,449.8,447.7,449.75
14-Jul-93,449.1,451.9,448.55,450.25
13-Jul-93,449.6,451.35,448,448.85
12-Jul-93,449.1,450,448.3,449.4
9-Jul-93,448.1,449.6,447.25,449.2
8-Jul-93,443.9,449.75,443.15,448.45
7-Jul-93,442.4,444.3,441.95,443.45
6-Jul-93,447,447.45,441.45,441.9
2-Jul-93,448.5,448.5,445.25,446.25
1-Jul-93,451.3,451.7,448.9,449.3
30-Jun-93,451.5,452.45,450.3,451
29-Jun-93,452.3,452.3,450.2,451.45
28-Jun-93,450.3,453.1,449.8,452.65
25-Jun-93,448.3,449.95,447.3,448.85
24-Jun-93,443.9,448.8,443.2,448.3
23-Jun-93,446.5,446.6,443,443.15
22-Jun-93,447.4,447.7,445.6,446.95
21-Jun-93,446.8,447.55,445.8,447.4
18-Jun-93,449.55,449.55,445.25,446.15
17-Jun-93,448.9,450.4,448.1,449.7
16-Jun-93,447.7,449.1,444.2,448.9
15-Jun-93,449.1,449.25,446.85,447.5
14-Jun-93,449.05,449.9,448.25,448.5
11-Jun-93,448.9,450,446.9,449.05
10-Jun-93,446.7,447.6,445,447.2
9-Jun-93,445.95,448.1,445.25,446.4
8-Jun-93,447.8,448.1,444.25,445.7
7-Jun-93,451.5,451.8,447.4,447.65
4-Jun-93,450.9,452.1,448.5,450.6
3-Jun-93,452.9,453.15,451.15,452.4
2-Jun-93,453.1,455.25,452.5,453.4
1-Jun-93,451.3,456.15,450.5,453.75
28-May-93,451.5,451.85,447,450.1
27-May-93,454.25,454.95,450.7,451.5
26-May-93,449.6,454.2,448.9,453.95
25-May-93,448.8,449.5,447.45,449
24-May-93,445.8,448.9,445.65,448.1
21-May-93,449.5,450.6,444.5,445.7
20-May-93,448.1,450.9,447.4,450.8
19-May-93,439.9,448.7,436.5,448.3
18-May-93,440.4,440.95,437.7,440.05
17-May-93,439.6,440.35,437.5,440.1
14-May-93,438.95,440.25,437.8,439.5
13-May-93,442.5,442.5,438.7,438.95
12-May-93,443,445.55,442.55,444
11-May-93,442.95,444.7,441.4,444.6
10-May-93,442.7,445.65,442.25,443.25
7-May-93,443.7,443.7,441.1,442
6-May-93,443.8,444.4,442.4,443.85
5-May-93,443.55,446.5,443.4,444.4
4-May-93,442.6,445.35,441.8,443.9
3-May-93,439.6,442.6,437.3,442.35
30-Apr-93,440,442.2,438.5,438.65
29-Apr-93,437.8,439.45,434.85,439.3
28-Apr-93,436.9,438.65,436,436.95
27-Apr-93,432.9,438,432.75,437.7
26-Apr-93,436.5,438.5,432.15,432.9
23-Apr-93,437.6,438.9,436.1,437
22-Apr-93,442.75,446.3,438.3,438.55
21-Apr-93,445.5,446.1,442.9,443.85
20-Apr-93,446.5,447.1,441.9,445.8
19-Apr-93,448.9,449.75,446.1,446.95
16-Apr-93,449.1,450.1,448.25,449.55
15-Apr-93,448.7,450.2,446.8,449.2
14-Apr-93,449.7,450.4,448.45,449.1
13-Apr-93,448,451,447.8,449.7
12-Apr-93,446.5,449.25,445.8,448.35
8-Apr-93,445,445.2,440.55,442.6
7-Apr-93,442.5,443.75,441.2,442.75
6-Apr-93,443.4,444.3,440.5,441.95
5-Apr-93,443.6,443.9,441.6,442.9
2-Apr-93,446.9,447.5,440.95,442.55
1-Apr-93,452.4,453.2,449.15,449.35
31-Mar-93,453.3,455.35,451.8,452.6
30-Mar-93,451.7,453,450.3,452.85
29-Mar-93,449.5,453.8,449.5,451.6
26-Mar-93,451.7,452.85,448.1,448.9
25-Mar-93,449,452.9,448.5,452
24-Mar-93,448.5,451.55,446.4,449.2
23-Mar-93,449.4,450.35,448.75,449.65
22-Mar-93,447,449.75,445.8,449
19-Mar-93,453.5,453.75,450.2,450.5
18-Mar-93,450.3,453.5,449.8,452.35
17-Mar-93,451.2,451.4,448.2,448.7
16-Mar-93,452.3,453.1,451.2,451.3
15-Mar-93,450.4,452.5,449.6,452.4
12-Mar-93,452,452,446.5,449.8
11-Mar-93,456.5,458.1,454,454.95
10-Mar-93,455,456.5,452.6,456.4
9-Mar-93,455.5,456.1,453.8,454.6
8-Mar-93,447.3,456.6,447.1,456
5-Mar-93,448,450.6,445.5,446
4-Mar-93,450.1,450.3,447.05,447.25
3-Mar-93,448.6,450.65,447.85,450.15
2-Mar-93,441.6,448.45,441.1,448.3
1-Mar-93,444.3,444.5,440.9,442.45
26-Feb-93,442.9,443.9,440.8,443.7
25-Feb-93,441.4,442.6,439.6,442.1
24-Feb-93,436,441.9,435.5,441.8
23-Feb-93,437,438,433.1,436
22-Feb-93,435.4,437.25,434.2,436.5
19-Feb-93,433.5,435.25,431.7,435.1
18-Feb-93,438,438.5,428.5,432.35
17-Feb-93,434.1,434.7,431.65,433.7
16-Feb-93,443.7,444.1,432.8,433.8
12-Feb-93,447.75,448.05,444.6,444.7
11-Feb-93,447.3,450.2,447.3,448.05
10-Feb-93,446.2,447.25,444.25,447.1
9-Feb-93,447.2,447.65,445.05,446.1
8-Feb-93,449.1,450.85,447.9,448.45
5-Feb-93,448.85,450.25,447.05,449.35
4-Feb-93,449.1,450.5,448.1,449.55
3-Feb-93,443.5,448,443.15,447.9
2-Feb-93,441.7,443.3,440.9,443.05
1-Feb-93,439,442.65,439,442.5
29-Jan-93,439.7,439.7,436.8,438.25
28-Jan-93,438.3,439.45,437,438.8
27-Jan-93,439.7,440.2,436.6,438.1
26-Jan-93,441.5,443.05,439.15,439.8
25-Jan-93,436.3,440.8,436.1,440.35
22-Jan-93,436,438.1,435.2,436.65
21-Jan-93,433.3,436.5,432.3,436.3
20-Jan-93,435.8,436.8,432.75,433.15
19-Jan-93,437.6,438.15,434.8,435.55
18-Jan-93,436.6,437.5,435.65,437.3
15-Jan-93,437.3,440.2,435.9,436.45
14-Jan-93,434.2,436.7,432.9,436.3
13-Jan-93,431.4,434.15,430.15,433.35
12-Jan-93,431.3,431.8,427.9,431.45
11-Jan-93,429.1,431.65,429.1,431
8-Jan-93,430.4,430.75,426.7,429.7
7-Jan-93,435.5,436.5,429.5,430.2
6-Jan-93,434.6,436.1,432.9,435.25
5-Jan-93,435.6,436.2,433.7,434.6
4-Jan-93,438.25,438.65,434.7,435.5
31-Dec-92,439.2,440.35,436.65,437.65
30-Dec-92,438.8,440.1,437.1,439.4
29-Dec-92,439.8,443.8,437.6,438.4
28-Dec-92,440.1,440.5,437.6,439.2
24-Dec-92,440.6,441.3,440.4,440.65
23-Dec-92,441.35,442.6,440.1,440.95
22-Dec-92,442.3,442.9,439.35,441.95
21-Dec-92,440.95,442.55,440.6,441.55
18-Dec-92,438.1,442,437.6,441.35
17-Dec-92,432.6,436.85,432.2,436.6
16-Dec-92,434.2,435.3,431.4,432.25
15-Dec-92,433.1,435.1,433.1,434.05
14-Dec-92,433.9,436.55,433.35,433.85
11-Dec-92,434.9,435.35,433.85,434.45
10-Dec-92,436.2,436.2,433.3,435.1
9-Dec-92,436.95,437.6,433.7,435.75
8-Dec-92,435.4,437.85,434.5,437.75
7-Dec-92,432.9,435.4,431.9,435.3
4-Dec-92,431.3,433.4,429.55,432.7
3-Dec-92,430.2,431.55,428.5,430.25
2-Dec-92,430.8,430.9,428.25,429.9
1-Dec-92,430.8,431.75,428.7,431.1
30-Nov-92,431.35,431.9,429.1,430.95
27-Nov-92,429.7,432.6,429.1,430.4
25-Nov-92,428,429.5,428,429.4
24-Nov-92,425.1,429.8,424.85,428.1
23-Nov-92,426.15,426.35,424.75,425.25
20-Nov-92,424.1,427.5,423.8,426.6
19-Nov-92,422.5,423.5,422.15,423.45
18-Nov-92,419.75,424.25,419.65,423.05
17-Nov-92,421.2,421.7,418.05,419.5
16-Nov-92,422.75,422.85,420.2,420.75
13-Nov-92,422.6,423.4,420.5,423.05
12-Nov-92,422.4,423.3,421.25,422.85
11-Nov-92,417.5,422.7,417.5,422.55
10-Nov-92,418.75,419.9,417.6,418.4
9-Nov-92,416.8,420.7,416.3,418
6-Nov-92,417.3,418.45,416.6,417.1
5-Nov-92,416.5,418.5,415.7,418.3
4-Nov-92,418.5,420.9,416.1,416.2
3-Nov-92,421.9,422.25,418.05,419.85
2-Nov-92,418.5,422.8,417.95,422.05
30-Oct-92,420.6,420.7,417.7,417.8
29-Oct-92,420.4,421.1,419.25,420.25
28-Oct-92,417.9,420.7,417.25,420.25
27-Oct-92,418.8,419.3,416.5,418
26-Oct-92,413.5,418.4,413.2,417.95
23-Oct-92,415.85,416.35,413.7,413.85
22-Oct-92,415.4,417.1,412.9,415.05
21-Oct-92,416.5,416.5,414.1,415.5
20-Oct-92,416.9,418,414.3,415.65
19-Oct-92,410.5,415.85,410.3,415.75
16-Oct-92,410.85,411.1,407.3,411.05
15-Oct-92,407,411.5,406.7,409.85
14-Oct-92,408.3,411.95,407.25,408.85
13-Oct-92,407.7,410.85,406.6,409.3
12-Oct-92,404.55,407.65,404.1,406.9
9-Oct-92,406,406.15,402.15,403.1
8-Oct-92,405.5,408.45,404.3,407.85
7-Oct-92,407.5,408.7,403,403.75
6-Oct-92,407.4,409,404.7,407.25
5-Oct-92,408.1,408.5,400,408.15
2-Oct-92,416,416.85,409.35,409.9
1-Oct-92,418.3,418.6,415.5,415.65
30-Sep-92,416.8,418.8,416.45,418.35
29-Sep-92,416.2,418,415.25,417.55
28-Sep-92,413.6,417.3,413.35,416.9
25-Sep-92,418.15,418.4,412.7,414.45
24-Sep-92,418.8,419.7,417.8,418.9
23-Sep-92,417.9,418.5,415.7,417.65
22-Sep-92,421.8,422.4,417.1,417.6
21-Sep-92,423,423.4,421.3,422.55
18-Sep-92,420.6,423.9,420.3,423.7
17-Sep-92,421,421.7,419.25,420.25
16-Sep-92,417.9,423.2,417.3,419.95
15-Sep-92,423.5,423.85,419.7,419.9
14-Sep-92,422.9,425.5,422.25,425.15
11-Sep-92,419.9,420.75,418.85,419.45
10-Sep-92,417.1,421.5,416.5,419.8
9-Sep-92,414.5,416.9,414.35,416.65
8-Sep-92,416.25,416.85,413.9,414.6
4-Sep-92,417.2,419,416.2,416.65
3-Sep-92,418.7,420.1,416.9,418.55
2-Sep-92,415.9,418.6,414.9,418.1
1-Sep-92,413.75,416.05,413.4,415.8
31-Aug-92,414.8,415.1,413.25,414.15
28-Aug-92,414.2,415.2,413.3,414.6
27-Aug-92,414.7,415.9,413.2,414.05
26-Aug-92,411.7,413.9,410.4,413.35
25-Aug-92,411.4,411.9,408,411.2
24-Aug-92,412,412.85,409.75,411.4
21-Aug-92,420.2,420.9,413.05,414.6
20-Aug-92,418.7,419.1,416.9,418.55
19-Aug-92,421.4,422.1,418.25,418.35
18-Aug-92,420.5,421.75,419.85,420.85
17-Aug-92,420.35,422.25,419.7,420.9
14-Aug-92,418.4,420.9,417.55,420.3
13-Aug-92,419.2,420.1,415.9,416.95
12-Aug-92,418.55,420.15,416.35,418.25
11-Aug-92,420.2,420.4,416.3,418.8
10-Aug-92,416.8,420.05,416.8,419.95
7-Aug-92,420.7,424.1,417.6,417.75
6-Aug-92,421.8,422.55,420.6,420.75
5-Aug-92,422.95,423.8,421.85,422.35
4-Aug-92,424.7,424.95,423,423.85
3-Aug-92,423.6,425,422.95,424.8
31-Jul-92,423.9,425.05,422.5,423.9
30-Jul-92,422.9,424.3,421.7,423.6
29-Jul-92,419.4,423.5,419.15,422.9
28-Jul-92,411.9,417.75,411.75,417.4
27-Jul-92,411,412.65,410.9,411
24-Jul-92,410.7,411.9,409.5,411.25
23-Jul-92,410.5,412.2,409.3,412
22-Jul-92,411.4,412.15,409.6,410.35
21-Jul-92,414.8,415.1,413.05,413.15
20-Jul-92,411.5,415,409.75,413.95
17-Jul-92,416.2,416.2,412.5,415.05
16-Jul-92,415.4,418.2,414.5,417.7
15-Jul-92,417.4,418.1,415.9,417.2
14-Jul-92,414.8,418.1,414.2,417.7
13-Jul-92,414.9,416.1,413.6,414.65
10-Jul-92,414.9,416.35,413.05,415.1
9-Jul-92,410.75,415.4,410.75,415.1
8-Jul-92,407.8,410.65,406.8,410.55
7-Jul-92,414.4,416,407.8,407.95
6-Jul-92,412.3,414.35,410.2,414.2
2-Jul-92,413.9,416.5,409,412.15
1-Jul-92,409.25,413.55,409,413
30-Jun-92,409.2,410.15,408,409.5
29-Jun-92,404,409.75,404,409.55
26-Jun-92,402.2,404.5,401.8,404.1
25-Jun-92,406.2,406.4,402.3,403.1
24-Jun-92,404.3,405.5,403.25,404.45
23-Jun-92,404.25,405.75,403.6,404.6
22-Jun-92,402,404.4,400.3,404.05
19-Jun-92,403.2,404.8,402.8,404.15
18-Jun-92,402.1,403.4,400.7,401.3
17-Jun-92,407.8,408.4,401.9,402
16-Jun-92,411.5,412.75,408.5,408.9
15-Jun-92,409,413.15,409,411.6
12-Jun-92,412.5,413.2,410.55,410.6
11-Jun-92,408.5,410.3,407.2,410.2
10-Jun-92,410,410.65,407.4,407.6
9-Jun-92,413.9,413.9,409.3,409.6
8-Jun-92,413.3,414.15,412.35,413.6
5-Jun-92,413.25,414.55,411.4,414.3
4-Jun-92,414.65,415.55,412.7,413.5
3-Jun-92,413.7,417.25,412.9,414.2
2-Jun-92,416.5,417.05,413.3,414.45
1-Jun-92,414.4,417.2,412,416.8
29-May-92,417.3,418.65,414.8,414.9
28-May-92,412.9,417.25,412.15,416.9
27-May-92,411.45,413,411.2,412.7
26-May-92,412.7,412.7,409.8,411.85
22-May-92,413.3,415.35,413,414.15
21-May-92,414.3,414.3,411.3,412.7
20-May-92,416.5,417.35,415.6,416.25
19-May-92,413.7,417.6,412,417.35
18-May-92,412.1,413.85,412.1,413.45
15-May-92,410,412.25,410,411.2
14-May-92,415.3,415.4,411.2,412.8
13-May-92,416.4,417.2,415.4,416.15
12-May-92,418.7,418.7,414.3,416.6
11-May-92,416.9,419.05,416.45,418.3
8-May-92,416.6,417.4,414.05,416.7
7-May-92,416.2,417.05,415.15,415.95
6-May-92,417.9,418.3,416.05,416.6
5-May-92,416.3,418.45,415.55,416.75
4-May-92,413.3,418.4,413.3,416.5
1-May-92,415.25,415.4,409.3,412.6
30-Apr-92,412.4,415,411.9,414.8
29-Apr-92,410.3,412.9,409.5,412.65
28-Apr-92,409,410.2,406.1,409.45
27-Apr-92,409.15,410.1,407.45,409.35
24-Apr-92,411.9,413.1,408.4,408.8
23-Apr-92,410.1,412.2,406.8,410.95
22-Apr-92,410,412.35,409.25,410.1
21-Apr-92,411.1,412.15,408.4,410.2
20-Apr-92,413.3,414.05,407.8,411
16-Apr-92,417.3,417.3,413.7,415.7
15-Apr-92,414.1,417.6,414.1,417.45
14-Apr-92,408.2,414.9,407.7,413.65
13-Apr-92,404.75,405.65,404.25,405.1
10-Apr-92,404.5,405.7,403.3,405.5
9-Apr-92,395.85,403.4,395.25,403.2
8-Apr-92,396.25,397.7,392.4,395.25
7-Apr-92,406,406,397.25,397.75
6-Apr-92,402.5,406.85,402.5,405.8
3-Apr-92,400.2,402.2,398.7,401.3
2-Apr-92,405.35,405.35,399,399.6
1-Apr-92,401.5,405.8,401.1,405.35
31-Mar-92,403,406.5,402.3,404.2
30-Mar-92,404.1,405.1,403.2,403.35
27-Mar-92,408.2,408.3,403.45,404.05
26-Mar-92,409.75,410.2,407.4,408.8
25-Mar-92,409.2,411,408.6,409.4
24-Mar-92,411.7,412.7,408.6,409.7
23-Mar-92,410.8,411.3,409.5,411.2
20-Mar-92,410.8,411.5,409.4,410.9
19-Mar-92,411.5,412.2,410.1,411.1
18-Mar-92,410.4,412.15,409.25,410.85
17-Mar-92,408.4,411.4,408.4,410.85
16-Mar-92,407,408.3,404.55,408.15
13-Mar-92,407.1,407.85,404.75,407.15
12-Mar-92,405.9,406.5,403.1,405.8
11-Mar-92,406.5,406.8,402.25,404.65
10-Mar-92,406,409.25,406,407.15
9-Mar-92,404.7,405.8,404.05,405.45
6-Mar-92,406.9,407.9,403.5,403.9
5-Mar-92,408.7,409.4,405,407.4
4-Mar-92,412.7,413.1,409.3,409.4
3-Mar-92,412.75,414.1,411.7,412.4
2-Mar-92,412.3,414.15,411.2,413
28-Feb-92,415.8,416.5,411.4,412.35
27-Feb-92,415,416.05,413.5,415.05
26-Feb-92,411.5,415.8,411.2,415.3
25-Feb-92,411.6,411.7,408.05,410.3
24-Feb-92,411.7,413.8,410.4,411.4
21-Feb-92,413,414.5,409.4,412.15
20-Feb-92,409.4,414.2,408.8,413.85
19-Feb-92,408,409.6,406.75,408.9
18-Feb-92,413,414.3,406.1,408.3
14-Feb-92,413.5,414.9,411.3,412.25
13-Feb-92,417.7,418.4,412.2,414.3
12-Feb-92,413.8,419.1,413.7,418.25
11-Feb-92,414,415.6,412.4,414.55
10-Feb-92,412.7,414.6,412.1,413.9
7-Feb-92,414.8,416.1,407.8,412.15
6-Feb-92,414.1,414.9,412.15,414.45
5-Feb-92,414.1,416.8,413.4,413.65
4-Feb-92,410.1,414.2,409.3,413.8
3-Feb-92,408.25,410.3,407.5,409.6
31-Jan-92,412.2,412.95,408.1,408.6
30-Jan-92,410.8,412.25,409.25,412.05
29-Jan-92,414.6,418.85,408.6,410.9
28-Jan-92,417.1,417.45,414.65,415.45
27-Jan-92,417.1,417.9,415,415.6
24-Jan-92,415.5,418.85,414.6,415.75
23-Jan-92,419.6,421.4,414.8,415.1
22-Jan-92,414.25,419.65,414.1,419.25
21-Jan-92,416.75,416.95,412.8,414.45
20-Jan-92,419,419.7,415.9,417.4
17-Jan-92,419.5,420.55,416.8,419.3
16-Jan-92,421,421.2,416,419.55
15-Jan-92,422.2,422.85,419.5,421.6
14-Jan-92,416.4,422.5,415.65,421.65
13-Jan-92,416,417.2,415.05,415.8
10-Jan-92,418,419.7,414.75,416.25
9-Jan-92,419.8,422.5,417,418.95
8-Jan-92,417.7,422.6,416.5,419.2
7-Jan-92,418.4,419.6,416.8,419.45
6-Jan-92,419.5,421.4,418.2,419.8
3-Jan-92,419,422,418.25,420.25
2-Jan-92,416.9,421.5,412.4,420.35
31-Dec-91,416.9,420.1,414.3,418.2
30-Dec-91,407.8,416.75,407.8,416.4
27-Dec-91,405.9,408.05,405.85,407.9
26-Dec-91,401.1,406.3,400.6,406
24-Dec-91,398.4,403.4,398.25,400.9
23-Dec-91,388.1,399.5,388,399.05
20-Dec-91,387.5,389.3,385.8,388.35
19-Dec-91,384.55,385.65,382,384.6
18-Dec-91,384.65,385.8,382.6,385.55
17-Dec-91,386.3,386.75,384.5,384.65
16-Dec-91,386.2,388.05,385.85,386.65
13-Dec-91,385,387.05,384.8,386.4
12-Dec-91,380.8,384.2,380.7,383.15
11-Dec-91,379.5,380.3,375.1,377.95
10-Dec-91,378,380.6,376.6,378.6
9-Dec-91,379.7,381.9,377.6,378.85
6-Dec-91,376.25,383,375.85,379.45
5-Dec-91,379.9,380.6,376.55,378.15
4-Dec-91,381.4,382.1,378.3,380.55
3-Dec-91,381.4,382.4,380.5,380.55
2-Dec-91,372,382.3,371.1,382.2
29-Nov-91,376.1,377.05,374.75,375.7
27-Nov-91,378.8,379.4,376.4,377.1
26-Nov-91,377.7,379.6,372.1,379.5
25-Nov-91,376.5,378.1,374.55,376.55
22-Nov-91,379.9,380.65,374.45,375.5
21-Nov-91,377.5,382.15,376.95,381.25
20-Nov-91,381.5,382.2,378.15,378.4
19-Nov-91,382.9,383.5,374.05,380.95
18-Nov-91,384.5,386.3,380,386.05
15-Nov-91,398.2,398.2,379,383.5
14-Nov-91,399.2,399.2,396.5,397.95
13-Nov-91,395,398.5,394.3,398.3
12-Nov-91,395.3,398.4,395.05,397.3
11-Nov-91,393.45,394.9,393,394.25
8-Nov-91,396,397.75,393.2,393.45
7-Nov-91,391.3,394.45,390.55,394.3
6-Nov-91,389.1,391.25,388.25,391.05
5-Nov-91,391.9,393.75,388.9,389.7
4-Nov-91,390.8,392.1,388.65,391.85
1-Nov-91,393,395.7,389.9,391.8
31-Oct-91,393.5,393.8,392.15,393.3
30-Oct-91,393.1,394.2,391.45,393.75
29-Oct-91,390.7,393.25,387.65,392.9
28-Oct-91,386.5,390.9,386,390.6
25-Oct-91,386.2,387.45,383.6,385.3
24-Oct-91,389.1,389.6,384.75,386.3
23-Oct-91,389.7,390.2,387.5,389.85
22-Oct-91,391.4,392.95,388.6,389.4
21-Oct-91,393.5,393.75,390.3,392.3
18-Oct-91,394.25,394.85,392.9,394.55
17-Oct-91,393.5,395.85,391.75,393.75
16-Oct-91,392.7,395.2,391.7,394.6
15-Oct-91,388.05,393.5,387.45,392.2
14-Oct-91,383.4,388.7,383.1,388.55
11-Oct-91,382.3,383.2,381.3,382.8
10-Oct-91,378.7,382.8,377.9,382.3
9-Oct-91,382,382.55,377.6,378.3
8-Oct-91,382.2,383.55,381.1,382.05
7-Oct-91,382.5,383.55,380.55,382
4-Oct-91,386.6,387.5,382.2,382.4
3-Oct-91,389.25,389.8,385.6,385.7
2-Oct-91,392.1,392.6,389.3,389.45
1-Oct-91,391.1,392.3,390.6,391.65
30-Sep-91,388.3,391,386.4,390.3
27-Sep-91,389.7,391.9,386.8,388.75
26-Sep-91,387.8,391.2,387.3,389.8
25-Sep-91,390.75,391.3,388.3,389.25
24-Sep-91,389,391.4,386.7,390.3
23-Sep-91,390.1,391.4,387.7,389.2
20-Sep-91,391,391.5,388.7,390.3
19-Sep-91,389,392.55,388.65,389.9
18-Sep-91,387,389.45,386.7,389.15
17-Sep-91,388,390,387.55,388.2
16-Sep-91,386.65,389.2,385.45,388.9
13-Sep-91,390.4,391.3,385.5,386.15
12-Sep-91,388.5,390.6,388.5,390.4
11-Sep-91,385.7,386.1,383.95,384.7
10-Sep-91,389,389.2,384,385.1
9-Sep-91,389.3,390.2,388.1,388.65
6-Sep-91,390.8,391.45,387.4,389.45
5-Sep-91,391.5,391.75,389,389.75
4-Sep-91,393.1,393.15,388.9,391.2
3-Sep-91,396.3,398.6,392.1,392.7
30-Aug-91,396.8,397.45,393.8,395.55
29-Aug-91,397.25,397.9,395.4,397
28-Aug-91,394.4,397.95,393.9,396.8
27-Aug-91,394.4,395.05,392.4,394.55
26-Aug-91,394.85,395.45,393.6,394.5
23-Aug-91,390.7,396.9,390.7,394.65
22-Aug-91,393.2,393.7,390.8,392.35
21-Aug-91,385.5,392.5,384.5,392.25
20-Aug-91,380,381.05,377.15,380.5
19-Aug-91,381.85,381.85,374.85,378.85
16-Aug-91,390.7,391.9,383.05,386.85
15-Aug-91,391,393.2,390.1,390.95
14-Aug-91,392,393.3,390,391.2
13-Aug-91,390,393.75,389.1,390.1
12-Aug-91,387.8,389.8,386.6,389.3
9-Aug-91,390.5,391.2,387.7,387.85
8-Aug-91,391,393.2,389.05,390.15
7-Aug-91,391.8,393,390.9,391.95
6-Aug-91,385.9,392.45,385.2,391.7
5-Aug-91,388,388.65,385.5,386.7
2-Aug-91,389.8,390.8,386.8,388.45
1-Aug-91,387.9,389.15,387.3,388.95
31-Jul-91,388.25,389.05,387.3,388.4
30-Jul-91,385.1,388.6,384.7,388.1
29-Jul-91,382.1,384.9,381.45,384.45
26-Jul-91,382,383.25,380.8,381.95
25-Jul-91,381.1,383.05,379.6,381.85
24-Jul-91,382,382.4,379.5,380.75
23-Jul-91,386,387.1,380.6,381.6
22-Jul-91,385.9,386.7,383.05,385.15
19-Jul-91,387.5,387.5,385,386.6
18-Jul-91,383,387.7,382.7,386.75
17-Jul-91,383.5,385.25,382.8,383.35
16-Jul-91,384.5,385.5,382.6,384.4
15-Jul-91,383,385.25,382.35,384.5
12-Jul-91,381.5,384.2,377.15,382.6
11-Jul-91,380.2,380.5,377.05,380.3
10-Jul-91,379.5,383.2,376.5,378.55
9-Jul-91,380.2,381.15,377,378.6
8-Jul-91,374.3,380.5,372.4,380.25
5-Jul-91,374,378.5,374,376.2
3-Jul-91,377.9,377.9,374,376
2-Jul-91,380.1,380.9,379.6,380.65
1-Jul-91,377.75,380.75,375.75,380.5
28-Jun-91,376.2,376.4,370.1,372.25
27-Jun-91,376,377.45,375.6,377.35
26-Jun-91,374,375.8,371.2,375.35
25-Jun-91,375.2,375.4,372.5,373.85
24-Jun-91,378.55,378.55,373,373.5
21-Jun-91,380,380.7,378.1,380.55
20-Jun-91,377.5,379.7,376.4,378.6
19-Jun-91,379.7,380.1,377.05,377.9
18-Jun-91,383.5,385.6,380.4,381.85
17-Jun-91,384.8,385.5,383.2,383.7
14-Jun-91,382.1,385.75,382.1,385.1
13-Jun-91,380.1,381.5,379.05,381
12-Jun-91,380.5,380.5,374.2,377.1
11-Jun-91,379,382.55,378.9,382.1
10-Jun-91,380.5,380.75,378.1,378.65
7-Jun-91,382.3,383.4,379.15,380.2
6-Jun-91,386.3,387.1,383.6,384.35
5-Jun-91,388.9,389.35,385.15,385.9
4-Jun-91,387.75,389,385.5,388.6
3-Jun-91,388.8,391,387.6,388.35
31-May-91,388,390.6,386,389.7
30-May-91,383.9,389.4,383.4,387.5
29-May-91,383.1,385,382.15,384.15
28-May-91,379.15,383.6,377.5,382.8
24-May-91,377.2,379.7,376.2,378.4
23-May-91,377.5,379.4,374,375.85
22-May-91,376.25,377.8,375.15,377.5
21-May-91,373.4,378.1,373.4,377
20-May-91,373.8,375.15,372,373.4
17-May-91,371.1,374.6,369.95,374.3
16-May-91,371.2,373.8,370.65,372.85
15-May-91,372.9,373.9,366.5,369.65
14-May-91,376.25,376.4,371.2,372.6
13-May-91,377.8,378,375.2,377.75
10-May-91,385,385,375,376
9-May-91,380.45,385.2,379.65,384.6
8-May-91,377.5,381,376.9,380.05
7-May-91,381,382.3,376.8,377
6-May-91,380.9,381.6,378.3,380.85
3-May-91,381.4,382.4,379.25,381.8
2-May-91,382.3,383.3,380.3,381.4
1-May-91,376.25,381.9,376.25,381.6
30-Apr-91,375.25,379.4,374.2,375.9
29-Apr-91,380.9,382.65,375.1,375.45
26-Apr-91,378.6,381.9,377.85,380.1
25-Apr-91,383,384.2,379.4,380.2
24-Apr-91,383.4,384.95,380.9,383.75
23-Apr-91,384.9,385.5,380.65,382.75
22-Apr-91,385.75,386.2,381.8,383.3
19-Apr-91,388.75,389.4,385.5,386.35
18-Apr-91,390.3,393.35,389.5,390.75
17-Apr-91,389.3,393.5,388.75,392.15
16-Apr-91,381.5,389.9,380.9,389.15
15-Apr-91,383.4,384.7,380.15,382.4
12-Apr-91,382,383.75,378.2,382.4
11-Apr-91,377,381.8,377,381.1
10-Apr-91,375.8,377.2,372.75,375.8
9-Apr-91,380.4,381.7,374.9,375.6
8-Apr-91,377.25,381.3,376.3,381.1
5-Apr-91,382.5,384.15,375.9,377.4
4-Apr-91,381.7,385,379.35,382
3-Apr-91,382.5,384.5,380.5,380.65
2-Apr-91,374.25,382.6,374.25,382.05
1-Apr-91,376.4,377.15,372.4,373.6
28-Mar-91,379.75,380.15,376,376.25
27-Mar-91,380.9,381.85,377,378.55
26-Mar-91,372.3,379.9,371.8,379.7
25-Mar-91,370.1,374.45,369.8,372.85
22-Mar-91,369.2,371.5,368.1,371.2
21-Mar-91,373,374.5,369.2,369.65
20-Mar-91,370,372.6,368.8,371.4
19-Mar-91,372,372.7,368,370
18-Mar-91,374.6,377.8,372,376
15-Mar-91,376.8,377.9,373.3,375.55
14-Mar-91,379.4,382.2,374.5,376.95
13-Mar-91,374.4,379.1,373.6,379.05
12-Mar-91,376.5,378.6,373,374.2
11-Mar-91,379.4,379.4,376.1,377
8-Mar-91,379.65,382.8,377.7,378.9
7-Mar-91,380,381.4,379,379.15
6-Mar-91,378.9,380.45,375.4,376.6
5-Mar-91,370.6,378.6,370.15,377.35
4-Mar-91,372.2,372.65,369,369.65
1-Mar-91,363.4,371.5,363.4,371.25
28-Feb-91,370.3,371.4,366.3,366.8
27-Feb-91,364.5,369.6,363.65,369.1
26-Feb-91,366,366.65,362.85,363.8
25-Feb-91,371,371.25,365.5,368.05
22-Feb-91,364.6,372.7,364.5,366.85
21-Feb-91,367.1,368.3,365,365.9
20-Feb-91,368.5,368.5,365.15,366.5
19-Feb-91,369,371.55,367.5,370.15
15-Feb-91,366.1,371,365,369.45
14-Feb-91,370,371.9,363.4,365.35
13-Feb-91,366.5,371.25,365.7,370.25
12-Feb-91,368.75,372,366.1,366.3
11-Feb-91,361,370.5,360.7,369.9
8-Feb-91,357.3,361,356.8,360.7
7-Feb-91,360.5,365,356.5,357.9
6-Feb-91,351.8,360,350.8,359.85
5-Feb-91,348.75,352.9,348,352.8
4-Feb-91,343.3,350.1,343.2,348.95
1-Feb-91,343,345.7,340.65,343.4
31-Jan-91,341.8,344.8,341.45,344.65
30-Jan-91,337,342.45,337,342.25
29-Jan-91,336.3,336.9,335.1,336.7
28-Jan-91,337.7,338.7,336.4,336.75
25-Jan-91,336.5,338.5,334.85,337.9
24-Jan-91,332.55,337.4,332.5,336.8
23-Jan-91,330.5,332.7,329.6,331.4
22-Jan-91,332.1,332.85,328.7,329.85
21-Jan-91,331.5,333.7,330.65,332.95
18-Jan-91,330.25,334.3,329.3,333.9
17-Jan-91,330,335,323.15,332
16-Jan-91,313.6,319,313.4,318.15
15-Jan-91,314.1,314.7,312.6,314.35
14-Jan-91,313,314.5,309.8,314.35
11-Jan-91,315.5,316.6,314.5,316.2
10-Jan-91,315,316.5,312.9,316
9-Jan-91,319,323.2,310,312.65
8-Jan-91,318,319.3,315.4,317.2
7-Jan-91,320,321.9,317.2,317.55
4-Jan-91,324.8,325.1,320,323.25
3-Jan-91,327.8,328.35,323.5,324.15
2-Jan-91,330.6,333.6,326.7,326.85
31-Dec-90,331.9,332.1,329.55,330.65
28-Dec-90,330.7,331.8,329,331.65
27-Dec-90,332.9,333.9,329.9,330.8
26-Dec-90,332,334.75,332,333.75
24-Dec-90,333.6,333.75,330.9,331.2
21-Dec-90,333.5,334.9,332.3,334.75
20-Dec-90,327.25,333.15,327.25,332.85
19-Dec-90,332.3,333.45,331.6,331.9
18-Dec-90,329.5,334.5,329.15,333.1
17-Dec-90,328.1,329.4,327.3,329.15
14-Dec-90,331.2,331.3,327.8,329.65
13-Dec-90,333.75,334.35,331.7,332.5
12-Dec-90,328,331.95,327.5,331.55
11-Dec-90,329.3,329.3,326.2,328.55
10-Dec-90,327.9,330.3,326.7,329.65
7-Dec-90,329.8,330.5,326.8,328.25
6-Dec-90,335.5,335.5,329.1,330.5
5-Dec-90,327.4,332,326.2,331.8
4-Dec-90,324,329,322.6,328.2
3-Dec-90,325.5,325.95,323.5,324.4
30-Nov-90,316.75,324.9,316.1,324.05
29-Nov-90,318.45,319.25,315.15,316.75
28-Nov-90,319.2,321.25,318.3,319.25
27-Nov-90,317.8,320,316.25,319.65
26-Nov-90,313,318.5,311.4,318.2
23-Nov-90,317.4,319.1,315.25,315.5
21-Nov-90,318,318.5,313.4,317.85
20-Nov-90,320.9,321.4,316.5,316.8
19-Nov-90,320.5,321.45,318.95,321.15
16-Nov-90,319.8,320.8,315.8,319.3
15-Nov-90,320.5,321.1,317,318.05
14-Nov-90,319.1,323.75,318.4,321.7
13-Nov-90,320,321.4,318.2,319.15
12-Nov-90,317.2,321.4,317.1,320.5
9-Nov-90,311.8,316.4,310.15,315.55
8-Nov-90,307.25,311.85,305.8,309.8
7-Nov-90,312.1,312.75,306.8,307.25
6-Nov-90,315.2,316.85,311.6,311.8
5-Nov-90,314,316.6,312.7,315.4
2-Nov-90,308.4,313.85,308.1,313.2
1-Nov-90,305.8,309.4,302.4,308.45
31-Oct-90,307.4,307.9,303.25,306.8
30-Oct-90,303.5,306.6,300.2,306.2
29-Oct-90,306.8,309.5,301.4,304
26-Oct-90,309.2,310.5,305.75,306.25
25-Oct-90,315.2,315.8,310.9,311.4
24-Oct-90,312.5,315.9,311.9,315.45
23-Oct-90,315.7,317.5,313,313.8
22-Oct-90,313.25,318.65,312.4,315.5
19-Oct-90,313.15,313.95,310.2,313.05
18-Oct-90,302.1,308.5,301.55,308.15
17-Oct-90,300.6,304.2,299.5,300.6
16-Oct-90,306,306.9,299.45,301.25
15-Oct-90,303,307.5,297,306
12-Oct-90,299.15,304.25,297.5,301.7
11-Oct-90,302,304.3,295.6,297.35
10-Oct-90,307.4,309.3,299.9,302.2
9-Oct-90,314,314.55,305,305.75
8-Oct-90,318,318.4,315.1,317.4
5-Oct-90,310.3,318.3,308.2,314.85
4-Oct-90,313,316.8,311.2,315.3
3-Oct-90,317.9,319.9,312.8,313.7
2-Oct-90,319.4,323.5,317.55,318.35
1-Oct-90,310,318.5,308.8,318.25
28-Sep-90,297.7,308.3,297.3,306.75
27-Sep-90,310.8,311.4,300.9,302.7
26-Sep-90,311.15,311.7,305.4,308.3
25-Sep-90,309.5,311.55,307.05,311.3
24-Sep-90,313,313,305.1,307.3
21-Sep-90,314.8,315.6,310.25,314.6
20-Sep-90,317,317.65,312.5,314.4
19-Sep-90,322,322.2,318.4,318.7
18-Sep-90,318.55,322.4,317,321.6
17-Sep-90,317.5,321.5,317.5,321.1
14-Sep-90,320,320.6,317.7,319.45
13-Sep-90,326,326.4,321.15,321.9
12-Sep-90,322,322.6,319.5,322.15
11-Sep-90,321.9,322.85,319.8,321.75
10-Sep-90,328,328,320.2,321.45
7-Sep-90,319.75,324.8,319.75,323.65
6-Sep-90,323.8,324.4,319.2,320.75
5-Sep-90,323.9,325.5,321.4,324.85
4-Sep-90,319,324.4,319,324.25
31-Aug-90,319,322.65,316.6,322.55
30-Aug-90,324.2,324.95,318,318.55
29-Aug-90,322.2,327.1,321.25,323.85
28-Aug-90,320.8,323.25,320.5,322.65
27-Aug-90,322,324.9,318,322.8
24-Aug-90,312.75,313.2,306.5,313
23-Aug-90,305.2,313.1,305.2,306.25
22-Aug-90,324.3,325.3,317.1,317.2
21-Aug-90,326.3,326.6,317.7,323.5
20-Aug-90,329.5,331.9,328.8,329.7
17-Aug-90,330.7,332.4,324.5,328.65
16-Aug-90,338.5,339.9,331.5,331.75
15-Aug-90,344,344.7,341,341.65
14-Aug-90,339.8,343,338.5,340.75
13-Aug-90,336.2,340.7,333.5,339.8
10-Aug-90,341.2,341.2,335.1,337.3
9-Aug-90,340,342.25,338.8,341.4
8-Aug-90,336.5,341.3,336.5,339.55
7-Aug-90,340,341,333.5,337.2
6-Aug-90,334.65,341.65,333.8,334.4
3-Aug-90,348,352,337.5,346.65
2-Aug-90,354.3,355.9,351,353.9
1-Aug-90,357.5,359.8,355.8,357.45
31-Jul-90,358.25,360.45,355.4,358.6
30-Jul-90,354.5,358.6,353.1,358.25
27-Jul-90,357.8,358.5,354.2,355.5
26-Jul-90,358.8,360.35,355.8,358.25
25-Jul-90,357.9,360.5,357.1,359.65
24-Jul-90,357.8,358.35,353.5,357.65
23-Jul-90,363.5,363.8,352.4,357.8
20-Jul-90,368.5,369.9,364,364.8
19-Jul-90,366.5,368.75,364.15,368.45
18-Jul-90,369.5,370.1,365.9,367.15
17-Jul-90,372.5,373.1,368,370.4
16-Jul-90,371.6,373.7,370.5,372.3
13-Jul-90,369.35,373.8,369.35,370.9
12-Jul-90,364.8,369.65,363.95,369.45
11-Jul-90,361.25,365.7,360.7,365.4
10-Jul-90,362.85,364.05,359.4,360.5
9-Jul-90,361.9,364.5,361.5,363.1
6-Jul-90,358.2,363.35,358,362.25
5-Jul-90,363,363,358.2,359.8
3-Jul-90,364.2,365.3,363.6,364
2-Jul-90,362.5,364.5,361.4,364.4
29-Jun-90,361.4,363.9,361.1,362.35
28-Jun-90,359.7,362.45,359.15,362.15
27-Jun-90,355.8,360.7,355,359.45
26-Jun-90,359.5,360.85,355.5,355.95
25-Jun-90,359.9,360.95,355.8,357.6
22-Jun-90,367.05,368.45,358.5,360.15
21-Jun-90,365.3,367,362.1,366.9
20-Jun-90,363.7,365.3,361.35,364.4
19-Jun-90,361.8,364.25,360.45,363.6
18-Jun-90,366.7,367.2,361.15,361.9
15-Jun-90,367.1,369.1,365.7,367.95
14-Jun-90,370,370.1,366.6,368.5
13-Jun-90,370.8,373.25,369.3,370.4
12-Jun-90,367,373.5,366.2,371.6
11-Jun-90,364,367.9,363.5,367.8
8-Jun-90,368.7,369.4,362.5,364.45
7-Jun-90,371.85,372.15,366.95,368.95
6-Jun-90,367.4,367.7,365.3,365.95
5-Jun-90,368.75,369.9,366.35,367.75
4-Jun-90,363.5,369.35,362.8,368.75
1-Jun-90,363.8,364.3,361.8,363.55
31-May-90,361.75,363.3,361.3,361.75
30-May-90,363.6,363.9,360.7,363
29-May-90,355.65,363.4,355.45,362.6
25-May-90,358,358.3,354.8,355.35
24-May-90,361,361.1,358.7,359.85
23-May-90,359.5,360.8,358.1,360.75
22-May-90,361,361.7,357,360.8
21-May-90,355.4,360.95,354.9,359
18-May-90,355.25,355.75,353.5,355.6
17-May-90,356.2,358.8,355.1,355.95
16-May-90,356.4,356.7,353.15,355.35
15-May-90,355.5,357.15,354.8,356.5
14-May-90,355.25,361,354.1,356.9
11-May-90,346.55,354.55,346.4,354.25
10-May-90,345,346.95,344.1,345.05
9-May-90,344.3,345.2,342.1,344.95
8-May-90,342.2,345.35,341.25,345.1
7-May-90,339.45,342.6,339.1,342.5
4-May-90,338.1,340.6,336.25,339.9
3-May-90,337.15,338.9,336.2,337.15
2-May-90,333.1,337.1,333,336.95
1-May-90,333,334.5,331.75,333.65
30-Apr-90,329.25,332.9,328.6,332.1
27-Apr-90,335.1,335.5,328.6,328.85
26-Apr-90,335.05,335.8,331.9,335.3
25-Apr-90,334.3,334.9,332.25,334.25
24-Apr-90,333.7,335.2,331.2,332.45
23-Apr-90,335.3,335.8,331.7,332.65
20-Apr-90,339.4,340.45,334.5,336.4
19-Apr-90,342,343.1,339.2,339.6
18-Apr-90,347.8,347.9,341.8,342.9
17-Apr-90,344.5,347.9,343.9,347.2
16-Apr-90,349.5,350.8,346.2,346.85
12-Apr-90,345.2,348.35,345.2,348.1
11-Apr-90,344.9,346.3,343.5,345.2
10-Apr-90,344,345.85,343.25,344.3
9-Apr-90,343,345.25,343,344.4
6-Apr-90,344.3,345.2,341.4,343.7
5-Apr-90,344.7,346.65,343.25,344.25
4-Apr-90,347.6,347.8,343,343.2
3-Apr-90,342.25,347.9,342.05,347.35
2-Apr-90,338.6,342.2,338.6,341.9
30-Mar-90,343.6,345.3,341.1,341.45
29-Mar-90,344.4,345.55,342.6,343.9
28-Mar-90,345.2,346.75,343.75,345.9
27-Mar-90,341.4,345.95,340.25,345.55
26-Mar-90,342.5,343.85,341,341.75
23-Mar-90,340,341.4,338.95,340.8
22-Mar-90,342.2,343.8,336.3,339.1
21-Mar-90,346.3,346.7,342,342.2
20-Mar-90,346.7,349.15,344.05,345.6
19-Mar-90,343.6,347.8,342.5,347.6
16-Mar-90,343.7,346.15,343.3,345.25
15-Mar-90,341.35,343.5,340.65,342.2
14-Mar-90,339.8,342.25,338.55,341.35
13-Mar-90,341.5,342.8,338.9,339.55
12-Mar-90,341.1,343.9,340.05,342.65
9-Mar-90,343.25,344.95,340.7,342.05
8-Mar-90,341.6,345.7,341.1,344.5
7-Mar-90,339.6,339.75,336.5,336.95
6-Mar-90,334.5,339.3,333.8,339.2
5-Mar-90,335.55,337.3,333.55,334.5
2-Mar-90,334.05,336.45,333.5,335.9
1-Mar-90,332.5,335.5,331.55,333.8
28-Feb-90,331,334.8,330.9,332.95
27-Feb-90,329.2,333.2,329.15,331.35
26-Feb-90,325.7,330,325,329.85
23-Feb-90,324,327.2,322.5,325.5
22-Feb-90,329.8,332.2,326,326.75
21-Feb-90,325.75,329.65,325.5,329.3
20-Feb-90,328.2,330.3,326.5,328.75
16-Feb-90,336,336.6,332.9,333.2
15-Feb-90,333.2,336.45,332.8,336.15
14-Feb-90,332.3,334.8,331.5,333.3
13-Feb-90,331.4,333.5,328.5,332.65
12-Feb-90,334.2,334.8,330.45,330.75
9-Feb-90,335.8,336.5,333.6,334.4
8-Feb-90,335.7,338.3,333.3,335.3
7-Feb-90,328,335.9,327.35,335.8
6-Feb-90,332.9,332.9,329.1,330.25
5-Feb-90,332.5,333.6,331.5,333.4
2-Feb-90,329.1,334,328.8,332.5
1-Feb-90,330.8,331.35,328.9,330.1
31-Jan-90,327,330.65,326.05,330.5
30-Jan-90,327.2,327.9,320.75,325.2
29-Jan-90,328,329.25,323,326.7
26-Jan-90,327.5,330.5,322.2,326.8
25-Jan-90,334,334.4,326,326.75
24-Jan-90,325.25,333.75,323.5,333.1
23-Jan-90,333.9,335.2,329.9,330.25
22-Jan-90,342,342.75,330.3,331.4
19-Jan-90,342.5,343.2,341.4,342.2
18-Jan-90,337,341.25,336,340.85
17-Jan-90,342.5,344.9,337.85,338.75
16-Jan-90,335.5,343,335.3,342.1
15-Jan-90,341.2,341.7,338.75,339.2
12-Jan-90,348,348,339.85,340.95
11-Jan-90,352.5,353.5,350.85,351.85
10-Jan-90,351.9,353.2,346.7,351.3
9-Jan-90,357.8,358.1,351.9,352.2
8-Jan-90,354.15,358.4,353.6,357.55
5-Jan-90,359.25,359.6,354.3,354.6
4-Jan-90,361.5,362.6,356.1,359.85
3-Jan-90,363.2,364.8,361.3,361.7
2-Jan-90,356.4,362.85,355.5,362.5
29-Dec-89,354.9,357,354.9,356.35
28-Dec-89,353.45,354.95,352.7,354.85
27-Dec-89,350.5,353.6,350.5,353.25
26-Dec-89,351.45,351.9,349.7,350.45
22-Dec-89,349.5,351.8,349.2,351.05
21-Dec-89,348.2,349.75,347.55,349.45
20-Dec-89,348.3,348.5,346.15,347.85
19-Dec-89,347.6,348.6,343.3,347.2
18-Dec-89,354.05,355.75,345.5,347.65
15-Dec-89,355.75,356.2,350,354.15
14-Dec-89,357,357,354.45,354.75
13-Dec-89,357.4,359.25,356.55,357.95
12-Dec-89,354.05,357.3,353.05,356.9
11-Dec-89,353.5,354.2,350.8,353.75
8-Dec-89,353.4,354.95,352.35,353.55
7-Dec-89,353.5,355.2,350.25,353.3
6-Dec-89,350.6,350.6,348.35,349.35
5-Dec-89,351.6,353.3,349.95,350.3
4-Dec-89,352.3,352.5,351,352.15
1-Dec-89,348,353.3,348,351.5
30-Nov-89,345.7,347.75,344.85,347.5
29-Nov-89,345.8,346.4,344.1,345.15
28-Nov-89,346.9,347.55,345.4,346.55
27-Nov-89,345.3,347.7,345.2,346.7
24-Nov-89,343.9,345.6,343.7,345.25
22-Nov-89,341.9,343.35,341.2,342.55
21-Nov-89,341.3,341.7,338.3,341.55
20-Nov-89,343,343.5,339.2,341.1
17-Nov-89,341.5,344.2,341.15,342.85
16-Nov-89,343,343,340.2,341.8
15-Nov-89,341.2,342.7,338.5,342.5
14-Nov-89,342.1,342.8,338.5,339.8
13-Nov-89,342.2,342.95,339.4,342.15
10-Nov-89,339.3,341.8,339.1,341.65
9-Nov-89,340.4,341,337.5,338.1
8-Nov-89,336.8,341.75,336.8,339.95
7-Nov-89,333.5,337.15,332.3,336.3
6-Nov-89,338.2,338.2,333.2,333.4
3-Nov-89,338,342.1,338,339.4
2-Nov-89,342.8,342.8,338.2,339.5
1-Nov-89,343.2,344.15,341.3,343.3
31-Oct-89,339,343.6,338.9,343.15
30-Oct-89,338.5,339.6,335.7,337.2
27-Oct-89,339,340.55,334.65,337.2
26-Oct-89,343.9,344.55,338.95,339.55
25-Oct-89,345.3,347.3,344.1,344.65
24-Oct-89,347.05,347.5,335.95,346.5
23-Oct-89,350.25,351,346.6,347.95
20-Oct-89,349.1,350.6,346.35,350.45
19-Oct-89,346.2,351.9,346.05,349.6
18-Oct-89,342.25,346.7,341,344.65
17-Oct-89,342.5,345.3,337.5,344
16-Oct-89,323.85,346,323.85,344.5
13-Oct-89,358,359.45,328.85,328.85
12-Oct-89,360.1,360.55,358.45,358.85
11-Oct-89,362.9,363.1,359.3,359.8
10-Oct-89,364,364.5,362,363.45
9-Oct-89,362.2,364.1,361.8,363.85
6-Oct-89,362,362.8,360.9,362.45
5-Oct-89,360.7,361.85,359.95,361.5
4-Oct-89,359.9,361.8,358.7,361.3
3-Oct-89,355.8,359.5,355.3,359.4
2-Oct-89,352.6,355.15,351.7,355
29-Sep-89,353,354.7,351.8,352.6
28-Sep-89,350.25,352.85,349.4,352.5
27-Sep-89,348,350.05,346.85,349.8
26-Sep-89,349.3,351.8,349.1,350.25
25-Sep-89,350.75,350.85,347.5,348.95
22-Sep-89,350.25,352.3,349.85,351.6
21-Sep-89,351.85,353.6,349.2,350.4
20-Sep-89,350.9,352.4,350.4,352.1
19-Sep-89,352.2,353.3,351,351.35
18-Sep-89,349.4,352.25,348.9,351.95
15-Sep-89,348.3,349.9,345.5,349.65
14-Sep-89,350,350.3,347.1,348.3
13-Sep-89,353.8,355.4,348.9,349.4
12-Sep-89,352.9,354.7,352.85,353.8
11-Sep-89,353,353.65,350.4,353.35
8-Sep-89,353.2,354.8,350.25,353.05
7-Sep-89,355,355.6,352.7,352.85
6-Sep-89,352.6,352.65,348.3,349.8
5-Sep-89,353.75,355.35,352,353.45
1-Sep-89,351.45,353.9,350.88,353.73
31-Aug-89,352.2,352.7,350.9,351.8
30-Aug-89,350.8,353.8,349,351.8
29-Aug-89,352.95,353.5,349.65,350.4
28-Aug-89,351.4,353.5,350.1,353.2
25-Aug-89,353.1,354.4,350.9,352.4
24-Aug-89,347,353.7,346.75,352.9
23-Aug-89,343.45,346.7,342.5,346.4
22-Aug-89,341.2,343.25,340,343.15
21-Aug-89,347.8,348.15,340.95,341.1
18-Aug-89,345.7,347.9,345.55,347.7
17-Aug-89,347,348.5,344.3,346.55
16-Aug-89,348,348.65,346.7,347
15-Aug-89,345.9,347.9,344.7,347.6
14-Aug-89,346.45,347.85,343.5,345.5
11-Aug-89,352.5,353.6,345.4,346.2
10-Aug-89,347.8,352.15,346.8,349.8
9-Aug-89,350.8,353.5,348.1,348.25
8-Aug-89,352.2,352.4,350.5,351.25
7-Aug-89,347.3,352.3,346,351.8
4-Aug-89,345,348.2,344.05,346.25
3-Aug-89,346.8,347.9,345.7,347.3
2-Aug-89,344.75,347.5,343.8,347.15
1-Aug-89,349,350.8,344.1,344.45
31-Jul-89,344.4,348.55,343.95,348.3
28-Jul-89,344.95,345.75,343.75,344.3
27-Jul-89,341.9,344.8,341.3,344.65
26-Jul-89,336,341.05,335.2,340.6
25-Jul-89,336.6,339.2,334.5,336.2
24-Jul-89,337.5,338,335.5,336.4
21-Jul-89,334.85,338.25,334.85,337.95
20-Jul-89,338.55,340.7,335.6,336.35
19-Jul-89,335.25,339,335.15,338.25
18-Jul-89,334.5,335,333.1,334.55
17-Jul-89,335.2,336.5,333.5,335.6
14-Jul-89,333.65,335.6,329.45,335.45
13-Jul-89,333.9,334,331.8,333.15
12-Jul-89,331.4,333.9,330.9,333.45
11-Jul-89,332,334.2,331.1,331.55
10-Jul-89,329.3,330.6,328.3,330.5
7-Jul-89,325.5,329.85,323.8,328.65
6-Jul-89,324.5,325.25,323.3,324.35
5-Jul-89,321.15,325.4,320.1,324.35
3-Jul-89,321.9,322.5,320.3,321.95
30-Jun-89,323,323.55,318.05,321.2
29-Jun-89,328.7,328.75,322.85,323
28-Jun-89,332,332.2,328.15,329.4
27-Jun-89,331.9,334,331.8,333.05
26-Jun-89,332.25,333,330.7,331.35
23-Jun-89,329.3,332.7,328.6,332
22-Jun-89,324.5,327.5,324.5,327.45
21-Jun-89,326,326.75,323.4,324.9
20-Jun-89,326.7,327.8,325.1,325.75
19-Jun-89,326,326.8,325,326.4
16-Jun-89,323,326.15,322.8,325.95
15-Jun-89,327.9,328.3,323.2,324.25
14-Jun-89,329.15,329.6,327.2,328.45
13-Jun-89,330.2,330.4,327.5,328.6
12-Jun-89,330,331.4,328.3,331.25
9-Jun-89,332.5,332.95,329.9,332.2
8-Jun-89,332.5,332.6,330.7,332.45
7-Jun-89,325.8,328.45,325.55,327.65
6-Jun-89,323.4,325.5,321.65,324.85
5-Jun-89,326.4,327.15,322.45,323
2-Jun-89,324.5,326.95,324.3,326.55
1-Jun-89,320.8,323.9,320.6,322.3
31-May-89,320.1,322.7,319.45,321.45
30-May-89,323.5,323.7,318.4,319.85
26-May-89,320.5,322.75,320.3,322.6
25-May-89,319.2,321.3,319.2,320.85
24-May-89,319.9,320.7,318.65,320.4
23-May-89,322.6,322.85,319.75,320.1
22-May-89,324.5,325,321.7,323.6
19-May-89,320.9,323.3,320.9,322.95
18-May-89,318.75,320.7,318.4,320.25
17-May-89,317.8,320,316.8,319.15
16-May-89,318,318.2,316.9,317.3
15-May-89,316.5,318.65,315.9,318.5
12-May-89,313.65,316.1,313.1,316
11-May-89,308.1,309.45,307.5,309.05
10-May-89,306.75,308.4,306.3,307.65
9-May-89,308.2,309.2,305.65,307.1
8-May-89,308.5,308.6,306.25,308.45
5-May-89,311.7,312.7,308.1,308.25
4-May-89,309.8,310.25,308.8,310
3-May-89,309.25,310.75,308.8,310
2-May-89,311.8,312.75,309.3,309.4
1-May-89,309.5,311.65,309.25,311.55
28-Apr-89,311.75,312.15,310.85,311.55
27-Apr-89,309.05,313.1,309.05,311.55
26-Apr-89,309.25,309.95,308.05,308.85
25-Apr-89,311.85,312.25,308.85,309.05
24-Apr-89,311.5,311.9,310.15,311.4
21-Apr-89,309.8,311.85,309.5,311.75
20-Apr-89,310.55,310.9,306.7,309.9
19-Apr-89,308,310.7,307.9,309.9
18-Apr-89,307.5,309.4,307,308.4
17-Apr-89,303.9,305,303.55,304.5
14-Apr-89,302.3,304.3,301.45,304.1
13-Apr-89,301.2,301.4,298.6,299.35
12-Apr-89,302,303.2,301.6,302
11-Apr-89,300.4,302.2,300.2,301.95
10-Apr-89,300.9,301.55,299.7,300.25
7-Apr-89,297.4,301.4,297.25,300.9
6-Apr-89,298.5,298.85,297.7,298.55
5-Apr-89,299.45,300.2,298.5,299.6
4-Apr-89,299,299.85,298.1,299.65
3-Apr-89,298.05,300.85,297.8,299.5
31-Mar-89,297,299.05,296.65,297.85
30-Mar-89,296.5,298,294.9,296.05
29-Mar-89,295,296.75,294.8,296.65
28-Mar-89,295.2,296.3,294.55,295.3
27-Mar-89,291.4,294.75,291,294.2
23-Mar-89,295,295.6,291.6,292.55
22-Mar-89,294.9,295.25,293.4,294.4
21-Mar-89,295,295.9,293.9,294.85
20-Mar-89,295.1,295.45,291.8,293.35
17-Mar-89,298.85,298.85,294,295.45
16-Mar-89,301.9,304.7,301.25,303.85
15-Mar-89,299.2,301.5,299,301.4
14-Mar-89,300.6,300.85,298.8,299
13-Mar-89,297.6,300.85,297.6,299.6
10-Mar-89,297.7,297.8,295.1,297.65
9-Mar-89,298.2,299.5,298.05,298.4
8-Mar-89,294,296.65,293.75,295.15
7-Mar-89,295.3,296.1,293.85,294.9
6-Mar-89,292.65,295.8,292.25,295.15
3-Mar-89,290.5,292.2,290,291.95
2-Mar-89,288.2,291.75,287.8,290.85
1-Mar-89,290.6,291.75,286.9,288.2
28-Feb-89,289.1,290.35,288.2,289.65
27-Feb-89,287.9,289.15,286.8,289
24-Feb-89,293.1,293.45,287.3,287.65
23-Feb-89,290.8,293.4,290.7,293.2
22-Feb-89,296.7,296.9,291.75,292.1
21-Feb-89,298.5,298.5,296.1,297.6
17-Feb-89,296.3,298.75,295.85,297.8
16-Feb-89,296.8,296.95,295.45,296.25
15-Feb-89,293.35,296.25,292.9,296.15
14-Feb-89,295.4,296.2,292.8,293.4
13-Feb-89,293.6,295.1,292.95,294.7
10-Feb-89,296.8,297.6,293.45,294
9-Feb-89,298.9,300.95,296.6,298.9
8-Feb-89,302,302.5,300.05,300.65
7-Feb-89,297.3,302.65,297.3,301.4
6-Feb-89,298.05,299.2,296.4,297.65
3-Feb-89,297.4,299.55,297.4,298.6
2-Feb-89,299,299.95,297.2,298.3
1-Feb-89,298.2,300.3,297.45,299
31-Jan-89,297.1,299.75,295.25,298.75
30-Jan-89,297.2,297.35,295.65,296.7
27-Jan-89,294.9,298.55,294.45,296.3
26-Jan-89,290.45,294.9,290.05,294
25-Jan-89,290.8,291.65,289.5,291.6
24-Jan-89,286.85,290.9,286.7,290.3
23-Jan-89,289.15,290.4,286.2,286.85
20-Jan-89,288.9,289.55,287.45,288.75
19-Jan-89,288.6,290.2,288.15,289.25
18-Jan-89,286.3,289.6,284.4,288.7
17-Jan-89,286.35,286.6,285.15,286.1
16-Jan-89,286.9,287.6,285.75,286.7
13-Jan-89,285.3,286.8,284.8,286.3
12-Jan-89,284.5,287.55,284.15,285.25
11-Jan-89,282.6,284.75,282.15,284.4
10-Jan-89,284.5,284.5,281.6,283.2
9-Jan-89,283.8,284.8,282.6,283.7
6-Jan-89,283.5,285.2,283.05,283.4
5-Jan-89,282.6,284.75,281.95,283
4-Jan-89,278,283,277.9,282.9
3-Jan-89,279,279.3,275.8,277.65
30-Dec-88,282.4,282.55,280.3,280.4
29-Dec-88,280.5,282.65,280.35,282.1
28-Dec-88,280.45,280.5,278.7,280.35
27-Dec-88,280.3,280.85,279.45,280
23-Dec-88,280.4,280.9,280.2,280.7
22-Dec-88,280.6,281.25,279.9,280.05
21-Dec-88,281,281.4,279.45,280.45
20-Dec-88,283.8,284.5,280.45,281.3
19-Dec-88,279.3,283.1,279.05,282.1
16-Dec-88,278.3,279.8,277.8,278.85
15-Dec-88,278.1,279.15,276.8,277.7
14-Dec-88,278.6,279.5,277.5,278.4
13-Dec-88,278.9,279.7,277.5,279.6
12-Dec-88,281.3,282.65,279,279.3
9-Dec-88,280.5,281.65,280,280.45
8-Dec-88,280.3,281.65,280,280.7
7-Dec-88,278.8,279.8,278.15,278.45
6-Dec-88,275.8,279.55,274.8,279.4
5-Dec-88,272.7,276.4,272.5,275.9
2-Dec-88,271.2,272.7,270.7,272.5
1-Dec-88,273.45,273.85,272.55,273.2
30-Nov-88,271.3,275.3,271.15,273.05
29-Nov-88,269.25,272.3,268.3,271.15
28-Nov-88,268.1,269.9,267.1,268.95
25-Nov-88,266.7,267.75,265.8,267.35
23-Nov-88,268.4,270.05,268.25,269.25
22-Nov-88,266.25,269.05,265.7,268.35
21-Nov-88,266,267,263.95,266.9
18-Nov-88,265.5,266.9,265.05,265.8
17-Nov-88,266.75,266.8,263.7,264.65
16-Nov-88,268.8,268.8,263.5,265.05
15-Nov-88,268.2,269.9,268.15,269.5
14-Nov-88,269.3,269.65,267.3,268.85
11-Nov-88,272.5,272.75,268.05,268.6
10-Nov-88,274.05,275.1,273.5,274.15
9-Nov-88,274.05,275.2,272.85,274.05
8-Nov-88,276.1,276.95,274.85,275.05
7-Nov-88,275.7,276.1,274.15,274.7
4-Nov-88,277.8,280.2,275.9,276.25
3-Nov-88,281.4,281.8,279.5,279.6
2-Nov-88,279.3,282,277.7,281
1-Nov-88,278.95,281,278.5,280.15
31-Oct-88,279.1,280.2,277.85,279.1
28-Oct-88,279.4,281.25,278.55,279.55
27-Oct-88,281.8,282.1,276.9,279.25
26-Oct-88,283.35,283.7,281.2,282.4
25-Oct-88,283.4,284.6,283,284.05
24-Oct-88,285,285.75,283.4,283.65
21-Oct-88,283.8,285.5,282.8,285
20-Oct-88,278.5,285,278.35,284.75
19-Oct-88,281.25,282.5,275.3,278.8
18-Oct-88,278.8,281.6,277.85,281.2
17-Oct-88,276.5,278.8,276.3,278.25
14-Oct-88,278.5,279.35,275.4,276.9
13-Oct-88,275.2,278.2,275,277
12-Oct-88,278.1,278.1,274.6,276.2
11-Oct-88,279.8,280.45,278.35,279.6
10-Oct-88,280.3,281.25,279.5,280.3
7-Oct-88,276.2,281.1,275.6,280.85
6-Oct-88,273.4,274.9,273,274.8
5-Oct-88,273.3,275.05,271.8,273.95
4-Oct-88,273.1,273.9,272.3,273.15
3-Oct-88,274,274.05,270.5,273.1
30-Sep-88,275.7,277.7,273.9,274.15
29-Sep-88,271.9,275.9,271.35,275.7
28-Sep-88,270,271.7,269.5,271.55
27-Sep-88,272.1,272.35,269.8,270.5
26-Sep-88,271.4,272.1,270.85,271.95
23-Sep-88,271.2,273.15,270.4,272.25
22-Sep-88,272.9,273,270.2,272.1
21-Sep-88,272.3,273.55,272,273.3
20-Sep-88,271.25,272.9,270.8,272.65
19-Sep-88,271.85,272,269,271.85
16-Sep-88,269.6,273,269.45,271.65
15-Sep-88,271.3,272.5,270,270.15
14-Sep-88,271.2,272.35,269.15,271.75
13-Sep-88,267.5,270.3,267.1,270.2
12-Sep-88,269,270.05,268.15,268.4
9-Sep-88,268.1,271.4,265.4,269
8-Sep-88,267.95,269.45,267.35,268.4
7-Sep-88,267.4,267.7,265.2,266.1
6-Sep-88,265.3,266.6,264.8,266.4
2-Sep-88,262.6,266,262,265.6
1-Sep-88,260.1,260.4,256.7,258.8
31-Aug-88,263.8,264.3,261.1,261.6
30-Aug-88,263.1,263.8,262.05,262.7
29-Aug-88,260.7,263.45,260.7,263
26-Aug-88,259.5,260.8,258.7,259.7
25-Aug-88,259.6,260.8,257.55,259.7
24-Aug-88,257.25,261.95,257.25,261.75
23-Aug-88,258,258.75,256.65,257.3
22-Aug-88,261.7,261.9,256.45,256.6
19-Aug-88,262.35,263.4,261.25,261.95
18-Aug-88,261.45,263.6,261,261.45
17-Aug-88,261,262.55,259.8,261.25
16-Aug-88,257.9,263.6,257.8,261.25
15-Aug-88,262.5,263.2,258.8,259.1
12-Aug-88,262.3,264.25,261.7,262.55
11-Aug-88,263.4,263.8,260.5,263.2
10-Aug-88,266.8,266.8,261.3,262.05
9-Aug-88,270.3,270.4,265.4,267.4
8-Aug-88,272.75,273.9,269.5,269.8
5-Aug-88,271,272.9,270.6,272.2
4-Aug-88,275.7,275.7,272.25,272.85
3-Aug-88,272.4,274.5,271.35,274.05
2-Aug-88,273.65,275.2,270.7,273.05
1-Aug-88,273.7,274.05,272.25,272.65
29-Jul-88,267.5,273.4,267.5,273.25
28-Jul-88,263.4,267.8,262.8,266.85
27-Jul-88,266.2,266.7,262.55,262.95
26-Jul-88,264.5,267.3,264.5,266.15
25-Jul-88,263.4,266.4,263.25,264.85
22-Jul-88,267,267.15,263.35,263.55
21-Jul-88,270.2,270.3,266.7,267.15
20-Jul-88,270.8,272.1,269.05,271.55
19-Jul-88,272.2,273,267.7,270.45
18-Jul-88,272.4,272.7,269.3,272.3
15-Jul-88,271.95,273.7,270.1,272.8
14-Jul-88,271.25,272.6,269.7,271.45
13-Jul-88,270,271.8,266.6,271.4
12-Jul-88,272.1,272.6,267.55,269.35
11-Jul-88,272.1,273.7,270.85,272.45
8-Jul-88,271.4,274.3,270.8,271.55
7-Jul-88,271.5,274,270.1,273.2
6-Jul-88,278.25,278.65,270.6,272
5-Jul-88,271.5,279.1,271.25,278.65
1-Jul-88,276.3,276.5,271.8,272.9
30-Jun-88,274.1,276.25,273.4,275.4
29-Jun-88,275.15,275.75,270.6,273.1
28-Jun-88,270.6,275.4,270.3,274.85
27-Jun-88,274,274.15,269.2,270.25
24-Jun-88,277.7,278.3,274.8,275.2
23-Jun-88,277.9,278.55,276,277.15
22-Jun-88,278.9,279.5,276.45,277.95
21-Jun-88,273.3,275.65,268.6,275.4
20-Jun-88,270.5,272.4,270,271.5
17-Jun-88,271.9,273.1,269.8,272.75
16-Jun-88,273.7,274.5,270.15,272.1
15-Jun-88,276,277.2,274.9,276.95
14-Jun-88,277,280,275.1,276.7
13-Jun-88,273.7,274.7,272.95,273.65
10-Jun-88,274,276.45,271.95,273.1
9-Jun-88,274.1,275.1,272.3,273.3
8-Jun-88,266.2,273.75,266.1,272.45
7-Jun-88,266.4,267.8,263.9,266.05
6-Jun-88,266.1,268.05,264.6,267.85
3-Jun-88,267.7,268.2,264.6,266.1
2-Jun-88,266.5,267.7,264.35,266.35
1-Jun-88,264,268.5,263.15,266.85
31-May-88,253.6,264.05,253.35,262.95
27-May-88,254.1,254.6,252.3,253.5
26-May-88,253.8,255.75,253.25,255.6
25-May-88,255,256,253.15,254
24-May-88,251.4,254.35,250.9,254.25
23-May-88,253.5,253.7,249.2,250.6
20-May-88,253.9,254.2,251.3,252.7
19-May-88,250.6,253.2,248.5,252.9
18-May-88,255.1,256,250.25,251.1
17-May-88,260.5,261.2,254.75,255.1
16-May-88,258.3,259.7,256.8,259.55
13-May-88,255.2,258,255,257.55
12-May-88,253.55,254.75,253.4,253.8
11-May-88,255.8,256.25,251.8,253.4
10-May-88,258.1,259.1,255.5,258.6
9-May-88,257.9,258.6,255.3,257.1
6-May-88,259,260.95,256.8,258.15
5-May-88,259.6,260,258.15,259.35
4-May-88,263,263.4,259.6,259.85
3-May-88,262.7,264.25,262.25,262.7
2-May-88,262,262.4,260,261.7
29-Apr-88,263.4,263.6,259.9,261
28-Apr-88,262.8,263.9,262,263.4
27-Apr-88,264.7,265.7,263.3,264
26-Apr-88,263.75,266.1,262.6,264.8
25-Apr-88,261.95,264.25,261.45,263.85
22-Apr-88,257.6,262.2,257.5,261.85
21-Apr-88,257.9,261.8,254.1,256.2
20-Apr-88,257.65,258.9,256.1,257.9
19-Apr-88,260.5,263.4,257.15,257.3
18-Apr-88,258,260.8,257.85,259.25
15-Apr-88,259.75,260.4,255.85,258.8
14-Apr-88,267,268.4,257.2,258.4
13-Apr-88,272.65,273.05,269.9,272.1
12-Apr-88,270.9,273.7,270.75,272.55
11-Apr-88,270.8,272,269.75,271.2
8-Apr-88,268,271.95,266.9,269.9
7-Apr-88,268,268.75,266.45,267.6
6-Apr-88,260.2,267.6,258.5,267.4
5-Apr-88,257.6,259.9,256.3,259.5
4-Apr-88,257.75,260.4,255.6,256.95
31-Mar-88,257.8,260.5,256.35,259.05
30-Mar-88,260.6,263,257.4,258.25
29-Mar-88,261.1,261.85,259.85,259.95
28-Mar-88,257.4,260,257.1,259.9
25-Mar-88,263.5,264.2,257.5,257.75
24-Mar-88,267.2,267.3,262.8,264.1
23-Mar-88,270.9,272,268.9,270.4
22-Mar-88,271.2,271.45,268.9,270.65
21-Mar-88,269.9,271.5,268.5,270.6
18-Mar-88,272.85,274.45,270.6,272.3
17-Mar-88,271,273,270.55,272.3
16-Mar-88,267,271.3,266.2,270.55
15-Mar-88,268.2,268.35,266.4,267.5
14-Mar-88,266.4,268.65,265.7,267.8
11-Mar-88,265.5,267,262.1,266.9
10-Mar-88,270.5,271.1,264.05,264.2
9-Mar-88,269.4,271.1,268.4,269.65
8-Mar-88,268.3,270.8,268.15,269.1
7-Mar-88,266.7,268.45,265.85,268.3
4-Mar-88,267.7,269.2,264.55,267.2
3-Mar-88,268,268.95,266.7,268.45
2-Mar-88,269.5,269.7,266.9,268.35
1-Mar-88,268,268.6,265.3,267.65
29-Feb-88,264.5,268.1,264.1,267.3
26-Feb-88,263.2,264,261.9,263.35
25-Feb-88,264.8,268.9,261,262.85
24-Feb-88,264.8,267.5,264.1,265.2
23-Feb-88,266.75,267.2,263.25,265.5
22-Feb-88,262.85,267.3,261.7,266.85
19-Feb-88,258.5,263.1,257.6,262.95
18-Feb-88,259.5,260.75,257.2,258.3
17-Feb-88,262.1,262.5,258.25,259.85
16-Feb-88,257.9,262.4,257.1,262.1
12-Feb-88,256.9,259.7,256,258.8
11-Feb-88,257.6,258.8,255.4,257.25
10-Feb-88,254.5,258.2,253.6,257.95
9-Feb-88,250.25,255.25,248.7,254.9
8-Feb-88,248,251.25,248,249.95
5-Feb-88,253.2,254.9,250.1,250.7
4-Feb-88,253.1,254.15,250.2,253
3-Feb-88,255.75,258.3,250.55,253.1
2-Feb-88,256.35,257.2,252.9,255.85
1-Feb-88,258.8,259.1,255.2,256.35
29-Jan-88,255.7,257.9,252.8,257.05
28-Jan-88,252.2,254.9,251,254.3
27-Jan-88,251,254.2,248.6,249.85
26-Jan-88,252,253,249.25,250.4
25-Jan-88,248.6,254,247.5,252.65
22-Jan-88,245.8,248.25,244.3,248.1
21-Jan-88,244.1,245.45,240,244.6
20-Jan-88,247.2,249.4,241,243.4
19-Jan-88,250.5,254.85,248.2,249.25
18-Jan-88,253,254.3,250.4,252.4
15-Jan-88,257,258,251.2,251.5
14-Jan-88,246.5,248.1,244,247.45
13-Jan-88,244.85,250.6,240.9,246.25
12-Jan-88,247,247.55,240.4,246.35
11-Jan-88,244,248.6,240.3,247.7
8-Jan-88,261.4,262.9,239.5,240.75
7-Jan-88,257.7,263.4,257,262.85
6-Jan-88,260.3,261.9,258.5,258.6
5-Jan-88,262.5,264,259.15,259.8
4-Jan-88,251.5,258.8,251.2,257.4
31-Dec-87,247,247.9,245.8,246.75
30-Dec-87,247.6,250.4,247.05,250.2
29-Dec-87,247.4,247.6,245.75,246.3
28-Dec-87,249,249.25,244.7,246.3
24-Dec-87,255,255.4,252.9,253.3
23-Dec-87,253,255.6,253,254.7
22-Dec-87,250.85,252.2,248,251.85
21-Dec-87,249.5,252.8,249,252.35
18-Dec-87,245,251,244.25,248.45
17-Dec-87,249.2,250.05,243,244.3
16-Dec-87,245.5,250,243.8,248.65
15-Dec-87,245.3,247.45,241.8,245.5
14-Dec-87,235.9,245,235.9,244.8
11-Dec-87,235.3,237,233.7,236.15
10-Dec-87,236,241.6,233.5,235.05
9-Dec-87,233.5,241.1,233.5,239.65
8-Dec-87,229.4,236.2,228.9,234.65
7-Dec-87,226.6,230.4,225.65,229.5
4-Dec-87,223.8,226,220.8,225.55
3-Dec-87,234.2,234.35,223.05,223.6
2-Dec-87,231.5,235.4,230.4,233.05
1-Dec-87,233.5,234.7,230.8,231.85
30-Nov-87,234,234.5,225,232
27-Nov-87,243,243.7,236.9,237
25-Nov-87,246,247.6,244.05,244.3
24-Nov-87,246,249,245.8,246.15
23-Nov-87,241,244.2,240.25,244.1
20-Nov-87,235,243,234,241.9
19-Nov-87,246.5,246.5,238.5,238.8
18-Nov-87,244.2,246.8,240.4,246.55
17-Nov-87,244.9,245.6,240.5,242.7
16-Nov-87,250,251.6,244.7,248.2
13-Nov-87,250,250,246.7,247.6
12-Nov-87,250,251.2,247.5,249.6
11-Nov-87,241,245.5,240.9,242.2
10-Nov-87,243.5,243.5,237.7,239.4
9-Nov-87,246,248.75,242.5,245.6
6-Nov-87,256,258.2,248,249.1
5-Nov-87,248.5,258.1,247.75,255.4
4-Nov-87,249,253,246.6,250.15
3-Nov-87,252,254,240.9,250.15
2-Nov-87,255,257.9,251.5,257.75
30-Oct-87,253,260,252,259.35
29-Oct-87,237,249.1,235,245.7
28-Oct-87,220,234.5,218,231.25
27-Oct-87,242,242,223,228.6
26-Oct-87,228,237,218,220.25
23-Oct-87,240,253,234,241
22-Oct-87,202,250.5,195,244.5
21-Oct-87,242,259,237,258.25
20-Oct-87,221,242,181,216.25
19-Oct-87,264,269,198,201.5
16-Oct-87,300.5,301,277,282.25
15-Oct-87,303.3,307.6,297.95,298.25
14-Oct-87,312.2,313.45,304.8,305
13-Oct-87,314.1,317,312.25,315.65
12-Oct-87,310.95,313.7,308.4,311.6
9-Oct-87,315.2,317.05,311.6,312.2
8-Oct-87,320.6,321.2,313.7,315.8
7-Oct-87,319.4,322.05,317.7,320.65
6-Oct-87,329.4,329.7,319.75,319.85
5-Oct-87,331.1,331.8,328.3,330.8
2-Oct-87,331,333,330.2,331.35
1-Oct-87,326.5,331.8,326.05,331.7
30-Sep-87,324.5,326.3,322.55,325.85
29-Sep-87,326.2,328.5,322.8,324.7
28-Sep-87,325.7,329.25,324.5,326.4
25-Sep-87,322.6,324.5,320.85,324.35
24-Sep-87,323.5,325,321.65,322.4
23-Sep-87,323.5,325.5,322,324.9
22-Sep-87,312.8,324.1,311.5,324
21-Sep-87,319.25,321.15,312.35,313.25
18-Sep-87,319.5,319.9,316.7,318.35
17-Sep-87,317.8,318.9,315.15,317.75
16-Sep-87,318.6,322.95,316.2,316.35
15-Sep-87,324.4,324.65,319.4,319.8
14-Sep-87,326.2,326.8,322.8,324.8
11-Sep-87,320,325.7,319.7,324.8
10-Sep-87,320,320.45,317.7,319.95
9-Sep-87,313.8,315.9,312.2,314.1
8-Sep-87,315.15,315.95,308.7,314.1
4-Sep-87,321,322.5,315.2,315.35
3-Sep-87,324,324.9,316.05,319.9
2-Sep-87,323.5,324.8,318.5,322.8
1-Sep-87,331.05,333.2,322.7,323.35
31-Aug-87,326.6,331.5,326.6,330.85
28-Aug-87,332.2,332.25,327.35,327.5
27-Aug-87,334.7,335.3,331.25,332
26-Aug-87,338.6,338.85,335.2,336
25-Aug-87,336.7,339.45,336.35,338.4
24-Aug-87,336.3,337.1,332.5,335.3
21-Aug-87,336.6,338.1,335,336
20-Aug-87,332.5,336.85,332.05,336.7
19-Aug-87,329.6,331.8,327.3,331.5
18-Aug-87,334.9,335.1,327.05,330.3
17-Aug-87,336.3,337.4,333.9,335.75
14-Aug-87,333.25,337.7,333.25,336.05
13-Aug-87,335.2,337.3,334.5,335.95
12-Aug-87,335.5,336.5,332,334.5
11-Aug-87,330.6,335.4,330.3,334.9
10-Aug-87,325.6,329.75,324.6,329.45
7-Aug-87,323.35,325.95,322.9,325.15
6-Aug-87,319.15,323.4,317.8,323.25
5-Aug-87,318,321.3,318,319.25
4-Aug-87,319.1,319.55,314.65,317.4
3-Aug-87,317.6,321.65,317.6,318.9
31-Jul-87,319.2,320.3,318,320.2
30-Jul-87,316.5,319.9,316.3,319.7
29-Jul-87,313.2,317.25,312.3,317.05
28-Jul-87,312.3,313.25,310.9,313
27-Jul-87,310.15,311.9,309.2,311.55
24-Jul-87,309,310.6,308.7,310.3
23-Jul-87,310.35,310.65,306.9,309.15
22-Jul-87,309.7,310.25,308,309.95
21-Jul-87,311.75,314.25,308.7,309.9
20-Jul-87,313.8,314.4,312.05,312.7
17-Jul-87,314.5,315.3,313.15,314.9
16-Jul-87,312.8,314.4,311.5,314.2
15-Jul-87,309.6,313.1,309.1,312.2
14-Jul-87,309,312.5,308.3,311.9
13-Jul-87,308.75,309.5,306.3,309.45
10-Jul-87,309.3,310.35,307.8,309.45
9-Jul-87,310.2,311.55,308.5,308.85
8-Jul-87,309.45,311,307.1,310.75
7-Jul-87,306.15,310.85,305.65,310
6-Jul-87,307.9,308.85,305.4,306.15
2-Jul-87,306.4,307.95,306,306.95
1-Jul-87,304.5,306,303.8,304.8
30-Jun-87,310.1,310.35,303,303.55
29-Jun-87,310,310.85,308.85,309.85
26-Jun-87,308.5,311.2,308,310.75
25-Jun-87,310.5,312.5,310.2,310.85
24-Jun-87,309.9,311.85,308.5,309.3
23-Jun-87,313.5,313.5,309.4,310.9
22-Jun-87,310,313.2,309.9,312.75
19-Jun-87,308,309.6,307.25,308.9
18-Jun-87,306.3,309.2,305.6,308.45
17-Jun-87,307.3,308.3,306.3,307.55
16-Jun-87,305.5,307.8,304.6,307.2
15-Jun-87,304.5,306.8,304.2,305.95
12-Jun-87,304.59,305,302.3,303.9
11-Jun-87,300.2,301.5,299.4,301.4
10-Jun-87,298.9,301.5,294.9,297.25
9-Jun-87,296.6,297.9,295.4,297.75
8-Jun-87,291.5,297.65,291.5,296.35
5-Jun-87,295,295.6,292.6,293.25
4-Jun-87,293.5,295.75,293.2,295.2
3-Jun-87,290.4,294.7,290.1,294.55
2-Jun-87,289.75,291.7,286.9,288.6
1-Jun-87,292.5,292.85,289.1,291
29-May-87,294,294.5,289.3,289.45
28-May-87,290,292.7,286.3,292.15
27-May-87,288.8,291.4,288.4,289.3
26-May-87,285.5,290,285.1,289.6
22-May-87,282.2,284.8,280.75,281.8
21-May-87,282,283.2,280.2,280.7
20-May-87,279.65,281.9,276.95,279.85
19-May-87,286.8,287.55,278.2,279.15
18-May-87,286.9,288.1,282.5,287.1
15-May-87,291.65,293.8,287.05,287.35
14-May-87,295.8,296.2,293,294.65
13-May-87,294.8,295.95,290.9,294.75
12-May-87,291.15,294.85,290.6,294.45
11-May-87,296.4,300.6,289.5,291.15
8-May-87,295.8,296.8,292,294.65
7-May-87,297,298.2,294.2,294.4
6-May-87,296,297.6,294.25,296.25
5-May-87,293.2,296.8,292.25,296.3
4-May-87,288.4,292.1,286.1,291.7
1-May-87,288,290.75,287,289.9
30-Apr-87,285.5,291.15,285.15,289.45
29-Apr-87,285.1,287.9,284,285.3
28-Apr-87,282.4,287.3,282.05,283.8
27-Apr-87,277,285.8,275,280.5
24-Apr-87,285,286.5,280.8,280.95
23-Apr-87,288.2,291,284.5,287.6
22-Apr-87,294.4,295.35,286.1,286.35
21-Apr-87,285.5,295.15,283.2,295
20-Apr-87,288.9,289.8,284.95,287.4
16-Apr-87,286.5,291,286.5,288.9
15-Apr-87,283,286.75,280.35,285.2
14-Apr-87,280,284.25,275.9,280
13-Apr-87,293.8,295.3,284.4,284.55
10-Apr-87,293.5,296,291.3,293.4
9-Apr-87,300,300.05,291.8,295.05
8-Apr-87,300,301.6,296,300.3
7-Apr-87,303.2,306.1,295.5,296.4
6-Apr-87,305,305.4,302.7,304.05
3-Apr-87,293.4,303.9,293.2,303.45
2-Apr-87,295.3,295.95,293.05,293.6
1-Apr-87,288.9,294.7,288.2,294.55
31-Mar-87,291.7,293.35,290.3,291.25
30-Mar-87,292.5,292.5,286.7,290.45
27-Mar-87,303.4,303.4,297.2,297.35
26-Mar-87,305.5,305.7,302.65,303.4
25-Mar-87,303.7,304.5,301.9,303.6
24-Mar-87,303.3,304.75,302.55,304.2
23-Mar-87,301.2,304.25,299.6,304.15
20-Mar-87,296.3,300,296.15,299.8
19-Mar-87,294.4,296.8,293.7,296
18-Mar-87,295.8,296.75,292,294.55
17-Mar-87,290,295.35,289.55,295.25
16-Mar-87,289.8,289.85,287.8,289.65
13-Mar-87,292.65,293.55,291.05,291.2
12-Mar-87,292.2,293.95,290.85,292.65
11-Mar-87,291.8,292.45,288.9,289.95
10-Mar-87,288.7,291.4,287.4,290.9
9-Mar-87,289.9,289.9,286.8,288.4
6-Mar-87,289.75,291.3,288.5,291.2
5-Mar-87,289.4,291.9,289.4,290.2
4-Mar-87,284.5,289.2,284.4,289
3-Mar-87,283.3,284.7,282.8,284.1
2-Mar-87,284.6,285.8,282.4,283.6
27-Feb-87,284.25,285.05,282.8,283.55
26-Feb-87,282.8,285.6,280.5,283.55
25-Feb-87,282,286.5,281.75,283.9
24-Feb-87,283.35,284.2,281.6,282.45
23-Feb-87,286.1,287,279,282.85
20-Feb-87,286.35,287.1,284.5,285.65
19-Feb-87,286.5,287.5,284.4,286.2
18-Feb-87,288.75,289,283.45,286.7
17-Feb-87,281.5,287.25,281.15,287.05
13-Feb-87,276.25,282.3,275.7,282.05
12-Feb-87,278,278.4,274.1,276.75
11-Feb-87,276.2,278.25,275,277.65
10-Feb-87,279.1,279.5,273.7,275.85
9-Feb-87,281.1,281.35,277.7,279.35
6-Feb-87,282.5,283.2,280.35,281.2
5-Feb-87,281.2,283.4,278.5,282.35
4-Feb-87,276.7,281,275.5,280.7
3-Feb-87,278.1,279.05,275.7,276.35
2-Feb-87,273,278.6,273,277.35
30-Jan-87,274.4,275.5,271.9,274.15
29-Jan-87,278.8,278.8,272.6,275.15
28-Jan-87,276,277.8,273.45,277.55
27-Jan-87,272.5,275.8,271.85,274.45
26-Jan-87,270,271.85,268.4,271.35
23-Jan-87,276.65,282.6,266,269.3
22-Jan-87,268.9,276.9,268.5,276.4
21-Jan-87,269,272.1,268.35,268.9
20-Jan-87,271,272.75,268.6,269.4
19-Jan-87,265,271.5,264.8,271.4
16-Jan-87,268.5,268.8,265.45,266.7
15-Jan-87,264.1,268.4,263.4,266.95
14-Jan-87,261.5,264.2,259.6,263.3
13-Jan-87,259.8,261.5,259.3,261.35
12-Jan-87,258.95,262.6,258.55,260.75
9-Jan-87,256.55,260.6,256.15,259.5
8-Jan-87,255.95,257.55,255.45,257.3
7-Jan-87,253.45,257.2,253.1,256.25
6-Jan-87,252.9,254.85,252.5,253.55
5-Jan-87,248.6,254.15,248.3,253.25
2-Jan-87,243.4,247.7,243.4,246.75
31-Dec-86,243.45,244.2,240.6,242.15
30-Dec-86,243.7,244.8,243.05,243.45
29-Dec-86,246.75,247.3,243.35,243.65
26-Dec-86,248,248.4,247.65,247.7
24-Dec-86,248,248.9,247.7,248.3
23-Dec-86,249.7,249.7,247,247.4
22-Dec-86,249.25,250.05,248.55,248.8
19-Dec-86,247.95,249.5,246.6,248.75
18-Dec-86,249,249.5,247.6,247.95
17-Dec-86,250.15,250.6,248,248.5
16-Dec-86,250,250.85,248.6,250.15
15-Dec-86,245.9,250.15,245.5,249.65
12-Dec-86,249,250,247.55,247.9
11-Dec-86,252.1,252.25,246.5,249.1
10-Dec-86,249.5,252.95,249.5,251.1
9-Dec-86,251.65,252.2,249.5,249.95
8-Dec-86,252.4,253.4,248.65,251.95
5-Dec-86,254.5,255.1,250.7,251.95
4-Dec-86,254.25,255.55,253.6,254.65
3-Dec-86,254.8,256.05,253.7,254.3
2-Dec-86,251.7,254.8,250.9,254.5
1-Dec-86,246.2,251.2,245.1,251.05
28-Nov-86,249.55,249.9,248.1,248.65
26-Nov-86,249.2,249.95,248.35,249.55
25-Nov-86,248.05,249.6,246.9,249.55
24-Nov-86,245.5,248.95,245.05,248.2
21-Nov-86,242,247.55,241.65,244.85
20-Nov-86,238.9,243.2,238.15,242.2
19-Nov-86,236.8,238.5,235.2,238.1
18-Nov-86,243.3,243.8,236.2,237.05
17-Nov-86,243,245.85,242.85,243.35
14-Nov-86,242.1,245.4,241.1,245.3
13-Nov-86,246.95,247,241.4,241.55
12-Nov-86,248.2,248.3,245.6,246.95
11-Nov-86,246.85,247.75,246.35,247.7
10-Nov-86,245.7,246.85,244.5,246.55
7-Nov-86,245.7,247,244.95,245.9
6-Nov-86,246.4,247.55,243.9,246.2
5-Nov-86,245.7,247.65,245.35,247.2
4-Nov-86,245,247.2,244.3,246.3
3-Nov-86,245.4,246,244.5,245.95
31-Oct-86,243.5,244.8,242.75,244.7
30-Oct-86,243,244.8,242.9,243.8
29-Oct-86,238.5,241.3,238.2,240.7
28-Oct-86,239.1,240.7,238.4,238.8
27-Oct-86,237.75,239.4,235.7,239.2
24-Oct-86,239.4,240.1,237.5,237.75
23-Oct-86,235.85,240.6,235.65,239.6
22-Oct-86,235.8,236.7,234.95,235.15
21-Oct-86,236.3,236.45,234.2,235.25
20-Oct-86,236.4,236.5,233.5,235.5
17-Oct-86,239.25,239.35,237.25,237.95
16-Oct-86,240,241.15,238.35,239.75
15-Oct-86,234.9,239.8,234.45,239.7
14-Oct-86,237.2,237.4,233.4,234.75
13-Oct-86,234.8,236.9,234.45,236.8
10-Oct-86,234.35,236.1,233.8,235.1
9-Oct-86,236.7,238.2,234.5,235.1
8-Oct-86,232.1,237.25,232.1,236.7
7-Oct-86,233.5,234.9,231.75,234.55
6-Oct-86,232.8,236.2,231.45,234.1
3-Oct-86,235.5,237.15,229.8,232.4
2-Oct-86,232.8,235.1,232,234.75
1-Oct-86,231.9,235.65,231.45,233.6
30-Sep-86,230.4,233.65,229.85,230.6
29-Sep-86,229,230.2,226.1,229.55
26-Sep-86,230.4,234.5,229.75,231.95
25-Sep-86,235,235.8,229,231.35
24-Sep-86,235.9,237.45,235.1,235.9
23-Sep-86,234.6,236.8,234.05,236.6
22-Sep-86,230.9,234.95,230.8,234.6
19-Sep-86,228.8,231.9,228.75,230.5
18-Sep-86,229,234,228,230.95
17-Sep-86,231,233.55,229.85,230.35
16-Sep-86,228.45,231.9,227,230.85
15-Sep-86,230.7,232.7,228.6,231.15
12-Sep-86,235.6,235.8,226.65,229.7
11-Sep-86,246,246,234.1,234.9
10-Sep-86,248.5,248.75,246.45,247.5
9-Sep-86,250.5,251.2,247,248.35
8-Sep-86,249.5,250.65,247.4,249.15
5-Sep-86,254,254.85,249.75,250.05
4-Sep-86,251.05,255,250.45,254.45
3-Sep-86,247.5,250.9,247.1,250.8
2-Sep-86,252.6,253.85,247.5,247.95
29-Aug-86,254,254.9,251.9,252.65
28-Aug-86,254,254.75,252.5,253.65
27-Aug-86,253.75,255.3,253.05,253.85
26-Aug-86,249.6,254,249.4,253.75
25-Aug-86,250.1,250.3,248,249.6
22-Aug-86,250.1,251.4,249.65,250.6
21-Aug-86,250.75,251.2,249.5,250.6
20-Aug-86,246.9,250.85,246.6,250.75
19-Aug-86,248.6,248.6,246.1,247.4
18-Aug-86,247.3,248.75,245.5,248.25
15-Aug-86,247.6,248.25,246.45,248.05
14-Aug-86,246.4,248.1,245.9,247.55
13-Aug-86,244.2,247.4,243.35,246.45
12-Aug-86,241.5,244.25,240.5,244.2
11-Aug-86,238.5,241.9,238.4,241.3
8-Aug-86,238.4,239,236.3,237.3
7-Aug-86,237,239.2,236.6,237.45
6-Aug-86,237.15,238.35,236.05,237.3
5-Aug-86,236.6,239.3,236.6,237.75
4-Aug-86,233,237.5,231.3,237.05
1-Aug-86,236.3,237.15,232.65,233.15
31-Jul-86,237.5,237.7,235.5,235.95
30-Jul-86,235.05,238.15,232.6,237.7
29-Jul-86,235.8,236.2,233.6,235.1
28-Jul-86,240.2,240.2,234,234.85
25-Jul-86,238.7,241.4,238.7,240.9
24-Jul-86,237.9,238.75,236.7,238.4
23-Jul-86,238.6,239.35,237.25,237.95
22-Jul-86,235.5,238.9,235.25,238.4
21-Jul-86,236,237.35,235.05,236.35
18-Jul-86,235.75,239.2,233.85,236.85
17-Jul-86,236.15,237.7,235.15,236.15
16-Jul-86,235.5,237.5,234.25,235.1
15-Jul-86,238.3,238.9,233.9,235.05
14-Jul-86,241.15,241.5,238.15,238.3
11-Jul-86,244.3,244.45,241.6,242.25
10-Jul-86,243.1,244.4,239.5,244.15
9-Jul-86,242.3,243.45,241.6,242.85
8-Jul-86,241.9,242.5,239.4,241.65
7-Jul-86,251,251.25,243.5,243.55
3-Jul-86,254.45,254.7,251.6,252
2-Jul-86,253.45,255.2,253.25,254.5
1-Jul-86,252.25,254.05,251.8,253.95
30-Jun-86,250.75,253.3,250.45,252.25
27-Jun-86,251,251.35,250,250.1
26-Jun-86,248.9,250.7,248.25,250.05
25-Jun-86,249.05,252.1,249,249.6
24-Jun-86,245.8,250.8,245.05,248.55
23-Jun-86,247.4,248.05,244.6,245.55
20-Jun-86,245.9,248.15,245.35,247.9
19-Jun-86,246.7,248.1,245.4,245.5
18-Jun-86,246.1,247.5,243.75,247.25
17-Jun-86,248.8,248.85,245.05,245.95
16-Jun-86,248.65,249.1,247.5,248.6
13-Jun-86,244.2,248.7,244.2,248.15
12-Jun-86,241.7,243.55,241.65,243.05
11-Jun-86,239,241.5,238.65,240.7
10-Jun-86,238.4,240,237.4,239.3
9-Jun-86,244.4,244.75,238.6,238.9
6-Jun-86,246.7,246.9,244.1,245.6
5-Jun-86,244.75,246.1,243.35,246
4-Jun-86,246.25,246.75,242.3,244.4
3-Jun-86,244.9,246.5,243.6,246.1
2-Jun-86,247.8,248.75,243,245.05
30-May-86,248.45,250.4,246.55,247.55
29-May-86,247.25,249.35,245.5,248.85
28-May-86,245.9,248.25,245.9,247.85
27-May-86,242.9,246.6,242.3,246.35
23-May-86,241.5,243,241,242.45
22-May-86,236.7,241.7,236.6,241.6
21-May-86,236.9,237.6,235.25,236.4
20-May-86,233,236.9,232.55,236.85
19-May-86,232.75,233.65,231.95,232.8
16-May-86,233.4,233.6,231.4,232.2
15-May-86,237.2,237.4,233,233.4
14-May-86,237,237.7,235.5,237.15
13-May-86,236.9,238.1,235.65,236.5
12-May-86,237.5,238.4,236.4,237.25
9-May-86,235.3,238.75,235.25,238.3
8-May-86,237.25,238.25,236.05,237.2
7-May-86,236.5,237,233.75,236.95
6-May-86,237.75,238.45,235.95,237.25
5-May-86,235,238,235,237.85
2-May-86,234.9,236.4,233.25,234.75
1-May-86,234.5,235.8,233.6,234.95
30-Apr-86,240.5,240.8,234.6,234.8
29-Apr-86,245.2,245.45,239,240.45
28-Apr-86,244,244.9,242.1,244.7
25-Apr-86,242.9,243.9,240.85,243.45
24-Apr-86,243.1,244.75,242.05,242.2
23-Apr-86,241.8,243.4,240.25,243.3
22-Apr-86,245.7,246.7,241.35,242.9
21-Apr-86,242.7,246.4,242.5,246.25
18-Apr-86,244.8,245.1,242.25,243.3
17-Apr-86,243.75,245.45,243.1,244.8
16-Apr-86,241.2,244.45,240.5,244.2
15-Apr-86,238.35,240,237.05,238.85
14-Apr-86,236.9,239.7,235.85,239.05
11-Apr-86,238.05,239.35,235.5,236.65
10-Apr-86,235.25,238.8,234.35,238.05
9-Apr-86,236.6,237.8,232.95,235.35
8-Apr-86,230.4,235.85,230.2,235.6
7-Apr-86,228.5,230.4,226.75,229.3
4-Apr-86,233.25,233.9,228.7,228.9
3-Apr-86,237.55,238.35,232.6,232.75
2-Apr-86,235.9,238.35,235.1,237.45
1-Apr-86,241.6,242.05,236.2,236.5
31-Mar-86,242.5,243.05,240.9,241
27-Mar-86,242.2,243.8,241.5,241.65
26-Mar-86,238.5,241.6,238.25,241.5
25-Mar-86,237,238.5,235.9,238.2
24-Mar-86,238.2,238.45,235.1,237.15
21-Mar-86,239.8,240.75,236.6,237.2
20-Mar-86,239.4,241.1,238.65,239.75
19-Mar-86,239.3,240.2,237.6,238.5
18-Mar-86,236,240,236,239.45
17-Mar-86,238.4,238.45,236.45,236.7
14-Mar-86,238,239.65,236.2,238.55
13-Mar-86,235.15,237.95,234.55,237.25
12-Mar-86,233.25,235.75,232.55,232.85
11-Mar-86,228.3,233.5,228.2,233.3
10-Mar-86,226.25,228.05,225.85,227.6
7-Mar-86,226.1,227.65,225.25,225.9
6-Mar-86,226,226.8,224.4,226.7
5-Mar-86,224.05,225.5,222.3,225.45
4-Mar-86,225.95,228.5,223.95,224.35
3-Mar-86,226.3,227.05,224.85,225.45
28-Feb-86,228.3,228.65,225.5,226
27-Feb-86,225.4,228,224.5,227.3
26-Feb-86,223.8,225.9,223.35,224.65
25-Feb-86,225.5,225.95,222.8,224.3
24-Feb-86,224.4,226.7,223.9,225.7
21-Feb-86,225,226.2,224.2,224.95
20-Feb-86,220.65,224,220.2,223.85
19-Feb-86,222.6,224.2,220.4,220.9
18-Feb-86,220.7,223.7,220,223.2
14-Feb-86,218.45,220.95,217.85,220.65
13-Feb-86,217.25,218.7,215.2,218.45
12-Feb-86,216.7,217.5,215.25,216.85
11-Feb-86,217.2,217.85,215.95,216.55
10-Feb-86,216.25,217.6,215.55,217.55
7-Feb-86,212.6,216.9,211.3,216.15
6-Feb-86,214,215.9,213.15,214
5-Feb-86,213.5,214.6,211.8,214
4-Feb-86,216.05,216.45,211.5,213.7
3-Feb-86,213.5,215.75,212,215.55
31-Jan-86,210.05,214,210.05,213.05
30-Jan-86,211.4,212.2,209,210.3
29-Jan-86,211.45,213.7,210.25,211.45
28-Jan-86,208,212.2,207.25,212.05
27-Jan-86,207.15,208.7,206.65,207.8
24-Jan-86,204.75,207.25,204.2,206.8
23-Jan-86,203.15,204.85,202.6,204.65
22-Jan-86,204.9,206.25,202.75,202.8
21-Jan-86,208.05,208.25,204.6,205.55
20-Jan-86,207.25,208.4,206.4,208.35
17-Jan-86,209.85,210.1,207.35,208.1
16-Jan-86,208.4,209.8,207.4,209.75
15-Jan-86,207.3,209.4,206.85,208.95
14-Jan-86,207.9,208.1,206.4,207.2
13-Jan-86,205.7,207.7,205.35,207.4
10-Jan-86,207.15,208.05,205.8,206.35
9-Jan-86,206.5,208,204.9,206.85
8-Jan-86,216.25,216.6,206.3,208.25
7-Jan-86,214.3,216.3,214.05,216.05
6-Jan-86,213.5,213.85,211.3,213.25
3-Jan-86,211.75,213.45,211.6,212.95
2-Jan-86,211.7,212.05,210.3,211.55
31-Dec-85,213.4,214.3,212.35,212.45
30-Dec-85,212.5,213.55,210.85,213.45
27-Dec-85,210.75,212.25,210.75,212.2
26-Dec-85,209.85,210.5,209.35,210.05
24-Dec-85,210.85,210.85,208.6,209.25
23-Dec-85,213.55,213.75,210.3,210.45
20-Dec-85,212.9,215.25,212.9,213.7
19-Dec-85,212.7,213.6,212.15,212.85
18-Dec-85,213.25,214.85,212.05,212.75
17-Dec-85,216.15,216.5,213.55,213.7
16-Dec-85,213.55,216.8,213.05,215.15
13-Dec-85,210.45,213.8,210.4,213.4
12-Dec-85,209.15,210.45,208.2,210.15
11-Dec-85,205.5,207.7,205.15,207.1
10-Dec-85,205.3,206.15,204.4,205
9-Dec-85,204.75,205.8,203.85,204.9
6-Dec-85,204,204.55,203.15,204.4
5-Dec-85,205.3,206.9,204.1,204.35
4-Dec-85,201.8,205.05,201.45,204.85
3-Dec-85,200.6,201.65,200.4,201.55
2-Dec-85,202.4,202.55,200.4,200.75
29-Nov-85,204.3,204.5,201.95,202.4
27-Nov-85,201,203.8,200.95,203.75
26-Nov-85,201.2,201.9,200.75,201.15
25-Nov-85,201.15,201.3,200.25,200.95
22-Nov-85,201.45,202.9,201.25,201.35
21-Nov-85,199.9,202.3,199.9,201.8
20-Nov-85,199.5,200.45,198.85,199.45
19-Nov-85,199.7,200.15,197.95,199.15
18-Nov-85,199.1,199.7,198,199.3
15-Nov-85,199.1,200.65,198.25,198.7
14-Nov-85,197.7,200.35,197.6,199.7
13-Nov-85,198.45,198.9,197.2,197.9
12-Nov-85,198,199.7,197.55,198.75
11-Nov-85,193.8,198,193.7,197.9
8-Nov-85,192.3,194.6,192.15,193.85
7-Nov-85,192,192.65,191.75,192.35
6-Nov-85,192.25,192.65,191.25,192.3
5-Nov-85,191.5,192.3,191.1,192.05
4-Nov-85,191,191.8,190.5,191.3
1-Nov-85,189.35,191.5,189.1,191.2
31-Oct-85,189.75,189.9,188.55,189.25
30-Oct-85,190.3,190.45,189.3,190.05
29-Oct-85,188.3,190.4,188.15,189.45
28-Oct-85,187.2,188.15,186.8,188.1
25-Oct-85,187.65,187.9,186.9,187.4
24-Oct-85,188.8,189.35,187.95,188.1
23-Oct-85,187.7,189.3,187.7,189.2
22-Oct-85,186.75,189,186.7,187.95
21-Oct-85,186.75,187.4,186.25,186.8
18-Oct-85,187.8,188.1,186.5,186.85
17-Oct-85,187.85,189.05,187.3,187.65
16-Oct-85,186.8,188.45,186.3,188.15
15-Oct-85,187.3,187.7,185.8,186.65
14-Oct-85,185.5,187.6,185.15,187.2
11-Oct-85,183.6,185.75,182.95,185.7
10-Oct-85,183.2,183.65,182.5,183.45
9-Oct-85,183.1,184.65,182.95,183.15
8-Oct-85,183,183.65,182.2,182.9
7-Oct-85,182.8,183.8,182.1,183.2
4-Oct-85,183.9,184.15,182.65,183.25
3-Oct-85,184.4,185.9,183.9,184.7
2-Oct-85,186.5,187.05,184.25,184.3
1-Oct-85,182.7,186.6,182.65,186.5
30-Sep-85,182.85,183.35,181.75,182.8
27-Sep-85,182.5,182.65,182.2,182.5
26-Sep-85,181.45,182.65,180.65,182.6
25-Sep-85,184.1,184.1,181.4,181.5
24-Sep-85,185.45,185.65,183.35,184.15
23-Sep-85,185.1,186.5,185,185.8
20-Sep-85,184.55,185.45,183.6,183.85
19-Sep-85,182.7,185.05,182.55,184.65
18-Sep-85,182.4,183.35,181.8,182.85
17-Sep-85,184.85,185,181.9,182.2
16-Sep-85,184.4,184.9,183.85,184.85
13-Sep-85,185.35,185.75,183.25,184.2
12-Sep-85,186.2,187.2,184.9,185.2
11-Sep-85,186.2,186.2,184.55,184.6
10-Sep-85,188.35,188.4,186.05,186.3
9-Sep-85,188.7,189.4,187.9,188.2
6-Sep-85,187.95,189.1,187.8,188.5
5-Sep-85,187.2,187.9,186.55,187.75
4-Sep-85,187.8,187.9,186.6,187.3
3-Sep-85,188.2,188.2,186.95,187.7
30-Aug-85,188.55,188.9,187.55,187.9
29-Aug-85,188.5,188.8,188.15,188.75
28-Aug-85,188.2,188.7,187.85,188.45
27-Aug-85,188.3,188.65,187.8,188.35
26-Aug-85,186.8,188.15,186.3,188.05
23-Aug-85,187.8,187.9,186.85,187.4
22-Aug-85,190.05,190.1,187.55,187.9
21-Aug-85,189.5,190.3,189,189.75
20-Aug-85,188,189.5,187.8,189.35
19-Aug-85,186.85,187.8,186.7,187.4
16-Aug-85,187.45,187.7,186.45,186.75
15-Aug-85,188.2,188.65,187,187.55
14-Aug-85,188.75,189,187.9,188.2
13-Aug-85,188,189.45,186.85,188.25
12-Aug-85,188.6,189.55,187.75,188.25
9-Aug-85,189.4,189.5,188.45,188.7
8-Aug-85,188.55,189.45,188.25,189.1
7-Aug-85,187.65,188.75,187.65,188.2
6-Aug-85,191.75,191.8,187.8,187.9
5-Aug-85,191.8,191.8,190.25,191.5
2-Aug-85,192.8,192.8,191.75,191.85
1-Aug-85,191.8,193.3,191.7,193.1
31-Jul-85,190.7,191.65,190.6,191.35
30-Jul-85,189.85,191.05,189.6,190.45
29-Jul-85,192.5,192.55,189.7,189.75
26-Jul-85,192.7,193.45,192.3,192.85
25-Jul-85,192.3,193,191.95,192.8
24-Jul-85,193.65,193.75,191.6,191.9
23-Jul-85,195.7,196.5,193.3,193.55
22-Jul-85,196.2,196.35,194.25,195.45
19-Jul-85,196.5,197.3,196.3,196.45
18-Jul-85,196.9,197.45,196.1,196.85
17-Jul-85,197.35,198,196.95,197.6
16-Jul-85,194.2,196.9,194.2,196.85
15-Jul-85,194.4,195.6,193.7,194.05
12-Jul-85,194,195.15,193.65,194.6
11-Jul-85,194,194.85,193.6,194.2
10-Jul-85,193,194.3,192.5,194.1
9-Jul-85,193.2,193.75,192.3,192.85
8-Jul-85,194.3,194.65,192.85,193.5
5-Jul-85,194.3,195.5,194.2,194.85
3-Jul-85,194.5,194.6,193.5,193.6
2-Jul-85,194.5,195.05,193.8,194.2
1-Jul-85,194,195,192.8,194.5
28-Jun-85,194.1,194.35,193.4,193.65
27-Jun-85,193.45,194.25,192.65,193.95
26-Jun-85,192.15,193.4,192.05,193
25-Jun-85,192.05,193.85,191.6,191.9
24-Jun-85,191,192.1,190.45,191.8
21-Jun-85,190,191.8,189.7,190.85
20-Jun-85,189.55,190.5,188.55,190.4
19-Jun-85,190.6,191.2,189.5,189.7
18-Jun-85,190.5,191.4,190.2,190.6
17-Jun-85,190.25,190.4,189.5,190
14-Jun-85,189.95,190.7,189.1,190.55
13-Jun-85,190.6,191.15,188.9,189.25
12-Jun-85,189.2,189.35,187.65,187.85
11-Jun-85,189.85,190.05,188.9,189.25
10-Jun-85,189.4,190.05,188.85,189.85
7-Jun-85,191.4,191.95,189.5,189.55
6-Jun-85,189.75,191.7,189.55,191.65
5-Jun-85,190.8,191.15,189.85,189.95
4-Jun-85,190.1,190.75,189.65,190.3
3-Jun-85,190.7,190.9,189.3,190.1
31-May-85,188.25,190.55,188.05,189.65
30-May-85,188.3,188.9,187.4,188.4
29-May-85,187.8,188.6,187.5,188.45
28-May-85,189.8,190.25,187.65,188.15
24-May-85,189.05,189.4,188.85,189.25
23-May-85,189.2,189.6,188.55,188.75
22-May-85,189.7,189.7,188.6,189.35
21-May-85,190.2,190.8,189.8,189.9
20-May-85,190,191,189.35,190.4
17-May-85,186.6,188.75,186.45,188
16-May-85,185.85,187.25,185.7,187.15
15-May-85,185.1,186.8,184.75,185.55
14-May-85,186.75,186.8,184.65,185
13-May-85,186.1,186.3,185.35,185.95
10-May-85,183.3,186.4,183.2,186
9-May-85,181.85,183.3,181.85,182.75
8-May-85,181.15,182.1,180.7,181.8
7-May-85,180.9,182.3,180.75,181.6
6-May-85,180.95,181.35,180.4,180.75
3-May-85,179.9,180.9,179.4,180.7
2-May-85,179.35,179.9,179.1,179.6
1-May-85,181,181,179.05,179.25
30-Apr-85,180.9,181.1,179.7,180.85
29-Apr-85,182.5,182.9,180.75,180.85
26-Apr-85,184.25,184.45,182.95,183
25-Apr-85,183.05,184.7,182.9,184.2
24-Apr-85,183.8,184.05,182.8,183.3
23-Apr-85,181.65,184,181.6,183.7
22-Apr-85,182.05,182.45,181.35,182.1
19-Apr-85,181.9,182.5,181.5,182.05
18-Apr-85,183.8,183.8,181.9,181.95
17-Apr-85,183,183.6,182.45,183
16-Apr-85,182.4,184.25,181.25,183.15
15-Apr-85,182.7,183.25,181.9,182.55
12-Apr-85,182.4,182.8,181.75,182.75
11-Apr-85,182.45,183.4,181.9,182.4
10-Apr-85,181.1,182.65,180.95,182
9-Apr-85,180.7,181.25,179.9,180.5
8-Apr-85,181.8,182.1,179.7,180
4-Apr-85,181.1,181.7,180.4,181.55
3-Apr-85,182.95,183.15,180.8,181.25
2-Apr-85,184,184.85,182.6,182.95
1-Apr-85,183.7,184.2,183,184.1
29-Mar-85,183.3,183.55,182.65,183.35
28-Mar-85,183.35,184.2,182.5,182.8
27-Mar-85,182.2,183.85,181.95,183.1
26-Mar-85,181.7,183.05,181.4,182.3
25-Mar-85,182.3,182.4,181.15,181.6
22-Mar-85,183.4,183.5,181.95,182.4
21-Mar-85,182.85,184.5,182.6,183.2
20-Mar-85,183.9,184.1,182.15,183.25
19-Mar-85,180.7,184.25,180.1,183.8
18-Mar-85,181.6,182.15,180,180.35
15-Mar-85,182.1,183.2,181.5,181.8
14-Mar-85,182.6,183.55,182,182.3
13-Mar-85,184.35,185,182.35,182.85
12-Mar-85,183.35,185.35,183.35,184.75
11-Mar-85,183.5,184.25,182.65,183.65
8-Mar-85,184.65,184.95,183.35,183.45
7-Mar-85,184.15,185.35,183.55,183.75
6-Mar-85,182.85,183.1,180.75,180.85
5-Mar-85,182.5,183.7,181.85,182.75
4-Mar-85,184.1,184.1,181.9,182.05
1-Mar-85,182.7,185.1,182.5,183.75
28-Feb-85,180.55,182,180.45,181.8
27-Feb-85,181.55,182.65,180.5,180.7
26-Feb-85,180.5,182.9,180.15,182.2
25-Feb-85,179.5,181,178.9,180.9
22-Feb-85,180.6,181.1,179.05,180.15
21-Feb-85,180.8,181.55,179.9,180.45
20-Feb-85,181.4,183.35,180.8,181.1
19-Feb-85,181.85,182.75,181.65,182
15-Feb-85,183.1,183.65,181.2,181.85
14-Feb-85,184.25,184.7,182.75,182.85
13-Feb-85,181.45,185.55,181.35,184.15
12-Feb-85,180.7,181.8,180.4,181.55
11-Feb-85,183.3,183.45,180.5,180.95
8-Feb-85,182.95,183.8,182.5,183.2
7-Feb-85,181.3,183.2,181.2,183.1
6-Feb-85,181.3,182.3,180.6,180.95
5-Feb-85,181.75,182.7,180.4,181
4-Feb-85,179.25,182.4,179.25,181.35
1-Feb-85,179.75,180.2,179.4,179.55
31-Jan-85,180.15,181.05,179.8,180.45
30-Jan-85,181.8,182.1,180.3,180.5
29-Jan-85,178.25,181.85,177.9,181.75
28-Jan-85,178.65,179.9,177.45,178.7
25-Jan-85,178.7,179.8,178.2,178.75
24-Jan-85,179.45,180.15,178.1,178.55
23-Jan-85,177.55,179.75,177.1,179.25
22-Jan-85,178.9,179.15,177.1,177.15
21-Jan-85,173.6,178,173.6,177.65
18-Jan-85,173.15,173.7,172.4,173.4
17-Jan-85,173.8,173.9,172.15,172.6
16-Jan-85,173.5,174.25,172.35,173.15
15-Jan-85,174,174.3,172.45,173
14-Jan-85,170.35,173.95,170.35,173.35
11-Jan-85,171.65,172.2,170.2,170.85
10-Jan-85,168.3,172.15,168.2,171.65
9-Jan-85,167.1,169.1,167.1,168.6
8-Jan-85,166.95,167.6,166.35,166.85
7-Jan-85,167.5,168.25,166.95,167.05
4-Jan-85,167.15,167.35,166,166.4
3-Jan-85,168.35,169.9,167,167.05
2-Jan-85,170,170,168.2,168.4
31-Dec-84,170.4,170.9,170.15,170.2
28-Dec-84,169.85,170.8,169.55,170.4
27-Dec-84,170.45,170.75,169.4,169.7
26-Dec-84,170.5,171.1,169.85,170.15
24-Dec-84,170.5,171.8,170.4,171.15
21-Dec-84,170.5,171.1,168.8,170.6
20-Dec-84,172,172.45,170.15,170.45
19-Dec-84,172.4,173.7,170.7,171.6
18-Dec-84,169.7,172.6,169.1,172.55
17-Dec-84,166.7,168,165.8,167.95
14-Dec-84,161.65,164.55,161.65,163.05
13-Dec-84,163.15,164.1,161.55,161.7
12-Dec-84,164.3,164.3,162.95,163.3
11-Dec-84,164.2,164.55,163.2,163.95
10-Dec-84,162.75,164.65,162.2,163.75
7-Dec-84,162.8,164.05,162.4,162.45
6-Dec-84,162.7,164.25,162.3,163.2
5-Dec-84,164.5,164.6,162.6,162.65
4-Dec-84,164.45,165.2,164.3,164.3
3-Dec-84,164.95,165.1,163.5,164.15
30-Nov-84,164.6,165.3,163.9,164.55
29-Nov-84,165.75,166.15,164.35,164.85
28-Nov-84,168.25,168.75,165.85,166
27-Nov-84,167,169.1,166.45,168.2
26-Nov-84,168,168.4,166.25,166.8
23-Nov-84,167.5,168.5,167.25,168
21-Nov-84,165.7,166.85,165.05,166.55
20-Nov-84,165.05,166.5,165,165.9
19-Nov-84,166.05,166.2,164.5,164.75
16-Nov-84,167.95,168.25,165.7,165.85
15-Nov-84,167.2,168.4,166.7,167.6
14-Nov-84,167.3,168.4,166.65,167.4
13-Nov-84,168.6,169.15,166.7,167.25
12-Nov-84,168.55,169.3,168.15,169
9-Nov-84,171.3,171.3,168.45,168.55
8-Nov-84,170.15,170.9,169.45,170.15
7-Nov-84,172.4,172.4,169.75,170.05
6-Nov-84,170.95,172.9,170.85,172.85
5-Nov-84,170.15,171.4,169.3,170.7
2-Nov-84,169.7,170.95,169.7,170.05
1-Nov-84,169.4,171.4,169.25,170.4
31-Oct-84,169.2,170.45,168.5,168.6
30-Oct-84,168.45,170.9,168.2,169.5
29-Oct-84,168.15,168.55,167.45,167.6
26-Oct-84,168.35,168.85,167.9,168.1
25-Oct-84,171.2,171.45,168.85,168.95
24-Oct-84,171.35,172.15,170.8,171.25
23-Oct-84,172.05,172.7,170.3,171.55
22-Oct-84,171.5,172.75,171,171.45
19-Oct-84,174,174.4,170.3,171.75
18-Oct-84,168,173,167.25,172.75
17-Oct-84,168.25,169,167.15,167.65
16-Oct-84,168.75,169.1,167.3,167.95
15-Oct-84,167.05,169.65,166.85,168.8
12-Oct-84,166.5,167.8,166.25,167.25
11-Oct-84,164.7,166.3,164.45,166.15
10-Oct-84,164.8,165.75,162.75,165.4
9-Oct-84,166.8,167,164.4,164.5
8-Oct-84,166.3,166.3,165.25,166.1
5-Oct-84,167,167.5,166,166.15
4-Oct-84,166.2,167.2,166.2,166.75
3-Oct-84,166.8,167.2,165.5,166.2
2-Oct-84,168.75,169.25,166.6,166.7
1-Oct-84,169.8,169.8,168.25,168.45
28-Sep-84,171.15,171.4,169.55,170.1
27-Sep-84,171.8,172.2,171.45,171.85
26-Sep-84,170.35,171.6,169.9,170.7
25-Sep-84,169.6,170.4,168.7,169.95
24-Sep-84,170.05,170.45,168.75,169.4
21-Sep-84,170.4,173.3,169.4,169.65
20-Sep-84,171.15,171.85,170.45,171.55
19-Sep-84,172.3,174.45,170.35,170.7
18-Sep-84,172.75,173.5,172,172.6
17-Sep-84,172.7,174.15,171.8,173
14-Sep-84,170,171,168.7,169.15
13-Sep-84,165.9,169.45,164.6,169.3
12-Sep-84,164.5,165.5,164.2,165.3
11-Sep-84,166.05,166.95,164.2,164.25
10-Sep-84,163.9,166.15,163.55,165.4
7-Sep-84,167.4,167.6,164.3,164.35
6-Sep-84,166,167.35,166,166.6
5-Sep-84,165.15,165.95,164.9,165.3
4-Sep-84,167,167.1,165.5,165.65
31-Aug-84,167.5,167.7,167,167.4
30-Aug-84,168.35,168.55,167.35,167.45
29-Aug-84,168.4,169.4,168.05,168.1
28-Aug-84,168.1,168.8,167.4,168.6
27-Aug-84,167.5,168.05,166.85,167.75
24-Aug-84,168.8,169.5,168.6,169.25
23-Aug-84,168.75,169.55,167.85,168.55
22-Aug-84,170.5,171.05,168,168.1
21-Aug-84,167.2,170.55,167.2,170
20-Aug-84,166.6,167.2,165.65,166.7
17-Aug-84,166.75,166.9,165.6,166.65
16-Aug-84,165.3,167.1,164.95,166.35
15-Aug-84,165.75,166.85,164.55,164.65
14-Aug-84,167.35,168.05,165.5,166.3
13-Aug-84,166.2,167.75,165.2,167
10-Aug-84,169.5,170.15,166,166.7
9-Aug-84,163.5,168,163.35,167.6
8-Aug-84,165.7,166,163.6,163.7
7-Aug-84,163.5,165.6,162.8,165.05
6-Aug-84,163.5,167.25,162.85,163.9
3-Aug-84,159.5,164.85,159.1,164.3
2-Aug-84,155.5,158.35,155.4,158.25
1-Aug-84,152.8,155.2,152.6,154.85
31-Jul-84,152,152.8,151.25,152.25
30-Jul-84,152.3,152.85,151.5,151.75
27-Jul-84,151.35,153.2,151.25,152.7
26-Jul-84,150.55,152.15,150.25,151.65
25-Jul-84,149.4,151.65,148.45,150.35
24-Jul-84,150.8,151.1,148.75,148.85
23-Jul-84,150.3,151.25,149.6,150.5
20-Jul-84,152.35,152.55,150.3,150.75
19-Jul-84,152.55,153,151.8,152
18-Jul-84,153.75,153.8,152.7,152.9
17-Jul-84,153.5,154.25,153.1,153.9
16-Jul-84,152.6,153.7,151.1,153.65
13-Jul-84,152.65,153.2,152.15,152.6
12-Jul-84,152,152.9,151.25,151.9
11-Jul-84,154.7,154.9,151.65,151.75
10-Jul-84,155.2,155.55,154.35,154.9
9-Jul-84,154.75,156.25,153.3,155.5
6-Jul-84,153.7,154.75,153.1,154.25
5-Jul-84,155.9,156.05,154.35,154.5
3-Jul-84,155.75,156.3,155.1,155.65
2-Jul-84,154.9,154.9,153.85,154.8
29-Jun-84,155.05,156.3,154.75,154.85
28-Jun-84,153.6,155.6,153.6,155.3
27-Jun-84,154.75,155.25,153.4,154
26-Jun-84,155.65,156.35,154.1,154.65
25-Jun-84,157.25,157.25,156,156.15
22-Jun-84,156.25,157.6,155.95,156.8
21-Jun-84,156.9,157.95,156.1,156.6
20-Jun-84,153.55,158.1,153.15,157.05
19-Jun-84,154.8,155.55,154.55,154.9
18-Jun-84,151.6,155,151.45,154.95
15-Jun-84,153.25,153.45,152.15,152.55
14-Jun-84,154.7,154.7,152.55,152.95
13-Jun-84,155.25,155.6,154.1,154.5
12-Jun-84,155.25,155.4,153.8,154.75
11-Jun-84,154.8,154.9,152.35,152.45
8-Jun-84,154.95,155.6,154.45,155.2
7-Jun-84,154.4,155.45,154.2,155.15
6-Jun-84,154.4,155.3,153.7,155
5-Jun-84,154,154.5,153.4,154.45
4-Jun-84,153.8,155.1,153.8,154.45
1-Jun-84,151.8,153.4,151.4,153.3
31-May-84,151.1,151.8,149.95,150.8
30-May-84,150.15,152.5,148.9,150.75
29-May-84,151.75,152.2,150,150.5
25-May-84,151.75,152.55,151.2,151.85
24-May-84,153.35,153.8,151.2,151.75
23-May-84,154.8,155.2,153.5,153.55
22-May-84,155.4,155.4,153.8,154.65
21-May-84,156.6,156.85,155.35,155.65
18-May-84,157.5,157.65,155.6,156.2
17-May-84,158.15,158.3,156.5,157.05
16-May-84,158.6,159.45,158,158.55
15-May-84,158.35,159.2,158.2,158.55
14-May-84,158.95,159,158,158.35
11-May-84,159.8,159.95,157.45,159.35
10-May-84,160.6,161.3,159.6,160.35
9-May-84,161.1,161.95,159.5,160.3
8-May-84,160.3,161.4,159.65,161.3
7-May-84,159.25,160.3,158.95,160.15
4-May-84,161.4,161.85,159,159.15
3-May-84,162.65,162.65,161.6,161.95
2-May-84,162.4,163.25,162.2,162.4
1-May-84,161.6,162.9,161.6,162.7
30-Apr-84,160.7,161.65,160.2,161.4
27-Apr-84,159.85,161.75,159.85,160.9
26-Apr-84,160.4,161.6,160.1,161.15
25-Apr-84,159.4,160.4,158.85,160.1
24-Apr-84,157.75,160.7,157.55,159.35
23-Apr-84,159.8,159.95,157.75,157.95
19-Apr-84,158.45,159.85,158.4,159.2
18-Apr-84,159.9,160.3,158.5,159.1
17-Apr-84,160.45,161.45,159.75,160.3
16-Apr-84,158.35,160.5,157.9,160.4
13-Apr-84,159.2,160.85,158.15,158.8
12-Apr-84,156.7,160.2,155.3,159.7
11-Apr-84,157.95,158.1,156.3,156.35
10-Apr-84,157.35,158.6,157.25,157.8
9-Apr-84,157.75,158,156.4,157.6
6-Apr-84,157,157.5,155.6,157.45
5-Apr-84,159.9,160.2,156.3,156.45
4-Apr-84,160.15,160.6,159.3,159.6
3-Apr-84,159.7,160.4,158.75,160.15
2-Apr-84,161.55,161.85,159.15,160
30-Mar-84,161,161.4,160.55,161.05
29-Mar-84,162.2,162.6,160.75,160.8
28-Mar-84,159.95,162.35,159.75,162.1
27-Mar-84,159.4,159.9,158.85,159.85
26-Mar-84,159.45,159.9,158.65,159.05
23-Mar-84,159.4,159.5,158.1,158.95
22-Mar-84,159.9,160.05,158.75,159.1
21-Mar-84,161.1,161.4,160.2,160.45
20-Mar-84,160.8,161.75,159.9,160.8
19-Mar-84,160.65,160.65,159.45,160.3
16-Mar-84,161.7,162.75,160.9,161.3
15-Mar-84,159.45,161.1,159.45,160.7
14-Mar-84,158.7,160.3,158.3,159.55
13-Mar-84,159.4,160.85,158.8,159.15
12-Mar-84,157.45,159.35,157.35,159.2
9-Mar-84,155.2,155.5,154.1,154.8
8-Mar-84,154.7,156.7,154.5,155.7
7-Mar-84,155.45,155.55,153.9,154.95
6-Mar-84,158.7,159.15,156.2,156.25
5-Mar-84,159,159.25,157.85,158.4
2-Mar-84,159.3,160.7,159.05,159.45
1-Mar-84,156.8,159.1,156.5,158.7
29-Feb-84,158.2,159.4,156.65,157.15
28-Feb-84,159.55,159.55,157.15,157.4
27-Feb-84,158.65,161.1,158.3,159.75
24-Feb-84,156.25,159.45,155.9,159.35
23-Feb-84,154.75,156.1,152.8,155.85
22-Feb-84,155.95,156.8,155.15,155.35
21-Feb-84,157,157.25,155.55,155.85
17-Feb-84,156.95,157.8,156.3,156.85
16-Feb-84,156.8,157.5,155.9,157.25
15-Feb-84,157.95,158.55,156.4,156.9
14-Feb-84,156.35,157.9,156.05,157.7
13-Feb-84,157,157.15,154.45,155.8
10-Feb-84,156.5,157.65,156.5,157.15
9-Feb-84,156.35,157.75,155,156.95
8-Feb-84,160.15,160.5,156.2,156.5
7-Feb-84,160,160.9,159.05,160.25
6-Feb-84,161.5,161.6,159.7,159.8
3-Feb-84,165.55,165.9,161.8,162
2-Feb-84,165.45,165.95,164.65,165.7
1-Feb-84,165.55,165.85,164.5,165.1
31-Jan-84,165.5,166.05,164.7,165.5
30-Jan-84,166.75,166.75,164.7,165.3
27-Jan-84,166.45,166.55,165.15,166.25
26-Jan-84,167,167.35,165.95,166.05
25-Jan-84,167.75,168.6,166.2,166.7
24-Jan-84,167.3,168.3,167.15,167.75
23-Jan-84,168,168,166.9,167
20-Jan-84,168.85,169,167.75,168.05
19-Jan-84,169.95,170.05,168.8,169.15
18-Jan-84,170.4,170.75,168.95,169.9
17-Jan-84,169.3,170.5,169.2,170.45
16-Jan-84,169.25,169.85,168.85,169.55
13-Jan-84,170.5,170.7,168.35,169.15
12-Jan-84,170,170.75,169.55,169.6
11-Jan-84,169.85,170.65,169.45,170
10-Jan-84,171.4,171.75,169.9,170
9-Jan-84,170.65,171.15,169.95,170.8
6-Jan-84,170.1,170.95,169.85,170.7
5-Jan-84,169.6,170.85,169.3,170.1
4-Jan-84,166,169.1,165.9,168.9
3-Jan-84,166.7,167.1,165.65,165.8
30-Dec-83,167.1,167.5,166.8,167.3
29-Dec-83,167.9,168.05,167.05,167.15
28-Dec-83,167.2,167.5,166.65,167.4
27-Dec-83,166.85,167.8,166.85,167.45
23-Dec-83,166.8,166.8,166.25,166.55
22-Dec-83,167.65,167.65,166.1,166.45
21-Dec-83,165.65,167.2,165.6,167.1
20-Dec-83,166.2,166.35,164.8,165.2
19-Dec-83,165.45,166.4,165.3,165.75
16-Dec-83,164.85,165.8,164.75,165.75
15-Dec-83,166.2,166.2,164.5,164.55
14-Dec-83,167.25,167.6,165.45,165.7
13-Dec-83,167.8,168.2,167.05,167.15
12-Dec-83,168.05,168.4,167.55,168.35
9-Dec-83,165.7,165.85,164.75,165.3
8-Dec-83,166.4,166.65,165.1,165.45
7-Dec-83,165.95,167.2,165.85,166.75
6-Dec-83,166.5,166.95,165.85,166.05
5-Dec-83,165.85,166.9,164.95,166.8
2-Dec-83,166.9,167.25,165.45,165.95
1-Dec-83,166.25,167.55,166.25,167.45
30-Nov-83,169.25,169.3,166.3,166.4
29-Nov-83,167,169.05,166.55,168.75
28-Nov-83,168.05,168.05,166.45,166.9
23-Nov-83,167.85,168.25,167.05,168.15
22-Nov-83,168.05,168.6,167.55,167.85
21-Nov-83,166.95,168.2,166.9,167.85
18-Nov-83,167.05,167.1,165.65,166.7
17-Nov-83,166.6,167.45,166.1,167.1
16-Nov-83,167,167.4,166,166.8
15-Nov-83,167.25,168.2,166.45,166.65
14-Nov-83,167.5,168.8,167.35,167.8
11-Nov-83,166.3,167.95,165.95,167.85
10-Nov-83,166.1,166.75,165.85,166.2
9-Nov-83,163.9,166,163.9,165.95
8-Nov-83,163.6,164.3,163.4,163.75
7-Nov-83,164,164.9,163.35,163.45
4-Nov-83,164.6,164.95,163.75,164.2
3-Nov-83,166.55,166.6,165,165.05
2-Nov-83,165.7,167.2,165.4,166.7
1-Nov-83,165.6,166,164.25,165.6
31-Oct-83,165.6,166.15,164.15,165.45
28-Oct-83,167.45,167.6,164.9,165.35
27-Oct-83,166.8,167.25,166.4,167.15
26-Oct-83,168.1,168.4,166.75,166.85
25-Oct-83,168.35,169.15,167.9,168.1
24-Oct-83,166.2,168.35,166.1,168.3
21-Oct-83,168.9,169.25,166.4,167.7
20-Oct-83,167.95,169.35,167.95,168.9
19-Oct-83,169.4,169.65,167.1,168.5
18-Oct-83,172.3,172.6,169.25,169.95
17-Oct-83,171.9,173.65,171.3,172.5
14-Oct-83,172.2,172.2,170.85,171.65
13-Oct-83,171.15,172,170.3,171.95
12-Oct-83,171.6,172.4,170.45,171.05
11-Oct-83,173.2,173.6,171.5,171.6
10-Oct-83,171.5,174.25,171.2,174.05
7-Oct-83,171.9,172.75,171.7,172.1
6-Oct-83,170.1,172.05,170,171.95
5-Oct-83,168.9,170.15,168.15,170.1
4-Oct-83,168.45,169.3,168.25,168.5
3-Oct-83,167.75,168.5,167.3,168.45
30-Sep-83,169.6,169.6,168.1,168.25
29-Sep-83,169.7,170.15,169.15,169.4
28-Sep-83,170.2,170.4,169.5,170
27-Sep-83,171.2,171.35,169.5,170.4
26-Sep-83,171.85,172.6,170.85,171.5
23-Sep-83,172,172.1,170.95,171.4
22-Sep-83,170.35,172.25,170.15,171.7
21-Sep-83,171.2,171.65,169.95,170.75
20-Sep-83,170.75,171.65,170.6,171.25
19-Sep-83,169.55,170.7,169,170.15
16-Sep-83,166.65,169.2,166.65,168.95
15-Sep-83,167.65,167.8,166.45,166.55
14-Sep-83,166.35,167.75,166.25,167.5
13-Sep-83,166.5,167.1,165.75,166.95
12-Sep-83,171.2,171.2,166.35,166.6
9-Sep-83,168.3,168.4,167,167.05
8-Sep-83,168.3,168.9,167.8,168.15
7-Sep-83,168.4,168.95,167.6,168.65
6-Sep-83,166.55,168.45,166.45,168.35
2-Sep-83,164.6,165.45,164.5,165.35
1-Sep-83,165.4,165.45,164.2,164.75
31-Aug-83,163.05,165.1,162.8,164.95
30-Aug-83,163.05,163.95,162.4,163.15
29-Aug-83,161.4,163.3,161.1,163.2
26-Aug-83,161,162.95,160.85,162.6
25-Aug-83,161.85,162.1,160.3,161.55
24-Aug-83,163.25,163.9,161.2,161.35
23-Aug-83,164.5,164.5,162.65,163
22-Aug-83,166,166.35,164.15,164.35
19-Aug-83,163.7,165,163.25,164.85
18-Aug-83,166.05,166.25,163.5,163.65
17-Aug-83,164.45,166.25,164.25,165.65
16-Aug-83,164.6,164.95,163.2,164.15
15-Aug-83,164.25,165.7,164.2,164.4
12-Aug-83,162.9,163.6,162.7,163.4
11-Aug-83,163.25,163.4,162.15,162.6
10-Aug-83,161.2,163.4,160.5,162.6
9-Aug-83,161.15,161.8,159.25,161.45
8-Aug-83,161.95,161.95,160.25,160.55
5-Aug-83,161.75,163.1,161.05,162.75
4-Aug-83,163.75,164.15,159.8,161.45
3-Aug-83,163,164.85,162.3,164.35
2-Aug-83,163.75,164.55,162.65,163.05
1-Aug-83,163.5,164.05,162.2,163.1
29-Jul-83,165.2,165.4,162.45,163.7
28-Jul-83,168.5,168.85,165.55,165.65
27-Jul-83,171.85,172.25,168,168.5
26-Jul-83,171.15,172.45,170.4,171.4
25-Jul-83,169.55,172.1,169.3,171.15
22-Jul-83,170.5,170.9,169.8,170.05
21-Jul-83,170.1,171.5,169.45,171
20-Jul-83,167.65,170.4,167.55,170.35
19-Jul-83,165.85,166.8,165.75,166.35
18-Jul-83,165.4,166.2,164.7,165.45
15-Jul-83,166.75,166.75,164.65,165.15
14-Jul-83,167.65,168.45,166.7,167.1
13-Jul-83,166.7,167.2,165.9,166.8
12-Jul-83,168.7,168.8,166.15,166.2
11-Jul-83,168.9,169.8,168.5,168.9
8-Jul-83,168.4,168.9,167.45,168.3
7-Jul-83,169,171.4,167.8,168.05
6-Jul-83,167.95,169.85,167.4,169.8
5-Jul-83,167.75,168,166.55,167.55
1-Jul-83,170.3,170.75,169.55,170.25
30-Jun-83,169.65,170.2,169.1,170.15
29-Jun-83,167.4,169.4,167,168.9
28-Jun-83,170.25,170.4,167.1,167.45
27-Jun-83,171,171.15,169,169.55
24-Jun-83,171.6,172.3,171,171.2
23-Jun-83,172,172.8,171.05,172
22-Jun-83,172.9,173.85,171.6,171.75
21-Jun-83,170.6,173.1,169.75,172.65
20-Jun-83,171.2,172.3,169.85,170.7
17-Jun-83,170.95,171.6,170.1,171.45
16-Jun-83,169.25,171.8,169.15,171.15
15-Jun-83,166.3,169.35,165.9,169.25
14-Jun-83,166,167.5,165.6,166.25
13-Jun-83,165,166.5,163.75,166.4
10-Jun-83,162.7,163.7,162.4,163.3
9-Jun-83,161.8,162.4,160.35,161.9
8-Jun-83,162.2,162.55,160.75,160.95
7-Jun-83,165.05,165.4,161.8,161.9
6-Jun-83,164.65,165.95,163.65,165.45
3-Jun-83,164.2,165.6,164.05,164.65
2-Jun-83,163.65,164.55,162.5,164.45
1-Jun-83,162.2,163.5,161,162.95
31-May-83,164.7,165.2,161.75,162.2
27-May-83,166.75,166.9,165.35,165.6
26-May-83,166.75,167.3,165.8,166.15
25-May-83,166.45,167.25,165.1,166.9
24-May-83,163.55,166.35,163.55,166.15
23-May-83,160.5,164.1,160.35,163.95
20-May-83,162.45,162.45,161.1,161.95
19-May-83,163.65,163.8,161.65,162.15
18-May-83,164.85,165.8,163,163.05
17-May-83,164.2,164.8,163.2,164.55
16-May-83,164.1,164.3,163.1,164.25
13-May-83,165.6,166.7,165.55,165.85
12-May-83,165.7,166,164.5,165.15
11-May-83,166.9,167.3,165,166
10-May-83,167.35,167.9,166.9,167.1
9-May-83,166.6,168,165.95,167.1
6-May-83,165,168.35,165,167.5
5-May-83,163.85,165.1,163.7,164.85
4-May-83,163.55,165.2,162.9,164.2
3-May-83,162.9,163.5,161.8,163.2
2-May-83,164.4,164.55,162.1,163.05
29-Apr-83,163.4,164.7,162.6,164.25
28-Apr-83,161.8,163.6,161.35,163.3
27-Apr-83,162.15,162.8,160.1,161.9
26-Apr-83,158.15,162.25,157.65,162.15
25-Apr-83,160.3,160.6,157.75,158.15
22-Apr-83,159.7,160.5,159.4,159.8
21-Apr-83,159.5,160.7,159.1,159.75
20-Apr-83,158.2,160.55,157.85,160.2
19-Apr-83,158.15,158.45,157,157.95
18-Apr-83,158,159.4,157.45,159.05
15-Apr-83,157.7,158.9,157.5,158.2
14-Apr-83,156.7,158.5,155.6,158.4
13-Apr-83,155.25,157.2,155.25,156.35
12-Apr-83,154.95,155.7,154.15,155.6
11-Apr-83,153.25,155.2,153.05,155.1
8-Apr-83,151.8,152.4,150.6,151.85
7-Apr-83,151.1,152.05,150.2,151.8
6-Apr-83,152,152.1,149.7,151.35
5-Apr-83,153.7,154.2,151.35,151.75
4-Apr-83,152.5,153.4,151.85,153.2
31-Mar-83,154.9,156,151.7,151.85
30-Mar-83,152.6,154.7,152.6,154.55
29-Mar-83,153.75,154.4,152.15,152.3
28-Mar-83,153.55,153.9,152.4,153.15
25-Mar-83,154.75,155.2,152.65,153.15
24-Mar-83,154.35,155.45,153.7,154.85
23-Mar-83,151.5,155.2,151.25,154.7
22-Mar-83,152.4,152.4,150.5,151.1
21-Mar-83,149.8,152.4,149.55,152.3
18-Mar-83,149.6,150.7,149.2,150.35
17-Mar-83,149.9,150.15,148.8,149.35
16-Mar-83,151.9,152.8,149.1,149.2
15-Mar-83,151.5,153,151.35,152.45
14-Mar-83,152.2,152.85,150.5,152.25
11-Mar-83,151.5,152.2,150.25,151.85
10-Mar-83,153.8,154.5,151.45,151.6
9-Mar-83,151.5,153.15,151,152.85
8-Mar-83,152.9,153.2,151,151.1
7-Mar-83,152.75,153.9,151.8,153.6
4-Mar-83,152.75,154.1,152.1,153.65
3-Mar-83,153,154.5,152.8,153.25
2-Mar-83,152.3,153.2,151.6,152.55
1-Mar-83,150,152.75,150,152.5
28-Feb-83,149.8,150.6,148.25,149.2
25-Feb-83,152.1,152.65,150.5,151
24-Feb-83,149.2,152.25,149.15,151.7
23-Feb-83,146.4,149,146.2,148.6
22-Feb-83,149.3,149.65,145.9,146.25
18-Feb-83,149.35,150.45,148.75,149.25
17-Feb-83,148.4,149.55,147.25,149.05
16-Feb-83,150.55,151,148.1,148.25
15-Feb-83,151.25,151.6,148.8,149.35
14-Feb-83,148.95,151.8,148.9,150.95
11-Feb-83,150.2,150.75,148.4,148.8
10-Feb-83,147,150.1,147,150
9-Feb-83,146.15,146.95,145.2,146.15
8-Feb-83,148.8,149.15,146.05,146.15
7-Feb-83,148.4,149.6,147.75,148.55
4-Feb-83,144.75,148.5,144.4,148.4
3-Feb-83,143.95,145.9,143.8,144.9
2-Feb-83,141.5,145.25,141.5,144.05
1-Feb-83,147.25,147.25,143.15,143.25
31-Jan-83,144.9,147.4,144.5,147.2
28-Jan-83,146.25,146.95,144.6,145.35
27-Jan-83,143.5,146.35,143.05,146.3
26-Jan-83,141.8,142.45,140.9,142.15
25-Jan-83,142.9,142.9,141.55,142.2
24-Jan-83,142.5,142.7,140.25,141.65
21-Jan-83,145.4,145.9,143.8,143.9
20-Jan-83,146.5,147.7,145.95,147.65
19-Jan-83,147.9,148.2,145.6,146.25
18-Jan-83,147.45,149.2,146.6,148.35
17-Jan-83,148.6,150.45,148.25,148.45
14-Jan-83,148.5,149.85,147.8,148.1
13-Jan-83,148.15,148.75,147.15,148.1
12-Jan-83,147.9,150.85,147.8,147.95
11-Jan-83,148.9,149.05,146.8,147.9
10-Jan-83,146.8,149.95,146.1,148.7
7-Jan-83,147.5,148.7,146.35,147
6-Jan-83,143.25,147.9,142.75,146.95
5-Jan-83,142.5,144.15,141.3,142.9
4-Jan-83,138.8,142.55,138.4,142.5
3-Jan-83,142.9,143.25,138.55,139
31-Dec-82,141.6,142.8,141.3,141.8
30-Dec-82,143,143.7,140.9,141.15
29-Dec-82,142.5,143.7,141.9,143
28-Dec-82,143.65,144.25,141.8,142.25
27-Dec-82,141.5,145.35,141.25,144.7
23-Dec-82,140.35,141.3,140.15,140.75
22-Dec-82,140.9,141.45,139,139.95
21-Dec-82,137.25,141.75,136.55,140.85
20-Dec-82,138,138.8,136.65,136.85
17-Dec-82,136.4,138.8,135.95,138.55
16-Dec-82,136.15,136.9,135.1,135.95
15-Dec-82,137,137.55,134.7,136.05
14-Dec-82,143.25,143.35,136.3,136.55
13-Dec-82,140.35,141.7,139.75,141.25
10-Dec-82,138.9,140.85,138.65,139.25
9-Dec-82,140.65,142.45,139.1,139.7
8-Dec-82,143.3,144.85,141.2,141.35
7-Dec-82,142.6,145.7,141.85,143.75
6-Dec-82,139.55,144.1,137.8,143.35
3-Dec-82,139.6,140.95,138.55,139.15
2-Dec-82,139.2,140.75,138.3,138.85
1-Dec-82,139.9,142.2,137.8,138.1
30-Nov-82,134,138.65,133.75,138.65
29-Nov-82,135.6,135.65,131.85,133.65
26-Nov-82,134,135.45,134,134.95
24-Nov-82,133.6,134.3,133.1,133.8
23-Nov-82,133.1,134.8,131.4,132.55
22-Nov-82,136.65,136.65,132.6,132.7
19-Nov-82,139.7,140.1,136,136.2
18-Nov-82,138.3,139.8,138.05,139.2
17-Nov-82,138.1,139.2,137.6,138.7
16-Nov-82,136.3,138.9,135.35,136.7
15-Nov-82,138.8,139.5,136.75,136.9
12-Nov-82,144.75,144.75,140.6,140.8
11-Nov-82,140.5,144.35,140,144.15
10-Nov-82,145.9,146.8,141,141.7
9-Nov-82,142.4,146.05,142.25,145.8
8-Nov-82,142.4,142.8,141.2,142.2
5-Nov-82,143.25,145.4,142.75,143.2
4-Nov-82,145,146.3,142.55,144.05
3-Nov-82,139.2,143.85,139.05,143.85
2-Nov-82,137.7,140.9,137.5,138.85
1-Nov-82,135,137.5,134.2,137.45
29-Oct-82,134.6,135.55,133.55,134.55
28-Oct-82,136.3,136.7,133.75,133.9
27-Oct-82,136.25,137.6,134.6,135.2
26-Oct-82,134.25,136.65,131.8,136.25
25-Oct-82,136.8,137.35,133.45,133.45
22-Oct-82,140.9,143,138.25,138.45
21-Oct-82,141.4,142,138.3,141.1
20-Oct-82,137,141.7,136.3,141.45
19-Oct-82,139.3,139.7,135.1,137.4
18-Oct-82,134.9,139,134.9,138.7
15-Oct-82,134.45,135.75,133.6,135.3
14-Oct-82,137.25,137.7,134.65,134.95
13-Oct-82,133.4,139,133.25,137.65
12-Oct-82,135.5,137.15,132.7,134.05
11-Oct-82,134.5,137.1,133.5,135.8
8-Oct-82,130.75,132.6,129.05,132.1
7-Oct-82,128.7,130.55,127.7,130.15
6-Oct-82,121,125.55,121,125.55
5-Oct-82,120.55,121.9,120.25,120.55
4-Oct-82,119.2,120.75,118.55,120.7
1-Oct-82,119.25,121.5,119.25,120.15
30-Sep-82,120,120.55,118.9,119.35
29-Sep-82,122.35,122.4,119.8,119.95
28-Sep-82,124.3,125.1,122.25,122.35
27-Sep-82,122.4,124.2,121.8,124.05
24-Sep-82,123,123.5,121.9,122.95
23-Sep-82,123.3,124.3,121.5,123.8
22-Sep-82,127.05,127.65,122,122.2
21-Sep-82,123.65,126.5,123.3,126.35
20-Sep-82,121.65,123.5,121.2,123.45
17-Sep-82,123.3,124.35,122.25,122.65
16-Sep-82,124.15,125.7,122.9,123.55
15-Sep-82,124.4,125.15,122.5,124.2
14-Sep-82,124.1,125.45,122.8,123.7
13-Sep-82,119.4,124.4,118.9,124.1
10-Sep-82,121,121.1,118.95,119.8
9-Sep-82,122.8,124.5,120.85,121.2
8-Sep-82,121.4,124.45,121.2,122.65
7-Sep-82,123.4,123.4,120.95,121.75
3-Sep-82,121.6,125.5,121.4,123.1
2-Sep-82,117.5,121.5,116.6,120.9
1-Sep-82,119.15,119.6,116.75,117
31-Aug-82,117.8,119.8,117.25,118.85
30-Aug-82,115.75,118.05,114.9,118
27-Aug-82,116.4,117.4,115.1,115.9
26-Aug-82,117.6,119.4,116.3,118.05
25-Aug-82,115,118,114.8,117.15
24-Aug-82,116,117.3,114.3,115
23-Aug-82,112.9,117.1,112.45,116.5
20-Aug-82,110.1,114.25,109.3,114.25
19-Aug-82,108.25,110.4,107.05,109.25
18-Aug-82,109.7,111.55,107.4,108.15
17-Aug-82,103.9,108.3,103.75,108.3
16-Aug-82,105.6,106.4,103.2,103.3
13-Aug-82,102.5,105,102.4,104.85
12-Aug-82,103.05,104.05,102.05,102.35
11-Aug-82,102,103.5,101.75,102.65
10-Aug-82,103.85,104.5,101.8,102.05
9-Aug-82,101.95,103.95,101.15,103.85
6-Aug-82,104.8,105.5,102.4,102.6
5-Aug-82,104.75,105.7,103.85,105.4
4-Aug-82,107,107.6,104.85,105.15
3-Aug-82,109.45,109.75,106.95,107.2
2-Aug-82,108.6,110.05,107.85,110
30-Jul-82,108.8,108.8,106.75,107.35
29-Jul-82,108.7,109.15,106.5,108.35
28-Jul-82,110.5,110.75,108.2,108.25
27-Jul-82,111.35,112,110.2,110.6
26-Jul-82,111.8,112.75,111.1,111.2
23-Jul-82,113.4,113.95,112.4,112.6
22-Jul-82,113.1,114.5,112.75,113.55
21-Jul-82,114.1,114.95,113.05,113.15
20-Jul-82,113,114.3,111.8,114.2
19-Jul-82,114.35,114.5,112.3,112.45
16-Jul-82,113.5,115.15,113.1,114.1
15-Jul-82,113.7,114.3,112.85,113.5
14-Jul-82,111.5,113.6,110.55,113.55
13-Jul-82,110.7,112.9,110.7,111.8
12-Jul-82,112.9,113.3,111.75,112.25
9-Jul-82,111.5,113,110.2,112.7
8-Jul-82,109.5,111,106.8,110.85
7-Jul-82,108.8,110,107.75,109.3
6-Jul-82,108.4,109.5,106.4,109.4
2-Jul-82,109.55,109.55,107.85,108.3
1-Jul-82,111.5,111.75,109.75,109.85
30-Jun-82,113.3,113.45,111.05,111.5
29-Jun-82,111.85,112.45,111.1,112.25
28-Jun-82,110.05,112.35,109.65,112.2
25-Jun-82,110,110.8,108.8,110.35
24-Jun-82,112.1,112.6,109.75,110.2
23-Jun-82,108.85,112.15,108.1,111.85
22-Jun-82,106.5,109.5,106.1,109.4
21-Jun-82,105.2,107.4,104.75,106.5
18-Jun-82,105.8,106.15,104.35,104.65
17-Jun-82,105.5,106.95,105.15,105.5
16-Jun-82,109.45,110.25,107.75,108.1
15-Jun-82,108.5,110,107.2,109.9
14-Jun-82,110.5,110.5,108.55,108.55
11-Jun-82,111.4,112,110.3,111.55
10-Jun-82,108.5,109.85,108.25,109.15
9-Jun-82,108.5,109.1,107.6,108.6
8-Jun-82,108.8,109.95,107.9,108.5
7-Jun-82,108.1,109.85,107.45,109.05
4-Jun-82,110.4,110.45,108,108.1
3-Jun-82,111.65,112.05,109.7,110.5
2-Jun-82,110.3,111.75,109.85,111.55
1-Jun-82,110.75,111.2,109.9,110.05
28-May-82,111.7,112.5,110.75,111
27-May-82,112.45,112.6,111.2,111.85
26-May-82,114,114.1,112,112.5
25-May-82,115.2,115.65,113.45,113.75
24-May-82,114.8,115.15,114.15,115
21-May-82,115.25,115.6,114.75,114.9
20-May-82,114.85,115.2,114.15,114.95
19-May-82,115.95,116.35,114.45,114.65
18-May-82,116.6,116.7,115.75,116
17-May-82,118.15,118.15,116.5,116.6
14-May-82,118.55,118.75,118.1,118.3
13-May-82,119.55,119.75,118.15,118.35
12-May-82,119.85,120.35,119.05,119.55
11-May-82,118.45,119.95,118.35,119.7
10-May-82,119.2,119.4,118.45,118.5
7-May-82,119.15,120.1,119,119.65
6-May-82,118.05,119.2,118.05,119.1
5-May-82,117.85,118.3,117.05,117.55
4-May-82,117.25,118.05,117.25,117.8
3-May-82,117.1,117.5,116.8,117.15
30-Apr-82,117.55,118.4,117.4,117.5
29-Apr-82,117.5,118.15,117.25,117.6
28-Apr-82,118.55,119.3,117.7,118.15
27-Apr-82,120.2,120.35,118.4,118.85
26-Apr-82,119.3,120.6,118.65,120.55
23-Apr-82,118.4,119.75,118.25,119.65
22-Apr-82,117,118.4,117,117.9
